{
"type": "FeatureCollection",
"name": "groundwater_districts",
"crs": { "type": "name", "properties": { "name": "urn:ogc:def:crs:OGC:1.3:CRS84" } },
"features": [
{ "type": "Feature", "properties": { "name": "Aberdeen-American Falls Ground Water District" }, "geometry": { "type": "Polygon", "coordinates": [ [ [ -113.007534949402881, 43.154297297897045 ], [ -113.001225460896535, 43.154056259346625 ], [ -112.888199677248309, 43.154024953429079 ], [ -112.888038914683818, 43.154919937483449 ], [ -112.771691271218216, 43.154608358086065 ], [ -112.771668879069324, 43.153808234667324 ], [ -112.63400685228801, 43.153765224536919 ], [ -112.634017217039045, 43.095443366608912 ], [ -112.614114752815482, 43.095431090718364 ], [ -112.614623162283038, 43.03147047372024 ], [ -112.616467497526145, 43.03160478695812 ], [ -112.618399627744523, 43.031416936334793 ], [ -112.619318281111404, 43.030785999708478 ], [ -112.62023257242258, 43.029903988955823 ], [ -112.621450744490886, 43.028742679488992 ], [ -112.622870418700614, 43.028104802428395 ], [ -112.624557126895056, 43.028148868288994 ], [ -112.626043945676614, 43.028109323328124 ], [ -112.626323623407572, 43.028227071667985 ], [ -112.628036569664602, 43.029778465834134 ], [ -112.628971259971891, 43.030350509409871 ], [ -112.63007443475469, 43.03079863225048 ], [ -112.63056346318524, 43.031059017177689 ], [ -112.632065069548858, 43.031220072386219 ], [ -112.633520264701659, 43.030742185555688 ], [ -112.63389251094155, 43.029455825478188 ], [ -112.633515533761567, 43.028156720177037 ], [ -112.633106821807687, 43.026836550127285 ], [ -112.632994424868244, 43.026129161890701 ], [ -112.63318971496318, 43.025211016983569 ], [ -112.633379605292347, 43.024155763769684 ], [ -112.633514265318581, 43.023307527201432 ], [ -112.633884652351853, 43.02192996712634 ], [ -112.639685057462316, 43.021933217175743 ], [ -112.641042734163833, 43.021933871064554 ], [ -112.641632867533289, 43.022443186031573 ], [ -112.641695212835415, 43.022676789481231 ], [ -112.641850701674016, 43.022791337359912 ], [ -112.642130764551069, 43.023795902242156 ], [ -112.643345545022015, 43.023634291528666 ], [ -112.644249068636896, 43.023882364721949 ], [ -112.644810175242242, 43.024666816218449 ], [ -112.644684924944386, 43.025442997262658 ], [ -112.644809288234157, 43.026170355581421 ], [ -112.64508895177255, 43.026742949818349 ], [ -112.64521384265295, 43.027272485818159 ], [ -112.645681483872394, 43.02791371662299 ], [ -112.646148191759977, 43.02905119178785 ], [ -112.646333181575173, 43.029534584199091 ], [ -112.646615041996199, 43.029764308627264 ], [ -112.647051179830754, 43.029920862220379 ], [ -112.647424490401534, 43.029969174145926 ], [ -112.647490017978413, 43.02995461248598 ], [ -112.647954844575438, 43.029853030534319 ], [ -112.648828349053943, 43.029516656224928 ], [ -112.649265002975241, 43.029195522665553 ], [ -112.649826198054228, 43.028232703091419 ], [ -112.65007549010754, 43.027499488000686 ], [ -112.650200311782584, 43.027299615131376 ], [ -112.651385345914619, 43.026607258803431 ], [ -112.652632858194124, 43.025652793277018 ], [ -112.652820240224344, 43.025397936404971 ], [ -112.65440902743147, 43.024023811559857 ], [ -112.655283106808213, 43.023480139711936 ], [ -112.655968809887483, 43.02327221624337 ], [ -112.65678028125221, 43.023206186193349 ], [ -112.657087000132307, 43.023246369329158 ], [ -112.657464091967142, 43.023295677992856 ], [ -112.65799478522365, 43.023090145130318 ], [ -112.658182146441973, 43.022834855839456 ], [ -112.658244981137074, 43.021852500985162 ], [ -112.65812132369274, 43.021719212323362 ], [ -112.657559256230613, 43.021394209985274 ], [ -112.657510894347453, 43.021255331240894 ], [ -112.658375971102828, 43.020452917630351 ], [ -112.65987978617359, 43.019447064256731 ], [ -112.661541963738671, 43.018598943055153 ], [ -112.663206160809167, 43.017796971145799 ], [ -112.664110485871177, 43.016593967994758 ], [ -112.664776159608522, 43.015783970475596 ], [ -112.665574890875988, 43.015203740632977 ], [ -112.66590910978077, 43.015176682282352 ], [ -112.666475403547722, 43.015235202345693 ], [ -112.666957342320345, 43.01568276682152 ], [ -112.667574324569117, 43.01658890359316 ], [ -112.667411526077345, 43.017483850019161 ], [ -112.66756367561905, 43.018533859290308 ], [ -112.668422419287907, 43.019115670929182 ], [ -112.669682356519601, 43.019554545285388 ], [ -112.670505509640122, 43.020045596766131 ], [ -112.671649332243334, 43.020783923000359 ], [ -112.672750939217281, 43.021133407016393 ], [ -112.673792533253405, 43.02159882791301 ], [ -112.675425141996186, 43.021940369721861 ], [ -112.676491094316731, 43.022130692102401 ], [ -112.678049429088077, 43.022038955208586 ], [ -112.679381652385743, 43.021653052827894 ], [ -112.680273574981726, 43.021159625438777 ], [ -112.681319378486279, 43.02057200469541 ], [ -112.682716269217323, 43.019133082252566 ], [ -112.68272357206871, 43.018218315174323 ], [ -112.682199740867631, 43.017356667839799 ], [ -112.682119789349656, 43.016648713384683 ], [ -112.682121601029266, 43.01559669674301 ], [ -112.681267232562632, 43.015129005668491 ], [ -112.680254281699575, 43.014617832664861 ], [ -112.680529704842087, 43.013218337221886 ], [ -112.68107196973834, 43.012500811423116 ], [ -112.682041958647105, 43.011434761127646 ], [ -112.682866023458615, 43.010735527002353 ], [ -112.684005201880581, 43.010147125224975 ], [ -112.685406048753791, 43.008867910853127 ], [ -112.686133503049348, 43.00805666726005 ], [ -112.687054547013801, 43.00751638358517 ], [ -112.688814817897665, 43.007971197747054 ], [ -112.689889112566291, 43.0084810292729 ], [ -112.691058341805387, 43.009035271838002 ], [ -112.692754454519928, 43.009445111635593 ], [ -112.693741593856714, 43.009041026966287 ], [ -112.695351254680858, 43.008536956064333 ], [ -112.695576242539602, 43.00761819412552 ], [ -112.695738027947854, 43.006678028793239 ], [ -112.695097255783139, 43.006047266972402 ], [ -112.694030749106673, 43.00585725200294 ], [ -112.692916194921608, 43.005004668483004 ], [ -112.692546157627376, 43.004049004463823 ], [ -112.692058699938741, 43.003278991473579 ], [ -112.692366093421171, 43.001947508904699 ], [ -112.69322427934236, 43.001363260777218 ], [ -112.694950316423856, 43.000604865522163 ], [ -112.695774358953827, 42.999929032031098 ], [ -112.695888311498805, 42.998385120647619 ], [ -112.695659466444553, 42.997495936116231 ], [ -112.696804112324102, 42.996848792944981 ], [ -112.69807401682985, 42.996223605327799 ], [ -112.700379428276705, 42.996231657467078 ], [ -112.701378418316139, 42.996453350458665 ], [ -112.702383035237062, 42.997063582022641 ], [ -112.703603457589679, 42.997512469774669 ], [ -112.704849122462605, 42.997527277415408 ], [ -112.705895819419808, 42.996537726900655 ], [ -112.705791732440971, 42.995579340843591 ], [ -112.705965140743686, 42.994550784382099 ], [ -112.705980976075125, 42.993248747117214 ], [ -112.705968252681544, 42.992174889654251 ], [ -112.705953705022026, 42.991078358544669 ], [ -112.706786226255815, 42.990388187123429 ], [ -112.707909166368665, 42.99047206771359 ], [ -112.709096916770022, 42.990829492862922 ], [ -112.710035077631318, 42.991097559652431 ], [ -112.711382089583083, 42.991796134324559 ], [ -112.712813292686207, 42.991695315245757 ], [ -112.713961022709981, 42.991254024707409 ], [ -112.715759714508039, 42.990625154319233 ], [ -112.717691809724798, 42.990657793832142 ], [ -112.71940588880814, 42.99085160008341 ], [ -112.720499756491108, 42.9911185093246 ], [ -112.721936898382467, 42.991543313212496 ], [ -112.724030276673503, 42.992008342412433 ], [ -112.725561184259817, 42.992387150293148 ], [ -112.726742000794815, 42.992196132053522 ], [ -112.728486462422396, 42.99218429003971 ], [ -112.729982735476398, 42.992310653332176 ], [ -112.732194285116023, 42.992365002558337 ], [ -112.733312674887159, 42.992151555371692 ], [ -112.735049396969814, 42.991545334459971 ], [ -112.736078243244691, 42.991584701828387 ], [ -112.737819702094157, 42.991344180162628 ], [ -112.738493663631843, 42.990517516245205 ], [ -112.73914024325633, 42.989941704497639 ], [ -112.740785688496942, 42.98951955651431 ], [ -112.741618418937975, 42.988874158685455 ], [ -112.742140307678596, 42.988207611473925 ], [ -112.742161824459004, 42.987453672291629 ], [ -112.742462422540854, 42.986698157910588 ], [ -112.743061564691956, 42.984797914108412 ], [ -112.742851176296597, 42.98297249509622 ], [ -112.742743963814448, 42.981876919107584 ], [ -112.742107765712305, 42.980784955357976 ], [ -112.740257069594577, 42.979746603087889 ], [ -112.738973889938919, 42.979184428391235 ], [ -112.737630250666541, 42.978805894172112 ], [ -112.736533716100794, 42.978264604384051 ], [ -112.73574736223712, 42.977699293732925 ], [ -112.734956436157674, 42.976722365841802 ], [ -112.734603078501479, 42.975788542371774 ], [ -112.734624680667963, 42.975034604138465 ], [ -112.735970567228634, 42.973129421358799 ], [ -112.737396223852272, 42.972640028778784 ], [ -112.738482211342301, 42.972381006880646 ], [ -112.739727124548139, 42.972258239351405 ], [ -112.740690844589508, 42.972205811833348 ], [ -112.743358787098813, 42.97134250510355 ], [ -112.744866249466611, 42.969916401589884 ], [ -112.746527450056774, 42.968351115584632 ], [ -112.74667064196376, 42.967414183356254 ], [ -112.746846779523878, 42.966590597104485 ], [ -112.747523396134682, 42.965877735233263 ], [ -112.748946366447555, 42.965205674079108 ], [ -112.750085608799125, 42.964238252471532 ], [ -112.751099747717504, 42.963202758743677 ], [ -112.750836691931937, 42.962039636820577 ], [ -112.750170307644169, 42.961154221576173 ], [ -112.750936076929719, 42.960120660940071 ], [ -112.751674330594582, 42.959498634869959 ], [ -112.752406485472918, 42.958305839276747 ], [ -112.752452890735029, 42.957071657645827 ], [ -112.752251444954013, 42.955930876266514 ], [ -112.752208453115372, 42.954949694098993 ], [ -112.751263524778452, 42.954087563413729 ], [ -112.750477649058624, 42.953545012036422 ], [ -112.750375503484648, 42.952837838486552 ], [ -112.750578700574422, 42.951694716035568 ], [ -112.751155097524006, 42.950244425475326 ], [ -112.750612392416798, 42.949386674256651 ], [ -112.750194440505524, 42.948384511320484 ], [ -112.749654483066891, 42.947543667950455 ], [ -112.748400554298101, 42.946889753760175 ], [ -112.747741227063685, 42.946345751042941 ], [ -112.745896705885812, 42.945765407046103 ], [ -112.744743438823534, 42.945590108856209 ], [ -112.743213676674102, 42.945281076111264 ], [ -112.74209046714715, 42.945060211480552 ], [ -112.740874379085767, 42.944886154164294 ], [ -112.738659249777044, 42.944489737896156 ], [ -112.736752688466851, 42.943840742431412 ], [ -112.735623135973256, 42.943071555708187 ], [ -112.734675738696737, 42.942050399490611 ], [ -112.733671429884737, 42.941303121943463 ], [ -112.732727525236569, 42.940487839252334 ], [ -112.732027919648758, 42.939303934113866 ], [ -112.73238842332016, 42.93827360112018 ], [ -112.73321160260528, 42.936943480100105 ], [ -112.733854416995825, 42.936002800958015 ], [ -112.735091879147703, 42.935422987847737 ], [ -112.735737122109754, 42.934847876717427 ], [ -112.735946071641422, 42.934069832730984 ], [ -112.73678168731962, 42.93369802719954 ], [ -112.737267369823144, 42.932758407099151 ], [ -112.738354746532295, 42.932659382261541 ], [ -112.739876957517311, 42.932421052806951 ], [ -112.740426140092907, 42.931594824231098 ], [ -112.738955841595725, 42.930942221683374 ], [ -112.737987215434103, 42.930628887363191 ], [ -112.736930806732872, 42.930750905418392 ], [ -112.735273186486268, 42.930122500107288 ], [ -112.734550859694366, 42.929602207134828 ], [ -112.733890005161584, 42.929035452699381 ], [ -112.733662502148221, 42.928214872109223 ], [ -112.734334383130928, 42.927158850438069 ], [ -112.73558766905623, 42.92546017315123 ], [ -112.736612449366049, 42.925270138906463 ], [ -112.73760862625015, 42.925355142619409 ], [ -112.738553289721793, 42.926125369043497 ], [ -112.739715318971292, 42.927053883700225 ], [ -112.740503006826941, 42.927825038975378 ], [ -112.741946522157136, 42.928774497510211 ], [ -112.743750031943804, 42.928670907314803 ], [ -112.744521797803102, 42.928231649855014 ], [ -112.744844153994308, 42.926652668327833 ], [ -112.744456487349083, 42.925490969954602 ], [ -112.743260742860087, 42.924448302832111 ], [ -112.742280626821213, 42.923198339782878 ], [ -112.741522265634458, 42.92226753670721 ], [ -112.741849602622409, 42.921122975674571 ], [ -112.7428452962113, 42.921115905789705 ], [ -112.743844615623146, 42.921382539632532 ], [ -112.745026728989629, 42.921397337313074 ], [ -112.746823814477565, 42.920768936466679 ], [ -112.747748081820916, 42.920053853186971 ], [ -112.748505156955403, 42.918518167449598 ], [ -112.747991594770838, 42.917219603725023 ], [ -112.748375970667993, 42.915708966804779 ], [ -112.748237663582572, 42.914522568885715 ], [ -112.748035052353387, 42.913335606835574 ], [ -112.745598218218987, 42.912484529114501 ], [ -112.744795085888668, 42.912970306553689 ], [ -112.744058070279976, 42.913706274709725 ], [ -112.743385909318164, 42.914716343753661 ], [ -112.741486844364459, 42.914568701715432 ], [ -112.74052187824536, 42.914576098080552 ], [ -112.739892532745998, 42.914008737724373 ], [ -112.739380672820801, 42.91282496988736 ], [ -112.739742702479859, 42.9119309703105 ], [ -112.739950584399224, 42.911198773172515 ], [ -112.740155325626873, 42.91016951056973 ], [ -112.739355138057576, 42.908370353786403 ], [ -112.739091438876358, 42.907184532050792 ], [ -112.73798206921397, 42.905570082806385 ], [ -112.736612362923267, 42.905533585265978 ], [ -112.733597662663357, 42.905668835774655 ], [ -112.732799172404384, 42.906450907276167 ], [ -112.732067392222405, 42.907712394638047 ], [ -112.732579408350915, 42.908805021273281 ], [ -112.733365159561856, 42.909393710191431 ], [ -112.734091663180834, 42.910371213062248 ], [ -112.733949148532872, 42.911422822676911 ], [ -112.733741194996568, 42.912155007964571 ], [ -112.732723637221824, 42.912824622320493 ], [ -112.731983334102878, 42.913377981268439 ], [ -112.730902358751422, 42.914001709980759 ], [ -112.729759614067305, 42.91464922677519 ], [ -112.728213776413568, 42.915459833672045 ], [ -112.727068628191574, 42.915923956356679 ], [ -112.725517436906571, 42.916322480256916 ], [ -112.723222915634508, 42.916931913933482 ], [ -112.721976810156136, 42.916757460759186 ], [ -112.721070694775122, 42.916398529168539 ], [ -112.719208214422835, 42.916776603464001 ], [ -112.716540639415385, 42.91738848178597 ], [ -112.714275004318793, 42.917928410013744 ], [ -112.713734007341088, 42.91941761231633 ], [ -112.713212626292261, 42.920037049139488 ], [ -112.712421318038423, 42.921482063838404 ], [ -112.711215441742027, 42.922129668085006 ], [ -112.710320705134606, 42.922729127171344 ], [ -112.709167385835087, 42.922508443946732 ], [ -112.7070766642601, 42.92199701821923 ], [ -112.706084121497753, 42.922254972079472 ], [ -112.705153434157722, 42.922557658027955 ], [ -112.704294608617388, 42.923523170779404 ], [ -112.703530450156833, 42.924647621038211 ], [ -112.702732772493533, 42.92554332010085 ], [ -112.702247009340709, 42.92657411125046 ], [ -112.701982953738522, 42.927878271618404 ], [ -112.702895883316174, 42.928717799977861 ], [ -112.703407166024846, 42.929901722146177 ], [ -112.703926381841995, 42.931657558185144 ], [ -112.703625962003329, 42.932505142757925 ], [ -112.702921537611005, 42.933514603955203 ], [ -112.702408119315677, 42.934728560961823 ], [ -112.700861154340217, 42.935515143094847 ], [ -112.699774254305723, 42.935659124635954 ], [ -112.699441215520835, 42.93641515023559 ], [ -112.697803539973009, 42.93743113611994 ], [ -112.695976036783577, 42.938220088544284 ], [ -112.694208043219959, 42.938619655423992 ], [ -112.692962038936429, 42.938604729112264 ], [ -112.691497153007731, 42.938363425127946 ], [ -112.68945901431718, 42.939723661574774 ], [ -112.68891076575926, 42.940686842386086 ], [ -112.687610432332207, 42.941243905372723 ], [ -112.685864353458328, 42.94100310387627 ], [ -112.6844351280116, 42.941172134127264 ], [ -112.682872354135782, 42.940634394175284 ], [ -112.681274245383577, 42.93970788020841 ], [ -112.680144904451367, 42.938892981708804 ], [ -112.67789641969712, 42.938222318896969 ], [ -112.677129678042874, 42.939185873641513 ], [ -112.675545006458776, 42.939424475224527 ], [ -112.673713733145419, 42.93980230823319 ], [ -112.672316039696469, 42.940107896413366 ], [ -112.670447568557748, 42.940005582144771 ], [ -112.669449344696432, 42.939760129155701 ], [ -112.668203766402073, 42.939653620160996 ], [ -112.665871835692926, 42.93994276637622 ], [ -112.663881174154369, 42.940000872841082 ], [ -112.662918506282509, 42.940166497159247 ], [ -112.660802452717306, 42.94024841077691 ], [ -112.660219376318324, 42.940960027623575 ], [ -112.658136816385181, 42.941156115265883 ], [ -112.657200940303341, 42.940933658490067 ], [ -112.656016122225026, 42.940780734356849 ], [ -112.654931754887457, 42.94122148868216 ], [ -112.653725630326591, 42.941799958409064 ], [ -112.652239358137734, 42.942471921375372 ], [ -112.650994896856133, 42.942593743601932 ], [ -112.650673344037855, 42.941568011006765 ], [ -112.649663470226713, 42.940386417988513 ], [ -112.647951379047157, 42.94035058745493 ], [ -112.647117015769624, 42.94088159800549 ], [ -112.645007820758551, 42.941556655094736 ], [ -112.643273489168237, 42.94225286127935 ], [ -112.641758329799373, 42.943152850705395 ], [ -112.640892741344231, 42.943706099644253 ], [ -112.639259927261094, 42.945109648432521 ], [ -112.638395877330808, 42.945868748759061 ], [ -112.636543027012152, 42.947204774494971 ], [ -112.635585666541772, 42.947849895591588 ], [ -112.634752411100848, 42.948494519656371 ], [ -112.633515359627026, 42.94927839686622 ], [ -112.63215619440227, 42.950108642837087 ], [ -112.631416363071892, 42.950752528940058 ], [ -112.628935278599158, 42.951590278590338 ], [ -112.627512665821257, 42.952443346831238 ], [ -112.626990888458678, 42.953063366521491 ], [ -112.62527638202188, 42.952845657428483 ], [ -112.624253149948828, 42.953239858438089 ], [ -112.62367543181189, 42.954477024292942 ], [ -112.623001123733488, 42.955440339922042 ], [ -112.621800331719413, 42.956680551305581 ], [ -112.622212656781898, 42.957363290081737 ], [ -112.621037082167518, 42.957986947353973 ], [ -112.61961419089883, 42.958977943434114 ], [ -112.619966742753292, 42.959797437945205 ], [ -112.619882181185361, 42.960597591606486 ], [ -112.617890311773081, 42.960609715534659 ], [ -112.617321413780829, 42.959905229452971 ], [ -112.616443178654308, 42.959293103189644 ], [ -112.615131918281293, 42.958958687837111 ], [ -112.613951443442119, 42.959147715995734 ], [ -112.612062214936074, 42.960049531739507 ], [ -112.610651172612421, 42.95914414165037 ], [ -112.609061479215811, 42.958993555252789 ], [ -112.607451178737122, 42.959756571695138 ], [ -112.606519726159519, 42.959944753617151 ], [ -112.605335425518405, 42.959792438354377 ], [ -112.604396972954262, 42.959408833323344 ], [ -112.602692102403765, 42.960081283936965 ], [ -112.601732680957994, 42.960657570025866 ], [ -112.601210045151589, 42.961300957707749 ], [ -112.601844331218345, 42.962325018435052 ], [ -112.603190701891108, 42.963139535455646 ], [ -112.604747068892465, 42.963107444192737 ], [ -112.605966089765204, 42.96355735830123 ], [ -112.605225078787015, 42.964132393832067 ], [ -112.603452275773236, 42.964279479632793 ], [ -112.602299824544687, 42.964172546314231 ], [ -112.600709052212238, 42.96386198908651 ], [ -112.600476224779086, 42.962538066890282 ], [ -112.599539753522038, 42.962269263162874 ], [ -112.598674015139991, 42.962868056383705 ], [ -112.599126948758553, 42.964419242003181 ], [ -112.598916185227225, 42.96519630604476 ], [ -112.598371018510178, 42.966524916790107 ], [ -112.596884290605345, 42.96733263436932 ], [ -112.596370686904365, 42.968820617749714 ], [ -112.597651888137506, 42.969200890245041 ], [ -112.598002398175041, 42.96999861653191 ], [ -112.597885895368705, 42.970707184786598 ], [ -112.596518588101702, 42.970943692517352 ], [ -112.595970299710729, 42.972202743864464 ], [ -112.59544752599524, 42.972845116860199 ], [ -112.59417490330776, 42.97319560466925 ], [ -112.592302926143404, 42.972772430675647 ], [ -112.590406620411102, 42.973079604947053 ], [ -112.589191680584719, 42.973017779582094 ], [ -112.589058210368918, 42.972151223536635 ], [ -112.587303640440538, 42.97115576379246 ], [ -112.585801189815385, 42.970364600092736 ], [ -112.584508781924512, 42.971811104160189 ], [ -112.583740192294556, 42.972706324671108 ], [ -112.581472413853191, 42.973267366649438 ], [ -112.580750687370397, 42.972722615963427 ], [ -112.579742856722433, 42.971655393897706 ], [ -112.579609537869601, 42.971054479782197 ], [ -112.57985438566736, 42.971038945729802 ], [ -112.58019640092229, 42.970764171412249 ], [ -112.580912525242056, 42.970718319749359 ], [ -112.581442525748642, 42.970467401532488 ], [ -112.581412525400026, 42.969738884112907 ], [ -112.582065197862264, 42.969352014974952 ], [ -112.582313739219671, 42.969375496578863 ], [ -112.582314898183483, 42.969825342734609 ], [ -112.582221126753339, 42.969970513132516 ], [ -112.582252863983086, 42.970123570617503 ], [ -112.582967638872077, 42.969969205960126 ], [ -112.583342331749108, 42.969739150866921 ], [ -112.583498082403466, 42.969097495747306 ], [ -112.583403552694776, 42.96900880757849 ], [ -112.582750325541028, 42.968819774734527 ], [ -112.582750630441438, 42.968639676109461 ], [ -112.583154073007691, 42.967958315875855 ], [ -112.583373330286534, 42.967721550915485 ], [ -112.585428410756066, 42.968071294735026 ], [ -112.585801673753593, 42.968003022702831 ], [ -112.585801849777013, 42.96766097305143 ], [ -112.586019219647852, 42.967405746545559 ], [ -112.586019609968517, 42.967288403454418 ], [ -112.585613827934154, 42.966970181086893 ], [ -112.584867011452673, 42.966718938388588 ], [ -112.582375310317076, 42.966195494317418 ], [ -112.581907964235413, 42.965922787901 ], [ -112.581316120960707, 42.965165497609995 ], [ -112.581209690738973, 42.964761482483105 ], [ -112.581163558731305, 42.964168121287557 ], [ -112.581409633072681, 42.964164699888052 ], [ -112.58174915368123, 42.96476338469671 ], [ -112.581939580440547, 42.964913905462431 ], [ -112.582592078646798, 42.965733290887599 ], [ -112.584586881352081, 42.966101861979205 ], [ -112.585862304189064, 42.966561409667108 ], [ -112.586486964436986, 42.966859400076736 ], [ -112.587296854887171, 42.967469083561717 ], [ -112.587669653178864, 42.96815736705382 ], [ -112.588089139055924, 42.96827946864795 ], [ -112.588230744894986, 42.96832061309297 ], [ -112.589009552833176, 42.96824677974287 ], [ -112.58956927196256, 42.968067949555518 ], [ -112.590440638636167, 42.967632510891669 ], [ -112.592370816793178, 42.966101905230801 ], [ -112.593586081917522, 42.965706550994931 ], [ -112.593927909381065, 42.965368839639936 ], [ -112.593929305405297, 42.965072110426988 ], [ -112.593006057857437, 42.964760781841804 ], [ -112.592869324844031, 42.964707743733804 ], [ -112.592837243512733, 42.964501497950586 ], [ -112.593211091528588, 42.964406193989319 ], [ -112.593615888571676, 42.964499672482958 ], [ -112.594232965894349, 42.964761225891827 ], [ -112.594307623709369, 42.964814344603411 ], [ -112.594924441327535, 42.965255851387305 ], [ -112.595484357335252, 42.965302121823072 ], [ -112.596760262715222, 42.96456387786192 ], [ -112.597321694177367, 42.963835297180573 ], [ -112.597818003208417, 42.962667058495811 ], [ -112.597861076216574, 42.961108579181648 ], [ -112.597879429642802, 42.960469441356992 ], [ -112.597973574849377, 42.960170612599519 ], [ -112.598875129507675, 42.958870426277038 ], [ -112.599965158169212, 42.958414093259059 ], [ -112.600462015067549, 42.958298742861288 ], [ -112.601115392594636, 42.958478671661211 ], [ -112.601490012895454, 42.958482406260877 ], [ -112.601863038583389, 42.958252128050944 ], [ -112.602423147114351, 42.958118123516883 ], [ -112.603108121638257, 42.958459534549391 ], [ -112.604664558137529, 42.958690281814263 ], [ -112.605351328190366, 42.95898695656048 ], [ -112.605849311225384, 42.959025104056721 ], [ -112.606063996154674, 42.958985508311159 ], [ -112.606223275923256, 42.958956211778023 ], [ -112.607467306924491, 42.958362526188061 ], [ -112.608245836844006, 42.958090585782337 ], [ -112.609211591460664, 42.958112878820778 ], [ -112.609553652786573, 42.958405339804173 ], [ -112.609897035670471, 42.958571179921222 ], [ -112.610207615122462, 42.958594510646464 ], [ -112.612324975857561, 42.958042188136453 ], [ -112.613010026548395, 42.958041627829225 ], [ -112.613600589050264, 42.958222272072859 ], [ -112.613975187929654, 42.958568159561452 ], [ -112.614255728877751, 42.958564239296727 ], [ -112.616465557703336, 42.957884637995498 ], [ -112.616994972855295, 42.957580079079634 ], [ -112.617461695259223, 42.956961129083254 ], [ -112.618331906184935, 42.956732580395844 ], [ -112.618488466121917, 42.956892763272315 ], [ -112.619109974788046, 42.956991863294903 ], [ -112.619570734588834, 42.956809721284039 ], [ -112.62057342150635, 42.956413063688814 ], [ -112.621195057713862, 42.956026158440963 ], [ -112.622128601428287, 42.954950175472902 ], [ -112.622719394387531, 42.953437674072568 ], [ -112.623124450293815, 42.953071790497383 ], [ -112.624025708291867, 42.952753239206423 ], [ -112.624803125159218, 42.952318378459232 ], [ -112.625643496690884, 42.951361126022668 ], [ -112.625841720515453, 42.951060991166372 ], [ -112.626807977718443, 42.95026395677494 ], [ -112.627959748682201, 42.949598869334253 ], [ -112.628895587216732, 42.94930672460157 ], [ -112.629671814160133, 42.94923258272334 ], [ -112.630700384702877, 42.949353096250164 ], [ -112.631260419753048, 42.949354167092089 ], [ -112.632163123906636, 42.949035146277858 ], [ -112.633534152336409, 42.948187032603123 ], [ -112.635901651633006, 42.946586331822864 ], [ -112.637489481185895, 42.945212968805578 ], [ -112.637831608767996, 42.944776072223341 ], [ -112.639608554591234, 42.943020945212162 ], [ -112.640355516334907, 42.942497392810679 ], [ -112.641352609342917, 42.942059821152377 ], [ -112.642255060282878, 42.941326904091724 ], [ -112.643125418583324, 42.941007694164817 ], [ -112.650380514654671, 42.939228429730946 ], [ -112.65146997758518, 42.939185692413389 ], [ -112.652776565258193, 42.939337987117369 ], [ -112.659469132641334, 42.939384911677926 ], [ -112.66180214661685, 42.939576416615488 ], [ -112.662985647143998, 42.93957744376231 ], [ -112.663639108302178, 42.9395051559775 ], [ -112.665724593952945, 42.938709316352657 ], [ -112.667187522559288, 42.938291581562872 ], [ -112.668526210612569, 42.938199523936177 ], [ -112.670891660908765, 42.938840774323687 ], [ -112.670981073217376, 42.938850678023094 ], [ -112.672105199178489, 42.938976148604837 ], [ -112.673506904214349, 42.938910654127078 ], [ -112.677179338778984, 42.938226414429124 ], [ -112.678517870758185, 42.937675538947964 ], [ -112.679605817921754, 42.937128228162997 ], [ -112.680789703469756, 42.936714698958312 ], [ -112.682718921479506, 42.936263444986743 ], [ -112.684337225557286, 42.935987140860156 ], [ -112.687263460378063, 42.935872017059566 ], [ -112.687730092248074, 42.935937308174253 ], [ -112.688260142004935, 42.93626264440114 ], [ -112.688291380214466, 42.936919675239004 ], [ -112.688351917353529, 42.937062903999859 ], [ -112.689037715737527, 42.937196691757173 ], [ -112.689628483955616, 42.936971716332096 ], [ -112.691620175725404, 42.935051359718337 ], [ -112.693308952736189, 42.933540480136394 ], [ -112.693924148761724, 42.932991012121803 ], [ -112.695043557704096, 42.931596725342203 ], [ -112.69582042276862, 42.930063306016322 ], [ -112.697374780397652, 42.927978161651858 ], [ -112.698154496418439, 42.926886010790618 ], [ -112.69843450302848, 42.925809842757303 ], [ -112.698621170024268, 42.925492281105072 ], [ -112.699709478478226, 42.924872741141506 ], [ -112.700613708783138, 42.924228729032066 ], [ -112.701140460262025, 42.923725915785269 ], [ -112.702261833851168, 42.922331437451042 ], [ -112.703474279388999, 42.921484903376289 ], [ -112.705217494131375, 42.920414166508913 ], [ -112.706927543499617, 42.918876026338197 ], [ -112.707892434397451, 42.918033259333477 ], [ -112.710505435018916, 42.916409011871188 ], [ -112.711531487489665, 42.915970730729448 ], [ -112.712588622399295, 42.915693757081797 ], [ -112.7130430186685, 42.915642021679865 ], [ -112.713678747006441, 42.915560523764178 ], [ -112.713864546986571, 42.91564731677007 ], [ -112.713826895562491, 42.916058317530521 ], [ -112.71395859123534, 42.916132542802792 ], [ -112.714581286292187, 42.916015153289322 ], [ -112.714983927772423, 42.915837741548195 ], [ -112.716198925606363, 42.914964366517815 ], [ -112.716849434072202, 42.913801548938558 ], [ -112.716912418988954, 42.91301753794648 ], [ -112.716787907785033, 42.912929327078999 ], [ -112.716787947963127, 42.912632296530056 ], [ -112.716290328759413, 42.911190248367689 ], [ -112.714888773365445, 42.908518550728601 ], [ -112.714640083179802, 42.907738216823113 ], [ -112.7145132806059, 42.907650399134489 ], [ -112.714515118884947, 42.907488325869942 ], [ -112.714390254941335, 42.907417836653011 ], [ -112.714358731984504, 42.907166462741024 ], [ -112.714140088632021, 42.906782552105575 ], [ -112.713611253945288, 42.906367436034721 ], [ -112.713238042357887, 42.906274033359352 ], [ -112.713269549283439, 42.906047710146474 ], [ -112.713486368765942, 42.905819811099505 ], [ -112.713518593605855, 42.905522157704461 ], [ -112.713331388216304, 42.904768541690174 ], [ -112.713298961715381, 42.904192970149296 ], [ -112.713143972552899, 42.903510349799944 ], [ -112.712895525361461, 42.903235149357926 ], [ -112.713517221038529, 42.902460514086364 ], [ -112.713672031819129, 42.901863830646072 ], [ -112.713827439684636, 42.899213825683255 ], [ -112.714479262246613, 42.897061023354041 ], [ -112.715785270263893, 42.895915841623498 ], [ -112.716344290953074, 42.895205072060762 ], [ -112.717244621298732, 42.894498125852564 ], [ -112.718177144330838, 42.893898891605673 ], [ -112.718209212349663, 42.893718161067547 ], [ -112.716032930662337, 42.892688279787428 ], [ -112.715161842198711, 42.89246716434981 ], [ -112.714631578230993, 42.892420968410519 ], [ -112.713730536581878, 42.892830855259184 ], [ -112.713575353297472, 42.892968270620834 ], [ -112.71342022456156, 42.894501352465582 ], [ -112.713015075278989, 42.895615133284345 ], [ -112.71258078474402, 42.896215849656528 ], [ -112.712083425276631, 42.896646585270666 ], [ -112.711462106921402, 42.896854028235239 ], [ -112.710372262722984, 42.896879322292598 ], [ -112.709655831449012, 42.896691847460744 ], [ -112.708661132324082, 42.896193363514385 ], [ -112.706173161099642, 42.895393069690684 ], [ -112.704587081583099, 42.895209658379358 ], [ -112.70172592375927, 42.894432762552853 ], [ -112.700792915480562, 42.894500549781682 ], [ -112.700138958507466, 42.89436620788171 ], [ -112.699454398246033, 42.894340421119679 ], [ -112.699207476225226, 42.894434139089824 ], [ -112.699145103420719, 42.89459721201959 ], [ -112.699486853339494, 42.894799210697407 ], [ -112.699487073868767, 42.894934292136512 ], [ -112.699082995145602, 42.895075330708806 ], [ -112.696376160018175, 42.895115448916627 ], [ -112.695567121554518, 42.894821300685763 ], [ -112.694385702835547, 42.894109363224551 ], [ -112.693888105394123, 42.893567453737425 ], [ -112.693391146413589, 42.893430643898654 ], [ -112.69276820186758, 42.893061634358112 ], [ -112.691120548966907, 42.892464782529679 ], [ -112.690778068817878, 42.89219070893764 ], [ -112.690747212757216, 42.891731792821609 ], [ -112.690373305522158, 42.890953910341274 ], [ -112.690342627894708, 42.890269867109168 ], [ -112.690155603110412, 42.890137573954306 ], [ -112.689627679175246, 42.890199491391186 ], [ -112.689409845337195, 42.89011257396141 ], [ -112.689378042649167, 42.889698813315981 ], [ -112.689066210279492, 42.889424383020391 ], [ -112.688133067853258, 42.889356986645772 ], [ -112.6874810913922, 42.888736312296501 ], [ -112.686391760293333, 42.888239082696884 ], [ -112.686018511994774, 42.888190475776973 ], [ -112.685644879427358, 42.888376138704572 ], [ -112.684453443408628, 42.888506253566788 ], [ -112.684215615231921, 42.888532223773495 ], [ -112.684060960766303, 42.888282380115662 ], [ -112.685210569996755, 42.887959302447534 ], [ -112.685398151563277, 42.887848469999838 ], [ -112.685335560198922, 42.887660330047865 ], [ -112.684744110225481, 42.887506919441094 ], [ -112.684681526827902, 42.887210574961429 ], [ -112.68449624361385, 42.887141329068989 ], [ -112.683592795996788, 42.887478768089977 ], [ -112.683282331787836, 42.887501367892817 ], [ -112.683064511126361, 42.88741457900953 ], [ -112.683407519732143, 42.887229416035034 ], [ -112.683563715521288, 42.886974986132344 ], [ -112.684246276020517, 42.886730687642469 ], [ -112.68555242407281, 42.886495378109032 ], [ -112.686019263672449, 42.886821690086279 ], [ -112.686580084598887, 42.887047628981847 ], [ -112.687201012098868, 42.887182514221209 ], [ -112.688164538678294, 42.88686219828498 ], [ -112.688755596129354, 42.886817472029556 ], [ -112.688879252770107, 42.886905563347206 ], [ -112.688506980035569, 42.88720832104746 ], [ -112.688507757808196, 42.887388293090282 ], [ -112.689719377945636, 42.887568625664976 ], [ -112.69096433334451, 42.8879824774274 ], [ -112.691648235490334, 42.887963421478247 ], [ -112.692270099514047, 42.887729075813589 ], [ -112.692954134892275, 42.887232596944571 ], [ -112.693794115096594, 42.886454792291588 ], [ -112.693918029420018, 42.885624489427279 ], [ -112.694197470901202, 42.885584339539705 ], [ -112.695193968883629, 42.885947752281382 ], [ -112.695534362657952, 42.886429048576687 ], [ -112.696187504371835, 42.886815554631298 ], [ -112.697183461431536, 42.887206100528999 ], [ -112.697495651446786, 42.887210356532051 ], [ -112.698334168523303, 42.887044997670401 ], [ -112.699547073672463, 42.887711381704086 ], [ -112.699827175347863, 42.888004278048079 ], [ -112.700511300608397, 42.888120251646733 ], [ -112.700759991916513, 42.888305570886125 ], [ -112.700977540178755, 42.888734662409654 ], [ -112.701756183567014, 42.889380475603858 ], [ -112.702160450998107, 42.889374366306512 ], [ -112.702812812315884, 42.888779396747701 ], [ -112.702968117448322, 42.88834482653359 ], [ -112.703372291202186, 42.888050684874983 ], [ -112.704148582910577, 42.887822948599236 ], [ -112.705643275804917, 42.887755718546785 ], [ -112.708473752676127, 42.888046733025099 ], [ -112.709032401792598, 42.888344579156723 ], [ -112.709312217742266, 42.888763523134706 ], [ -112.709468249614645, 42.888842248881403 ], [ -112.709623516665943, 42.888920965793481 ], [ -112.710027589184563, 42.888923972970758 ], [ -112.713199580010851, 42.888255160011184 ], [ -112.71509756229284, 42.887749535269698 ], [ -112.718735390766469, 42.887199629033674 ], [ -112.719170747639865, 42.887022005606305 ], [ -112.719511032777632, 42.886260509696207 ], [ -112.719574267976498, 42.885349999865653 ], [ -112.71848411408655, 42.883700394730148 ], [ -112.716959270732787, 42.882237410117781 ], [ -112.716088808053485, 42.881070899413523 ], [ -112.715778848919825, 42.880481236835514 ], [ -112.715403220632297, 42.879036887329242 ], [ -112.715372177654373, 42.878172880404534 ], [ -112.7152788828664, 42.877985255596009 ], [ -112.715526698823851, 42.876774862369416 ], [ -112.715961668673529, 42.875948868239796 ], [ -112.716365662350228, 42.875582636873894 ], [ -112.71717427499938, 42.87533631889216 ], [ -112.718013948743661, 42.875215714064957 ], [ -112.721745767074864, 42.875672816572433 ], [ -112.723455416043009, 42.875557099430871 ], [ -112.725943014094199, 42.874898306480915 ], [ -112.726412175885457, 42.874783224132393 ], [ -112.729148509586437, 42.874417687576234 ], [ -112.731231108605954, 42.874323161255752 ], [ -112.732717903402829, 42.874138561305017 ], [ -112.73328334024562, 42.874067009873471 ], [ -112.734247101471567, 42.873863234009711 ], [ -112.735521028450066, 42.873384699218498 ], [ -112.736733238576008, 42.873042095779091 ], [ -112.737325422127697, 42.87293409478913 ], [ -112.737306231895374, 42.871511616194944 ], [ -112.737331225486002, 42.870061341307256 ], [ -112.737356029426422, 42.868620212282423 ], [ -112.737381599276816, 42.867178949070144 ], [ -112.737386896999539, 42.866881693998074 ], [ -112.73743695396989, 42.865440137606996 ], [ -112.737407230753732, 42.863108290378854 ], [ -112.737525303520727, 42.861107328185845 ], [ -112.737525790671057, 42.859657484663678 ], [ -112.737524563834967, 42.858216627936748 ], [ -112.737525046494227, 42.856766925046678 ], [ -112.737525347765242, 42.855326084476864 ], [ -112.737525066861409, 42.853876231086261 ], [ -112.737524601743601, 42.852435381369986 ], [ -112.73752490063103, 42.850994538832154 ], [ -112.73746970185806, 42.848636092885457 ], [ -112.737525391565583, 42.846654136618682 ], [ -112.737525685973452, 42.845213293542251 ], [ -112.73752540069529, 42.843763438557964 ], [ -112.737524928858008, 42.842322585436385 ], [ -112.737525402557566, 42.840872878603314 ], [ -112.737524931593256, 42.839432024796594 ], [ -112.737524640701182, 42.83798216835217 ], [ -112.737525696103958, 42.836541331583042 ], [ -112.737405295278791, 42.834192713194462 ], [ -112.737512395614317, 42.832201046883014 ], [ -112.737501975830824, 42.830760364046057 ], [ -112.737492501061524, 42.829310685192759 ], [ -112.737482843901049, 42.827870009170425 ], [ -112.737471075041967, 42.82642030432001 ], [ -112.737461417233717, 42.824979627595837 ], [ -112.737451943549061, 42.823529946456055 ], [ -112.737442285021359, 42.82208926992989 ], [ -112.737363353287549, 42.819694951515316 ], [ -112.737439491628493, 42.817757815787573 ], [ -112.737449898434889, 42.816307789310173 ], [ -112.737460117883074, 42.814866907908815 ], [ -112.737469757800639, 42.813416873172365 ], [ -112.737479974733901, 42.811975990144383 ], [ -112.737488847870324, 42.810525946250046 ], [ -112.737499066368017, 42.809084922059647 ], [ -112.73750793418219, 42.807635017885715 ], [ -112.73742598852732, 42.780179271792413 ], [ -112.737411269285843, 42.779738267556915 ], [ -112.737345228273227, 42.778514494519662 ], [ -112.737306061751895, 42.776344887933703 ], [ -112.737160669170223, 42.774176781822881 ], [ -112.737121958057742, 42.772736475430811 ], [ -112.737125864048849, 42.772619448126072 ], [ -112.737501661735337, 42.672187141331435 ], [ -112.737502303436798, 42.671853945808486 ], [ -112.737482232634804, 42.668549282130009 ], [ -112.737498199982241, 42.668287877342976 ], [ -112.73764126436464, 42.657371300190505 ], [ -112.737643267902655, 42.657272262332704 ], [ -112.738146849179074, 42.592759077797332 ], [ -112.738132527096525, 42.592336079019461 ], [ -112.73806479460201, 42.588518794535183 ], [ -112.736462365024991, 42.588507036044838 ], [ -112.733904808619741, 42.588491734902753 ], [ -112.7328346245543, 42.588489888835284 ], [ -112.730596145690043, 42.588478748716085 ], [ -112.728639595222518, 42.588463235535606 ], [ -112.72668362475757, 42.588456702726283 ], [ -112.724727655527857, 42.588450135623084 ], [ -112.722771870160017, 42.588434530714146 ], [ -112.72081590365562, 42.588427896830915 ], [ -112.718859175603839, 42.588421221924776 ], [ -112.716903393380647, 42.588405657318027 ], [ -112.714243756274172, 42.588391306999064 ], [ -112.713061568415966, 42.5883911142489 ], [ -112.709706267340025, 42.588387131840392 ], [ -112.70775012316787, 42.588389278340919 ], [ -112.705793404433535, 42.588382379392947 ], [ -112.703838022233114, 42.588384467676008 ], [ -112.701881305726829, 42.588377501909193 ], [ -112.699925164901629, 42.588379513882856 ], [ -112.697969212167962, 42.588372489939495 ], [ -112.696012307312699, 42.588374568678347 ], [ -112.694521724873496, 42.588369547213794 ], [ -112.693542035292921, 42.588375120211182 ], [ -112.690143319861349, 42.588371194297281 ], [ -112.688186611115015, 42.588363994623201 ], [ -112.686231234656191, 42.588365922817772 ], [ -112.684275292673988, 42.588358524619181 ], [ -112.682319158149653, 42.588360236820925 ], [ -112.680362452774148, 42.588352903496769 ], [ -112.678407083955378, 42.588354557692689 ], [ -112.676450953129319, 42.588356169695892 ], [ -112.673902208221861, 42.588357501810208 ], [ -112.670581606805044, 42.588369940164512 ], [ -112.668625478652203, 42.588371419421989 ], [ -112.66666992087714, 42.588381876533049 ], [ -112.664713031231258, 42.588383279192847 ], [ -112.662756712605983, 42.588393660606428 ], [ -112.660800586959482, 42.588395004423354 ], [ -112.658845030518023, 42.588405328818155 ], [ -112.656888708548436, 42.5884157504263 ], [ -112.655524433456577, 42.58841733148747 ], [ -112.654298265194726, 42.588407995605564 ], [ -112.650901295589492, 42.588394060469867 ], [ -112.648944606575924, 42.588386190498873 ], [ -112.646988680427839, 42.588378296104182 ], [ -112.645019040448929, 42.588370628456936 ], [ -112.645019289340411, 42.586776505752617 ], [ -112.645020232429374, 42.586416434526768 ], [ -112.646494006683071, 42.586386161406054 ], [ -112.648450274711323, 42.586340034079257 ], [ -112.649719845096143, 42.586312797164268 ], [ -112.650134918700019, 42.586279837626478 ], [ -112.650073444654879, 42.586163589432033 ], [ -112.650069474274275, 42.586100503043383 ], [ -112.650064366452696, 42.586019533579332 ], [ -112.650058314287179, 42.585911676884621 ], [ -112.650051504902549, 42.585803670778532 ], [ -112.650044695556105, 42.585695663770046 ], [ -112.650038646472453, 42.5855876666187 ], [ -112.650036001770999, 42.585533742761342 ], [ -112.65003335888548, 42.585479678438581 ], [ -112.650028624040942, 42.585416724419993 ], [ -112.65002388922376, 42.58535376950033 ], [ -112.650019915873287, 42.585290824453566 ], [ -112.650016702768895, 42.585227889265362 ], [ -112.650013869884646, 42.58518268684405 ], [ -112.650009893519794, 42.585119882245934 ], [ -112.650003844526509, 42.585011885083809 ], [ -112.649997035294149, 42.58490387896061 ], [ -112.649993632200477, 42.58484980567296 ], [ -112.649989088707073, 42.584777987956087 ], [ -112.649985878677782, 42.584714912311767 ], [ -112.649981906627488, 42.584651966371965 ], [ -112.649975857726517, 42.584543968300729 ], [ -112.649968854261601, 42.584444966310777 ], [ -112.649966208444511, 42.58439104152815 ], [ -112.649962996635537, 42.584328106344579 ], [ -112.649959593589884, 42.58427403305145 ], [ -112.649955814656408, 42.5842020838503 ], [ -112.649947478382771, 42.584094200200816 ], [ -112.649941432582082, 42.583986062568819 ], [ -112.649936144652727, 42.583878213937986 ], [ -112.649929901559148, 42.583779219995286 ], [ -112.649923092534237, 42.583671213848689 ], [ -112.649917043766905, 42.583563216659357 ], [ -112.649910234797588, 42.583455209608346 ], [ -112.649907023068891, 42.583392274414614 ], [ -112.649903048711252, 42.583329328431489 ], [ -112.649899837012455, 42.583266392336085 ], [ -112.64989453828511, 42.583194285624586 ], [ -112.649889430850507, 42.583113315218824 ], [ -112.649882617669789, 42.583005450396143 ], [ -112.649875808795983, 42.582897443334502 ], [ -112.647089155643386, 42.583027502474103 ], [ -112.645132423198021, 42.583064594875708 ], [ -112.643178931548547, 42.583092687588561 ], [ -112.641221433205246, 42.583129843665333 ], [ -112.63926622503574, 42.583166714305605 ], [ -112.637309680095584, 42.583194810198499 ], [ -112.634364396941393, 42.583227831756297 ], [ -112.63436928810367, 42.582759460288258 ], [ -112.63438246120316, 42.581318303853763 ], [ -112.634396586459843, 42.579868293376251 ], [ -112.632034329242998, 42.579820964434411 ], [ -112.630079786285066, 42.579866691036287 ], [ -112.628123908532544, 42.579903644627898 ], [ -112.62616860170391, 42.579949294410667 ], [ -112.625379221446437, 42.579965011087715 ], [ -112.624589842192137, 42.579980720533165 ], [ -112.624566267989778, 42.579701827111471 ], [ -112.62444633926377, 42.578262731536043 ], [ -112.624336620177061, 42.575562556277411 ], [ -112.62586952859904, 42.575567872641493 ], [ -112.627137330329987, 42.575577026100241 ], [ -112.629092081204462, 42.575585244621713 ], [ -112.631047403369394, 42.575602301655096 ], [ -112.634436798652729, 42.575617155400757 ], [ -112.634434778450753, 42.574662539545955 ], [ -112.634430421932535, 42.57322173506698 ], [ -112.634428818287375, 42.572213091432715 ], [ -112.634431224540734, 42.572033008318371 ], [ -112.62981293838611, 42.572017811453179 ], [ -112.629813004019169, 42.570657967820566 ], [ -112.629813321310607, 42.56921707786492 ], [ -112.629813833583057, 42.567767184348462 ], [ -112.629812824911497, 42.566317272294441 ], [ -112.629813138386112, 42.564876380359422 ], [ -112.629812995318218, 42.564813340670099 ], [ -112.631686134216935, 42.564777760788509 ], [ -112.634408534559384, 42.564729906538773 ], [ -112.634405945990892, 42.563766277536352 ], [ -112.634399137903756, 42.561145847936061 ], [ -112.632077363826014, 42.56112489575078 ], [ -112.630121931973576, 42.56109870902506 ], [ -112.628412312112232, 42.561077966181827 ], [ -112.625881297141504, 42.561050863807651 ], [ -112.622539323736774, 42.561062219740329 ], [ -112.620585393385568, 42.561071911367542 ], [ -112.618629944074812, 42.561081409952756 ], [ -112.616675253097938, 42.561091025689542 ], [ -112.614887158971229, 42.561107266504663 ], [ -112.604783807719997, 42.561096218425654 ], [ -112.604889504913629, 42.565237262533181 ], [ -112.605624320716558, 42.565235939342891 ], [ -112.60721141093363, 42.565258628275004 ], [ -112.609167151637365, 42.565276202870876 ], [ -112.611123655503036, 42.565293755120798 ], [ -112.614845487441627, 42.565331511008814 ], [ -112.614846799219578, 42.565547520442934 ], [ -112.61485776490332, 42.566979261245763 ], [ -112.614864268735374, 42.567889887871345 ], [ -112.614868132574856, 42.568438009310931 ], [ -112.618465070673437, 42.568450357839644 ], [ -112.620419396740331, 42.568467724330155 ], [ -112.622376008539604, 42.56848508585631 ], [ -112.624331663201104, 42.568511406206511 ], [ -112.625312358549209, 42.568515442238969 ], [ -112.625313290315219, 42.569235900754123 ], [ -112.625312671639676, 42.570685793286671 ], [ -112.625313012361019, 42.572126690541815 ], [ -112.623977647731422, 42.572145690795253 ], [ -112.622022779290162, 42.572182271012466 ], [ -112.620067343539901, 42.572209945965575 ], [ -112.619917276262782, 42.572212078205673 ], [ -112.619989959733289, 42.57354380942148 ], [ -112.620118794343156, 42.575541223216923 ], [ -112.619288826980764, 42.575535020126132 ], [ -112.617333320784979, 42.575526625151006 ], [ -112.614928883630327, 42.575569474261563 ], [ -112.614569542601274, 42.588326436318901 ], [ -112.595300192877559, 42.588028947242051 ], [ -112.581117957592355, 42.588225594097359 ], [ -112.581106193719521, 42.58646050185903 ], [ -112.581105220278289, 42.586100408237606 ], [ -112.582579904936196, 42.586098126058914 ], [ -112.584537449626609, 42.586097993558994 ], [ -112.585904702361304, 42.586097154411178 ], [ -112.585895483001295, 42.585628892852789 ], [ -112.58585893006088, 42.584179532547459 ], [ -112.58583029218434, 42.582919104396062 ], [ -112.586078664676293, 42.582915839288205 ], [ -112.588035960737486, 42.582888627138821 ], [ -112.589990207087496, 42.582861485378785 ], [ -112.591037040603652, 42.582847071297785 ], [ -112.590973526427533, 42.579308793269028 ], [ -112.59244312815089, 42.579288310132704 ], [ -112.595131631427378, 42.57928698759401 ], [ -112.598311976628793, 42.579224644093237 ], [ -112.600046697459831, 42.579200411360283 ], [ -112.60004840125022, 42.579362533394345 ], [ -112.600066239832287, 42.580812083839156 ], [ -112.600085798272119, 42.582252790821727 ], [ -112.600093226511603, 42.582873984069444 ], [ -112.600585497113443, 42.58286311409136 ], [ -112.601211120194932, 42.582849369375865 ], [ -112.603165207178378, 42.58279498424475 ], [ -112.604888235090215, 42.582752947149025 ], [ -112.604878340749465, 42.582581862270651 ], [ -112.604795431493187, 42.581142213431676 ], [ -112.604721144022974, 42.579828466468946 ], [ -112.604730251814118, 42.579693211766838 ], [ -112.604779723567049, 42.578909063885234 ], [ -112.605674683189562, 42.578905610602447 ], [ -112.60763068885241, 42.578896199924152 ], [ -112.609586133464759, 42.578877744397246 ], [ -112.609790309599305, 42.578874735217404 ], [ -112.609722935340855, 42.577587949866299 ], [ -112.609638241268229, 42.575229713644099 ], [ -112.608317685801524, 42.575230277415614 ], [ -112.606362355370393, 42.57524871474272 ], [ -112.604405702791112, 42.575258096141447 ], [ -112.602451333337086, 42.575267471056769 ], [ -112.600496205258921, 42.575276804248112 ], [ -112.600213020714776, 42.575271655029248 ], [ -112.600094054216086, 42.57320201556017 ], [ -112.60002649722945, 42.571762126561751 ], [ -112.599959146275935, 42.570313235071325 ], [ -112.599890835605606, 42.568873196525622 ], [ -112.599879921863192, 42.568612181701347 ], [ -112.598276418834359, 42.568706685421702 ], [ -112.595651050171981, 42.568799194029033 ], [ -112.595319544798969, 42.568810888660046 ], [ -112.595319252844419, 42.568009387743693 ], [ -112.595319037799612, 42.566559628390372 ], [ -112.595319357541101, 42.565289704218934 ], [ -112.593221547939365, 42.565291957422453 ], [ -112.591266174529537, 42.565292125202106 ], [ -112.589309837903954, 42.565301253271905 ], [ -112.587354469153823, 42.565301213826686 ], [ -112.585399856190023, 42.565301430396602 ], [ -112.58344372801848, 42.565301314795548 ], [ -112.581487594388989, 42.565301446684302 ], [ -112.579532786161153, 42.56531028615494 ], [ -112.577577418470625, 42.565310219357279 ], [ -112.575513133227773, 42.565311580072965 ], [ -112.575511930882101, 42.565464800609774 ], [ -112.575511684567971, 42.566914695741602 ], [ -112.575513248982446, 42.568184500621236 ], [ -112.571695909676748, 42.568254874970904 ], [ -112.569741362172891, 42.568281560475242 ], [ -112.56778660465362, 42.568317357803579 ], [ -112.565831084581717, 42.568353111310401 ], [ -112.563875769748833, 42.568379828462177 ], [ -112.561920248530811, 42.568415515156865 ], [ -112.561159297488473, 42.568425797938431 ], [ -112.561195277970057, 42.569875302716184 ], [ -112.561231466979535, 42.571315662852207 ], [ -112.561246541074155, 42.571918803330981 ], [ -112.559290352465808, 42.571945430925147 ], [ -112.555991396828134, 42.571981275133652 ], [ -112.555988697379732, 42.571504086372208 ], [ -112.555978735952451, 42.570054346651816 ], [ -112.555969674900751, 42.568928677201171 ], [ -112.553578914879651, 42.5689162383146 ], [ -112.551623102116949, 42.568897712288447 ], [ -112.54966653142462, 42.568879142363244 ], [ -112.547712038460531, 42.568869431283069 ], [ -112.546197818253773, 42.568853879213968 ], [ -112.546190113606244, 42.568529861878048 ], [ -112.54615372067299, 42.567080348562115 ], [ -112.546117878563024, 42.565639987895622 ], [ -112.546105909027858, 42.565171826953112 ], [ -112.544780596303227, 42.565189751455065 ], [ -112.542825381278817, 42.565216110649381 ], [ -112.540870165532084, 42.565242436444976 ], [ -112.538914952344356, 42.56526858839738 ], [ -112.536319378366144, 42.565294404474479 ], [ -112.536319364225946, 42.565978968014647 ], [ -112.536319730889034, 42.567428868608559 ], [ -112.536319005731144, 42.568176320963616 ], [ -112.533081954650882, 42.568210608871716 ], [ -112.531125884626277, 42.568236757093885 ], [ -112.529170575131246, 42.568262881660885 ], [ -112.52773856232821, 42.568281911624084 ], [ -112.527747734053548, 42.568668986536025 ], [ -112.527782937913614, 42.570118489918961 ], [ -112.527818353020223, 42.571558990156106 ], [ -112.527827864099365, 42.571964080235759 ], [ -112.528993350099739, 42.571948521071135 ], [ -112.529236351712285, 42.571945169707675 ], [ -112.531191773015379, 42.571919186231099 ], [ -112.533146435639111, 42.57189301915669 ], [ -112.536051847572921, 42.571818047121006 ], [ -112.536040824158903, 42.642763403311584 ], [ -112.536075452282688, 42.644212878858639 ], [ -112.536122612293298, 42.646103360221808 ], [ -112.536096959261911, 42.647652531463635 ], [ -112.536074384346591, 42.649102821849638 ], [ -112.536050497418429, 42.650543950134711 ], [ -112.536028134191952, 42.651985097547843 ], [ -112.536005005539721, 42.653426233929679 ], [ -112.53600289145362, 42.653516402209902 ], [ -112.535939168830012, 42.66799785596735 ], [ -112.535950138112852, 42.669447727367341 ], [ -112.535961322843519, 42.670888454426837 ], [ -112.535971533323234, 42.672338174056449 ], [ -112.535982720513545, 42.673778759981801 ], [ -112.53621441406176, 42.675216535739203 ], [ -112.536191607288259, 42.676675682394084 ], [ -112.536168454125402, 42.678116954038302 ], [ -112.536146066098908, 42.67955809373089 ], [ -112.536124226096973, 42.681008246333107 ], [ -112.536101070312071, 42.682449375515965 ], [ -112.536079227607956, 42.683899527383481 ], [ -112.536056067857515, 42.685340655819047 ], [ -112.536033666714545, 42.686781934087946 ], [ -112.536010291518082, 42.688232065315901 ], [ -112.535986747975656, 42.689754236746737 ], [ -112.535999616021428, 42.691122937849123 ], [ -112.536013631443097, 42.692572700419085 ], [ -112.536027097347173, 42.694013311605673 ], [ -112.536041115496175, 42.695462933040425 ], [ -112.536054578752569, 42.696903683093254 ], [ -112.536067832267278, 42.69835329496722 ], [ -112.536081294916073, 42.699794044329714 ], [ -112.536095311882804, 42.701243665276188 ], [ -112.536108777241921, 42.702684273507742 ], [ -112.536123091669964, 42.704251107174059 ], [ -112.536123550759058, 42.707024622154655 ], [ -112.536123266871158, 42.708465616098536 ], [ -112.536123537932767, 42.709915481621927 ], [ -112.536124023004916, 42.711356202846908 ], [ -112.536124291035122, 42.71280606674442 ], [ -112.53612324042102, 42.714247049522093 ], [ -112.53612378818876, 42.715165461298824 ], [ -112.536124044415629, 42.715219496379021 ], [ -112.536124522844005, 42.716660356749834 ], [ -112.536363506783786, 42.718800491883563 ], [ -112.535910158926001, 42.747326349631237 ], [ -112.535605252973099, 42.761828985905012 ], [ -112.535724393854821, 42.779982244682571 ], [ -112.535910623264115, 42.781384538311016 ], [ -112.535910277148858, 42.782825390518447 ], [ -112.535911244420802, 42.784275265279817 ], [ -112.535910895230856, 42.785716116765386 ], [ -112.535909782414151, 42.787156958145829 ], [ -112.535909219095103, 42.788606812305609 ], [ -112.535909542461624, 42.790569981387442 ], [ -112.535911321631104, 42.790948228389901 ], [ -112.535911770281544, 42.792938413878815 ], [ -112.535911203231677, 42.794388266617254 ], [ -112.535910852042534, 42.795828975208444 ], [ -112.535911045028342, 42.797278977460024 ], [ -112.535911451486925, 42.798719835538201 ], [ -112.53591185704191, 42.800160693264623 ], [ -112.53591128649758, 42.80161054424223 ], [ -112.535910985378663, 42.801817662973932 ], [ -112.535912157602837, 42.803258389292445 ], [ -112.535913022811442, 42.805068470032623 ], [ -112.535911955776797, 42.805437674572147 ], [ -112.53593664175996, 42.807598704189452 ], [ -112.535953869940585, 42.809039212124823 ], [ -112.535970112321777, 42.810488995035243 ], [ -112.535987846108227, 42.81203757244834 ], [ -112.535995521509477, 42.812748949253489 ], [ -112.536020807505665, 42.814819790130358 ], [ -112.536037053798196, 42.816269430333598 ], [ -112.536054275408972, 42.817710076613444 ], [ -112.536072601931849, 42.819330702747564 ], [ -112.536056552929978, 42.820852814751824 ], [ -112.536040122322461, 42.822293874308123 ], [ -112.536024243155538, 42.823743945712359 ], [ -112.536007809180433, 42.825185004534902 ], [ -112.535992691051433, 42.82663508497658 ], [ -112.535975489311994, 42.828076133290146 ], [ -112.535959814713962, 42.829517200788906 ], [ -112.535944690392213, 42.830967280110833 ], [ -112.535929013719596, 42.832408346892919 ], [ -112.53591286796356, 42.833804380802988 ], [ -112.535944656930155, 42.835307824591091 ], [ -112.535976407784219, 42.836748230765991 ], [ -112.53600870873899, 42.83819764784878 ], [ -112.536038165798217, 42.839638024897191 ], [ -112.536068935355914, 42.841087563079284 ], [ -112.536099927105496, 42.842527816780212 ], [ -112.536130697660184, 42.843977355178531 ], [ -112.536163213933605, 42.845417768160807 ], [ -112.536193991327352, 42.84686716456897 ], [ -112.536216744183477, 42.847911502964742 ], [ -112.535627584281542, 42.847919444130525 ], [ -112.535599564987734, 42.849234416191301 ], [ -112.535568555602779, 42.850675845259588 ], [ -112.535538868416523, 42.852126014129588 ], [ -112.535507857639331, 42.853567301994921 ], [ -112.535478164560118, 42.855017470080611 ], [ -112.535447149071629, 42.85645875718015 ], [ -112.535416896019754, 42.857900052781986 ], [ -112.535396101283254, 42.858908936651069 ], [ -112.5353658475765, 42.860350092068373 ], [ -112.535317819239467, 42.862575037407709 ], [ -112.535346581933567, 42.864690931402968 ], [ -112.535365302998642, 42.866131445954942 ], [ -112.535385342205217, 42.86758098030549 ], [ -112.535404824793005, 42.869021644395019 ], [ -112.535419987545922, 42.870192096221004 ], [ -112.535431978271106, 42.871011443668166 ], [ -112.535462090807357, 42.873361346869736 ], [ -112.535484715689407, 42.874927982023173 ], [ -112.535500848641462, 42.876251532997038 ], [ -112.535515002674387, 42.877205844550183 ], [ -112.535528889997281, 42.879141721124135 ], [ -112.535539951083436, 42.880582554788603 ], [ -112.535550040367667, 42.882032099776552 ], [ -112.535561102667288, 42.883472794096186 ], [ -112.5355727179642, 42.884922498399618 ], [ -112.535583779500186, 42.886363190225914 ], [ -112.535593863685051, 42.887812875154601 ], [ -112.535605690751083, 42.889253576992694 ], [ -112.535620503826266, 42.891279512896809 ], [ -112.535622314848538, 42.891558696826237 ], [ -112.535679666529006, 42.894277590563782 ], [ -112.535709658938757, 42.895726965479426 ], [ -112.535739105020383, 42.897167047067711 ], [ -112.535769845805078, 42.898617133252884 ], [ -112.535800059341341, 42.90005722396657 ], [ -112.535830824417047, 42.90150632551569 ], [ -112.535859496188152, 42.902946957728759 ], [ -112.535890465337374, 42.904387477605233 ], [ -112.535901187311921, 42.905810150444296 ], [ -112.53586238606043, 42.907287205623582 ], [ -112.535824414510785, 42.908729093851164 ], [ -112.535787012488441, 42.91017915205164 ], [ -112.535749055546518, 42.91162019508026 ], [ -112.53571107254983, 42.913062224367856 ], [ -112.535672900365142, 42.914512128457631 ], [ -112.535634928635091, 42.915953452981853 ], [ -112.535606816492646, 42.917043139083781 ], [ -112.535559522744578, 42.918845393794157 ], [ -112.535515787217648, 42.920529641560286 ], [ -112.535519366894277, 42.921735954395025 ], [ -112.53552579663635, 42.923177423847783 ], [ -112.535532033727833, 42.924627049918001 ], [ -112.535537713268653, 42.926067804898956 ], [ -112.535543587642394, 42.927274146000535 ], [ -112.535549630630015, 42.928958044113223 ], [ -112.535556626243348, 42.930407819894469 ], [ -112.535559916155151, 42.931303028373527 ], [ -112.534549902395369, 42.931034297877012 ], [ -112.532920071444238, 42.929741583001707 ], [ -112.531916473345717, 42.928946533281298 ], [ -112.531563894796577, 42.927829734310713 ], [ -112.530426097595438, 42.925916735413779 ], [ -112.529367836912641, 42.922724045139866 ], [ -112.528053637108826, 42.92195437629627 ], [ -112.5271383152418, 42.920451404714314 ], [ -112.525137063263173, 42.919434081502594 ], [ -112.523640982272596, 42.919166869570383 ], [ -112.522361192690326, 42.918693623703035 ], [ -112.520643667419037, 42.918017437688917 ], [ -112.520076606819899, 42.917266337383808 ], [ -112.520811457999798, 42.916029748392447 ], [ -112.522079758304798, 42.915155185743387 ], [ -112.521880835981491, 42.913899211605234 ], [ -112.521159644798686, 42.913286409187087 ], [ -112.520930311766747, 42.912054382469783 ], [ -112.520145934892554, 42.911395589697229 ], [ -112.518955824403051, 42.910510634926048 ], [ -112.51842209933568, 42.909873787536064 ], [ -112.516026729784571, 42.909793648094336 ], [ -112.515729378420943, 42.847797237259492 ], [ -112.517283287797611, 42.847812310941322 ], [ -112.516813634549763, 42.79051705954592 ], [ -112.497501793574358, 42.790704924352973 ], [ -112.497076629951863, 42.761915974607078 ], [ -112.497138141842242, 42.73310788243063 ], [ -112.457922571034928, 42.732952175046023 ], [ -112.457836144395898, 42.696805908407761 ], [ -112.438177684467377, 42.696849181650045 ], [ -112.437753277534654, 42.675121206460062 ], [ -112.418318950674134, 42.675229008218096 ], [ -112.41834100815386, 42.646414606511335 ], [ -112.379858292601483, 42.646253924659526 ], [ -112.379607883858185, 42.624500762981668 ], [ -112.389518279801095, 42.624346742451173 ], [ -112.389809500363867, 42.588170985704977 ], [ -112.386373941982669, 42.588299231012122 ], [ -112.386131262052018, 42.571960545386325 ], [ -112.39114496795689, 42.571963110647964 ], [ -112.39117950350888, 42.568397975766388 ], [ -112.41590727052467, 42.568340308523176 ], [ -112.41594762183054, 42.557507775176447 ], [ -112.420093718056833, 42.55751268804439 ], [ -112.419979195121741, 42.50318902488997 ], [ -112.439513633550277, 42.502715623218535 ], [ -112.459228010316679, 42.502616308080277 ], [ -112.478927643471351, 42.50271532752059 ], [ -112.498322417747772, 42.502715217968841 ], [ -112.497711471051858, 42.488616220462042 ], [ -112.497712161461848, 42.474162040301728 ], [ -112.49791665385348, 42.459509699207466 ], [ -112.497711854242695, 42.445121565597731 ], [ -112.49761939691804, 42.430610619126774 ], [ -112.497711597071117, 42.416221807180492 ], [ -112.517212933318575, 42.416114893284252 ], [ -112.536317298644079, 42.4162216450516 ], [ -112.555712098574645, 42.416320711100241 ], [ -112.575412306767817, 42.41632080541013 ], [ -112.59521853386515, 42.416404508508386 ], [ -112.614810934412517, 42.416404526945129 ], [ -112.634436015586544, 42.416404399334084 ], [ -112.653830183305061, 42.416404387812399 ], [ -112.654012588740187, 42.401908729132288 ], [ -112.654012438809815, 42.38731379630191 ], [ -112.653936290299825, 42.372718920186337 ], [ -112.654118609407121, 42.358207956894532 ], [ -112.654012105294612, 42.343712280985407 ], [ -112.654934174118921, 42.329146605669003 ], [ -112.673510864847557, 42.328794325444726 ], [ -112.675051816884562, 42.328780769151514 ], [ -112.692959368974797, 42.328751943238828 ], [ -112.694501654110354, 42.328747147435472 ], [ -112.712409435061346, 42.328706842720244 ], [ -112.714253900547234, 42.328726140193254 ], [ -112.732093438401918, 42.328684105347179 ], [ -112.733708353246953, 42.328764437270067 ], [ -112.751678176534881, 42.328770466004976 ], [ -112.75312712307948, 42.328766395615077 ], [ -112.771416991699525, 42.329116997338829 ], [ -112.79091820421047, 42.328414899850429 ], [ -112.811030067901655, 42.328414909159719 ], [ -112.830317704918798, 42.328315594195466 ], [ -112.849818918722548, 42.328315509937532 ], [ -112.869441911755317, 42.328208614950796 ], [ -112.886837570502664, 42.328109396742299 ], [ -112.906628238990663, 42.327819470443501 ], [ -112.926129989963584, 42.327514134118488 ], [ -112.945631015766523, 42.32751406994273 ], [ -112.965223732821343, 42.32761311610124 ], [ -112.984740542130993, 42.327719820397078 ], [ -113.001128435451747, 42.328108938240895 ], [ -113.001128837475079, 42.342413959767597 ], [ -113.001129137630684, 42.357008969645733 ], [ -113.001129428283178, 42.371504593198352 ], [ -113.001342709182254, 42.38611489277681 ], [ -113.001342918943166, 42.400610585483456 ], [ -113.001343053354759, 42.414915567401181 ], [ -113.001129635383435, 42.429411296455882 ], [ -113.001129657544226, 42.44380795529726 ], [ -113.001130081046909, 42.458318843807767 ], [ -113.001130039733994, 42.472807035723207 ], [ -113.001129865579713, 42.487012914646705 ], [ -113.002641445114236, 42.501912965872641 ], [ -113.00302277438378, 42.516408607862083 ], [ -113.002656789683641, 42.53110259379779 ], [ -113.001726064464648, 42.536313432078614 ], [ -113.00284007026076, 42.545514405296089 ], [ -113.002947424306811, 42.560010089288262 ], [ -113.002856178127786, 42.574398897216696 ], [ -113.003024200708282, 42.58790259142468 ], [ -113.022724042375756, 42.588108416198665 ], [ -113.041522918919, 42.588314157528607 ], [ -113.061328991706148, 42.588413199491775 ], [ -113.08063182226185, 42.588603704012904 ], [ -113.100133370959782, 42.588809400659976 ], [ -113.117223442165738, 42.5890153238702 ], [ -113.136632880281198, 42.589015129981455 ], [ -113.156026725953652, 42.589098634326831 ], [ -113.175650249179796, 42.589098612461221 ], [ -113.17523890857052, 42.603716196014012 ], [ -113.174948790609321, 42.618311255490795 ], [ -113.175050028976884, 42.627037721685809 ], [ -113.176050179398786, 42.62748759962696 ], [ -113.178282159553746, 42.62752388728871 ], [ -113.179263902991863, 42.627985000826037 ], [ -113.180701675286628, 42.628196929573768 ], [ -113.181651230797954, 42.628382559700682 ], [ -113.182882087549473, 42.628623236222097 ], [ -113.183888905922501, 42.628744106118596 ], [ -113.185652609980437, 42.629156556952573 ], [ -113.187676461942246, 42.630021950247702 ], [ -113.189035064187749, 42.630407978339697 ], [ -113.190490469249568, 42.632030833904061 ], [ -113.192152525224699, 42.632651425796531 ], [ -113.193541517468645, 42.633169884343111 ], [ -113.194757204517984, 42.633770409719475 ], [ -113.196241757627078, 42.6340341148288 ], [ -113.197528005877643, 42.633951523638196 ], [ -113.199813494270984, 42.633876182105411 ], [ -113.201954883060409, 42.633623758845438 ], [ -113.203374018561419, 42.633221345568607 ], [ -113.206279248304071, 42.632721568713166 ], [ -113.207649582772959, 42.632316652397982 ], [ -113.209203533184251, 42.631856983259141 ], [ -113.211288639006455, 42.631284579808813 ], [ -113.212730441068274, 42.630889099241891 ], [ -113.213915235681171, 42.630563601973108 ], [ -113.214562025240355, 42.62998464093836 ], [ -113.21579909324528, 42.629560983687611 ], [ -113.217291812094572, 42.628928834047507 ], [ -113.220175142280183, 42.628326819814276 ], [ -113.223030763897782, 42.628170886288878 ], [ -113.225139859854664, 42.628163776521539 ], [ -113.226339891966461, 42.627952511258258 ], [ -113.227700327435443, 42.627712906144858 ], [ -113.228948047994777, 42.627526983198912 ], [ -113.231477347163974, 42.627436889439359 ], [ -113.232955444786981, 42.626861143629306 ], [ -113.234352064175368, 42.626650266572888 ], [ -113.236626336878629, 42.626282275580373 ], [ -113.236626349406407, 42.631707602848081 ], [ -113.236748535307129, 42.646096428320696 ], [ -113.236626636801091, 42.660615017098394 ], [ -113.236824826192006, 42.675209857664072 ], [ -113.236980958588234, 42.689628912328601 ], [ -113.23691570710595, 42.704056307464903 ], [ -113.236913073902215, 42.718599465599922 ], [ -113.237033957362485, 42.733027603786617 ], [ -113.237034591899373, 42.733162690625086 ], [ -113.237310610132795, 42.747520065198408 ], [ -113.237310636561148, 42.747704676585336 ], [ -113.237263608551018, 42.749920826736123 ], [ -113.236932836908025, 42.762001176344704 ], [ -113.236933221991194, 42.776901147650086 ], [ -113.237039660454201, 42.791313101803908 ], [ -113.236933648458916, 42.805908075263588 ], [ -113.236933285669465, 42.82029701257995 ], [ -113.237040726977625, 42.834808204062384 ], [ -113.236933929692256, 42.848144283120128 ], [ -113.243754137590145, 42.848113686697502 ], [ -113.243754838122484, 42.863097864223604 ], [ -113.2436476869335, 42.8775097344285 ], [ -113.243647880981158, 42.891898639295185 ], [ -113.243755254998462, 42.906409504643293 ], [ -113.24383141327047, 42.920905493190062 ], [ -113.243755658499936, 42.936797375062483 ], [ -113.243648762395154, 42.951408161399542 ], [ -113.243541642600533, 42.965903952178969 ], [ -113.243542195584823, 42.980299953259696 ], [ -113.243542054513028, 42.994811151570211 ], [ -113.243505566079335, 42.999909211110719 ], [ -113.243623231158296, 43.009311755049822 ], [ -113.243526198438573, 43.023891496961191 ], [ -113.243523473340488, 43.03834406565322 ], [ -113.243552045452432, 43.052868704368542 ], [ -113.243705317856836, 43.067362330929036 ], [ -113.243577633501985, 43.081790608501329 ], [ -113.243481328725252, 43.096281246092651 ], [ -113.243573377752554, 43.110938699304931 ], [ -113.224411553969617, 43.110682280284969 ], [ -113.20475255526847, 43.110748444124013 ], [ -113.184967342642167, 43.110713948316324 ], [ -113.165244852937846, 43.110701112257232 ], [ -113.145459526483023, 43.11067835655868 ], [ -113.125643155445275, 43.110733408723242 ], [ -113.106169670168882, 43.110661497308335 ], [ -113.086478274581395, 43.11067978563738 ], [ -113.06678623527462, 43.110739987067696 ], [ -113.047000325986616, 43.110610290475378 ], [ -113.027214705629248, 43.110710456955957 ], [ -113.00774326371004, 43.110902087062577 ], [ -113.007742776529781, 43.125512151206202 ], [ -113.007467918368647, 43.139738779916534 ], [ -113.007534949402881, 43.154297297897045 ] ] ] } },
{ "type": "Feature", "properties": { "name": "Bonneville-Jefferson Ground Water District" }, "geometry": { "type": "Polygon", "coordinates": [ [ [ -112.043267947507019, 43.742311399072648 ], [ -112.043260866881354, 43.72782888012636 ], [ -112.043123810322669, 43.713311614544914 ], [ -112.04312334285909, 43.698735151875603 ], [ -112.043129485495825, 43.684133691255447 ], [ -112.042999094058288, 43.669570064749351 ], [ -112.043157603659608, 43.655169905427627 ], [ -112.04322063607124, 43.64069635874155 ], [ -112.043100081754062, 43.626203924972842 ], [ -112.023521361935352, 43.626257512663862 ], [ -112.003605995127188, 43.626288158298159 ], [ -111.983688013070861, 43.626372705791354 ], [ -111.963708462897088, 43.626459728501708 ], [ -111.943739942704511, 43.626556946240498 ], [ -111.923717087107661, 43.626593384887975 ], [ -111.923774223478389, 43.612193989395919 ], [ -111.923824027963335, 43.597735621237241 ], [ -111.923868469026985, 43.583252309905653 ], [ -111.92392829914148, 43.568789527323055 ], [ -111.923973352032661, 43.554313936962167 ], [ -111.923995587035165, 43.547085337280365 ], [ -111.92401782313874, 43.539856736832 ], [ -111.924113322451731, 43.525419480362643 ], [ -111.924178764882114, 43.511003251922745 ], [ -111.924239243442031, 43.500177726509222 ], [ -111.924259366116914, 43.496569224782569 ], [ -111.924340176050819, 43.48209169635571 ], [ -111.924265035913294, 43.467640808174842 ], [ -111.924264608887341, 43.460450807469755 ], [ -111.924264180988246, 43.453260778150884 ], [ -111.94412822397814, 43.453325867910216 ], [ -111.96398709958585, 43.453424707051781 ], [ -111.983916753413567, 43.453396440544772 ], [ -111.988847498868452, 43.45340089604835 ], [ -112.003732964237045, 43.4534590971789 ], [ -112.023696503280135, 43.453677991162827 ], [ -112.043524568708037, 43.453809388514387 ], [ -112.043586699316066, 43.439156100770504 ], [ -112.04368319950396, 43.424648698854611 ], [ -112.04376219988842, 43.410152100069602 ], [ -112.063628299920353, 43.410144999083002 ], [ -112.083487600607029, 43.410198399768319 ], [ -112.10334819946722, 43.410243799703004 ], [ -112.103347900184986, 43.413961799873633 ], [ -112.103286200850661, 43.424988500063776 ], [ -112.123194000896788, 43.42498310051446 ], [ -112.143129199560079, 43.425011000092205 ], [ -112.162890399549326, 43.424974299318571 ], [ -112.162927469263494, 43.424974392591857 ], [ -112.162927527796555, 43.424961104296663 ], [ -112.172843496107745, 43.424995260778452 ], [ -112.182759462628837, 43.425029416411661 ], [ -112.182760490592955, 43.424900891123066 ], [ -112.203127881344557, 43.424916368138973 ], [ -112.222999482936928, 43.424916153191255 ], [ -112.242853639681869, 43.424942438806418 ], [ -112.262667996012439, 43.424971599752247 ], [ -112.282513392961135, 43.425022499859409 ], [ -112.302009003158915, 43.425029680565103 ], [ -112.321844422120336, 43.425053684344846 ], [ -112.341714300991342, 43.425064065421751 ], [ -112.361578087611605, 43.425103299066272 ], [ -112.381444598794687, 43.425115337900138 ], [ -112.401212187947948, 43.425079491003387 ], [ -112.421044973640619, 43.425141335429231 ], [ -112.440832760195178, 43.425180958813868 ], [ -112.460671851969352, 43.425193775357101 ], [ -112.480846441051938, 43.425321856182627 ], [ -112.490473074988941, 43.425219015113733 ], [ -112.500387148915209, 43.425229409412879 ], [ -112.520051904746367, 43.425219063674426 ], [ -112.520027678901798, 43.439697539454237 ], [ -112.520013369595162, 43.454457120583307 ], [ -112.520029087453878, 43.468939317963006 ], [ -112.520036694461339, 43.483415652931882 ], [ -112.520036466619118, 43.497883961799758 ], [ -112.520034893320911, 43.512366935272432 ], [ -112.520021388610814, 43.526851593643713 ], [ -112.520026246342042, 43.54001637104966 ], [ -112.520005797618197, 43.554480723673478 ], [ -112.51999743337916, 43.568950881801833 ], [ -112.519991179496174, 43.583423179483205 ], [ -112.519982202519202, 43.597889254236058 ], [ -112.519970504295529, 43.612368913062795 ], [ -112.519970862566595, 43.626555017158587 ], [ -112.501223577407231, 43.626522442542587 ], [ -112.481295708470228, 43.626482412708562 ], [ -112.461370483897468, 43.626441133727646 ], [ -112.44145006103868, 43.626389185804655 ], [ -112.421513474482069, 43.626344323019161 ], [ -112.401576468275721, 43.626304376381583 ], [ -112.401548571437573, 43.64078845170215 ], [ -112.401528168533886, 43.651657112919331 ], [ -112.401521367170886, 43.655279998431489 ], [ -112.401501583579673, 43.66977435118325 ], [ -112.401479544444271, 43.684259564259655 ], [ -112.40145706484148, 43.698748306276627 ], [ -112.40145180909802, 43.714477509657399 ], [ -112.40145099548748, 43.728971389053392 ], [ -112.40144507161294, 43.74346763085255 ], [ -112.38235322651002, 43.743455996742007 ], [ -112.362418720599962, 43.74348778347737 ], [ -112.342406575624082, 43.743481292988726 ], [ -112.322436375898519, 43.743467217764703 ], [ -112.302439564408658, 43.743457310559712 ], [ -112.282358473750875, 43.743374875444268 ], [ -112.262654002333377, 43.743270578970439 ], [ -112.242545574985854, 43.742904699894936 ], [ -112.222540056636788, 43.742657621711778 ], [ -112.202580150405637, 43.742444849749511 ], [ -112.197605681323054, 43.742387336974737 ], [ -112.192631183866325, 43.742329824934792 ], [ -112.187656687882722, 43.742272312297388 ], [ -112.182682190891569, 43.742214799022115 ], [ -112.162736868198394, 43.74212366297953 ], [ -112.142746518799171, 43.742023473239485 ], [ -112.12273625070975, 43.741934171939 ], [ -112.114175934754343, 43.741920447896788 ], [ -112.111646115510666, 43.742116646685368 ], [ -112.102731178854498, 43.74211694942246 ], [ -112.100637370682605, 43.742117344209142 ], [ -112.098003884019178, 43.742636180476751 ], [ -112.093236060032382, 43.742628888535705 ], [ -112.088253229353413, 43.742622763939963 ], [ -112.083271481345889, 43.742616583189438 ], [ -112.073259349021882, 43.742548169940065 ], [ -112.063216964182942, 43.742524060448908 ], [ -112.053242441227184, 43.742417728551921 ], [ -112.04825519346555, 43.742364579088637 ], [ -112.043267947507019, 43.742311399072648 ] ] ] } },
{ "type": "Feature", "properties": { "name": "Magic Valley Ground Water District" }, "geometry": { "type": "Polygon", "coordinates": [ [ [ -113.954154297748886, 42.908088813925637 ], [ -113.934471416342461, 42.908100029275055 ], [ -113.914664202723486, 42.90804346250416 ], [ -113.895074289881606, 42.908095111566602 ], [ -113.894977284601907, 42.899867576764294 ], [ -113.894945882956108, 42.898976869459041 ], [ -113.894912056897141, 42.893444496107307 ], [ -113.872964150661602, 42.893470879323651 ], [ -113.853315970831758, 42.893557252186788 ], [ -113.833699043374125, 42.893531532953261 ], [ -113.814019930850122, 42.893571437947429 ], [ -113.794278429392307, 42.893604892676095 ], [ -113.7746918475938, 42.893658184625686 ], [ -113.774630064317662, 42.893177968632116 ], [ -113.75327181388036, 42.893158088961172 ], [ -113.750846785553676, 42.893157881012918 ], [ -113.733885849223697, 42.893208651933918 ], [ -113.73304651137282, 42.893206269248836 ], [ -113.731585007936147, 42.893164568957502 ], [ -113.731056546963714, 42.893141092093281 ], [ -113.714361614707784, 42.893272615378102 ], [ -113.713708393905023, 42.893247621445028 ], [ -113.712900040605533, 42.893248827368495 ], [ -113.710350390111103, 42.893295713580777 ], [ -113.710008541251952, 42.893227306119769 ], [ -113.702080433058143, 42.893234609620905 ], [ -113.701458857665585, 42.8932357991986 ], [ -113.694649900457094, 42.893238755175723 ], [ -113.694612563554514, 42.887935951531666 ], [ -113.694610606654081, 42.886472726788504 ], [ -113.694508811534092, 42.879501091789855 ], [ -113.694539253223525, 42.879225807120804 ], [ -113.694538661071135, 42.878726012042186 ], [ -113.693233603365272, 42.878770211937514 ], [ -113.692767637438266, 42.878749822677271 ], [ -113.691896622496174, 42.878770269868191 ], [ -113.691554650881656, 42.878746692722942 ], [ -113.690809225441598, 42.878750866897299 ], [ -113.690373786514613, 42.87874757569822 ], [ -113.689255011713925, 42.878728777316766 ], [ -113.688757461463851, 42.878749513042983 ], [ -113.685897738196843, 42.87870847284276 ], [ -113.685213913705951, 42.878639049806985 ], [ -113.683162779982922, 42.878664613239501 ], [ -113.677224936778956, 42.878641648694668 ], [ -113.674955922863333, 42.87862268861825 ], [ -113.673246128219915, 42.878644542117392 ], [ -113.672748812876449, 42.878620182585138 ], [ -113.663112783751274, 42.878646753051328 ], [ -113.662491354927312, 42.87864759108227 ], [ -113.655341903691635, 42.878651703872556 ], [ -113.633241473569825, 42.87854093731687 ], [ -113.613409960775442, 42.87847328442394 ], [ -113.610923210469636, 42.878520983240911 ], [ -113.610301188108792, 42.878494660652379 ], [ -113.600074053439982, 42.878448337282535 ], [ -113.599483865639257, 42.878470753190804 ], [ -113.598271631749597, 42.878471280661842 ], [ -113.597991519572844, 42.878473109793937 ], [ -113.59715274770258, 42.878474095050159 ], [ -113.596655171650497, 42.878494429504045 ], [ -113.59479013086586, 42.878496272772232 ], [ -113.593733422949853, 42.878470709081263 ], [ -113.591837179431096, 42.87844608013296 ], [ -113.591401571268563, 42.878469428601008 ], [ -113.574460844724896, 42.878374516596843 ], [ -113.574087995525588, 42.87839634394463 ], [ -113.559633470797706, 42.878342390715886 ], [ -113.559042312232975, 42.878391610188302 ], [ -113.556213809492178, 42.878387273124616 ], [ -113.555436877601167, 42.878409157590248 ], [ -113.554348776018344, 42.878388314422892 ], [ -113.534671760481416, 42.878353074991409 ], [ -113.534629582550195, 42.863901465351404 ], [ -113.534649498722374, 42.84943051219588 ], [ -113.531479607291303, 42.849428534566655 ], [ -113.511843002503028, 42.849410919721983 ], [ -113.500844004888066, 42.849309514345094 ], [ -113.492132700531684, 42.849170986608264 ], [ -113.472527142011771, 42.849073827968979 ], [ -113.472597754152275, 42.835196028755341 ], [ -113.472666855773241, 42.820768858584721 ], [ -113.472612420617466, 42.806389346633857 ], [ -113.452461370274733, 42.806498711758174 ], [ -113.432900489063002, 42.806510928984423 ], [ -113.413307354454332, 42.806538494669432 ], [ -113.413204965518943, 42.791975333244714 ], [ -113.41304093917968, 42.777548449074942 ], [ -113.413069273124535, 42.773982003706443 ], [ -113.413131344912344, 42.773638425917802 ], [ -113.413093211118621, 42.763031455590436 ], [ -113.393452776263715, 42.763128698845257 ], [ -113.37393507491187, 42.763017243628013 ], [ -113.354263494123671, 42.762946200784064 ], [ -113.354232779024869, 42.762005796910536 ], [ -113.335273529582892, 42.762069887278869 ], [ -113.315507682379149, 42.762129253264078 ], [ -113.315485700216172, 42.75337226248849 ], [ -113.315457976487835, 42.749923973936255 ], [ -113.315420064548874, 42.747470884565395 ], [ -113.31545525853349, 42.742260872379703 ], [ -113.315486755366436, 42.741688509678809 ], [ -113.315680072551757, 42.732999241214245 ], [ -113.33524990253899, 42.732984427849338 ], [ -113.349051367200602, 42.732918268553668 ], [ -113.349392671354082, 42.732915846554008 ], [ -113.354106468055349, 42.732985606544474 ], [ -113.354140147293748, 42.718558982520769 ], [ -113.354018570452752, 42.704085996131461 ], [ -113.354082262858782, 42.696840131288091 ], [ -113.353991060191973, 42.689593101954387 ], [ -113.353930375306234, 42.682273205150793 ], [ -113.354987763583367, 42.662359375892258 ], [ -113.354681074003068, 42.647773056642343 ], [ -113.354313243024265, 42.63313837157299 ], [ -113.354440480093288, 42.618691620413102 ], [ -113.354753815345845, 42.603921394401347 ], [ -113.355093256232109, 42.586305750686961 ], [ -113.375838579333944, 42.584269048229913 ], [ -113.392330675674827, 42.582583910917442 ], [ -113.423548410663159, 42.579617806342782 ], [ -113.432210735672001, 42.578727305192601 ], [ -113.47220957544755, 42.574926307616892 ], [ -113.500854971011691, 42.572242300095809 ], [ -113.508775398544273, 42.571515165361554 ], [ -113.518054854721242, 42.570604656603912 ], [ -113.519664604433373, 42.570420615879229 ], [ -113.522014698687656, 42.570215866307429 ], [ -113.5234378240079, 42.570035917324851 ], [ -113.528634214931429, 42.569556635640843 ], [ -113.530832040099455, 42.569237942180223 ], [ -113.532718211713529, 42.569146737761017 ], [ -113.535594605314103, 42.56891641861165 ], [ -113.54041947559756, 42.568710614945353 ], [ -113.546791418831802, 42.568645551800316 ], [ -113.590157028912913, 42.568803209583407 ], [ -113.604879487882584, 42.568748626811242 ], [ -113.620282265473534, 42.56876646026722 ], [ -113.622633780593063, 42.568766644070315 ], [ -113.623839377896985, 42.568743456710656 ], [ -113.624829195495153, 42.568765845350967 ], [ -113.625867891471813, 42.568764603548267 ], [ -113.627135775615116, 42.568767054935826 ], [ -113.628342760877374, 42.568766339995882 ], [ -113.628714369934229, 42.568766844062253 ], [ -113.631089248590669, 42.56880844026508 ], [ -113.634563945744304, 42.560211009727389 ], [ -113.638167458139719, 42.556687252790034 ], [ -113.641467380272459, 42.553460886702311 ], [ -113.644563547565213, 42.545568757878208 ], [ -113.65911535613148, 42.533761881222482 ], [ -113.66619153354344, 42.527821271177004 ], [ -113.668012388353503, 42.526715326619716 ], [ -113.669830164979217, 42.525892466467745 ], [ -113.674768899121574, 42.52325929959985 ], [ -113.676804011959817, 42.522751449158228 ], [ -113.679185311780657, 42.522244533055847 ], [ -113.683548231550361, 42.522000297273969 ], [ -113.688553172795835, 42.52117760859943 ], [ -113.689670204353575, 42.520871065990733 ], [ -113.70034624902371, 42.519207823781905 ], [ -113.705881101939099, 42.518949336707131 ], [ -113.711778551324812, 42.518674329642486 ], [ -113.715882946169572, 42.519902789499113 ], [ -113.719387553473425, 42.520952187692004 ], [ -113.736906166814023, 42.522689334806884 ], [ -113.746038496282907, 42.525533899313182 ], [ -113.750848323540069, 42.529342587301848 ], [ -113.757876965252237, 42.534907515906667 ], [ -113.757925904378155, 42.534946599176273 ], [ -113.758192233636606, 42.535157538255191 ], [ -113.759226397702989, 42.537477908123357 ], [ -113.760458738305616, 42.540242646979152 ], [ -113.761962490367949, 42.545325969726285 ], [ -113.765219788812701, 42.547751524030282 ], [ -113.767189017490495, 42.549217760700245 ], [ -113.771084468368954, 42.552118945893056 ], [ -113.777929245784549, 42.556649103261975 ], [ -113.784026867451132, 42.557225966400594 ], [ -113.789366279242969, 42.556672134330981 ], [ -113.8015823215636, 42.551615238290125 ], [ -113.810741786712882, 42.548245088276381 ], [ -113.814560833192175, 42.545993872154732 ], [ -113.820669483087258, 42.542617482627776 ], [ -113.826340387548214, 42.53739206253254 ], [ -113.826784116119015, 42.536982973004946 ], [ -113.82836509648493, 42.536517775110816 ], [ -113.830917622900998, 42.535766101208097 ], [ -113.834412677872862, 42.53473713202218 ], [ -113.840676458645675, 42.536531947829012 ], [ -113.842294938342789, 42.536995481714477 ], [ -113.854215612268334, 42.540410608294778 ], [ -113.861828728753395, 42.544371620923187 ], [ -113.867158777002388, 42.547200918526421 ], [ -113.875854676856321, 42.549193215446103 ], [ -113.877064164803713, 42.549470482307456 ], [ -113.882122076166667, 42.548852079410949 ], [ -113.886215161641005, 42.548351529808961 ], [ -113.888900109796097, 42.548354346280682 ], [ -113.892313962574562, 42.548357938428659 ], [ -113.896129723066792, 42.546103867707714 ], [ -113.904518022156097, 42.544418196529236 ], [ -113.91117193538355, 42.539502661594526 ], [ -113.911386425288185, 42.539344102836651 ], [ -113.911571782292398, 42.539331865721039 ], [ -113.919771956881391, 42.538786280175131 ], [ -113.930484252334807, 42.535407392201826 ], [ -113.93220813914651, 42.535065385030485 ], [ -113.93232824562827, 42.547724709837681 ], [ -113.932331433350953, 42.550376644793197 ], [ -113.932434953607498, 42.562234126711097 ], [ -113.932447947156277, 42.575426354619658 ], [ -113.932479438085579, 42.576228591839893 ], [ -113.951717317463434, 42.576238587796134 ], [ -113.971140644695566, 42.576268057391637 ], [ -113.990841602054005, 42.576229674033861 ], [ -114.000863049827885, 42.576375679729068 ], [ -114.010197645516939, 42.576480498419372 ], [ -114.029836370690361, 42.576591234583319 ], [ -114.049785013548359, 42.576558183390965 ], [ -114.049691511694206, 42.577267141051102 ], [ -114.049858499692533, 42.591165698558463 ], [ -114.049703070824151, 42.592102638097529 ], [ -114.049760026829105, 42.595782566824518 ], [ -114.049808587873045, 42.605769992456999 ], [ -114.049739610711143, 42.611598661667522 ], [ -114.049737025668591, 42.613656175675331 ], [ -114.049825202705051, 42.616787576967447 ], [ -114.049881900326795, 42.62058456199221 ], [ -114.059941105015895, 42.620271715577566 ], [ -114.069473868361797, 42.620210035239033 ], [ -114.069459061690225, 42.634837719434543 ], [ -114.069444435125916, 42.64893853857378 ], [ -114.069506241140957, 42.649327430539394 ], [ -114.069553606497465, 42.663614338671124 ], [ -114.06947813465618, 42.675777662386736 ], [ -114.069568755011872, 42.678062625325694 ], [ -114.069378786997845, 42.681857732634249 ], [ -114.069460837031798, 42.692642796224881 ], [ -114.069299255316693, 42.698361116366364 ], [ -114.069329380053546, 42.699388290948477 ], [ -114.069382492359594, 42.707093034696626 ], [ -114.069335940809324, 42.72167478177527 ], [ -114.069319610611871, 42.735982510470208 ], [ -114.069337672135305, 42.748233565421636 ], [ -114.069305253266464, 42.749308749207472 ], [ -114.069362423614976, 42.749904481492642 ], [ -114.069393126901844, 42.750729313025595 ], [ -114.069410875088735, 42.765267590697036 ], [ -114.069490445747377, 42.779735437945355 ], [ -114.069477174696218, 42.794178398540225 ], [ -114.069463575692083, 42.808670852432613 ], [ -114.0693875817486, 42.823094218145521 ], [ -114.069404936884652, 42.837587282242062 ], [ -114.069484818190446, 42.850524312637738 ], [ -114.054604753952901, 42.850515845603681 ], [ -114.054586863094841, 42.864962987284031 ], [ -114.03501153782247, 42.864853347098816 ], [ -114.015312737453925, 42.86483619944287 ], [ -114.015284911585397, 42.879373212832924 ], [ -114.015086653111283, 42.88554497907927 ], [ -114.015195052969631, 42.893840827211356 ], [ -114.015198557117557, 42.90828855123037 ], [ -114.000857376001179, 42.908156523435061 ], [ -113.993705712968136, 42.908051321049172 ], [ -113.974023231831922, 42.908069335556632 ], [ -113.954154297748886, 42.908088813925637 ] ] ] } },
{ "type": "Feature", "properties": { "name": "North Snake Ground Water District" }, "geometry": { "type": "Polygon", "coordinates": [ [ [ -114.249310589558021, 42.99654219558186 ], [ -114.23443815040676, 42.996632086816305 ], [ -114.214694334946159, 42.996580536908446 ], [ -114.194826075247931, 42.996567583035109 ], [ -114.175020435427612, 42.99659779940896 ], [ -114.155215462291309, 42.996444484084705 ], [ -114.135129989532743, 42.996307631516892 ], [ -114.13513007895844, 42.995299195794082 ], [ -114.113799156589423, 42.995208460537931 ], [ -114.094150582935185, 42.995156426054443 ], [ -114.074284692180328, 42.995122687452778 ], [ -114.054604774902089, 42.995108066438711 ], [ -114.054624224971406, 42.980688133043699 ], [ -114.054581506982416, 42.966172089050353 ], [ -114.054538513570975, 42.951750562471993 ], [ -114.054526121421887, 42.937257787108216 ], [ -114.054545156996824, 42.922788176283525 ], [ -114.054563828866463, 42.908345684207966 ], [ -114.054551086382205, 42.893875310967033 ], [ -114.05460038346385, 42.879451444956487 ], [ -114.054586863094841, 42.864962987284031 ], [ -114.054604753952901, 42.850515845603681 ], [ -114.069484818190446, 42.850524312637738 ], [ -114.069404936884652, 42.837587282242062 ], [ -114.0693875817486, 42.823094218145521 ], [ -114.069463575692083, 42.808670852432613 ], [ -114.069477174696218, 42.794178398540225 ], [ -114.069490445747377, 42.779735437945355 ], [ -114.069410875088735, 42.765267590697036 ], [ -114.069393126901844, 42.750729313025595 ], [ -114.069362423614976, 42.749904481492642 ], [ -114.069305253266464, 42.749308749207472 ], [ -114.069337672135305, 42.748233565421636 ], [ -114.069319610611871, 42.735982510470208 ], [ -114.069335940809324, 42.72167478177527 ], [ -114.069382492359594, 42.707093034696626 ], [ -114.069329380053546, 42.699388290948477 ], [ -114.069299255316693, 42.698361116366364 ], [ -114.069460837031798, 42.692642796224881 ], [ -114.069378786997845, 42.681857732634249 ], [ -114.069568755011872, 42.678062625325694 ], [ -114.06947813465618, 42.675777662386736 ], [ -114.069553606497465, 42.663614338671124 ], [ -114.069506241140957, 42.649327430539394 ], [ -114.069444435125916, 42.64893853857378 ], [ -114.069459061690225, 42.634837719434543 ], [ -114.069473868361797, 42.620210035239033 ], [ -114.059941105015895, 42.620271715577566 ], [ -114.049881900326795, 42.62058456199221 ], [ -114.049825202705051, 42.616787576967447 ], [ -114.049737025668591, 42.613656175675331 ], [ -114.049739610711143, 42.611598661667522 ], [ -114.049808587873045, 42.605769992456999 ], [ -114.049760026829105, 42.595782566824518 ], [ -114.049703070824151, 42.592102638097529 ], [ -114.049858499692533, 42.591165698558463 ], [ -114.049691511694206, 42.577267141051102 ], [ -114.049785013548359, 42.576558183390965 ], [ -114.029836370690361, 42.576591234583319 ], [ -114.010197645516939, 42.576480498419372 ], [ -114.000863049827885, 42.576375679729068 ], [ -113.990841602054005, 42.576229674033861 ], [ -113.971140644695566, 42.576268057391637 ], [ -113.951717317463434, 42.576238587796134 ], [ -113.932479438085579, 42.576228591839893 ], [ -113.932447947156277, 42.575426354619658 ], [ -113.932434953607498, 42.562234126711097 ], [ -113.932331433350953, 42.550376644793197 ], [ -113.93232824562827, 42.547724709837681 ], [ -113.93220813914651, 42.535065385030485 ], [ -113.9418823351876, 42.5331542977382 ], [ -113.947218908274237, 42.531464288456007 ], [ -113.950253449967377, 42.530716802998754 ], [ -113.951792958750858, 42.530339098953633 ], [ -113.953851519463299, 42.530911710427652 ], [ -113.957888478005401, 42.532036527931375 ], [ -113.958648774086626, 42.534857192903331 ], [ -113.961696982359996, 42.535424542099747 ], [ -113.970081343016972, 42.533733371673613 ], [ -113.972237609131369, 42.533461662789136 ], [ -113.982276347521292, 42.534298684285922 ], [ -113.989697217265217, 42.532823740234512 ], [ -113.992956684981422, 42.531378744064298 ], [ -113.994359602939838, 42.528606032150435 ], [ -113.99491106879934, 42.527517487503367 ], [ -113.997518384395704, 42.525586848958909 ], [ -114.000860612325127, 42.526516498494679 ], [ -114.002732214912882, 42.527033779775536 ], [ -114.006645451704415, 42.526492364326025 ], [ -114.008596220893338, 42.523657406834445 ], [ -114.010550972284037, 42.523172657146496 ], [ -114.011604275789168, 42.524285219948965 ], [ -114.011872193014071, 42.524683987363758 ], [ -114.012272886264427, 42.525005067311355 ], [ -114.013230539894849, 42.525030168099804 ], [ -114.013415851737449, 42.525143005043553 ], [ -114.013446331044648, 42.525350979637309 ], [ -114.014583106965134, 42.52674029473247 ], [ -114.014834291960099, 42.527044073515668 ], [ -114.014926424228975, 42.527294114918504 ], [ -114.015083602147882, 42.527460283543952 ], [ -114.017056977247009, 42.528119582534444 ], [ -114.018138015034992, 42.52835035406774 ], [ -114.019436256097251, 42.528348196878603 ], [ -114.020054867433004, 42.528121127934817 ], [ -114.020394591274709, 42.527940817983144 ], [ -114.020674078762013, 42.527389870102638 ], [ -114.020829612088733, 42.527114745146342 ], [ -114.021696376554928, 42.526020675825684 ], [ -114.022717368078744, 42.525403459121776 ], [ -114.023737661780629, 42.525015741840512 ], [ -114.026488227492393, 42.524402940057875 ], [ -114.028466242695401, 42.524310337846245 ], [ -114.028960502817469, 42.524381706880305 ], [ -114.029763807855716, 42.524677161923442 ], [ -114.030411973805002, 42.525157691089191 ], [ -114.031738907721504, 42.526394250841946 ], [ -114.033221175706785, 42.526968544566827 ], [ -114.035786540095728, 42.527219563679495 ], [ -114.037022134200015, 42.52749471825188 ], [ -114.038288304564745, 42.52797782734347 ], [ -114.038813532694732, 42.528229964444385 ], [ -114.041902419870112, 42.528895228252409 ], [ -114.042674858051086, 42.528942239151867 ], [ -114.043447582975645, 42.528849654309525 ], [ -114.045116423440874, 42.528829625302691 ], [ -114.046013119820898, 42.528645793817233 ], [ -114.046835162031016, 42.528365311811051 ], [ -114.048085140964204, 42.527938310217969 ], [ -114.049568754514738, 42.527553413502524 ], [ -114.053648225318099, 42.526960653911651 ], [ -114.054545134559135, 42.526641527460782 ], [ -114.055472693299876, 42.526138605109793 ], [ -114.056679104543974, 42.525611340744987 ], [ -114.059461892128127, 42.523967554475369 ], [ -114.060420004914178, 42.523672555114523 ], [ -114.061749192415505, 42.523513006093779 ], [ -114.063448675743146, 42.52346666132015 ], [ -114.063726706940287, 42.523379269258321 ], [ -114.065025198056162, 42.5233539412895 ], [ -114.06565970925584, 42.523257765450751 ], [ -114.06650800148482, 42.523126428602133 ], [ -114.067527984471795, 42.522738321505244 ], [ -114.068331758974182, 42.52225914755163 ], [ -114.070280354091636, 42.520796255605724 ], [ -114.070810885876071, 42.520283031643459 ], [ -114.071795541751058, 42.519335704466116 ], [ -114.072290852453861, 42.518650540593406 ], [ -114.072941011861673, 42.517325444534656 ], [ -114.07362100664254, 42.516820558621816 ], [ -114.074115319125823, 42.516617197657482 ], [ -114.07541399321947, 42.516227158886622 ], [ -114.078781796631787, 42.515885416695987 ], [ -114.079462106092038, 42.515682190115079 ], [ -114.080049066690123, 42.515363916398059 ], [ -114.081192879650715, 42.514996994930087 ], [ -114.081996595208068, 42.514630296854421 ], [ -114.083325853116435, 42.51355655053667 ], [ -114.084407657389448, 42.512940291339902 ], [ -114.086570435760692, 42.511982420583564 ], [ -114.090402702880397, 42.510517508751526 ], [ -114.092504658471555, 42.509445452183897 ], [ -114.095408849611502, 42.508443066363142 ], [ -114.096304929065951, 42.50839378967698 ], [ -114.100228353818679, 42.50784945948309 ], [ -114.104615900543124, 42.507393232270175 ], [ -114.107057042276764, 42.50736950164729 ], [ -114.108416057998326, 42.507574964573628 ], [ -114.109064502366849, 42.507528350057683 ], [ -114.113791802386601, 42.506958741996499 ], [ -114.114162743451061, 42.506796980745804 ], [ -114.1166339586361, 42.504743195958781 ], [ -114.11756170530785, 42.504172229550193 ], [ -114.117863565139174, 42.50389626418864 ], [ -114.119260811126026, 42.502616729566256 ], [ -114.119353226386707, 42.502411894721448 ], [ -114.120064189803372, 42.501475409289505 ], [ -114.12072428095324, 42.500397833688005 ], [ -114.120783859387686, 42.499931159278184 ], [ -114.121267513617241, 42.499677646407498 ], [ -114.121307127747841, 42.499318490565955 ], [ -114.121669161312042, 42.498719776881799 ], [ -114.121990933694065, 42.498151499701905 ], [ -114.12255457830301, 42.497584796777751 ], [ -114.123159279645805, 42.497208301586625 ], [ -114.123703478290352, 42.496816808863201 ], [ -114.124347690983157, 42.496427741119611 ], [ -114.124832244760555, 42.496264272722527 ], [ -114.125618431522398, 42.49613101372028 ], [ -114.126809255559792, 42.49618798661502 ], [ -114.127898574749906, 42.496260255181163 ], [ -114.128544381537608, 42.496290083338245 ], [ -114.129149064555861, 42.496111548148271 ], [ -114.129646262290251, 42.495817879496883 ], [ -114.129805971698303, 42.495628293266094 ], [ -114.130317619226744, 42.495154908183224 ], [ -114.130719723995313, 42.495038928172164 ], [ -114.130998528334246, 42.495063945199156 ], [ -114.131676546096955, 42.495404991104287 ], [ -114.132633687503912, 42.496095402473287 ], [ -114.134301701411545, 42.496641457208767 ], [ -114.136697973855377, 42.497858572640013 ], [ -114.137265645969208, 42.498147507068587 ], [ -114.138048946563543, 42.498086073751224 ], [ -114.138382986131887, 42.498143937154822 ], [ -114.140170337152341, 42.497760877612002 ], [ -114.142826024889217, 42.497764270438971 ], [ -114.144000905293055, 42.497649406343406 ], [ -114.145420924344478, 42.497630899358725 ], [ -114.146502513482702, 42.497792920997306 ], [ -114.149929127791623, 42.497972907546497 ], [ -114.150622948163942, 42.498030692734858 ], [ -114.151204780406019, 42.498328827249765 ], [ -114.152166179699989, 42.499100266463067 ], [ -114.152532521260682, 42.49914087691355 ], [ -114.15287303389438, 42.499194326105943 ], [ -114.153158508830998, 42.499291470521136 ], [ -114.153388564260894, 42.499432309277942 ], [ -114.15346645903729, 42.499713363995291 ], [ -114.153436930656838, 42.499924199595704 ], [ -114.154292245933618, 42.500535323041106 ], [ -114.154755850576919, 42.501150196433713 ], [ -114.15698064711448, 42.502934443047728 ], [ -114.157012074904898, 42.503182903523928 ], [ -114.157599295559564, 42.504237473929095 ], [ -114.158093939268909, 42.504920679485913 ], [ -114.159113597867844, 42.505950027825342 ], [ -114.159268829939734, 42.506268957619177 ], [ -114.160134363688897, 42.507551232387982 ], [ -114.160876420531835, 42.50828094156968 ], [ -114.16313270216753, 42.509719144920034 ], [ -114.166068683514027, 42.510953563548519 ], [ -114.16807154747444, 42.511998166508732 ], [ -114.168479517684872, 42.51221090003024 ], [ -114.169159372201591, 42.512668925281154 ], [ -114.170643531992567, 42.514015788617321 ], [ -114.171323974359211, 42.514816017012237 ], [ -114.172066044674551, 42.515888011074757 ], [ -114.172654453870138, 42.517100098867054 ], [ -114.172685504260073, 42.517740304885059 ], [ -114.173025975989361, 42.518289007572776 ], [ -114.173242934396782, 42.51915872203945 ], [ -114.173893086625995, 42.520115877341048 ], [ -114.174233461556511, 42.521308344631144 ], [ -114.174321072897044, 42.521895837187934 ], [ -114.174419943687326, 42.522564646028265 ], [ -114.174482150417859, 42.523867427032826 ], [ -114.174823375199139, 42.524942817310119 ], [ -114.174854765810252, 42.525695591578987 ], [ -114.175227012270597, 42.526974405371895 ], [ -114.175907661812687, 42.528184364310341 ], [ -114.176217143367452, 42.528642200999833 ], [ -114.176990030679036, 42.529489673445482 ], [ -114.177021678197193, 42.52964807042386 ], [ -114.177670676140139, 42.530542021185042 ], [ -114.178289790818624, 42.531223677044188 ], [ -114.178351264421423, 42.531432260798596 ], [ -114.178970583604482, 42.532046369761126 ], [ -114.182186540398419, 42.534354284949629 ], [ -114.185031807775204, 42.535793086361757 ], [ -114.18633100667877, 42.536320231624913 ], [ -114.186670748620443, 42.536549331576268 ], [ -114.187381756716292, 42.536728861210413 ], [ -114.189515391012989, 42.537713206899696 ], [ -114.190751712005834, 42.538436982037481 ], [ -114.191619402533661, 42.538944512439798 ], [ -114.194835008004489, 42.54038315896431 ], [ -114.19601105470241, 42.541024237665141 ], [ -114.197959341451366, 42.542278626458675 ], [ -114.199196497769464, 42.542966285177584 ], [ -114.19972241437975, 42.54319080314712 ], [ -114.199968726668118, 42.543214862184165 ], [ -114.202072487969275, 42.543419327496387 ], [ -114.203308969258202, 42.543760223837545 ], [ -114.203742140027202, 42.544014013504508 ], [ -114.204515410183532, 42.544104959077309 ], [ -114.208103338601774, 42.545633330786707 ], [ -114.210423096449489, 42.546545324161833 ], [ -114.215185600787294, 42.547548299650892 ], [ -114.215618822821114, 42.547684970547856 ], [ -114.217102988799283, 42.547842609328455 ], [ -114.218061642463354, 42.548140527279607 ], [ -114.218989825298891, 42.548320715802824 ], [ -114.219268024236555, 42.548529993688234 ], [ -114.219299408357571, 42.548688376226849 ], [ -114.219886602406106, 42.548986278572841 ], [ -114.221804276799375, 42.549235479958071 ], [ -114.223938140504714, 42.549692486880943 ], [ -114.225701071455191, 42.550190000728968 ], [ -114.22898122926081, 42.551629241784703 ], [ -114.229754526587826, 42.552107117262508 ], [ -114.230714599994741, 42.553066980609707 ], [ -114.231333984364184, 42.553500687193711 ], [ -114.232572525138281, 42.554710165595822 ], [ -114.234244099060334, 42.5559663136086 ], [ -114.235513100111788, 42.55674426994122 ], [ -114.236194167667989, 42.557062440163747 ], [ -114.238452668018709, 42.557562680859007 ], [ -114.239535753205118, 42.557881548287902 ], [ -114.241328227639187, 42.557951694159321 ], [ -114.242349222214045, 42.558156405767534 ], [ -114.242907031755337, 42.558678686576037 ], [ -114.243835341880938, 42.558930718497486 ], [ -114.244485156627775, 42.559319964091586 ], [ -114.245475435016388, 42.559546383018706 ], [ -114.247207406038314, 42.559705213055246 ], [ -114.247485935788248, 42.559865029958111 ], [ -114.247733094139136, 42.559888984396871 ], [ -114.249651551538236, 42.560317828454835 ], [ -114.250857397815082, 42.560180132618306 ], [ -114.251898990173785, 42.560371746516203 ], [ -114.253042714229778, 42.560399195094952 ], [ -114.253818563529819, 42.560584343645218 ], [ -114.255361120249177, 42.560950001057044 ], [ -114.255577819209989, 42.561063212253543 ], [ -114.256875530005829, 42.561224941470719 ], [ -114.258483718461633, 42.561249885083164 ], [ -114.26098856524311, 42.561390962777665 ], [ -114.261421315895632, 42.561365210437657 ], [ -114.261824205553637, 42.561208238509714 ], [ -114.264704564562635, 42.561110571653664 ], [ -114.265844610796748, 42.561074720922676 ], [ -114.267607040280581, 42.560756682617509 ], [ -114.268009542084215, 42.560869718108798 ], [ -114.268627084321892, 42.561235670772575 ], [ -114.269244814362182, 42.561466536631507 ], [ -114.271192114261339, 42.561994676601792 ], [ -114.272243339955395, 42.562542086262525 ], [ -114.273139385621008, 42.562770438613441 ], [ -114.274963828915986, 42.563048058531123 ], [ -114.275984612432055, 42.562982281336694 ], [ -114.276911798756856, 42.563188858567855 ], [ -114.278890757932061, 42.563190948548311 ], [ -114.280159304746803, 42.562937381948281 ], [ -114.281025293921374, 42.562822970228176 ], [ -114.282529767438504, 42.562210261637034 ], [ -114.282974749192746, 42.56202722000117 ], [ -114.284180862115136, 42.561866774629934 ], [ -114.284583401307216, 42.561979892261341 ], [ -114.285665835778758, 42.561915422885107 ], [ -114.286098179161996, 42.562051819158711 ], [ -114.287272973427022, 42.562120077791128 ], [ -114.287767868303945, 42.56228037254396 ], [ -114.289343357845709, 42.563542393135542 ], [ -114.29008536601664, 42.563951677289701 ], [ -114.290919176206401, 42.564615273403405 ], [ -114.291320661572627, 42.564822788241337 ], [ -114.291754146615034, 42.564707003203274 ], [ -114.292093978326974, 42.564755526871103 ], [ -114.293794473993387, 42.565281942492852 ], [ -114.294566593275235, 42.566011664287863 ], [ -114.29688617739275, 42.5659673970667 ], [ -114.298030389726634, 42.566151994344352 ], [ -114.298617647298414, 42.56642696311475 ], [ -114.299143231472996, 42.566542804934485 ], [ -114.300410237460611, 42.567320161146839 ], [ -114.300438712205548, 42.567541427424473 ], [ -114.301411189591292, 42.568109178697817 ], [ -114.301690304776457, 42.568273358564767 ], [ -114.303353150879417, 42.56908692653068 ], [ -114.305316876180868, 42.570533296935885 ], [ -114.307242366002853, 42.571618667156415 ], [ -114.307799056806061, 42.571775895953436 ], [ -114.308479855519593, 42.571773781475372 ], [ -114.308881972338781, 42.571702200253846 ], [ -114.309686551876013, 42.57109088193004 ], [ -114.310057371109266, 42.570928480658331 ], [ -114.310429530467744, 42.570883147587139 ], [ -114.311140267471359, 42.571314050024675 ], [ -114.31213059210971, 42.571382272465193 ], [ -114.312964295756615, 42.571501009644678 ], [ -114.314048013392807, 42.571589363825183 ], [ -114.314264487934693, 42.571477466387307 ], [ -114.314852031801621, 42.571482183603514 ], [ -114.315471054724824, 42.571613734654029 ], [ -114.315567029490623, 42.571769098828533 ], [ -114.316212669051481, 42.571892269252338 ], [ -114.3171412565043, 42.571796970660671 ], [ -114.318316597997722, 42.572229777400203 ], [ -114.319274799294234, 42.572117071092805 ], [ -114.320790564017599, 42.572251576618292 ], [ -114.322490634012382, 42.572165326729269 ], [ -114.324271834950778, 42.572305932738573 ], [ -114.32648084699143, 42.572411661817895 ], [ -114.326822537712033, 42.572365517585517 ], [ -114.327316499259496, 42.572458102463273 ], [ -114.329482493205688, 42.572418681483072 ], [ -114.330533928515408, 42.572298999979687 ], [ -114.331610613856569, 42.572274638198223 ], [ -114.332473595168707, 42.572447884710499 ], [ -114.333534162014189, 42.572828242199193 ], [ -114.33457215367801, 42.573613203085237 ], [ -114.334857063264224, 42.574056600158031 ], [ -114.335469885607466, 42.574723753759358 ], [ -114.335984144767835, 42.57554161424742 ], [ -114.335710751822575, 42.576467320150634 ], [ -114.336227254083354, 42.577699430643868 ], [ -114.33666529319764, 42.578641620300729 ], [ -114.337905634040183, 42.579850063638546 ], [ -114.339763621128583, 42.581180910214499 ], [ -114.343217534868685, 42.583930963516359 ], [ -114.34408776154622, 42.584694107363632 ], [ -114.346629213350866, 42.585739109916418 ], [ -114.347143215366629, 42.58584998222863 ], [ -114.347798276933759, 42.586328948504352 ], [ -114.348521019570995, 42.587196634624021 ], [ -114.351051159461292, 42.588502313021756 ], [ -114.352973880405301, 42.588857468913879 ], [ -114.354896026766951, 42.588906405057728 ], [ -114.356170512700487, 42.588989831116479 ], [ -114.356950275996113, 42.589678721733563 ], [ -114.360875593178179, 42.591597269592938 ], [ -114.365450797955504, 42.593030827294101 ], [ -114.367408164903395, 42.593021749544398 ], [ -114.370682679184341, 42.594942892471011 ], [ -114.373297977699309, 42.595898977287533 ], [ -114.374156988534082, 42.596990209851668 ], [ -114.374717152136782, 42.597534341374562 ], [ -114.375739423369353, 42.598147591868212 ], [ -114.377879982271537, 42.598295753778842 ], [ -114.383128991623082, 42.59901451675313 ], [ -114.39289270947242, 42.599205727090201 ], [ -114.396797532219381, 42.597745742378066 ], [ -114.400698673652442, 42.595799336099624 ], [ -114.401978068859862, 42.595607704256736 ], [ -114.403957617855781, 42.595305946498364 ], [ -114.409183407256734, 42.596252678922724 ], [ -114.414416500537456, 42.598163023368784 ], [ -114.415597380533583, 42.598450721798969 ], [ -114.416376491492997, 42.598639400278131 ], [ -114.4189897587883, 42.599108148486792 ], [ -114.420294818371559, 42.59910603965519 ], [ -114.420947332464536, 42.59910265895283 ], [ -114.424865720291493, 42.599569001209886 ], [ -114.428776796892947, 42.599071640223187 ], [ -114.430077257886211, 42.598844156834375 ], [ -114.430819230659978, 42.59888780269911 ], [ -114.431100570613467, 42.599029285818176 ], [ -114.431282884609416, 42.599172829608513 ], [ -114.431450061193928, 42.599275763963355 ], [ -114.431686642024204, 42.599389130866122 ], [ -114.431937108518781, 42.599417172649609 ], [ -114.432214068088129, 42.599364908273365 ], [ -114.432436543161174, 42.599311300800274 ], [ -114.432691525162554, 42.599055930681956 ], [ -114.433992062865244, 42.598567240822192 ], [ -114.436853923621243, 42.597141075320366 ], [ -114.437951874068148, 42.596508320725135 ], [ -114.440495658620733, 42.5956466924521 ], [ -114.446395550513031, 42.5994838631877 ], [ -114.451622698116694, 42.600428795483708 ], [ -114.458150396327852, 42.600884524273781 ], [ -114.46205806787323, 42.599899599207127 ], [ -114.4653167261433, 42.599404465944822 ], [ -114.469910871101803, 42.60276139134529 ], [ -114.473191907736449, 42.605161516749476 ], [ -114.481705558594129, 42.608987020858578 ], [ -114.488243027062396, 42.610404872013284 ], [ -114.492174022496826, 42.612318895591265 ], [ -114.499299035679201, 42.615572411729438 ], [ -114.50069438984454, 42.61662053279511 ], [ -114.503312570850824, 42.617573611614986 ], [ -114.505279261331495, 42.618530354743186 ], [ -114.507723793216343, 42.619947884161562 ], [ -114.510077719748566, 42.620615772258631 ], [ -114.511160473424525, 42.621332785126889 ], [ -114.51118173679059, 42.621882451425186 ], [ -114.510132166670758, 42.624624125665214 ], [ -114.509913962810742, 42.626231323489733 ], [ -114.513838667269269, 42.627176491816975 ], [ -114.514495472464262, 42.627658991726896 ], [ -114.518433131057677, 42.630054119451216 ], [ -114.522362612740849, 42.63148091098175 ], [ -114.523015076767734, 42.631477084014485 ], [ -114.527589125533723, 42.631940529567849 ], [ -114.532792230574842, 42.63299818281299 ], [ -114.538699726024859, 42.633332401365166 ], [ -114.540009614973542, 42.633806328486045 ], [ -114.54271957620243, 42.635125046892796 ], [ -114.543943673438349, 42.635718658933691 ], [ -114.545246166862185, 42.635859215790724 ], [ -114.546564754904566, 42.636139547492753 ], [ -114.547191420056492, 42.636274587097716 ], [ -114.557000716737889, 42.635651133769827 ], [ -114.559607971503866, 42.635157446767671 ], [ -114.560913346430297, 42.635149219408135 ], [ -114.562219480667977, 42.635140972546736 ], [ -114.565483143742327, 42.635124873355295 ], [ -114.56810822065907, 42.636558374218929 ], [ -114.571391535940691, 42.638473982327383 ], [ -114.575281707993028, 42.638506955743239 ], [ -114.581235939651606, 42.639195592767081 ], [ -114.583804811645578, 42.639371337775337 ], [ -114.58492644633219, 42.639719213928039 ], [ -114.588389324422778, 42.640796180182292 ], [ -114.594091034142181, 42.640947649511389 ], [ -114.595570902177116, 42.640758008844529 ], [ -114.596876383596637, 42.640749371018046 ], [ -114.601456989286277, 42.641687411409471 ], [ -114.606047125579536, 42.643593456263758 ], [ -114.611962815651054, 42.64742237380888 ], [ -114.615521740605161, 42.649257005499742 ], [ -114.622440886638572, 42.65025631234964 ], [ -114.625710513891207, 42.650720265363923 ], [ -114.628322685531771, 42.650706925928347 ], [ -114.634240406589655, 42.654534820973765 ], [ -114.636690983907371, 42.655783106192096 ], [ -114.638153961492051, 42.656231982045405 ], [ -114.640193072613002, 42.656791733307955 ], [ -114.643357554220771, 42.657514257337901 ], [ -114.644266737682301, 42.657717533148329 ], [ -114.649318651375353, 42.659752917899972 ], [ -114.657829695956238, 42.661633715061498 ], [ -114.661596839318705, 42.661611561381811 ], [ -114.662389140323398, 42.661533242337562 ], [ -114.670179956874364, 42.660345696374378 ], [ -114.67283455930955, 42.66009357296219 ], [ -114.678713087932252, 42.660055180002566 ], [ -114.684602228816914, 42.660984799284087 ], [ -114.689849055609869, 42.66288271146383 ], [ -114.697703484526258, 42.664279052215221 ], [ -114.703627856868437, 42.668103607812803 ], [ -114.705155167038598, 42.668372811918793 ], [ -114.706180402314473, 42.668352837325095 ], [ -114.707503816061461, 42.668194660022259 ], [ -114.709136153415443, 42.667569922659005 ], [ -114.710498330942968, 42.666966821336274 ], [ -114.71095111833769, 42.666476160156527 ], [ -114.711967720228287, 42.666203750733899 ], [ -114.712985160973204, 42.665971992570341 ], [ -114.714054773222855, 42.666101388736713 ], [ -114.715851874754875, 42.667217820338401 ], [ -114.7258649821202, 42.670370683654625 ], [ -114.732385174454521, 42.669360883537422 ], [ -114.738929176409243, 42.670282674334935 ], [ -114.744197557598227, 42.673623774065646 ], [ -114.747848575783806, 42.673051749858175 ], [ -114.757249910815062, 42.672569966447945 ], [ -114.758228717390494, 42.671738221800794 ], [ -114.760319293043096, 42.670946099047875 ], [ -114.766083043879433, 42.670054731008122 ], [ -114.768684037028038, 42.668173873356842 ], [ -114.775438683914743, 42.66471682408465 ], [ -114.77935804516521, 42.664689400893984 ], [ -114.783942661251672, 42.665620188495318 ], [ -114.787208147722254, 42.665597810826654 ], [ -114.791773073982824, 42.66508260643586 ], [ -114.795039669426544, 42.665059997849518 ], [ -114.798964060220143, 42.665513806910212 ], [ -114.800923917361047, 42.665497457360097 ], [ -114.802883448412288, 42.665485438845813 ], [ -114.804170372720691, 42.664028916665252 ], [ -114.804816537372957, 42.663541459669716 ], [ -114.806066271409932, 42.663286293070513 ], [ -114.807408827992205, 42.663014839382399 ], [ -114.808735357514522, 42.663508533202275 ], [ -114.811181693547624, 42.664311737969321 ], [ -114.812674639462927, 42.664930145401193 ], [ -114.814013189261217, 42.667333006951942 ], [ -114.814679711297558, 42.668291302833701 ], [ -114.815999123308345, 42.669248465768668 ], [ -114.816353376084251, 42.669246225295616 ], [ -114.81861228358278, 42.669226316466734 ], [ -114.820591699747752, 42.670659803922263 ], [ -114.820617873449351, 42.672591865032189 ], [ -114.823311795339578, 42.678361270468599 ], [ -114.825338214430317, 42.683172527714817 ], [ -114.825391965166546, 42.687032125557742 ], [ -114.824616888185815, 42.690700552324877 ], [ -114.824258951936656, 42.692395598193087 ], [ -114.824165571525924, 42.692835146846271 ], [ -114.823552292139681, 42.695736650652179 ], [ -114.824312799054141, 42.703450291920191 ], [ -114.825000214933524, 42.705858813989522 ], [ -114.826990549192544, 42.70715279579337 ], [ -114.829924665801812, 42.708905803234607 ], [ -114.831570151950345, 42.708221138513579 ], [ -114.833523741615522, 42.70772233986925 ], [ -114.836138179506307, 42.707704279470555 ], [ -114.848632302280905, 42.712915109386522 ], [ -114.850627723631376, 42.71531180632109 ], [ -114.849619558361667, 42.717364084973667 ], [ -114.848722345695876, 42.719188708906302 ], [ -114.847470106828212, 42.723059904418889 ], [ -114.846210402844378, 42.726449066890822 ], [ -114.844304359023383, 42.730321392468561 ], [ -114.843698207954148, 42.733704861539309 ], [ -114.843752867216153, 42.737568909999986 ], [ -114.843784531077674, 42.7376235539802 ], [ -114.84123705050682, 42.737575589676865 ], [ -114.840569148401613, 42.753929568062567 ], [ -114.840643040152898, 42.761148466888343 ], [ -114.840654588016093, 42.763273956406593 ], [ -114.840870927449373, 42.763201450665825 ], [ -114.841228469994149, 42.763064165414676 ], [ -114.841609471567168, 42.762769675200353 ], [ -114.841855526173021, 42.762832735145381 ], [ -114.841862701780698, 42.763080613312546 ], [ -114.841728308219913, 42.763366258789368 ], [ -114.841496615439468, 42.763658949898492 ], [ -114.841347257765378, 42.763939778915891 ], [ -114.84153323249754, 42.764389109452345 ], [ -114.841652030218242, 42.764841605289128 ], [ -114.841949336930796, 42.765247904039278 ], [ -114.842508289044531, 42.765654669166892 ], [ -114.842933287211295, 42.766040889347806 ], [ -114.843298430716132, 42.766322436988531 ], [ -114.843954013393713, 42.76658692954701 ], [ -114.844491257204311, 42.766687096368273 ], [ -114.844983126302282, 42.766624371151863 ], [ -114.845483078289561, 42.766566228221713 ], [ -114.845982593636435, 42.76672871996545 ], [ -114.846213818933748, 42.766935685144063 ], [ -114.846280762792077, 42.767139501807137 ], [ -114.846504086675154, 42.767242822423412 ], [ -114.846817179637995, 42.767374746300511 ], [ -114.847174853433913, 42.767498601199833 ], [ -114.847570029511672, 42.767627523910448 ], [ -114.847830746001804, 42.767839615797307 ], [ -114.848047217153123, 42.768028253345136 ], [ -114.848188146546789, 42.768391087210404 ], [ -114.848121325962836, 42.768560857095551 ], [ -114.848158219670609, 42.768773196302803 ], [ -114.848276806458529, 42.769122124586964 ], [ -114.848485665473859, 42.769396229133555 ], [ -114.848604329337164, 42.769722643027521 ], [ -114.84857400452546, 42.770271356322816 ], [ -114.848260736502795, 42.770715788907026 ], [ -114.848058209576095, 42.7710181260504 ], [ -114.847789418627215, 42.771391308793085 ], [ -114.847633192685691, 42.771671915505507 ], [ -114.847453293256265, 42.771925258719619 ], [ -114.847333623233837, 42.772197574282977 ], [ -114.847169175720111, 42.772491749219995 ], [ -114.847019667972717, 42.772705045131914 ], [ -114.847012486179665, 42.773047024983242 ], [ -114.847004461666046, 42.773299096027785 ], [ -114.847034200156315, 42.773547229762087 ], [ -114.846958706367872, 42.773978080014615 ], [ -114.846884160957288, 42.774170278198667 ], [ -114.846981168638223, 42.774505296195258 ], [ -114.847032866836514, 42.774907063829936 ], [ -114.847032037639039, 42.775154578890138 ], [ -114.847091596471842, 42.775376319652779 ], [ -114.847180824838787, 42.775616696318551 ], [ -114.84712835245243, 42.775858824559947 ], [ -114.847030925290014, 42.776082148894446 ], [ -114.847053214426666, 42.776456273138557 ], [ -114.847104647990918, 42.77675433948113 ], [ -114.847179719367034, 42.776908846596918 ], [ -114.847276149069543, 42.77714480764714 ], [ -114.847365025459268, 42.77733115361228 ], [ -114.847723397146254, 42.777445855500467 ], [ -114.848066276149254, 42.777600913268373 ], [ -114.848491561557836, 42.777635896989835 ], [ -114.848826950938218, 42.777745839766034 ], [ -114.849140066182926, 42.77781922105531 ], [ -114.849535461339613, 42.778042832731956 ], [ -114.85004980730848, 42.778304538006985 ], [ -114.850534143957589, 42.77846669975272 ], [ -114.85091459418625, 42.778658476515609 ], [ -114.851108127800984, 42.778981798586734 ], [ -114.851414127997344, 42.779176659295686 ], [ -114.851704417665047, 42.779479279797819 ], [ -114.85199503889514, 42.779610792545704 ], [ -114.852390573962126, 42.77970381461455 ], [ -114.85284514296589, 42.779811312143117 ], [ -114.85335983266927, 42.779929052814616 ], [ -114.853807174541885, 42.780122009894832 ], [ -114.853993572121752, 42.780341677187039 ], [ -114.853925919100533, 42.780533968810325 ], [ -114.853657379824099, 42.780898157493574 ], [ -114.853321060378036, 42.781139588910222 ], [ -114.852925688374157, 42.781393278723279 ], [ -114.852925733076546, 42.781591397135017 ], [ -114.853097052495826, 42.781770230782577 ], [ -114.853358249204604, 42.781928132372379 ], [ -114.853558968983066, 42.782022038239319 ], [ -114.853790278227976, 42.782228987744311 ], [ -114.853938907882082, 42.782452311834255 ], [ -114.853841712327593, 42.782774699766499 ], [ -114.853819057507707, 42.783044469180439 ], [ -114.853878215391148, 42.783234690324001 ], [ -114.853818260291703, 42.783598168387968 ], [ -114.853676826658088, 42.783843213892105 ], [ -114.85397519815929, 42.783925275650432 ], [ -114.854370041756951, 42.783910229899163 ], [ -114.854952100860473, 42.784006636641244 ], [ -114.85537011061335, 42.78387040505541 ], [ -114.855705667424232, 42.78382273078811 ], [ -114.856130882228058, 42.783655064332187 ], [ -114.856556310297819, 42.783419852752452 ], [ -114.857220654423131, 42.783166671412985 ], [ -114.857594202711027, 42.782827016603626 ], [ -114.857847490344227, 42.782687646381859 ], [ -114.857989627815385, 42.782577813023181 ], [ -114.85822105130049, 42.782293956386354 ], [ -114.858587183199788, 42.781999098789207 ], [ -114.859034659463745, 42.781674362412268 ], [ -114.859564856236574, 42.781364482680615 ], [ -114.859997506790336, 42.78137713589237 ], [ -114.860400325271797, 42.781470216016096 ], [ -114.86076549955537, 42.781576101438397 ], [ -114.861086502510517, 42.781802764472197 ], [ -114.861257821799143, 42.782062493576198 ], [ -114.861256886407347, 42.782215592529994 ], [ -114.861308971946144, 42.782500279653682 ], [ -114.861316857795202, 42.782766022345065 ], [ -114.861435730838167, 42.782907808068884 ], [ -114.861689312288476, 42.783065606491654 ], [ -114.862001872110895, 42.783233655148365 ], [ -114.862337736456098, 42.783428965856366 ], [ -114.862375060852415, 42.783668314479741 ], [ -114.862322063695856, 42.783923960361157 ], [ -114.862202463938743, 42.784583664473267 ], [ -114.862202397243578, 42.784826671639983 ], [ -114.862336126883889, 42.784937248135876 ], [ -114.862440958814219, 42.785222944912761 ], [ -114.862425717846634, 42.785528821909409 ], [ -114.862276004063858, 42.785643079059412 ], [ -114.862052591602634, 42.785760424056164 ], [ -114.861798341805169, 42.785913318774746 ], [ -114.86141801341229, 42.786149335237397 ], [ -114.861342844698427, 42.786404585417415 ], [ -114.861148871728574, 42.786468518911306 ], [ -114.860991852614816, 42.786717630348221 ], [ -114.860909693459732, 42.786909753971969 ], [ -114.860872567316605, 42.787098161081502 ], [ -114.861021368005311, 42.78730360604974 ], [ -114.861230047525538, 42.787501000870876 ], [ -114.861386605007112, 42.787769705392378 ], [ -114.861580687358796, 42.788016457790071 ], [ -114.861721890191546, 42.788307227881553 ], [ -114.861923646102582, 42.788445997378979 ], [ -114.862162049111049, 42.788527081532237 ], [ -114.862287821338015, 42.788889589272159 ], [ -114.862348059416121, 42.789210376048061 ], [ -114.862317413297006, 42.789479925115209 ], [ -114.862324855184085, 42.789768324594434 ], [ -114.862287062513488, 42.790073667845704 ], [ -114.862189919781315, 42.790315013035034 ], [ -114.862010853908586, 42.790572873800322 ], [ -114.862010428242854, 42.790734975839328 ], [ -114.861958335292897, 42.790918571723637 ], [ -114.862204521881736, 42.791229375604907 ], [ -114.862383044333811, 42.791345242963388 ], [ -114.862509692135134, 42.79155014844563 ], [ -114.862584097189838, 42.791790201636516 ], [ -114.862614181251018, 42.791975430056567 ], [ -114.86273281259335, 42.792153238257931 ], [ -114.862814515245958, 42.792505945297059 ], [ -114.862888931302976, 42.792718983053078 ], [ -114.863030941043135, 42.792901680249294 ], [ -114.863075612275424, 42.793091582202997 ], [ -114.863097782199318, 42.793339627391532 ], [ -114.862873305596366, 42.793547176635116 ], [ -114.862604603328222, 42.793789673309675 ], [ -114.862380942545315, 42.794028735005071 ], [ -114.862134067786826, 42.794109671652222 ], [ -114.861947822015082, 42.794016094479296 ], [ -114.861768975627513, 42.794125364132654 ], [ -114.861694515490825, 42.794322073294111 ], [ -114.86154475676986, 42.794517378597675 ], [ -114.861395058348805, 42.794717186814225 ], [ -114.861521865507385, 42.794823032489511 ], [ -114.861701116557668, 42.794880500256859 ], [ -114.861984527315371, 42.794926350284811 ], [ -114.862185947105743, 42.794984073658917 ], [ -114.862401758526573, 42.79506012130738 ], [ -114.862580941020113, 42.795140101543588 ], [ -114.862760130106821, 42.795440575234473 ], [ -114.862968870464499, 42.795530041697802 ], [ -114.863200226889518, 42.795624402791788 ], [ -114.863378866996229, 42.795582673381155 ], [ -114.863655678695665, 42.795538373404931 ], [ -114.863998288861751, 42.795526644788886 ], [ -114.864132621242717, 42.795623705502479 ], [ -114.864020463483172, 42.79577468875344 ], [ -114.86366233618935, 42.795934702810683 ], [ -114.863677071572084, 42.796114981979755 ], [ -114.863781503701489, 42.796315127514156 ], [ -114.8636915073577, 42.796493522979453 ], [ -114.863445487978836, 42.796691526185377 ], [ -114.863206382332933, 42.796754677740793 ], [ -114.862826275881446, 42.796873626646644 ], [ -114.862601991429997, 42.797013492437969 ], [ -114.862355778957436, 42.797197987651018 ], [ -114.861997450916917, 42.797344348609954 ], [ -114.861548827985246, 42.797565682734408 ], [ -114.861377356931598, 42.79768404204448 ], [ -114.86124302025793, 42.797834626540279 ], [ -114.861242723834707, 42.797978575362528 ], [ -114.861295038292852, 42.798168702227443 ], [ -114.861257400775912, 42.798348108523442 ], [ -114.861168158510466, 42.798526496284367 ], [ -114.861071021886076, 42.798686790394363 ], [ -114.860689880701884, 42.799035378540395 ], [ -114.860413488578573, 42.799331959652555 ], [ -114.860040162621289, 42.799500519018025 ], [ -114.859838290846312, 42.799631768517457 ], [ -114.859554989190471, 42.799788534084072 ], [ -114.859734227997009, 42.799927054701122 ], [ -114.860092225391369, 42.799893270835106 ], [ -114.860592493065568, 42.799839561326301 ], [ -114.860987807228454, 42.799851366427376 ], [ -114.861449880439991, 42.799909522656925 ], [ -114.862890024973595, 42.800499232611344 ], [ -114.863076507253979, 42.800498249522335 ], [ -114.863344931748117, 42.80045373255755 ], [ -114.863583193859611, 42.800521307498144 ], [ -114.863650939911196, 42.800693587124648 ], [ -114.863829637335229, 42.800737408083251 ], [ -114.864120685990869, 42.800670908626174 ], [ -114.864486437315662, 42.80072724713748 ], [ -114.864695477854852, 42.800699638859157 ], [ -114.864993882068958, 42.800777167732299 ], [ -114.865135642905187, 42.801049918056506 ], [ -114.865337223020859, 42.801062748448366 ], [ -114.865717789433631, 42.800975305520964 ], [ -114.865986013662706, 42.800971308740408 ], [ -114.866142970368884, 42.801100278246359 ], [ -114.866134980136763, 42.801239781621042 ], [ -114.866000972231518, 42.801358850484192 ], [ -114.866037436769957, 42.801562040973387 ], [ -114.866224952764838, 42.801498006771197 ], [ -114.866538193861302, 42.80132383134174 ], [ -114.866582379612439, 42.801477715814002 ], [ -114.866649496488265, 42.801659004610947 ], [ -114.866910771777469, 42.801704446146118 ], [ -114.867029941647175, 42.801891250804061 ], [ -114.867082031291133, 42.802036350862068 ], [ -114.867283782469656, 42.802170607889288 ], [ -114.867305606464569, 42.802337605676165 ], [ -114.867500101369686, 42.802444760827349 ], [ -114.867641826626482, 42.802659113216158 ], [ -114.867753546730654, 42.802832184586848 ], [ -114.867536463761112, 42.802913751721718 ], [ -114.867342324398052, 42.802941674663465 ], [ -114.866954360712739, 42.803020032277225 ], [ -114.866626286899304, 42.803090335728449 ], [ -114.866327268333507, 42.803161404498546 ], [ -114.866028936688167, 42.803281856072267 ], [ -114.865693537667681, 42.803347710492886 ], [ -114.865387011840483, 42.80334650913381 ], [ -114.865132891642801, 42.80348576053553 ], [ -114.864894663084399, 42.803503882346412 ], [ -114.86470787013721, 42.803428324629671 ], [ -114.864521311042793, 42.80345182336746 ], [ -114.864580854044348, 42.803583499858931 ], [ -114.86452850975202, 42.80374922915388 ], [ -114.864327089040813, 42.803830952912634 ], [ -114.864118219044798, 42.803899084970993 ], [ -114.864058477162047, 42.804082598642928 ], [ -114.863834239273771, 42.804199952154811 ], [ -114.863551102479022, 42.804149603009279 ], [ -114.863408361229858, 42.804246079973751 ], [ -114.863602322018536, 42.804452305152012 ], [ -114.86340833797054, 42.804601793860435 ], [ -114.863296808767885, 42.804716749278185 ], [ -114.863072754924033, 42.804847608781536 ], [ -114.862684906243615, 42.804907939519147 ], [ -114.862632477704736, 42.80512305732006 ], [ -114.862429981726976, 42.805155256581138 ], [ -114.862295734149754, 42.805395894645748 ], [ -114.862266319095397, 42.805562012121598 ], [ -114.861929890620829, 42.805830345125507 ], [ -114.861944570926269, 42.805979245602622 ], [ -114.861862208475557, 42.806130705525845 ], [ -114.86154864074156, 42.806201449863984 ], [ -114.861563317050667, 42.806350209028196 ], [ -114.86178723888365, 42.806512028983796 ], [ -114.86179452078926, 42.806678715711769 ], [ -114.861667625608746, 42.806816017482113 ], [ -114.861675421577928, 42.80696468880916 ], [ -114.861846996178556, 42.807265078299409 ], [ -114.861853951586795, 42.807463286061207 ], [ -114.861838533231918, 42.807701623302052 ], [ -114.861778342365739, 42.807853619557001 ], [ -114.861718809999289, 42.808163205615124 ], [ -114.861703661921496, 42.808338503581957 ], [ -114.861748562372881, 42.808654480902163 ], [ -114.861725690840629, 42.808879223919213 ], [ -114.861874854997382, 42.809134193423134 ], [ -114.862001024112686, 42.809357113026124 ], [ -114.862001202547091, 42.809645283456618 ], [ -114.86197871443666, 42.809870025399952 ], [ -114.861933271580511, 42.810148267775688 ], [ -114.861858160728943, 42.810326970805022 ], [ -114.86184384719526, 42.810479748268129 ], [ -114.861932670839039, 42.810738125519507 ], [ -114.861940134925106, 42.810945334637594 ], [ -114.861880558769244, 42.811169369611896 ], [ -114.861812649390842, 42.811343657103968 ], [ -114.861865563269063, 42.81149325485606 ], [ -114.862096789121367, 42.811574110868079 ], [ -114.862312874804374, 42.811803248369067 ], [ -114.862297559972987, 42.812131637790053 ], [ -114.862312165354041, 42.812330068710949 ], [ -114.862401026613369, 42.812453224240905 ], [ -114.862506053491828, 42.812666873829137 ], [ -114.862684661058296, 42.812949339539109 ], [ -114.862841108302362, 42.813177376381027 ], [ -114.863049863551666, 42.813455956353167 ], [ -114.86329632760895, 42.813807279245857 ], [ -114.86362393748648, 42.814056538518521 ], [ -114.863915510946356, 42.81418801370733 ], [ -114.86419905012167, 42.814346424216417 ], [ -114.864437404885749, 42.814526422261089 ], [ -114.864660870420138, 42.814899866188355 ], [ -114.864757796931414, 42.815189699298791 ], [ -114.864861853424159, 42.815524927315046 ], [ -114.865003283283215, 42.815716630958185 ], [ -114.865145233639268, 42.81586330398035 ], [ -114.865406288530338, 42.816025820242615 ], [ -114.865645433328552, 42.816124761129792 ], [ -114.865838794515113, 42.816367007776904 ], [ -114.865801548771628, 42.816519397042534 ], [ -114.865696687646334, 42.816675109879867 ], [ -114.865592262416044, 42.816862198289058 ], [ -114.865383054937482, 42.817128452595995 ], [ -114.865248771442253, 42.817477159306705 ], [ -114.865031136986588, 42.817797367934162 ], [ -114.864814726265621, 42.818040880475166 ], [ -114.864680203574622, 42.818290530005008 ], [ -114.864739230191191, 42.818521269131189 ], [ -114.864903622957939, 42.818659470898488 ], [ -114.865142903952702, 42.818767417046857 ], [ -114.86552325865307, 42.818986161078655 ], [ -114.86576196000118, 42.819134634138251 ], [ -114.865791162655626, 42.819391910757624 ], [ -114.865694450702236, 42.819556708581082 ], [ -114.865671918940834, 42.819722775384207 ], [ -114.86576857195827, 42.819855155473078 ], [ -114.865857885655302, 42.820036979615843 ], [ -114.865850975584522, 42.82017183122403 ], [ -114.865776184427304, 42.820346031453539 ], [ -114.865887912874157, 42.820627308932558 ], [ -114.866036955353138, 42.820760699199752 ], [ -114.866208176509659, 42.820894486118185 ], [ -114.86637995284552, 42.821122824151971 ], [ -114.866446902706457, 42.821290605755991 ], [ -114.866484284913298, 42.821448901568317 ], [ -114.866580926914864, 42.821662330439892 ], [ -114.866707605165118, 42.821781818296365 ], [ -114.86691649164645, 42.821929671645478 ], [ -114.867170113371003, 42.822132624185706 ], [ -114.867386573714157, 42.822357244340822 ], [ -114.867535736518306, 42.822580687303017 ], [ -114.867699482835945, 42.822862833994648 ], [ -114.867848515815425, 42.823104288089979 ], [ -114.868012904747232, 42.823377425045145 ], [ -114.868325541443781, 42.823644372105413 ], [ -114.868669334136584, 42.824006483051029 ], [ -114.868825696536305, 42.824279539201342 ], [ -114.86910889757641, 42.824546005014689 ], [ -114.869318238314591, 42.824752524390391 ], [ -114.869519424503935, 42.824949819049976 ], [ -114.869742981618003, 42.825161154659973 ], [ -114.870041495138693, 42.825346735193598 ], [ -114.870332168143662, 42.825572756939764 ], [ -114.870600787406033, 42.825807388081124 ], [ -114.870989166532922, 42.826102878476924 ], [ -114.871212853792059, 42.826350091727086 ], [ -114.871271722072677, 42.826594337156429 ], [ -114.871174421402245, 42.826934748704879 ], [ -114.871271665444169, 42.82710764323047 ], [ -114.871472824655442, 42.827084303340392 ], [ -114.871801580038223, 42.827135552260856 ], [ -114.872196872308862, 42.82724187400877 ], [ -114.872622558379717, 42.827470379655644 ], [ -114.873167820833487, 42.827719218932685 ], [ -114.873697602404448, 42.82790021177194 ], [ -114.873996073006666, 42.828162327088009 ], [ -114.874018173424133, 42.828428378790242 ], [ -114.873882896927171, 42.828759091943681 ], [ -114.873786502389052, 42.829054471359328 ], [ -114.87387553182424, 42.829267669977469 ], [ -114.874121868324394, 42.829573943035413 ], [ -114.874487529276976, 42.829882399363413 ], [ -114.87473342729993, 42.830184170875867 ], [ -114.874875422608312, 42.830546960403126 ], [ -114.875337527820776, 42.831023809570205 ], [ -114.87547175503407, 42.831350494301148 ], [ -114.875845723817363, 42.831596126690663 ], [ -114.87620228960418, 42.831881852831053 ], [ -114.876504615188281, 42.832117056549095 ], [ -114.87681752213895, 42.832532566660127 ], [ -114.877096589805745, 42.832690838338607 ], [ -114.877501234400228, 42.832752465051016 ], [ -114.877930227443571, 42.832940400700508 ], [ -114.878413408624624, 42.833255542630901 ], [ -114.878762858745986, 42.833604212596484 ], [ -114.878925604137564, 42.833971901250905 ], [ -114.879277222900441, 42.834014511534306 ], [ -114.880077990200306, 42.834101370131243 ], [ -114.880577685320645, 42.834070091750476 ], [ -114.880820480037826, 42.833880941570179 ], [ -114.881178854481803, 42.833887612540281 ], [ -114.881755304789166, 42.833956907984131 ], [ -114.882256468271436, 42.834002156665797 ], [ -114.882753824561192, 42.834263419398027 ], [ -114.882899118276342, 42.834477724957104 ], [ -114.883328526123961, 42.834692794275384 ], [ -114.883593473035162, 42.834904908709717 ], [ -114.883993950909712, 42.835182391848754 ], [ -114.884252467800962, 42.83545280855418 ], [ -114.884398793298743, 42.835712131423413 ], [ -114.884658021481613, 42.836005195337691 ], [ -114.885062570687296, 42.836111681836655 ], [ -114.885521122489138, 42.836277691903931 ], [ -114.886166975759508, 42.836492343296172 ], [ -114.886735352041981, 42.836529735308538 ], [ -114.88732899924301, 42.836729869017901 ], [ -114.887793027704831, 42.83679690917949 ], [ -114.88811657645779, 42.836960578574924 ], [ -114.888099476028174, 42.837261826541656 ], [ -114.888147959686066, 42.837469840368058 ], [ -114.888087137886984, 42.837815470391249 ], [ -114.887963434259447, 42.838015813569427 ], [ -114.887819796619638, 42.838346325560572 ], [ -114.887914380737072, 42.83862264708528 ], [ -114.888128115135984, 42.838887773834081 ], [ -114.888306160755022, 42.839224234880085 ], [ -114.88844164909726, 42.839712990534984 ], [ -114.88843426313089, 42.840131654648523 ], [ -114.888267282513908, 42.84040775383307 ], [ -114.888060048963354, 42.840543455117647 ], [ -114.887936141449941, 42.840703276097372 ], [ -114.887752755597347, 42.840875518017491 ], [ -114.887523526191941, 42.841024333930015 ], [ -114.887408426782613, 42.841265275655047 ], [ -114.88733139460237, 42.841547569753743 ], [ -114.887343868773499, 42.841831423248337 ], [ -114.887118233695389, 42.842151453535955 ], [ -114.887116306363168, 42.842471157772259 ], [ -114.88716119058833, 42.842908695056735 ], [ -114.887256681098066, 42.843248047565893 ], [ -114.887390559502052, 42.84362425002557 ], [ -114.887643790223024, 42.844002623051743 ], [ -114.887938434760898, 42.844201693107422 ], [ -114.888241317944832, 42.844468379259013 ], [ -114.888522594494006, 42.844748317806818 ], [ -114.888766509829267, 42.84503642527082 ], [ -114.888967083609245, 42.84536876932868 ], [ -114.889167214011579, 42.845696755213822 ], [ -114.889322332741997, 42.846032688096301 ], [ -114.889388777635318, 42.846425733803841 ], [ -114.889590592753478, 42.846870634450418 ], [ -114.889807899742209, 42.847302327878154 ], [ -114.889827404678257, 42.847595413276473 ], [ -114.889644898089585, 42.847776655557588 ], [ -114.889393266521679, 42.847911579338678 ], [ -114.888992888549566, 42.84807523530182 ], [ -114.888577916683872, 42.848288251022446 ], [ -114.888222676835881, 42.84845282189611 ], [ -114.88809130070031, 42.848652942533391 ], [ -114.888035609911171, 42.848850084203434 ], [ -114.887807056250736, 42.849021409291844 ], [ -114.88734615361335, 42.849152462431213 ], [ -114.886892896666055, 42.849256719714816 ], [ -114.886806276193454, 42.849457759192241 ], [ -114.886728073814325, 42.849685890518217 ], [ -114.886664981741248, 42.84990081744111 ], [ -114.886423108905561, 42.850157512653155 ], [ -114.886172297388228, 42.850350957058652 ], [ -114.885929711703568, 42.850558127889599 ], [ -114.885559405985191, 42.850740394279697 ], [ -114.885495028210002, 42.850919309496604 ], [ -114.885416434579696, 42.851120427174742 ], [ -114.885300346253629, 42.85129397340593 ], [ -114.884966817432527, 42.851427267536344 ], [ -114.884535280271209, 42.851500392962215 ], [ -114.884042329370004, 42.851504761381157 ], [ -114.883662307812713, 42.851569745720518 ], [ -114.883209223619787, 42.851714511564857 ], [ -114.882965147266063, 42.851845000740653 ], [ -114.882602094289638, 42.852000466847379 ], [ -114.882351324716396, 42.852171390316791 ], [ -114.8820179188385, 42.852367853877674 ], [ -114.881724431411769, 42.852628031811548 ], [ -114.881422141680275, 42.852861119644999 ], [ -114.880922443422435, 42.85333352265323 ], [ -114.880748764487848, 42.853627530972069 ], [ -114.88066282186108, 42.853878090188495 ], [ -114.880667552393746, 42.854103327073155 ], [ -114.880753520051996, 42.854339055100127 ], [ -114.881130002970323, 42.854508106087181 ], [ -114.881511965191095, 42.854578194698661 ], [ -114.881765241158291, 42.85452882634231 ], [ -114.882226582993951, 42.854451823775484 ], [ -114.882635376406881, 42.854337795999271 ], [ -114.883027004117693, 42.854092900848642 ], [ -114.883414823073394, 42.854064019898317 ], [ -114.883432439319193, 42.854226542895795 ], [ -114.883464719068243, 42.854371223222017 ], [ -114.883483097205698, 42.85453359894148 ], [ -114.883493189129169, 42.85470490425336 ], [ -114.883519544689122, 42.854917029068176 ], [ -114.883613944862532, 42.855179846918439 ], [ -114.88365535394523, 42.855428299695546 ], [ -114.883743448044882, 42.855758566677672 ], [ -114.883830522554987, 42.85607082917052 ], [ -114.883986661981453, 42.85642491266394 ], [ -114.884185586251661, 42.856721256235076 ], [ -114.884327253928078, 42.857079530353566 ], [ -114.88445292357649, 42.857469165216187 ], [ -114.88435462829338, 42.857818458572609 ], [ -114.884466976984825, 42.858266309729522 ], [ -114.8846215252604, 42.858561868696974 ], [ -114.884814858765111, 42.858948167883483 ], [ -114.885002208293727, 42.859397408202817 ], [ -114.885141962441935, 42.859674507475283 ], [ -114.885251947384774, 42.86000980971518 ], [ -114.885338967384527, 42.860290552936107 ], [ -114.885598177006983, 42.8606014834698 ], [ -114.886031054390145, 42.860992258833598 ], [ -114.886290978862817, 42.8613527118709 ], [ -114.886154030653131, 42.861620271741259 ], [ -114.88621764412558, 42.861842099479084 ], [ -114.886380760237344, 42.862173751832508 ], [ -114.886723602712152, 42.862553824468314 ], [ -114.886568580956165, 42.862654503953188 ], [ -114.886386549946693, 42.862525054890881 ], [ -114.88607773276388, 42.862357327686944 ], [ -114.885506999684438, 42.8621982391751 ], [ -114.885056357078554, 42.862063828565724 ], [ -114.884387018632452, 42.861776748061246 ], [ -114.883568591465703, 42.861550051607971 ], [ -114.882928986466439, 42.861281589109559 ], [ -114.88224209015037, 42.861318400879142 ], [ -114.882016390607546, 42.861210667838144 ], [ -114.881983085016159, 42.860993952447529 ], [ -114.881377305666447, 42.860951196962539 ], [ -114.880891674916768, 42.860937626473266 ], [ -114.880189091663084, 42.860947107686627 ], [ -114.879651041443111, 42.860932666988418 ], [ -114.879182890481957, 42.861045591878778 ], [ -114.878728703001144, 42.861145180801365 ], [ -114.87813472450776, 42.861314364606635 ], [ -114.877703045188795, 42.86140983702996 ], [ -114.877263901444223, 42.861518732383196 ], [ -114.877184888345809, 42.861665955521026 ], [ -114.876999752104979, 42.861775015145625 ], [ -114.876783369336167, 42.861811567735089 ], [ -114.876472788959717, 42.861949868046153 ], [ -114.876163416967714, 42.862200725414432 ], [ -114.875808764394407, 42.86241478087171 ], [ -114.875569299077114, 42.862171638771805 ], [ -114.864896800858347, 42.864917594680051 ], [ -114.864145334084398, 42.864854178394339 ], [ -114.863058304478969, 42.86492386397029 ], [ -114.861441853046657, 42.8652719024291 ], [ -114.859141464948394, 42.866372490721311 ], [ -114.858116694641112, 42.86671351007319 ], [ -114.856499802729843, 42.867007450686884 ], [ -114.855194725764193, 42.86744214079819 ], [ -114.854806664643306, 42.867515953219296 ], [ -114.853361951480125, 42.867786050765872 ], [ -114.84764147796227, 42.867885655590577 ], [ -114.847392900341575, 42.86780898009993 ], [ -114.846926420055283, 42.867016726599793 ], [ -114.846771271161714, 42.866833686735944 ], [ -114.845621210403451, 42.866830082233811 ], [ -114.843849367775434, 42.867886358809038 ], [ -114.842947724329179, 42.868202554710678 ], [ -114.842326636463582, 42.868641067941027 ], [ -114.841425759281805, 42.869803746157345 ], [ -114.841022634976596, 42.870489421119601 ], [ -114.840524005389639, 42.870876228139281 ], [ -114.839779573648428, 42.871222343312397 ], [ -114.838940705929929, 42.871404656339493 ], [ -114.838192930059506, 42.871363556718762 ], [ -114.83776774459416, 42.871270001424783 ], [ -114.837758219692589, 42.871103191776179 ], [ -114.836732142586158, 42.870993763660778 ], [ -114.835860871212603, 42.870788219040442 ], [ -114.835301632423992, 42.870768518774064 ], [ -114.835208818784309, 42.871063979141645 ], [ -114.835706727195529, 42.871613750717742 ], [ -114.835801472615756, 42.871858595406017 ], [ -114.83564439553264, 42.872296920240551 ], [ -114.8339344392827, 42.872318528932603 ], [ -114.8330016402616, 42.872688061754928 ], [ -114.832163900576816, 42.872843301255493 ], [ -114.831727514757048, 42.872799052705645 ], [ -114.831105918718762, 42.872553104681188 ], [ -114.829489321526083, 42.871432828507594 ], [ -114.829303179433381, 42.871132216611393 ], [ -114.829271687625621, 42.87012300694191 ], [ -114.82942608646951, 42.868910251677882 ], [ -114.829301368563691, 42.868367600606284 ], [ -114.829083856137331, 42.868066371624082 ], [ -114.828214034492348, 42.867563581999534 ], [ -114.826131715417745, 42.866677525760345 ], [ -114.825323466289348, 42.865968837853444 ], [ -114.825043692764837, 42.865414212179935 ], [ -114.824670396607942, 42.865046978452973 ], [ -114.823955678096368, 42.864637174093581 ], [ -114.823023072271894, 42.864268188284647 ], [ -114.82252209680415, 42.864281214335101 ], [ -114.822349184447603, 42.864368006188286 ], [ -114.821499795261872, 42.864590369248035 ], [ -114.820753651130545, 42.865098468485229 ], [ -114.82010159827361, 42.865779381876436 ], [ -114.819852798800056, 42.866260976972086 ], [ -114.819448135985539, 42.866586376615793 ], [ -114.816681968954697, 42.866920895643403 ], [ -114.815407884195892, 42.867202805846091 ], [ -114.814041114692486, 42.867798013514147 ], [ -114.813510992316338, 42.868274137443215 ], [ -114.813387114434818, 42.868659009590758 ], [ -114.813231312649805, 42.868826994991906 ], [ -114.812889344357231, 42.868802547463709 ], [ -114.812422965381572, 42.868568481893405 ], [ -114.811956422133576, 42.86861358038751 ], [ -114.81130372536407, 42.86893423523324 ], [ -114.810589329992368, 42.86992016927244 ], [ -114.810620215642487, 42.870262995714036 ], [ -114.81096249664661, 42.87083677290186 ], [ -114.811832677693019, 42.871636865113992 ], [ -114.812049064733287, 42.872091224465315 ], [ -114.811863494497047, 42.872411806354997 ], [ -114.811458808721113, 42.872683285914185 ], [ -114.809531449320261, 42.873051648034824 ], [ -114.808723216893526, 42.87391863135597 ], [ -114.807356024199507, 42.874585803520162 ], [ -114.806894866584557, 42.874901144114602 ], [ -114.805930515309186, 42.875684076895283 ], [ -114.805682354843498, 42.87625569003454 ], [ -114.805338854259148, 42.876528265232167 ], [ -114.804282377491376, 42.876850170502507 ], [ -114.802417657119548, 42.877075436325143 ], [ -114.802199689805008, 42.877440410809903 ], [ -114.802075154302628, 42.878401614056706 ], [ -114.801763380477553, 42.878998990408355 ], [ -114.801764070321028, 42.879791311150996 ], [ -114.801982045529698, 42.880164772291508 ], [ -114.802074600059754, 42.88169741608921 ], [ -114.80213684281695, 42.88192366095619 ], [ -114.802913532086691, 42.882947073270884 ], [ -114.803099405079266, 42.883824208636277 ], [ -114.803037884534888, 42.884480337198177 ], [ -114.802819287654643, 42.885034427955588 ], [ -114.802975004292037, 42.885739830207136 ], [ -114.802695609671574, 42.886445889293029 ], [ -114.801856356963896, 42.886681824778094 ], [ -114.801389140551535, 42.887159138270192 ], [ -114.800953889147735, 42.887267853999965 ], [ -114.800985246180332, 42.887502617252707 ], [ -114.801296728396707, 42.887913836593142 ], [ -114.801637270378876, 42.888145450865558 ], [ -114.801731549475463, 42.888894622149415 ], [ -114.802103560534519, 42.889279947670914 ], [ -114.802073528288773, 42.889738723504784 ], [ -114.801793121156138, 42.890309567688909 ], [ -114.800921509622682, 42.891184393909747 ], [ -114.800487341388731, 42.891734217954188 ], [ -114.800487372233007, 42.892121445627225 ], [ -114.800735710062, 42.892324439294207 ], [ -114.801761656075385, 42.892785395518807 ], [ -114.802197654583367, 42.89314494519239 ], [ -114.802351996540466, 42.893625083945153 ], [ -114.802446054050975, 42.894680434653033 ], [ -114.802694633211232, 42.895225481703832 ], [ -114.802818930114213, 42.895867221298396 ], [ -114.802036570134348, 42.89754965292115 ], [ -114.800609349526141, 42.900309199549383 ], [ -114.800578586051586, 42.90083087594234 ], [ -114.801137893066297, 42.901426940555019 ], [ -114.801510916749749, 42.902298685563977 ], [ -114.802070511574058, 42.902885738250966 ], [ -114.802289042964773, 42.903502193531281 ], [ -114.802257455179202, 42.903870786056672 ], [ -114.802350542968057, 42.904259752502391 ], [ -114.802692752598901, 42.904671596971944 ], [ -114.803283755426094, 42.905817593163832 ], [ -114.803998298822876, 42.906452656540552 ], [ -114.804776257940858, 42.907665152969287 ], [ -114.80524274289732, 42.908151394514078 ], [ -114.805335130790624, 42.908396277741396 ], [ -114.805336123014584, 42.90897260783499 ], [ -114.804494865687772, 42.910019048423905 ], [ -114.803157891096035, 42.911190953759302 ], [ -114.802940792349617, 42.911484019818687 ], [ -114.802939155606268, 42.912213316288856 ], [ -114.803249978798789, 42.914803661288502 ], [ -114.802970075961056, 42.915833910513406 ], [ -114.802969582571123, 42.916356218495132 ], [ -114.803063439067671, 42.91665512474431 ], [ -114.803747627938918, 42.91747866667896 ], [ -114.804214274051986, 42.917883863101011 ], [ -114.80492988170424, 42.918942157483315 ], [ -114.805302959838912, 42.920128929446321 ], [ -114.805271269612504, 42.920929773246407 ], [ -114.804804426079215, 42.921659242368854 ], [ -114.804834986722597, 42.922389154978049 ], [ -114.805084396663929, 42.922664031155811 ], [ -114.805489472232182, 42.922806955948602 ], [ -114.807044830093275, 42.923007910116269 ], [ -114.808070775534787, 42.923396765572335 ], [ -114.808381662983976, 42.923744790543971 ], [ -114.80838177684106, 42.924222066879977 ], [ -114.808226116736392, 42.924588299375706 ], [ -114.807698325927177, 42.925136557506661 ], [ -114.807136764119434, 42.925503960586468 ], [ -114.806453054371715, 42.926166159212549 ], [ -114.806079468654474, 42.926942394230032 ], [ -114.805083170028738, 42.928039877538673 ], [ -114.80408775684981, 42.928678221569825 ], [ -114.80374628269071, 42.929365015533918 ], [ -114.803652320860309, 42.930326700633714 ], [ -114.803371517276787, 42.930555489444039 ], [ -114.802563134784194, 42.930855093862668 ], [ -114.800447589968002, 42.931030586174799 ], [ -114.799388441632701, 42.931604467194632 ], [ -114.798828134371718, 42.932107041540284 ], [ -114.798331218173132, 42.932862864511343 ], [ -114.79829960305625, 42.933528626348938 ], [ -114.79960561174552, 42.934922357919639 ], [ -114.799699467691923, 42.935131355161808 ], [ -114.799604871356053, 42.935930946412732 ], [ -114.798920243184924, 42.937988912477209 ], [ -114.79755119582174, 42.939223162501015 ], [ -114.796336938836973, 42.940019286267344 ], [ -114.795527211371734, 42.94103011946676 ], [ -114.795279333678494, 42.941412591865785 ], [ -114.795372003904475, 42.942035700144601 ], [ -114.796150141044293, 42.942942210056025 ], [ -114.796274103569914, 42.943376834320908 ], [ -114.795869180875741, 42.944503610353657 ], [ -114.795922063472418, 42.944891873661774 ], [ -114.794716637580734, 42.945670048455781 ], [ -114.792165091717067, 42.946926502469054 ], [ -114.790981127844503, 42.947173746002569 ], [ -114.790047781431724, 42.947308793799635 ], [ -114.789705734775168, 42.947491397708745 ], [ -114.787619923844915, 42.947883276593885 ], [ -114.787277672675515, 42.948110759718098 ], [ -114.786685267846423, 42.948909679468571 ], [ -114.785844333151076, 42.949325611558478 ], [ -114.783665988594208, 42.949526550958936 ], [ -114.783012157649722, 42.949685097434013 ], [ -114.782235024425503, 42.950120265200539 ], [ -114.781081392441635, 42.950926223456989 ], [ -114.780023909626294, 42.951491049690695 ], [ -114.7786225240839, 42.952067209269799 ], [ -114.777843397482272, 42.952592271230898 ], [ -114.777221504693131, 42.953435665059011 ], [ -114.776286583274555, 42.955101492202459 ], [ -114.775756431792658, 42.955352305266267 ], [ -114.774698675465203, 42.955538725557503 ], [ -114.774168621321692, 42.955492500059677 ], [ -114.773547539738829, 42.955336292058796 ], [ -114.772862468350397, 42.95487278772179 ], [ -114.772084583180714, 42.954002139846551 ], [ -114.77118296479037, 42.953345208106619 ], [ -114.770466391139237, 42.953025141169128 ], [ -114.769221273479161, 42.95283877363773 ], [ -114.768164448712881, 42.952358883663152 ], [ -114.766919043548299, 42.951623176013406 ], [ -114.766110323145526, 42.951283296137333 ], [ -114.765177375823953, 42.95105793052042 ], [ -114.763652434607764, 42.950388780525856 ], [ -114.762127873652091, 42.950431016743359 ], [ -114.761473490652193, 42.950643334074023 ], [ -114.759760498181066, 42.951780360038811 ], [ -114.759012732479761, 42.951783770204202 ], [ -114.75873312031564, 42.951850347278274 ], [ -114.758577036076957, 42.951712223128865 ], [ -114.758110928950913, 42.951847151340033 ], [ -114.757239506394313, 42.951920032799045 ], [ -114.756834777179364, 42.952218331967138 ], [ -114.756492531736569, 42.952238603676498 ], [ -114.756306009492846, 42.952054806470187 ], [ -114.755682667424324, 42.952051604936258 ], [ -114.753816655163689, 42.951366703573306 ], [ -114.753723619146371, 42.950680528843797 ], [ -114.753630110628563, 42.950426467371031 ], [ -114.753287644286985, 42.950113678679678 ], [ -114.753163536322234, 42.949769061937793 ], [ -114.752386106431359, 42.949033352770009 ], [ -114.752370771671821, 42.948780886222551 ], [ -114.752363598748701, 42.948600688794983 ], [ -114.752353028174483, 42.948361839965031 ], [ -114.752261717839275, 42.948067378473716 ], [ -114.752198273025073, 42.947859127065193 ], [ -114.752168651238549, 42.947471254334964 ], [ -114.752061306571605, 42.947180978216657 ], [ -114.751994797406979, 42.947004125126533 ], [ -114.751930204419068, 42.94682726030512 ], [ -114.751865284173277, 42.946654899249502 ], [ -114.751800746703211, 42.946482534737022 ], [ -114.751735388776041, 42.946305674812649 ], [ -114.751418954911102, 42.946051805401368 ], [ -114.751251023840652, 42.945913467899082 ], [ -114.751082762902016, 42.945779493490065 ], [ -114.750893595272601, 42.945627223398638 ], [ -114.750490685833867, 42.945475229826251 ], [ -114.750114325507795, 42.945332770173934 ], [ -114.749803755994108, 42.945308633367134 ], [ -114.749554491004517, 42.945285783659003 ], [ -114.749085896471044, 42.945371023782009 ], [ -114.74880805839733, 42.945424199653552 ], [ -114.748350411191879, 42.945433103488796 ], [ -114.748098847265283, 42.945441783561932 ], [ -114.74762510761883, 42.945450366427544 ], [ -114.74725157891325, 42.945668227757736 ], [ -114.747054193443333, 42.945785880301329 ], [ -114.746692482461029, 42.945999300590877 ], [ -114.746428268662712, 42.946039155089913 ], [ -114.746183977603764, 42.946079442829387 ], [ -114.745945379122077, 42.946115189490506 ], [ -114.745665187947935, 42.946069175369743 ], [ -114.745358193389663, 42.945833522476278 ], [ -114.745188852395898, 42.945704048980112 ], [ -114.745019073432232, 42.945570216900464 ], [ -114.744848201792962, 42.945440754656303 ], [ -114.744677657775668, 42.94530678656097 ], [ -114.74438807646527, 42.945084946863503 ], [ -114.744168952290366, 42.944765561470689 ], [ -114.74415233677621, 42.944530971691741 ], [ -114.744137307050835, 42.944332673042396 ], [ -114.743825372357762, 42.943876280266416 ], [ -114.743603763553281, 42.94379540696395 ], [ -114.743384069795169, 42.943714521694361 ], [ -114.743160162354812, 42.943633521077061 ], [ -114.74293581774225, 42.943548021195852 ], [ -114.742579572067797, 42.943419477543415 ], [ -114.742370458749818, 42.943230739345914 ], [ -114.742213283200513, 42.943092600592713 ], [ -114.742018896215072, 42.942917696281079 ], [ -114.741675528955696, 42.942712801904285 ], [ -114.741231168985408, 42.942582432254845 ], [ -114.741003982765548, 42.94251495811794 ], [ -114.740774934888805, 42.942451855858501 ], [ -114.740337092055654, 42.942321581032495 ], [ -114.740103508302724, 42.942231491382579 ], [ -114.739886836432547, 42.9421462177461 ], [ -114.739652048795548, 42.942051492809405 ], [ -114.739278331482282, 42.941773901605075 ], [ -114.739277624627377, 42.941458723101633 ], [ -114.739277223877423, 42.941265113636597 ], [ -114.739276930874112, 42.941080508597672 ], [ -114.739276476288495, 42.940882397803819 ], [ -114.73895523553891, 42.940700428814239 ], [ -114.73875280652527, 42.940588467107347 ], [ -114.738545342740196, 42.940471753098464 ], [ -114.738217594297083, 42.940289682627835 ], [ -114.738073972048525, 42.940066182919594 ], [ -114.7379682115821, 42.939902097025694 ], [ -114.73740720602251, 42.939719840197746 ], [ -114.737247772852442, 42.939487153386885 ], [ -114.73712653069208, 42.93930909678847 ], [ -114.737063700168221, 42.938826175229849 ], [ -114.737187540421843, 42.938644007186888 ], [ -114.737377373014311, 42.938503625479797 ], [ -114.737553576469921, 42.938376557110864 ], [ -114.737730107829989, 42.938244984689319 ], [ -114.737903243077042, 42.938117795071761 ], [ -114.738088914052213, 42.937981942469314 ], [ -114.738119844154284, 42.937685414698748 ], [ -114.737882676874307, 42.937550177379762 ], [ -114.737559489632886, 42.93736371432626 ], [ -114.737527613074462, 42.937227997110895 ], [ -114.73771393455668, 42.937114653743691 ], [ -114.737744519874667, 42.936885526285018 ], [ -114.737434626193576, 42.93675343033091 ], [ -114.737153239068817, 42.936635220486878 ], [ -114.737121996842404, 42.936359918546877 ], [ -114.737199646396164, 42.93615891193722 ], [ -114.737269465244538, 42.935975684116784 ], [ -114.737369401386829, 42.935716562365414 ], [ -114.737898431798612, 42.935533328853637 ], [ -114.738088363767687, 42.935402092681464 ], [ -114.738364170396849, 42.935213877015727 ], [ -114.738394982137123, 42.934939862640817 ], [ -114.738208372533734, 42.934643472515774 ], [ -114.737896322720843, 42.934394182567345 ], [ -114.737577768178255, 42.934369924371424 ], [ -114.737242358727556, 42.934345351502337 ], [ -114.737194477144413, 42.934087744574931 ], [ -114.737148287662379, 42.933843634429138 ], [ -114.73677453261223, 42.933525653085454 ], [ -114.736805813873389, 42.933386714944263 ], [ -114.73706472000589, 42.933130650231703 ], [ -114.737240701758282, 42.932954055391939 ], [ -114.737270812937084, 42.932653031195905 ], [ -114.737022060878303, 42.932539957081993 ], [ -114.736551639067642, 42.932593780241341 ], [ -114.736306849394339, 42.932620401959454 ], [ -114.736061347216989, 42.932651529406165 ], [ -114.735622280115024, 42.932701348758393 ], [ -114.735311142070515, 42.93281675765764 ], [ -114.735000319929412, 42.933184309445856 ], [ -114.734534300436621, 42.933319143219848 ], [ -114.734312543423101, 42.933157206407209 ], [ -114.734129416255257, 42.933023022010374 ], [ -114.733817766096251, 42.932998849535544 ], [ -114.733849651693845, 42.933458754725187 ], [ -114.73375680401125, 42.933573885405316 ], [ -114.733423840336144, 42.933625830258045 ], [ -114.733041183941481, 42.933685830490809 ], [ -114.732648531989497, 42.933678073002199 ], [ -114.732138987539557, 42.933663464218682 ], [ -114.73212911050345, 42.933928900786022 ], [ -114.732122316719185, 42.934131421218709 ], [ -114.732108408584438, 42.934509306411684 ], [ -114.731704553910419, 42.934785000976518 ], [ -114.731513848505571, 42.93507832672811 ], [ -114.731394648957206, 42.93526510305275 ], [ -114.731083223717235, 42.935357989417689 ], [ -114.730615868487405, 42.935155119440822 ], [ -114.730336195844458, 42.935050530029969 ], [ -114.729931159064549, 42.934902840245314 ], [ -114.729838102271202, 42.934968580374452 ], [ -114.729745455605396, 42.93542590537956 ], [ -114.7291233930288, 42.935679201807829 ], [ -114.728625981941903, 42.935818011614472 ], [ -114.728469828184771, 42.935567281224245 ], [ -114.728607447253665, 42.935317777074637 ], [ -114.72874846148261, 42.935064028625618 ], [ -114.728499625722847, 42.935040989759493 ], [ -114.728267355679549, 42.935221025218425 ], [ -114.728003222319856, 42.935427433584309 ], [ -114.72767210602926, 42.93547484648429 ], [ -114.727431951104663, 42.935506062810816 ], [ -114.727187966257077, 42.935537301162704 ], [ -114.726941352338159, 42.935572919580807 ], [ -114.726477897378601, 42.935635663136999 ], [ -114.726221310623785, 42.935702719900476 ], [ -114.725981471376542, 42.935760946597362 ], [ -114.725744367565056, 42.935823797597763 ], [ -114.725296430761645, 42.935936388586597 ], [ -114.724954187395369, 42.935753950329229 ], [ -114.724703902279487, 42.935411367732378 ], [ -114.724673006102847, 42.935226112386601 ], [ -114.724424122550175, 42.935068126543335 ], [ -114.724027235507563, 42.934961168367877 ], [ -114.723795221656076, 42.93490255423076 ], [ -114.7235631555276, 42.934839437382514 ], [ -114.723116364715196, 42.934722379726878 ], [ -114.722863584841036, 42.934721866369877 ], [ -114.722365075425785, 42.934734440781014 ], [ -114.721245758457258, 42.934847311864715 ], [ -114.719316692605048, 42.935610262709574 ], [ -114.718133830105771, 42.935694798776424 ], [ -114.717357210035118, 42.93606649087095 ], [ -114.716952075380718, 42.936337498356394 ], [ -114.713404405980825, 42.936410744906446 ], [ -114.712845288383789, 42.936615719890156 ], [ -114.711132992833129, 42.936725570771699 ], [ -114.710946376428026, 42.936883899351635 ], [ -114.710853945739316, 42.938304764650788 ], [ -114.710604744824238, 42.938416907600931 ], [ -114.710200599346891, 42.938444743592541 ], [ -114.709142565714302, 42.938765783121383 ], [ -114.70873797744899, 42.9387217160807 ], [ -114.707990774855617, 42.938760672932325 ], [ -114.706186252964145, 42.939084753530537 ], [ -114.704816505093945, 42.939246427003511 ], [ -114.704319535787349, 42.940136922200502 ], [ -114.704008885002182, 42.940202713815012 ], [ -114.703105138945034, 42.939950495574443 ], [ -114.702421616186442, 42.939999719418914 ], [ -114.701767799676418, 42.94020268905151 ], [ -114.701426141891801, 42.940573997256266 ], [ -114.700741284402184, 42.940776447917038 ], [ -114.700492486404983, 42.940960467858616 ], [ -114.699464402402668, 42.940957890843151 ], [ -114.69856333754457, 42.940840699206255 ], [ -114.697256031710239, 42.940940411368402 ], [ -114.696571415852205, 42.941097809938078 ], [ -114.694859224992072, 42.941162390214096 ], [ -114.694423132016169, 42.94114449407688 ], [ -114.692868119372108, 42.94139227566901 ], [ -114.692026749991911, 42.941645572015801 ], [ -114.690658296354613, 42.941897120489919 ], [ -114.683313350848934, 42.941946698843523 ], [ -114.683221110329626, 42.941710722344851 ], [ -114.682567360807994, 42.941580389198805 ], [ -114.682536598585173, 42.940841442737955 ], [ -114.681757907077923, 42.940321389787513 ], [ -114.681665130979454, 42.938716623165675 ], [ -114.677837655785027, 42.938648038649845 ], [ -114.677651245371052, 42.938554165109693 ], [ -114.677464851624421, 42.938217151442501 ], [ -114.676654614206697, 42.937642516 ], [ -114.67659249506255, 42.937461090057148 ], [ -114.676157025593554, 42.937182110120119 ], [ -114.675410303556632, 42.936914815242368 ], [ -114.674664762148041, 42.937070753898155 ], [ -114.673138893891547, 42.93661653295225 ], [ -114.672610713094087, 42.936614854141936 ], [ -114.67242350665974, 42.93634087291381 ], [ -114.672205703699845, 42.935084799556897 ], [ -114.671832379962581, 42.934212782239015 ], [ -114.671210869839967, 42.933479689006823 ], [ -114.671180549733279, 42.933226876997814 ], [ -114.670681698539696, 42.933207850767644 ], [ -114.670464842488911, 42.933023248494713 ], [ -114.67021596158277, 42.932640014878011 ], [ -114.669935138746553, 42.932454238093065 ], [ -114.668566550992466, 42.931904057769593 ], [ -114.666607090425927, 42.931747062626044 ], [ -114.66610858374959, 42.932043057023151 ], [ -114.664085552403833, 42.932884279296339 ], [ -114.663556442466586, 42.932864413279475 ], [ -114.662437560766278, 42.93231032016201 ], [ -114.662000967577754, 42.932310313600247 ], [ -114.661316066192995, 42.932476509229346 ], [ -114.660881940519957, 42.932134426102046 ], [ -114.657022900076726, 42.932262598706068 ], [ -114.656555079363045, 42.933000334789696 ], [ -114.656058336536091, 42.933179347886757 ], [ -114.65565303560858, 42.933891393964863 ], [ -114.654096996011972, 42.934003576815556 ], [ -114.653972284580618, 42.934415152979277 ], [ -114.653816173633473, 42.934574059010387 ], [ -114.652727659994753, 42.934641760867677 ], [ -114.65182472287276, 42.934983477044796 ], [ -114.651202377880082, 42.935348918088522 ], [ -114.650704852298176, 42.935347667088628 ], [ -114.650175753940971, 42.935075733651495 ], [ -114.649927908156585, 42.935034648496909 ], [ -114.649087521360357, 42.935098373548676 ], [ -114.648838545940251, 42.93491320912954 ], [ -114.648838797074205, 42.934462946549175 ], [ -114.649274005133435, 42.934183709177319 ], [ -114.649118624494477, 42.933793284999311 ], [ -114.649119333157216, 42.933496108240604 ], [ -114.648559487755207, 42.933430618116141 ], [ -114.648309949430427, 42.933227445368637 ], [ -114.648062016611973, 42.933177350591649 ], [ -114.647813115749514, 42.932559791063383 ], [ -114.646631020170958, 42.932904735212503 ], [ -114.646256151046416, 42.933131139032625 ], [ -114.645509920964514, 42.933223854825286 ], [ -114.643611540458622, 42.93363499877465 ], [ -114.642584238950093, 42.933658922695692 ], [ -114.642429053532425, 42.933835817452234 ], [ -114.642367616958438, 42.934041593180645 ], [ -114.641899180090476, 42.934185069588743 ], [ -114.641060711513376, 42.934248865436977 ], [ -114.640032429015037, 42.934659856639591 ], [ -114.639627540628894, 42.934912577324951 ], [ -114.639471195455613, 42.935755861113527 ], [ -114.639626593487677, 42.935894151300495 ], [ -114.639626935851609, 42.936371284561183 ], [ -114.639470762359025, 42.936602212555236 ], [ -114.639003334642979, 42.936808707478043 ], [ -114.638847840608932, 42.936994604170458 ], [ -114.638847300159085, 42.93720172740646 ], [ -114.639002782439491, 42.937385043674595 ], [ -114.639003217014988, 42.937538130566658 ], [ -114.638070192013217, 42.937536864027663 ], [ -114.638038431827169, 42.937725306281507 ], [ -114.637664625170842, 42.937726546315361 ], [ -114.637447876520923, 42.937469978453116 ], [ -114.637104777351837, 42.937588957263543 ], [ -114.636949601210247, 42.93795495434447 ], [ -114.637104416475566, 42.938111261440426 ], [ -114.63701174093508, 42.938298353946053 ], [ -114.636481630410188, 42.938296519167075 ], [ -114.635984469881606, 42.937998030509313 ], [ -114.635922178405352, 42.938383913046941 ], [ -114.635703766300651, 42.938523581223777 ], [ -114.63582718186646, 42.939462533243614 ], [ -114.635672321311745, 42.939711458948047 ], [ -114.635391430650827, 42.939921827031775 ], [ -114.634893430980327, 42.939803443086291 ], [ -114.634614436057063, 42.939527517314971 ], [ -114.634334666579306, 42.939548766747365 ], [ -114.63411514618636, 42.939805366220284 ], [ -114.633492850458609, 42.939891547442748 ], [ -114.633306604323593, 42.94003173630518 ], [ -114.632839562400861, 42.939868990202093 ], [ -114.632403978705, 42.93959884953231 ], [ -114.632093360222569, 42.939637431320989 ], [ -114.631843565616421, 42.940829890252964 ], [ -114.631439093391606, 42.940830575030489 ], [ -114.631346484582537, 42.940576548242234 ], [ -114.631096359503218, 42.940463251493682 ], [ -114.630847230946856, 42.940485169052849 ], [ -114.630816521110162, 42.94085370721843 ], [ -114.630816076585958, 42.941222923254308 ], [ -114.628855327556238, 42.941335304092391 ], [ -114.62879287360316, 42.941559229569606 ], [ -114.628948642400019, 42.941697391605913 ], [ -114.628947837095311, 42.941994567534358 ], [ -114.627951780616371, 42.942883391748829 ], [ -114.62798243821031, 42.943073177105617 ], [ -114.62848055209156, 42.943389706202765 ], [ -114.628385183645506, 42.944558232354133 ], [ -114.627980826114566, 42.944874085938544 ], [ -114.62797997487975, 42.945054194264237 ], [ -114.628260764010264, 42.945168032727885 ], [ -114.629101001900594, 42.945149345685692 ], [ -114.629318814135942, 42.944946798050005 ], [ -114.629754882415213, 42.945036842976492 ], [ -114.629815196708577, 42.945542350397965 ], [ -114.629223341731318, 42.946592741404729 ], [ -114.628568986000118, 42.947074317315746 ], [ -114.628258016237112, 42.947986393081017 ], [ -114.626980893322539, 42.949085558596714 ], [ -114.627011371784505, 42.949446302900718 ], [ -114.62781989329865, 42.950183531993865 ], [ -114.627912226680351, 42.950410548236405 ], [ -114.62784975785182, 42.950634331558952 ], [ -114.627943549372503, 42.951230551820473 ], [ -114.627662792179819, 42.951801106752072 ], [ -114.62732015991952, 42.951938063716888 ], [ -114.626914429706019, 42.952010639997141 ], [ -114.626385223267818, 42.952260758483398 ], [ -114.625950732596095, 42.952368805930881 ], [ -114.624665188294983, 42.952648377729325 ], [ -114.624199083778848, 42.952926845555993 ], [ -114.623887268443696, 42.953271447165065 ], [ -114.623483350636505, 42.953335136753381 ], [ -114.622487131495788, 42.953017357509751 ], [ -114.622019421166016, 42.953061549636686 ], [ -114.621646286492748, 42.953405070839032 ], [ -114.620961256532524, 42.953363764322496 ], [ -114.620619802881521, 42.953086595914975 ], [ -114.620122091847549, 42.953157255022148 ], [ -114.619778875726169, 42.953429270349382 ], [ -114.619282131564333, 42.953634997449377 ], [ -114.618939292784333, 42.95390700820041 ], [ -114.617041338572406, 42.954326711721023 ], [ -114.616823853799417, 42.954799390384331 ], [ -114.616543395610691, 42.954874631692988 ], [ -114.615796839073724, 42.954850087935633 ], [ -114.61458241647226, 42.954509634691988 ], [ -114.614240377812962, 42.95455649714318 ], [ -114.613306022867178, 42.95498728476602 ], [ -114.612715118596668, 42.955128060178183 ], [ -114.611688001169867, 42.954782351870179 ], [ -114.610909195010422, 42.954712079157694 ], [ -114.610442678155692, 42.954414160644319 ], [ -114.610161949323228, 42.954462372394282 ], [ -114.609696462138757, 42.955082974383366 ], [ -114.608918019219956, 42.955282841720688 ], [ -114.608420905448611, 42.955650617652765 ], [ -114.607891978436712, 42.955900789560175 ], [ -114.607486137005097, 42.955928271936969 ], [ -114.606677576359516, 42.955560112797968 ], [ -114.606022864465615, 42.955564424709905 ], [ -114.605369822250054, 42.956091025718557 ], [ -114.604374643087795, 42.956070255216389 ], [ -114.604000402643067, 42.955999345801665 ], [ -114.603346909524078, 42.95569760134876 ], [ -114.602444590860671, 42.955651700945573 ], [ -114.602132863895875, 42.955744096603482 ], [ -114.601634505012967, 42.955634715824317 ], [ -114.60135405166092, 42.955358576857037 ], [ -114.601042955858631, 42.954649786536585 ], [ -114.60082442413399, 42.95455511295097 ], [ -114.599984685107259, 42.954402491583878 ], [ -114.59780582182421, 42.954788874855829 ], [ -114.597587887795271, 42.954676323095676 ], [ -114.597556376891433, 42.954468523206046 ], [ -114.5964049100713, 42.953534895637574 ], [ -114.595875682365488, 42.953280582430153 ], [ -114.59559552727751, 42.953031584425474 ], [ -114.594817469192051, 42.952637010904617 ], [ -114.593666010548716, 42.952612878090044 ], [ -114.593385249773377, 42.952777975986152 ], [ -114.593136971732591, 42.953214043920958 ], [ -114.591424263047671, 42.953511214993625 ], [ -114.590989384817931, 42.953466043670474 ], [ -114.590366345777426, 42.953254823157501 ], [ -114.589525333719678, 42.953165026076718 ], [ -114.58905923663761, 42.952939060912129 ], [ -114.587970311119918, 42.952844055023398 ], [ -114.587315318409409, 42.951929874848602 ], [ -114.586785891437884, 42.950883204800391 ], [ -114.586599581834875, 42.95078918346502 ], [ -114.586226630285552, 42.950808259660448 ], [ -114.585883019127394, 42.950972113992641 ], [ -114.585137733189299, 42.952045996195821 ], [ -114.585137657540415, 42.952523272157684 ], [ -114.58579120605269, 42.953005223168951 ], [ -114.585729268799227, 42.953301163232133 ], [ -114.585137300496356, 42.953738833290025 ], [ -114.585013449371786, 42.953970365044164 ], [ -114.585138421012275, 42.954423221850497 ], [ -114.584951943584002, 42.954878514262901 ], [ -114.583737684822196, 42.955915384849398 ], [ -114.583177954110909, 42.956119730295661 ], [ -114.582679100955531, 42.9566855170183 ], [ -114.582306710102444, 42.956686568247534 ], [ -114.581715262755424, 42.956412947950056 ], [ -114.579660369384456, 42.956801732656423 ], [ -114.579130734587451, 42.956826505785244 ], [ -114.578882514595577, 42.956668200443211 ], [ -114.578228722142953, 42.956690360781373 ], [ -114.577295267782617, 42.957165875583996 ], [ -114.576765684547979, 42.957811993795126 ], [ -114.576454787228229, 42.95803953447956 ], [ -114.576050199556605, 42.958040024198787 ], [ -114.57527204686032, 42.957834426190011 ], [ -114.574213338807553, 42.957946961543399 ], [ -114.574214365342769, 42.958469257163578 ], [ -114.573871551026301, 42.958768147223175 ], [ -114.573559365314097, 42.959229820555457 ], [ -114.572998874684046, 42.959524029800917 ], [ -114.57253264504611, 42.959613178403828 ], [ -114.571817302994674, 42.959571026143358 ], [ -114.570416395983713, 42.959226111876887 ], [ -114.568984897134911, 42.95938477829494 ], [ -114.568797546454306, 42.959551882742204 ], [ -114.56854808332821, 42.960005914019845 ], [ -114.568175899751751, 42.960114980616986 ], [ -114.567739738346887, 42.960141769273619 ], [ -114.567396957608992, 42.960323572246502 ], [ -114.566338193088484, 42.960436175512342 ], [ -114.565155006420383, 42.960392918487052 ], [ -114.565404330780694, 42.961929037697985 ], [ -114.565808739804069, 42.962198741829887 ], [ -114.566026845540591, 42.962500603787035 ], [ -114.565995785936465, 42.962707032198587 ], [ -114.564906059096771, 42.963251178941306 ], [ -114.564314293531709, 42.964030934142457 ], [ -114.56372302951452, 42.964531525165171 ], [ -114.563007060916746, 42.964804500921197 ], [ -114.562572122702562, 42.964759222057424 ], [ -114.561482322418783, 42.964375804208593 ], [ -114.560953159443585, 42.964418500263079 ], [ -114.560517205178087, 42.964598348247641 ], [ -114.559646262400122, 42.964642851877954 ], [ -114.559053396660559, 42.965098400116773 ], [ -114.558120123216042, 42.964988421138727 ], [ -114.557995110453746, 42.964850716560242 ], [ -114.55787146090789, 42.964100654625696 ], [ -114.556936883122304, 42.963207221732915 ], [ -114.556469838743624, 42.962999139062234 ], [ -114.556159297714544, 42.963064670217129 ], [ -114.555755411874188, 42.963317088534147 ], [ -114.555256611823765, 42.963369460630268 ], [ -114.555132387706479, 42.963573945323695 ], [ -114.554727761552343, 42.96357421940624 ], [ -114.554167935832638, 42.963274132218793 ], [ -114.552891676301684, 42.96311188032503 ], [ -114.552205509579025, 42.963250270279303 ], [ -114.551801509405465, 42.963277547250676 ], [ -114.551302559924949, 42.963528015434164 ], [ -114.550524529646893, 42.963592405015248 ], [ -114.550088773707756, 42.963754202134389 ], [ -114.549528163161256, 42.964138348980114 ], [ -114.54890624932942, 42.964782388345853 ], [ -114.54865616032761, 42.965443357058163 ], [ -114.548221219317341, 42.965785244517875 ], [ -114.545512539706934, 42.965835193860798 ], [ -114.54379988866441, 42.965465268802177 ], [ -114.542616633408528, 42.965466946173571 ], [ -114.541745786940211, 42.964826920706088 ], [ -114.541403006370089, 42.964234202078217 ], [ -114.540470746550952, 42.96370983709582 ], [ -114.539536827154137, 42.963563688197048 ], [ -114.53900755703431, 42.963156166017029 ], [ -114.538789099347227, 42.963106400228909 ], [ -114.537326635840031, 42.96338117882906 ], [ -114.537077754198279, 42.963357724168567 ], [ -114.536797422672635, 42.963198635460842 ], [ -114.536704002560128, 42.962854485397315 ], [ -114.536424049397212, 42.96265036657973 ], [ -114.535178462566194, 42.962218322122332 ], [ -114.533715972694608, 42.96226778533088 ], [ -114.533466348741214, 42.962379544475553 ], [ -114.533124228364258, 42.963227625187272 ], [ -114.533341189282325, 42.963592449282558 ], [ -114.533248459173564, 42.964301756187673 ], [ -114.533497233641029, 42.964667276384212 ], [ -114.53352755452697, 42.964983159762362 ], [ -114.53228222624638, 42.965739623192761 ], [ -114.532002300371332, 42.965760624151237 ], [ -114.531410986011878, 42.965486743621092 ], [ -114.530944246294951, 42.965350597248118 ], [ -114.530570175449284, 42.965162519196696 ], [ -114.530228391215516, 42.965164103833409 ], [ -114.529916904502258, 42.965436545392052 ], [ -114.529388077767507, 42.965253965138146 ], [ -114.528858085069544, 42.964711321773393 ], [ -114.528329030690074, 42.964366644607942 ], [ -114.527800217845424, 42.964139171792475 ], [ -114.527146998721889, 42.96365674743582 ], [ -114.526680282095484, 42.963520581707577 ], [ -114.52546640119877, 42.963521377985401 ], [ -114.524968416676472, 42.963402516167221 ], [ -114.524376078509647, 42.963542842106804 ], [ -114.524251048131319, 42.964476575776807 ], [ -114.524407480559717, 42.9651643311512 ], [ -114.524344471325279, 42.965325024369072 ], [ -114.523721219452142, 42.965572707026674 ], [ -114.523566454716871, 42.965803468766431 ], [ -114.523409991103179, 42.966421460772807 ], [ -114.521883538415921, 42.966487387071936 ], [ -114.521448990489688, 42.966622053387134 ], [ -114.520669820817744, 42.966605199190383 ], [ -114.520420707404071, 42.96650966664992 ], [ -114.519082813848428, 42.966579764427053 ], [ -114.51814822436512, 42.966307372476855 ], [ -114.517494673241771, 42.965824894680907 ], [ -114.517278320541621, 42.965568100199917 ], [ -114.516686339030556, 42.965618332624125 ], [ -114.516436286671578, 42.965729916048403 ], [ -114.515970707641515, 42.965728779236024 ], [ -114.515005484174679, 42.965455796349211 ], [ -114.514351963438955, 42.965432564155137 ], [ -114.513604578929247, 42.96522725439344 ], [ -114.513138448981749, 42.964928939586699 ], [ -114.512889639706557, 42.964176153239855 ], [ -114.512610543674342, 42.963881922018018 ], [ -114.512143641809871, 42.963673656854475 ], [ -114.511801247796257, 42.963693199432484 ], [ -114.511207436058058, 42.964769859522242 ], [ -114.510772077566614, 42.965039566668743 ], [ -114.510243072743251, 42.965199095054395 ], [ -114.509869490026674, 42.965155030840521 ], [ -114.50887247102969, 42.965250364364209 ], [ -114.507659522616194, 42.964809714083714 ], [ -114.507006169656862, 42.964246130134043 ], [ -114.506694632760244, 42.964104271448335 ], [ -114.506072702455796, 42.964099847525368 ], [ -114.505761307789314, 42.964489149158503 ], [ -114.50548118383044, 42.964627152711124 ], [ -114.504951655535123, 42.964723623125337 ], [ -114.504421543507362, 42.965405428282835 ], [ -114.502927563905828, 42.965129748373741 ], [ -114.500935650373691, 42.964924189886482 ], [ -114.500415929473533, 42.964813757773108 ], [ -114.499325494344134, 42.963925459250554 ], [ -114.498453688907958, 42.963393168657795 ], [ -114.498235803459437, 42.962983115295458 ], [ -114.497208480864728, 42.962501443358391 ], [ -114.496212503376455, 42.962389681106089 ], [ -114.495807388228187, 42.962137602791884 ], [ -114.495308560008851, 42.962000603455358 ], [ -114.494809825665939, 42.9616836394842 ], [ -114.494591758144651, 42.961390647383837 ], [ -114.494498515546752, 42.960704265166143 ], [ -114.494186619086875, 42.960607399512 ], [ -114.493283713252453, 42.961253896399043 ], [ -114.49263093903626, 42.961365752506026 ], [ -114.492039693695062, 42.961361682167521 ], [ -114.491790049945706, 42.96109513251411 ], [ -114.492008010262737, 42.960703737113789 ], [ -114.492132128620653, 42.960220160337485 ], [ -114.492380932985313, 42.959901518177134 ], [ -114.492225325692274, 42.959510884803919 ], [ -114.492069812095764, 42.959372395349575 ], [ -114.491570271645784, 42.959334439134217 ], [ -114.490793391856528, 42.959785638411532 ], [ -114.489922533188121, 42.959838614489556 ], [ -114.489205545307428, 42.959678743056408 ], [ -114.488023488431381, 42.959769899457825 ], [ -114.487680040977935, 42.959654295617355 ], [ -114.487244734685902, 42.959356586509216 ], [ -114.487027406484032, 42.95905457157042 ], [ -114.486964728449962, 42.958783134496329 ], [ -114.487212657649621, 42.958302273432928 ], [ -114.487026389547594, 42.958100167853075 ], [ -114.486185241977594, 42.95798259485273 ], [ -114.484753871720073, 42.957644917899188 ], [ -114.484349248499655, 42.957347912395186 ], [ -114.483726560607593, 42.957091083251008 ], [ -114.482107691918173, 42.957073427088957 ], [ -114.481453185930661, 42.956960099328924 ], [ -114.481172812855064, 42.956773716575896 ], [ -114.481049030410816, 42.956572886502023 ], [ -114.480239464206633, 42.956176961160388 ], [ -114.479648896224887, 42.956154954144829 ], [ -114.478029465380487, 42.95670456984233 ], [ -114.477282688416778, 42.956796048023271 ], [ -114.476909213943856, 42.956706849083794 ], [ -114.476473974145406, 42.956706268939399 ], [ -114.475944706390464, 42.956982706011054 ], [ -114.475445916450695, 42.957187816735477 ], [ -114.474761802652395, 42.957208665555513 ], [ -114.473392728487397, 42.956890288572332 ], [ -114.47289466524667, 42.956591235324638 ], [ -114.472395679854912, 42.956571205166625 ], [ -114.472178347335912, 42.956458270632098 ], [ -114.471835436475232, 42.955955533801209 ], [ -114.471772902845359, 42.955242693546339 ], [ -114.471617446928207, 42.955104175926117 ], [ -114.471056604026387, 42.955109862192323 ], [ -114.469905173014936, 42.954787169662453 ], [ -114.469501189061646, 42.954814294783972 ], [ -114.469003765220364, 42.954947330795207 ], [ -114.468410830622716, 42.955015325975076 ], [ -114.466045819652564, 42.954809836600056 ], [ -114.465423076007468, 42.954633955095503 ], [ -114.464519834946159, 42.953533361387827 ], [ -114.464489876696604, 42.953370686189345 ], [ -114.463711853351754, 42.952615012294515 ], [ -114.463679778439968, 42.952272100264487 ], [ -114.463959576684502, 42.951729108071198 ], [ -114.463991510947821, 42.951288568481232 ], [ -114.463335903113261, 42.950607673097856 ], [ -114.46149965373057, 42.950287806934462 ], [ -114.460908745185094, 42.950724968859816 ], [ -114.460256646041572, 42.950971576312874 ], [ -114.459913319729722, 42.951270126974038 ], [ -114.459727457801137, 42.951725212907562 ], [ -114.459384403971242, 42.951906693063904 ], [ -114.458015287926827, 42.95222749993232 ], [ -114.457112900203157, 42.951892285723389 ], [ -114.456272040795298, 42.95184653269726 ], [ -114.455805264921864, 42.951980233939786 ], [ -114.454125822243725, 42.953239472396348 ], [ -114.45312905473979, 42.953667508899741 ], [ -114.452663299758783, 42.954152394725995 ], [ -114.451791903977195, 42.954178067413608 ], [ -114.450484582461158, 42.953581699616883 ], [ -114.449550296580696, 42.953650800393667 ], [ -114.448989696131918, 42.953530303766797 ], [ -114.447839581603873, 42.953738832402685 ], [ -114.447652236849692, 42.953896732872032 ], [ -114.447216256490762, 42.953949934739043 ], [ -114.446686598436102, 42.953605021135026 ], [ -114.446095277323266, 42.953420750412242 ], [ -114.445752823965321, 42.953214964347367 ], [ -114.445348188531426, 42.95262064905927 ], [ -114.444788327886016, 42.952121911009407 ], [ -114.444664794814045, 42.951885019788904 ], [ -114.444414507873546, 42.951708278800993 ], [ -114.443575204032186, 42.951770630501628 ], [ -114.443388153039436, 42.951703394236645 ], [ -114.442423428754026, 42.95179886508695 ], [ -114.440088539592466, 42.952350003353487 ], [ -114.439341817974267, 42.952396209028997 ], [ -114.43896854861211, 42.952162801240021 ], [ -114.438532764694372, 42.952027001687554 ], [ -114.438502427092729, 42.95180114364257 ], [ -114.43837713149783, 42.95163629354164 ], [ -114.436664923902924, 42.951615961109077 ], [ -114.435856589812389, 42.951453710874986 ], [ -114.435202998916978, 42.951178021392764 ], [ -114.43461168197328, 42.95076856068593 ], [ -114.434175557664489, 42.950200494991769 ], [ -114.433833661640008, 42.950174775814418 ], [ -114.433398132932879, 42.950399163499213 ], [ -114.432900671915576, 42.950423980186685 ], [ -114.432681687177805, 42.950608147580148 ], [ -114.432309447841817, 42.950680891888361 ], [ -114.431842163547955, 42.950310206286495 ], [ -114.431749525661374, 42.950101042797364 ], [ -114.431064364006971, 42.949743416245745 ], [ -114.429975434858775, 42.94943978674376 ], [ -114.429227510936855, 42.949143872958395 ], [ -114.428637042954747, 42.948572285265257 ], [ -114.42829477540927, 42.948546690500862 ], [ -114.427485872524159, 42.948735585944746 ], [ -114.42708174851002, 42.948573312290975 ], [ -114.426707332071302, 42.947997671842614 ], [ -114.426085431184489, 42.948028691415324 ], [ -114.424996008375544, 42.94758993713014 ], [ -114.424061770735648, 42.947433840415805 ], [ -114.423937952539646, 42.946584574299351 ], [ -114.42390800482849, 42.946016653388973 ], [ -114.42341035455793, 42.945897487487578 ], [ -114.423409080620459, 42.9456001787959 ], [ -114.42368926543719, 42.945345449670675 ], [ -114.423752143890752, 42.944572457176015 ], [ -114.424219369617433, 42.944501922716555 ], [ -114.42425038619551, 42.944277521643919 ], [ -114.423969972935808, 42.944163181036075 ], [ -114.423254222946781, 42.944020901569402 ], [ -114.42154341583003, 42.944342534625541 ], [ -114.421138189758821, 42.944180383475974 ], [ -114.420764682933608, 42.943838715277082 ], [ -114.420765228189836, 42.943019380400003 ], [ -114.420548389619412, 42.942564288143885 ], [ -114.420299879694809, 42.942351607373645 ], [ -114.41964563830112, 42.942237784288579 ], [ -114.419302830079374, 42.942013909572772 ], [ -114.419210812930388, 42.941831749722198 ], [ -114.419428276258714, 42.941647613387047 ], [ -114.419397264723059, 42.941367721302058 ], [ -114.418494957748209, 42.941329372868829 ], [ -114.418183921050797, 42.941214286180603 ], [ -114.417841915396309, 42.94071124305249 ], [ -114.417249997383038, 42.940067558721935 ], [ -114.416099753718484, 42.939951579681704 ], [ -114.414854308360233, 42.94020261646682 ], [ -114.414045272067852, 42.940247334967879 ], [ -114.413019175308648, 42.939908982225511 ], [ -114.412644997198541, 42.939513257744899 ], [ -114.412365969840991, 42.939083841345798 ], [ -114.412335019067044, 42.938578816827381 ], [ -114.412178769807909, 42.938467237243962 ], [ -114.410499983524716, 42.938348178827624 ], [ -114.409938816202384, 42.938398591682187 ], [ -114.409627679469111, 42.938148403557584 ], [ -114.409255394241669, 42.937455629079942 ], [ -114.408944487217525, 42.937412558104484 ], [ -114.408228992787372, 42.937639397417122 ], [ -114.407855176991248, 42.937640025681027 ], [ -114.407108488883409, 42.937028780257336 ], [ -114.406641587191757, 42.936910134253317 ], [ -114.406205550074134, 42.937116410456603 ], [ -114.405770537500416, 42.937187601964652 ], [ -114.405273374305494, 42.937068214760835 ], [ -114.403842247834078, 42.936450502533745 ], [ -114.403436821263128, 42.936477260035737 ], [ -114.402752934475885, 42.9366777811261 ], [ -114.402130705534688, 42.937230975392687 ], [ -114.401662563348239, 42.937391475613744 ], [ -114.400822435492714, 42.937480390935313 ], [ -114.40041901419373, 42.937345176288915 ], [ -114.399857763957371, 42.937323358153414 ], [ -114.399174506627517, 42.937505985782586 ], [ -114.398706750578754, 42.937846578725058 ], [ -114.398675715826442, 42.938260081858736 ], [ -114.398862610911635, 42.938435314423621 ], [ -114.398924557500152, 42.938715949153426 ], [ -114.398551617352155, 42.938734412948811 ], [ -114.398053667873711, 42.938552100536342 ], [ -114.397400286927279, 42.938023906572283 ], [ -114.396995347290868, 42.938068789494729 ], [ -114.397057557012559, 42.93880855032188 ], [ -114.397617377409247, 42.939379564781198 ], [ -114.39761691277532, 42.93960469655066 ], [ -114.396869339961142, 42.940154918544977 ], [ -114.396340250779446, 42.940313920651171 ], [ -114.395842856969466, 42.94033871654289 ], [ -114.395190452705179, 42.939783491242885 ], [ -114.39484792122532, 42.939766661995023 ], [ -114.394473521056369, 42.940037405477241 ], [ -114.394474078846102, 42.940424486254607 ], [ -114.394597799170697, 42.940724469575329 ], [ -114.395406360828133, 42.941499364034129 ], [ -114.395435181997115, 42.943607046849579 ], [ -114.395124721826988, 42.943996186509892 ], [ -114.39384843992552, 42.944903496397785 ], [ -114.393442623079466, 42.945659640614991 ], [ -114.392882980764753, 42.945962110892481 ], [ -114.392476999142886, 42.946394063678383 ], [ -114.391605603233771, 42.946527340985888 ], [ -114.39104634336833, 42.946892696572405 ], [ -114.390890574424176, 42.947096267908698 ], [ -114.390516120600836, 42.947186752865463 ], [ -114.386689887260928, 42.946433028335299 ], [ -114.385601340015342, 42.946453303135691 ], [ -114.385382329158304, 42.946592353628006 ], [ -114.385319988405016, 42.946915062573908 ], [ -114.38308021612967, 42.946611756918394 ], [ -114.382674291189957, 42.946755508725353 ], [ -114.382518948837145, 42.947094144656035 ], [ -114.381709859957468, 42.947210676076892 ], [ -114.380776191893531, 42.947873556697608 ], [ -114.380371662917725, 42.947873352718602 ], [ -114.379750028668383, 42.947390822924177 ], [ -114.378194581317715, 42.947112166730918 ], [ -114.377790537138679, 42.946814780844946 ], [ -114.377946480588037, 42.945881805073256 ], [ -114.377821401088681, 42.945473747427066 ], [ -114.377417755773237, 42.945239395857307 ], [ -114.376764003531321, 42.945260402642859 ], [ -114.376454051542154, 42.944623037344563 ], [ -114.375924372385924, 42.944322679987536 ], [ -114.373367242640796, 42.944471048679475 ], [ -114.370597404507123, 42.944857701662535 ], [ -114.368731052634288, 42.944904812925692 ], [ -114.368295820426198, 42.945083925549078 ], [ -114.368045981995166, 42.945519370506133 ], [ -114.367704721553068, 42.945655544649931 ], [ -114.36552584794174, 42.945587382875786 ], [ -114.365028439627892, 42.945359900351818 ], [ -114.36502773279652, 42.944657496208436 ], [ -114.364903190551189, 42.944519578452422 ], [ -114.364374067136879, 42.944498327762098 ], [ -114.363440190223287, 42.944629901116926 ], [ -114.363129188168287, 42.94476681025607 ], [ -114.36266187976706, 42.945161284274114 ], [ -114.36263200199474, 42.945682836430905 ], [ -114.362351973917569, 42.946072494972704 ], [ -114.361917295134035, 42.946350638353422 ], [ -114.361107657978295, 42.946575087859543 ], [ -114.360797567293531, 42.946739004135331 ], [ -114.36014326670967, 42.946669866112977 ], [ -114.359646293442012, 42.946712513729331 ], [ -114.359241742496906, 42.947036283178441 ], [ -114.358557495606817, 42.947812875002292 ], [ -114.358152394719596, 42.948109766369249 ], [ -114.35756183569697, 42.948267233423799 ], [ -114.357001919503261, 42.948821533964257 ], [ -114.356659912347055, 42.949299875263584 ], [ -114.356505372190668, 42.94993564530472 ], [ -114.355883147320398, 42.950119373060566 ], [ -114.355695640080256, 42.95042106757618 ], [ -114.355353786860647, 42.950530331663252 ], [ -114.355229204150945, 42.950716450581794 ], [ -114.355137196532908, 42.951903031040658 ], [ -114.355012446587082, 42.952593440581403 ], [ -114.354732702117346, 42.953046255718967 ], [ -114.354391369367079, 42.953182391152836 ], [ -114.353924123335574, 42.953207615766608 ], [ -114.353613019852901, 42.953137378896031 ], [ -114.351962084335668, 42.951973617889763 ], [ -114.351589351533548, 42.951910882563404 ], [ -114.351183872146223, 42.951613407370594 ], [ -114.351153316725828, 42.95136051118763 ], [ -114.350841813959306, 42.950948211654129 ], [ -114.349940120624126, 42.951035253664422 ], [ -114.348133598534943, 42.950858403996108 ], [ -114.346671327683893, 42.950653328719596 ], [ -114.346391389917798, 42.95046675453753 ], [ -114.346515198961697, 42.949046934602862 ], [ -114.346111037842618, 42.948362213607062 ], [ -114.345082495976328, 42.947338864669092 ], [ -114.344896665481599, 42.946920400114124 ], [ -114.344615900862863, 42.946787715345394 ], [ -114.34414906251024, 42.946740857535708 ], [ -114.34309064756458, 42.947085527547962 ], [ -114.342251082975793, 42.946624835022781 ], [ -114.342126103231848, 42.946468742109964 ], [ -114.342125341045644, 42.946054645537011 ], [ -114.342312932758546, 42.945689796109882 ], [ -114.342312683988325, 42.945230531640128 ], [ -114.342032067211079, 42.944845833184594 ], [ -114.34162784465839, 42.944620362206336 ], [ -114.341223703663502, 42.944547836898607 ], [ -114.340942287409874, 42.944640415541926 ], [ -114.340600823921122, 42.9452357765919 ], [ -114.339170302443023, 42.945481613704764 ], [ -114.338826380931224, 42.945284517658109 ], [ -114.338080829124266, 42.945123079219101 ], [ -114.338080612611847, 42.944663955065202 ], [ -114.337674735059664, 42.944483359453834 ], [ -114.337301693896706, 42.943862395804892 ], [ -114.337052483367842, 42.943820495783513 ], [ -114.336834383039459, 42.944004618042214 ], [ -114.33646190091774, 42.943905811931437 ], [ -114.336462579647488, 42.943608637590344 ], [ -114.336337091921976, 42.943425665633548 ], [ -114.335963897735027, 42.943336005631814 ], [ -114.335839101713063, 42.94292790095875 ], [ -114.335154734652292, 42.942740796338612 ], [ -114.334812063543666, 42.942768813709542 ], [ -114.334501878070952, 42.942995695348259 ], [ -114.334128028809474, 42.942996082060311 ], [ -114.334096016758949, 42.942743186060468 ], [ -114.333848129444888, 42.942449270007884 ], [ -114.333288064899577, 42.942580209945746 ], [ -114.333069298245093, 42.942287051192174 ], [ -114.332758099938246, 42.941829533591743 ], [ -114.332509725207103, 42.941940850523672 ], [ -114.332353430306128, 42.942720537123115 ], [ -114.332229319692686, 42.94286174365002 ], [ -114.331856856253296, 42.942834964733336 ], [ -114.331810448251488, 42.942325178796516 ], [ -114.331700570594904, 42.942264148608402 ], [ -114.331202611654163, 42.942405592012449 ], [ -114.330735975642654, 42.942745903884031 ], [ -114.330176571551036, 42.94285881634795 ], [ -114.330175380128139, 42.943065939588195 ], [ -114.330332502946291, 42.943222655312056 ], [ -114.330393617396737, 42.943548214813291 ], [ -114.329927631425591, 42.943654384370248 ], [ -114.329305240058503, 42.94345088476954 ], [ -114.3287764758267, 42.943564547820706 ], [ -114.328526698280427, 42.943774776486258 ], [ -114.328496650937424, 42.944030807610119 ], [ -114.328619793034193, 42.944137109578186 ], [ -114.329141431006221, 42.944122385018254 ], [ -114.329274031398384, 42.944206428927295 ], [ -114.329927265895819, 42.944230718888939 ], [ -114.330051544539558, 42.944548780651786 ], [ -114.330456009073146, 42.944684240164172 ], [ -114.33045635200655, 42.944891358911498 ], [ -114.329834628608069, 42.9451019592995 ], [ -114.329833730054958, 42.945507196161586 ], [ -114.328776308220966, 42.94583372072875 ], [ -114.32862134257374, 42.946154273204101 ], [ -114.327873795075263, 42.946262790298505 ], [ -114.327532723935235, 42.946813083516005 ], [ -114.326567548206341, 42.947204752459186 ], [ -114.325819871359343, 42.947799678468229 ], [ -114.325696199111704, 42.94831895466924 ], [ -114.324948754791677, 42.948598691787069 ], [ -114.324855924293715, 42.948938620030638 ], [ -114.324452180348686, 42.949307430485661 ], [ -114.325292570395135, 42.949507100512122 ], [ -114.325292512456699, 42.949714221147836 ], [ -114.324856637475747, 42.949947201314082 ], [ -114.324639131854426, 42.950473355822936 ], [ -114.323985686906539, 42.950494061225768 ], [ -114.323674421997822, 42.950675889618772 ], [ -114.323331169770867, 42.950748900937789 ], [ -114.323611167120731, 42.951178671519287 ], [ -114.323579974039987, 42.951367025114138 ], [ -114.323239124052307, 42.95131395536162 ], [ -114.322895551968855, 42.951179987238085 ], [ -114.321837148406289, 42.951344216904175 ], [ -114.321465109931324, 42.951407594190975 ], [ -114.321123031792794, 42.951633684150657 ], [ -114.321059888834938, 42.952235520966525 ], [ -114.321184676929988, 42.952436521675672 ], [ -114.321122144487049, 42.952714170258879 ], [ -114.32081131938078, 42.953058083253417 ], [ -114.32071823764899, 42.953650154698416 ], [ -114.320438132496292, 42.953787705812644 ], [ -114.319503320742683, 42.953783844126789 ], [ -114.319006622112042, 42.953970258294838 ], [ -114.318882173955146, 42.953760248262462 ], [ -114.318539119927095, 42.953653141560295 ], [ -114.318290600176894, 42.953305161397935 ], [ -114.317511969456802, 42.953349957777448 ], [ -114.317325823784032, 42.953507641802751 ], [ -114.31735692785638, 42.953670493026202 ], [ -114.317636420748144, 42.954082269107971 ], [ -114.317604987922635, 42.95445072560522 ], [ -114.31732534647405, 42.954606136724735 ], [ -114.316609678058953, 42.954679456329423 ], [ -114.316422276379441, 42.955116303828952 ], [ -114.316796833157312, 42.95531408628122 ], [ -114.316796748061506, 42.955521205889653 ], [ -114.315987408188207, 42.955709314605883 ], [ -114.315706747051792, 42.955891881387856 ], [ -114.315738705180905, 42.956072740929045 ], [ -114.316515852403228, 42.955955920419235 ], [ -114.31667163777901, 42.956076638541091 ], [ -114.316484946279076, 42.956279349287193 ], [ -114.316267671661791, 42.95634622139935 ], [ -114.316049775634198, 42.956665241694921 ], [ -114.316360701713862, 42.956780605959281 ], [ -114.316298310672039, 42.956941323966177 ], [ -114.315800902796155, 42.957145736392732 ], [ -114.31561334692357, 42.957330437770686 ], [ -114.315582297367854, 42.957626850371859 ], [ -114.315893601220921, 42.958039386498974 ], [ -114.315768732039714, 42.958270488811038 ], [ -114.315239996280923, 42.958195120529744 ], [ -114.314835674702167, 42.958473705268965 ], [ -114.31461815774469, 42.959846328148558 ], [ -114.31483604284422, 42.960121513414002 ], [ -114.314804987005729, 42.960417925679216 ], [ -114.313870722346792, 42.961143437600121 ], [ -114.313341913864434, 42.961284044629551 ], [ -114.313061454106972, 42.961286499573049 ], [ -114.312283132229268, 42.961034087129235 ], [ -114.311661178972855, 42.960713283730584 ], [ -114.311381197522863, 42.960733743539976 ], [ -114.311225668843377, 42.960892179751205 ], [ -114.311224830643127, 42.961333295326575 ], [ -114.311785815344777, 42.96217502094089 ], [ -114.311784863531443, 42.962517079288254 ], [ -114.310851951088992, 42.962612201081697 ], [ -114.310477179566192, 42.96290954404126 ], [ -114.310073554401242, 42.963413379718723 ], [ -114.309512665468972, 42.963733314898256 ], [ -114.308703984618859, 42.964002417263082 ], [ -114.307334246799343, 42.964870598966634 ], [ -114.304750787509747, 42.965944335632202 ], [ -114.304377626342358, 42.966034677460101 ], [ -114.303536486238841, 42.966726087491061 ], [ -114.30263400897141, 42.967182111584265 ], [ -114.301917610903999, 42.967687447968267 ], [ -114.301761206022618, 42.968458084643302 ], [ -114.301481401644565, 42.968757681526178 ], [ -114.300236099425334, 42.969331655684023 ], [ -114.299956183031185, 42.969532051283863 ], [ -114.298555620851673, 42.969625059064079 ], [ -114.297122377440061, 42.970014460934841 ], [ -114.296780734390637, 42.970609688437435 ], [ -114.296748782530798, 42.971932547023847 ], [ -114.296530976937518, 42.972143466714883 ], [ -114.296063531553713, 42.972321542786922 ], [ -114.294102307618203, 42.972509373012549 ], [ -114.292700910228632, 42.973007404132971 ], [ -114.291145412280969, 42.973420823365849 ], [ -114.290615168154602, 42.97369640567392 ], [ -114.289588027725301, 42.975067793838519 ], [ -114.28961901650203, 42.975545691964648 ], [ -114.289835691862876, 42.975983020214223 ], [ -114.289680832801949, 42.976303518129669 ], [ -114.289306172878213, 42.976663827588851 ], [ -114.288560299024553, 42.977141434563229 ], [ -114.287874258147653, 42.977467347154551 ], [ -114.287594217785241, 42.977739753522108 ], [ -114.287469467946678, 42.978520280133026 ], [ -114.287095710198059, 42.978997647366633 ], [ -114.285694228034302, 42.979108369773371 ], [ -114.284853311665273, 42.979268617904502 ], [ -114.28448022944464, 42.979565871668257 ], [ -114.285132846323336, 42.979959490414586 ], [ -114.285132530571033, 42.980139594383381 ], [ -114.284167401474548, 42.980296769886671 ], [ -114.283981163886423, 42.980553456387845 ], [ -114.284853199106635, 42.980736319420245 ], [ -114.284944852853528, 42.981575822523162 ], [ -114.284696690083067, 42.981786090736605 ], [ -114.284447268076917, 42.981807112818629 ], [ -114.284105245706485, 42.981528942474846 ], [ -114.283855306533781, 42.981603995221697 ], [ -114.283357063346728, 42.982609726439385 ], [ -114.282952181848387, 42.982582023336491 ], [ -114.282361066724889, 42.982396907069486 ], [ -114.28257884467574, 42.982077953423655 ], [ -114.282298754555995, 42.981513007383683 ], [ -114.281956187431661, 42.981531861065292 ], [ -114.281769428445074, 42.981761530767479 ], [ -114.281488873965131, 42.981763908614056 ], [ -114.281459150171969, 42.981466107916958 ], [ -114.280712037629584, 42.981025141406121 ], [ -114.28065006364001, 42.980798476192362 ], [ -114.280867337717936, 42.980704655685251 ], [ -114.28117947156143, 42.980820112943938 ], [ -114.281583420754757, 42.980730615872851 ], [ -114.281739635192011, 42.980527193181629 ], [ -114.28173996148891, 42.980347230584933 ], [ -114.281552491375209, 42.980252714934878 ], [ -114.281147749216146, 42.980252021331324 ], [ -114.280743335030351, 42.980071361887759 ], [ -114.279778529458213, 42.980048396411114 ], [ -114.278626414057115, 42.97979582524016 ], [ -114.277381184251681, 42.979631125734379 ], [ -114.275669207768459, 42.979653410506479 ], [ -114.275046442142425, 42.979836700319858 ], [ -114.274422733468938, 42.98049712138328 ], [ -114.273861590541102, 42.980663934302761 ], [ -114.273830392243951, 42.980888293002884 ], [ -114.273913529623854, 42.980966749245091 ], [ -114.27392183429329, 42.981196641615114 ], [ -114.273737232440965, 42.981228179693737 ], [ -114.272523489827591, 42.981253305936761 ], [ -114.272336299037065, 42.981392909273104 ], [ -114.272335482567371, 42.981555004142102 ], [ -114.273082733449741, 42.981779901392756 ], [ -114.273083915662198, 42.981960001710497 ], [ -114.272460089097592, 42.982170294354567 ], [ -114.272428501076931, 42.982394654443802 ], [ -114.273206565265724, 42.982305141502493 ], [ -114.273580654027, 42.982304952192443 ], [ -114.273735855702725, 42.982470754249874 ], [ -114.273735786364412, 42.982713893305451 ], [ -114.273330765249383, 42.983172435154245 ], [ -114.273207157440098, 42.983475670248204 ], [ -114.272303827828381, 42.983931455185548 ], [ -114.272365709113046, 42.984230026311927 ], [ -114.273111811396745, 42.984274822928967 ], [ -114.273112393383826, 42.984752094950977 ], [ -114.273423966285463, 42.98491260014891 ], [ -114.273734160560622, 42.985280085664151 ], [ -114.273422325458213, 42.985578845075452 ], [ -114.273484843595185, 42.985760487192614 ], [ -114.274045297715602, 42.985944878823332 ], [ -114.274076584501287, 42.986170777122133 ], [ -114.273016763404485, 42.986352567361934 ], [ -114.272363424189194, 42.986399993161996 ], [ -114.272239550888045, 42.986559144203774 ], [ -114.272238445628062, 42.986829300862972 ], [ -114.273235492322485, 42.986924997901575 ], [ -114.272955177308845, 42.987332586630025 ], [ -114.272112848850341, 42.987726737447645 ], [ -114.271957727698435, 42.988362250385379 ], [ -114.270898762506903, 42.988661226624956 ], [ -114.269870382832636, 42.98868166520981 ], [ -114.269247648630213, 42.989072041370434 ], [ -114.267753435325687, 42.989162359246805 ], [ -114.266695318557325, 42.988957006243751 ], [ -114.266041190166817, 42.989184500703267 ], [ -114.266070582977179, 42.989599373000459 ], [ -114.266289464125464, 42.989775731355991 ], [ -114.266163701054111, 42.990123846740651 ], [ -114.265073890984851, 42.990394981665467 ], [ -114.264232323064334, 42.991077236588502 ], [ -114.263080423371903, 42.991716018144068 ], [ -114.262550702585315, 42.992180576387312 ], [ -114.262020820144059, 42.992338957458145 ], [ -114.261522451096539, 42.992336017026005 ], [ -114.259716970669501, 42.991905627608475 ], [ -114.258720541901837, 42.991971762782597 ], [ -114.257910049740005, 42.992132448121296 ], [ -114.256913512149211, 42.992540763264842 ], [ -114.25632131566411, 42.992652543863336 ], [ -114.254017580242063, 42.992426217171101 ], [ -114.253612560452822, 42.992470452327822 ], [ -114.25336421114396, 42.992671646679547 ], [ -114.253270080364317, 42.992993508016333 ], [ -114.252241998054942, 42.993292947320974 ], [ -114.252179401601893, 42.993453488503327 ], [ -114.25258382111825, 42.993634388913406 ], [ -114.252459095264811, 42.994162590421411 ], [ -114.253423209424184, 42.994618033850266 ], [ -114.253236106722383, 42.994892682745849 ], [ -114.252209203713903, 42.995300180160761 ], [ -114.251802519304547, 42.995785663845091 ], [ -114.250899265873116, 42.996061037435126 ], [ -114.250430665873338, 42.996220917066942 ], [ -114.249372350609406, 42.996267403987169 ], [ -114.249310589558021, 42.99654219558186 ] ] ] } },
{ "type": "Feature", "properties": { "name": "Madison Ground Water District" }, "geometry": { "type": "Polygon", "coordinates": [ [ [ -111.757956087231022, 43.869337847823836 ], [ -111.75806803254288, 43.869373962864373 ], [ -111.758077399316321, 43.869413372877212 ], [ -111.758083186386926, 43.869413437845886 ], [ -111.758024623360782, 43.883725285008467 ], [ -111.75081575452613, 43.883718884043546 ], [ -111.737785746012236, 43.883754204770021 ], [ -111.717644696888996, 43.883747471649315 ], [ -111.697598680920549, 43.883556496150426 ], [ -111.677868526346316, 43.883589567630565 ], [ -111.658265539878073, 43.883573722788697 ], [ -111.638187452164061, 43.883512330387695 ], [ -111.61848920565825, 43.883350379007275 ], [ -111.598506098571193, 43.883348976543829 ], [ -111.578364915298067, 43.883389677542638 ], [ -111.558793011098757, 43.883473598887178 ], [ -111.55874587820648, 43.897627615336887 ], [ -111.558646893958709, 43.901171144986286 ], [ -111.558630273995902, 43.903080913173469 ], [ -111.556848702914309, 43.903216977265231 ], [ -111.55570735146307, 43.903512179125329 ], [ -111.554158698449086, 43.903376613326955 ], [ -111.549728031910092, 43.903281371567658 ], [ -111.54757748243955, 43.903399810459668 ], [ -111.546375946880971, 43.903586429144383 ], [ -111.544763047435481, 43.903972677926269 ], [ -111.543781197491811, 43.904040194273293 ], [ -111.541725911866706, 43.905094952721029 ], [ -111.540680690401459, 43.905774432874395 ], [ -111.539733239396057, 43.906139485845941 ], [ -111.539732292585441, 43.907219869482667 ], [ -111.539636669587992, 43.90884094828958 ], [ -111.539699890138152, 43.909686374786531 ], [ -111.538561089513337, 43.911329993454473 ], [ -111.536725544877228, 43.910673410439777 ], [ -111.535206978054759, 43.911445607199191 ], [ -111.533973861472901, 43.91231623087824 ], [ -111.533307538012522, 43.912975968931761 ], [ -111.532676453712256, 43.913780799240016 ], [ -111.531694530577809, 43.915558285175599 ], [ -111.530555465607364, 43.916428934851879 ], [ -111.529827936846615, 43.917098300900776 ], [ -111.528086925052335, 43.917502642241828 ], [ -111.526821720466245, 43.91795862147665 ], [ -111.523751411640475, 43.919423228102538 ], [ -111.52093518311716, 43.919696948399114 ], [ -111.51897238840759, 43.920039784020254 ], [ -111.51679005776495, 43.920176364332946 ], [ -111.514827282977848, 43.920293482720943 ], [ -111.513941281065911, 43.920837191557041 ], [ -111.512897451564257, 43.920815309854639 ], [ -111.511820813928026, 43.921225426872141 ], [ -111.510586456220025, 43.921870123224522 ], [ -111.508877505181047, 43.92230187936007 ], [ -111.507199451710761, 43.922552530137594 ], [ -111.506282382949252, 43.9229430066924 ], [ -111.505395344901373, 43.923694827383514 ], [ -111.503654815941516, 43.924432491808567 ], [ -111.50289425569818, 43.925434929887153 ], [ -111.502513229586285, 43.926688190674312 ], [ -111.502101554447407, 43.927445877566541 ], [ -111.501405223120969, 43.928195928860973 ], [ -111.499523731552088, 43.929041568320145 ], [ -111.497371858220802, 43.929204305064268 ], [ -111.495790772840877, 43.929661721791099 ], [ -111.493924097923809, 43.929688566137145 ], [ -111.491485185235661, 43.928844395693396 ], [ -111.490693290788343, 43.928272162277516 ], [ -111.489900869079165, 43.927546292228286 ], [ -111.488729329568258, 43.927245081861813 ], [ -111.487430659296976, 43.926764651986915 ], [ -111.485311154387446, 43.927656580726023 ], [ -111.484015133036209, 43.928553398736888 ], [ -111.479993909481053, 43.927571685811479 ], [ -111.477620328606008, 43.927140844733501 ], [ -111.4759416, 43.925267061716347 ], [ -111.474706410766373, 43.924651433578646 ], [ -111.474073124373376, 43.923556180449815 ], [ -111.473502069082514, 43.922793453237837 ], [ -111.472552658130212, 43.922086214810648 ], [ -111.470684787786908, 43.921742671476515 ], [ -111.469387349022256, 43.921514720177754 ], [ -111.468564311252877, 43.921041521839307 ], [ -111.468088282033051, 43.920169740764308 ], [ -111.467644085565595, 43.918731733265886 ], [ -111.46758027434737, 43.917814228428895 ], [ -111.467230756706513, 43.916878849518092 ], [ -111.46650268610631, 43.916260876936725 ], [ -111.462294630225301, 43.916495189124703 ], [ -111.460712070854271, 43.916330575806853 ], [ -111.459477789545616, 43.916560835257286 ], [ -111.45761021017681, 43.916289392585128 ], [ -111.456447074192056, 43.915763516389298 ], [ -111.453751080209997, 43.915424029985729 ], [ -111.451408260105808, 43.915874248913518 ], [ -111.449668953171368, 43.915881267456498 ], [ -111.447863834781671, 43.915061012023394 ], [ -111.446029476516216, 43.914852301697323 ], [ -111.4451744714912, 43.914459531118588 ], [ -111.444668021574586, 43.913525634854054 ], [ -111.44371823575365, 43.91263864291561 ], [ -111.44261108958473, 43.912336429652264 ], [ -111.441566900441345, 43.912835508530272 ], [ -111.440617551602131, 43.913119217079647 ], [ -111.439400377967132, 43.913077572173464 ], [ -111.437294993276211, 43.912403189731442 ], [ -111.435934990436479, 43.912570162673006 ], [ -111.4340369919734, 43.914513878281177 ], [ -111.432708175112467, 43.915221151623051 ], [ -111.431568819084433, 43.915450429352717 ], [ -111.429259007244923, 43.914010516483437 ], [ -111.428815507758941, 43.913139022218459 ], [ -111.427296845283792, 43.911929870495953 ], [ -111.425872026540063, 43.910260830507156 ], [ -111.424543505170959, 43.910095534521652 ], [ -111.423372714282181, 43.910784036864257 ], [ -111.419988221646179, 43.914010697304064 ], [ -111.418027084980395, 43.91446829458485 ], [ -111.415368711960411, 43.91524347831642 ], [ -111.412678723507753, 43.916046019723147 ], [ -111.410842778157075, 43.916755046937062 ], [ -111.409862875558161, 43.917253604011243 ], [ -111.408691434175083, 43.917483895933032 ], [ -111.405210795749426, 43.917685344278581 ], [ -111.403185524738163, 43.918287532511187 ], [ -111.401728971316928, 43.918950177783728 ], [ -111.400875287918183, 43.919997638938085 ], [ -111.399049010473618, 43.921282346734671 ], [ -111.398751676644125, 43.912050528438968 ], [ -111.398714345618629, 43.89746002704679 ], [ -111.398834927100253, 43.883098742228405 ], [ -111.400858417772568, 43.883100658136733 ], [ -111.400978541241074, 43.869216510490986 ], [ -111.401004128997727, 43.854765218287604 ], [ -111.40093867356957, 43.849687487350067 ], [ -111.400839607577865, 43.840355148227431 ], [ -111.400960135409946, 43.825786662578743 ], [ -111.400953767332226, 43.811218353862699 ], [ -111.40107290167775, 43.796654278648326 ], [ -111.400056694120593, 43.781400594177292 ], [ -111.399987511010494, 43.766877468472593 ], [ -111.419900476018057, 43.766914526954587 ], [ -111.41982633232972, 43.75246357880939 ], [ -111.419824503858791, 43.749924254371798 ], [ -111.419868734827205, 43.745248484668615 ], [ -111.419869190111186, 43.745111472472978 ], [ -111.424862727105463, 43.745106609486754 ], [ -111.4298564647424, 43.745097032440285 ], [ -111.4348463349762, 43.74508714900049 ], [ -111.439836782908415, 43.745081843771715 ], [ -111.447227677379544, 43.745066714382396 ], [ -111.447234519220132, 43.742077126125345 ], [ -111.447280274562317, 43.727603234833573 ], [ -111.447104728698136, 43.713148000835922 ], [ -111.467062058351971, 43.713091103647308 ], [ -111.486988518172666, 43.713048323632023 ], [ -111.500798530034345, 43.712989049803994 ], [ -111.506961915187176, 43.712903120542094 ], [ -111.526982877351244, 43.712902696194334 ], [ -111.546846224500257, 43.712867800116577 ], [ -111.566047589223146, 43.712972346685554 ], [ -111.566187249289158, 43.698700330036964 ], [ -111.566263670947379, 43.684203533205412 ], [ -111.566182827378569, 43.669910158612666 ], [ -111.566102516345083, 43.655044747981449 ], [ -111.585820732523217, 43.655098436801801 ], [ -111.605475453901533, 43.655171304705313 ], [ -111.625508889556812, 43.655194072161223 ], [ -111.645415426100428, 43.655331132480875 ], [ -111.665291285232854, 43.655302589684787 ], [ -111.685166911951441, 43.655360617271235 ], [ -111.705231595220198, 43.65527914134794 ], [ -111.715909606916924, 43.655338900823985 ], [ -111.717900391181885, 43.655368267411788 ], [ -111.72126507893374, 43.655384489919477 ], [ -111.722176656600553, 43.656528976393176 ], [ -111.723405856150549, 43.657555700163769 ], [ -111.724730149379837, 43.65801566352259 ], [ -111.725644630802776, 43.658675665203788 ], [ -111.726179936531707, 43.65954533020809 ], [ -111.727474174358463, 43.661049657924593 ], [ -111.728609418119134, 43.661941651851841 ], [ -111.730027850004404, 43.66315664166968 ], [ -111.733148240523789, 43.663496578634287 ], [ -111.734377302513465, 43.663794160306459 ], [ -111.735921955241395, 43.664522284331021 ], [ -111.737561967132905, 43.665663631509993 ], [ -111.738980826440695, 43.666275832260538 ], [ -111.743078349159916, 43.667355687880828 ], [ -111.744717459426369, 43.667326713295409 ], [ -111.747646415054703, 43.666181927089717 ], [ -111.750293456140355, 43.666064409817565 ], [ -111.754353716243031, 43.667648752810599 ], [ -111.756527338760947, 43.668128979597228 ], [ -111.757818520885465, 43.667804870433734 ], [ -111.758513593693152, 43.667188249457546 ], [ -111.760247484901484, 43.666528123516443 ], [ -111.762263188279746, 43.6664604210184 ], [ -111.764153679447148, 43.666987854715053 ], [ -111.764986805065291, 43.667536500248254 ], [ -111.765110845503415, 43.676638580980132 ], [ -111.765285881709971, 43.684367458657555 ], [ -111.765165607085876, 43.698936720856608 ], [ -111.765076461738332, 43.713456195560966 ], [ -111.764893836389149, 43.72775097012024 ], [ -111.76486180977129, 43.728048588650417 ], [ -111.765586662910835, 43.728025627849945 ], [ -111.785044788526093, 43.728042129024402 ], [ -111.784845577261805, 43.735084451709831 ], [ -111.784834839938782, 43.742359730610026 ], [ -111.794959449998089, 43.742524076856533 ], [ -111.804959453271195, 43.742552889357761 ], [ -111.804879661339911, 43.749914059348207 ], [ -111.804807648048765, 43.757252912018096 ], [ -111.804696260158536, 43.771777032942538 ], [ -111.8046265013149, 43.777607514263778 ], [ -111.804805050613439, 43.786434496664576 ], [ -111.804951652725606, 43.797342655652962 ], [ -111.79800485797648, 43.797295903885043 ], [ -111.797909357306821, 43.79788633031545 ], [ -111.79808055323106, 43.811746437150745 ], [ -111.798062219168145, 43.826130132160394 ], [ -111.778067874738056, 43.826254755934507 ], [ -111.777945762402268, 43.826255689385469 ], [ -111.777938943175656, 43.829663480491128 ], [ -111.777931885529256, 43.833247025016263 ], [ -111.777924694115924, 43.836830564119126 ], [ -111.777917618725539, 43.840414103559191 ], [ -111.777938765081188, 43.844051401512154 ], [ -111.777960775272149, 43.847688715194131 ], [ -111.777982067295426, 43.851321780401662 ], [ -111.778003944038986, 43.854958995703349 ], [ -111.772975100871278, 43.854957034918904 ], [ -111.767947046493177, 43.854950635386714 ], [ -111.76291810261047, 43.854948139355834 ], [ -111.75789002376959, 43.854945797894224 ], [ -111.757905964360248, 43.858542471039328 ], [ -111.757922757119943, 43.862139429090043 ], [ -111.757939544373997, 43.865736384206997 ], [ -111.757956903506908, 43.869337851241568 ], [ -111.757956087231022, 43.869337847823836 ] ] ] } },
{ "type": "Feature", "properties": { "name": "Carey Valley Ground Water District" }, "geometry": { "type": "Polygon", "coordinates": [ [ [ -114.058136981657853, 43.301911798059635 ], [ -114.058080114494118, 43.301911925999427 ], [ -114.056118843240867, 43.301916331296866 ], [ -114.056116055597045, 43.303105358424162 ], [ -114.056115970494488, 43.303141520085255 ], [ -114.05611592793035, 43.303159586958571 ], [ -114.047686458113958, 43.305982095801134 ], [ -114.039519231114511, 43.306114873665535 ], [ -114.03365955837593, 43.305209095325246 ], [ -114.029040799816372, 43.302186756997123 ], [ -114.005990174330591, 43.301862683540321 ], [ -114.005904107480291, 43.287344961182356 ], [ -113.975426592089434, 43.287468629021362 ], [ -113.975708312164485, 43.316646080467983 ], [ -113.995543967860812, 43.316577665584497 ], [ -113.995638705201117, 43.331108215228078 ], [ -113.975711251031825, 43.331252013971508 ], [ -113.975798303029634, 43.345849921921634 ], [ -113.915977891837244, 43.345872830092233 ], [ -113.916031975763303, 43.360420638750824 ], [ -113.896158297120891, 43.360427786383795 ], [ -113.896195765136568, 43.368045867315807 ], [ -113.893024851670148, 43.368041527178661 ], [ -113.893069811324722, 43.382592827864649 ], [ -113.873279734829907, 43.382496719940264 ], [ -113.853331795463177, 43.382664860509301 ], [ -113.833382428842555, 43.381857283848213 ], [ -113.813848059582185, 43.382385729072155 ], [ -113.793851840670669, 43.38247995465057 ], [ -113.774215600728752, 43.382337292194357 ], [ -113.754157569481038, 43.38218198990144 ], [ -113.734052504841287, 43.382133495835909 ], [ -113.734111992752446, 43.411219457171399 ], [ -113.714230144583212, 43.411269900462095 ], [ -113.69434998816952, 43.411232706538868 ], [ -113.694528061300133, 43.396709876059937 ], [ -113.674203038660764, 43.396893463688322 ], [ -113.654684398765681, 43.396568599905542 ], [ -113.635308998924813, 43.396566399678385 ], [ -113.635331199787288, 43.41105380026243 ], [ -113.635354799658785, 43.425522300775619 ], [ -113.635371499886688, 43.440007399899741 ], [ -113.635296301808225, 43.452783500327222 ], [ -113.634576094212818, 43.452783741210752 ], [ -113.634543837422399, 43.467300105767158 ], [ -113.59508745181104, 43.467160506646501 ], [ -113.59497540044741, 43.452648000070795 ], [ -113.57572204199316, 43.452635246343625 ], [ -113.555804085191738, 43.452583924012998 ], [ -113.535916299520167, 43.452548100743989 ], [ -113.535916299854236, 43.449577599728926 ], [ -113.373436501382514, 43.449609299779212 ], [ -113.333861299434858, 43.449648100626085 ], [ -113.294247799736155, 43.449649999624569 ], [ -113.254373699794328, 43.449672999969742 ], [ -113.234474698841893, 43.449685699449773 ], [ -113.234387340131974, 43.425021542501057 ], [ -113.234403013546, 43.410542966923309 ], [ -113.234418660674237, 43.396064335207079 ], [ -113.234434336713008, 43.381585676536773 ], [ -113.234449999570685, 43.367106998735508 ], [ -113.242993800147573, 43.367097900477859 ], [ -113.243146900875772, 43.240710098849057 ], [ -113.243149899218906, 43.22624199979748 ], [ -113.243152201095896, 43.215390898796691 ], [ -113.243152900555998, 43.211773900690481 ], [ -113.24315439975237, 43.204539799322298 ], [ -113.243155899978333, 43.197305699743431 ], [ -113.253040300706431, 43.197284100911695 ], [ -113.262924699591451, 43.197262399835672 ], [ -113.302506199630713, 43.19728182444689 ], [ -113.332214626779574, 43.197282965642017 ], [ -113.337149580906996, 43.197283388279523 ], [ -113.342097395303739, 43.197283315389264 ], [ -113.351995437603961, 43.197282452112042 ], [ -113.361898098752192, 43.197281600098542 ], [ -113.366842999583625, 43.197277399742838 ], [ -113.371787899625403, 43.197273000037157 ], [ -113.413770099879429, 43.197236099629833 ], [ -113.413773483447784, 43.199885424143325 ], [ -113.473080899797495, 43.199863799938662 ], [ -113.675009000407698, 43.199820800110132 ], [ -113.774058398194626, 43.199917800287736 ], [ -113.895826064129707, 43.20006468402638 ], [ -114.01555787002934, 43.200108153305855 ], [ -114.135014241186141, 43.200083619020766 ], [ -114.214283750877172, 43.200152754368766 ], [ -114.256045140173796, 43.200197295002404 ], [ -114.275968191584028, 43.200051477729851 ], [ -114.296182144108613, 43.199990047886253 ], [ -114.336048637028611, 43.199725333420481 ], [ -114.374919399107455, 43.199697201060665 ], [ -114.389790599015541, 43.199654799781953 ], [ -114.394760000810123, 43.199624299579753 ], [ -114.39478933497422, 43.257601118390632 ], [ -114.316233287609251, 43.257847041060401 ], [ -114.315882335374951, 43.272332474508644 ], [ -114.305885275390324, 43.272276404944549 ], [ -114.295927858989458, 43.272479613399483 ], [ -114.295659711794116, 43.286915743702366 ], [ -114.275604424755926, 43.286951358844988 ], [ -114.265737591577022, 43.28696309672911 ], [ -114.255631168467829, 43.286934168534167 ], [ -114.250126866193938, 43.286950188300658 ], [ -114.249592037976811, 43.286951743738264 ], [ -114.245132628645308, 43.286964684680555 ], [ -114.234735526522954, 43.287003956747455 ], [ -114.234593540983937, 43.258123906817282 ], [ -114.214711419057124, 43.258072755053526 ], [ -114.214777541942922, 43.27250208579818 ], [ -114.155209542447878, 43.272555757037118 ], [ -114.155197696048447, 43.258056074337013 ], [ -114.135226790839354, 43.258048561880315 ], [ -114.135147677660669, 43.243540836282371 ], [ -114.095656985179744, 43.243576214543616 ], [ -114.095688360945346, 43.258070590693983 ], [ -114.07583376736676, 43.258099827230758 ], [ -114.075782367069124, 43.287296864146185 ], [ -114.058136981657853, 43.301911798059635 ] ] ] } },
{ "type": "Feature", "properties": { "name": "Raft River Ground Water District" }, "geometry": { "type": "Polygon", "coordinates": [ [ [ -113.000738291949602, 42.220660346816935 ], [ -113.001096450110538, 42.220742705706762 ], [ -113.002713235973388, 42.221753585766365 ], [ -113.003464510989218, 42.222473085621495 ], [ -113.004149423890922, 42.222983174384929 ], [ -113.005014954418499, 42.223373593813491 ], [ -113.006279470810156, 42.223048516877981 ], [ -113.007189246859241, 42.222936222386885 ], [ -113.008074706469145, 42.223264239720159 ], [ -113.009131480988998, 42.222904828483287 ], [ -113.009511544096, 42.222233772286579 ], [ -113.010928668278325, 42.221589819716762 ], [ -113.012917736079245, 42.221028806273559 ], [ -113.014173247185113, 42.220109083985975 ], [ -113.014927553773646, 42.219667015984854 ], [ -113.017372183319821, 42.219608065353093 ], [ -113.018973743207866, 42.219465720083889 ], [ -113.020777080533279, 42.219888456685148 ], [ -113.021584317576369, 42.219889508635852 ], [ -113.022192109865443, 42.219271295696615 ], [ -113.023061775030101, 42.218022974523223 ], [ -113.022916995815848, 42.217099588824603 ], [ -113.023051881528687, 42.216356880873462 ], [ -113.023233319210021, 42.2157868837972 ], [ -113.023341368070206, 42.215556527400523 ], [ -113.025366568432901, 42.215383715919828 ], [ -113.027443761976144, 42.215374759440536 ], [ -113.030642296180375, 42.214432200969227 ], [ -113.032588455432318, 42.213977360681469 ], [ -113.033856450422633, 42.212409641459949 ], [ -113.034885302625568, 42.211823895149216 ], [ -113.037011655644321, 42.211213168663541 ], [ -113.038285996761928, 42.210663015834776 ], [ -113.04043310586944, 42.208477151822329 ], [ -113.041102745492509, 42.206654418048913 ], [ -113.041127245586139, 42.205385586412085 ], [ -113.040759339319223, 42.20393229363583 ], [ -113.04100607795209, 42.20208589624751 ], [ -113.041265608026535, 42.200744236112698 ], [ -113.042708723318881, 42.19877717030203 ], [ -113.043236933989107, 42.197435848314214 ], [ -113.043810906390661, 42.195969872374874 ], [ -113.044868824512776, 42.194385708268442 ], [ -113.047085617645195, 42.193453712424066 ], [ -113.050352167529837, 42.19232393058418 ], [ -113.052234397794734, 42.191533444353539 ], [ -113.05601226064897, 42.189754701853118 ], [ -113.060523907945097, 42.188244156624371 ], [ -113.063239036678411, 42.18618549993046 ], [ -113.065660971720973, 42.185008059854759 ], [ -113.070370187364531, 42.183404873529348 ], [ -113.074288787161876, 42.181819456853177 ], [ -113.076973710353386, 42.179966527061204 ], [ -113.079820283360334, 42.178749422931588 ], [ -113.082203765755878, 42.177939525926192 ], [ -113.083060693160121, 42.177293496005923 ], [ -113.08333190534097, 42.176069189164146 ], [ -113.085794408767413, 42.173704290328715 ], [ -113.088330759141783, 42.170558276064156 ], [ -113.089759034750614, 42.168842241763286 ], [ -113.092090360061206, 42.166724751069275 ], [ -113.092943182900939, 42.165024943480255 ], [ -113.094832767522576, 42.163306581375245 ], [ -113.09738816063755, 42.161313601190102 ], [ -113.09921223705021, 42.159556864971904 ], [ -113.100369584086295, 42.158875981559603 ], [ -113.102229422730389, 42.158912300218319 ], [ -113.103341187574642, 42.158562997023431 ], [ -113.103770180083785, 42.157650027629863 ], [ -113.104490203570307, 42.156269872847901 ], [ -113.105190332505117, 42.155708362358077 ], [ -113.106380132233369, 42.155721862870394 ], [ -113.108050153698059, 42.154508948459103 ], [ -113.110663998614115, 42.153688283019399 ], [ -113.11272847392695, 42.153470110074963 ], [ -113.114707522960757, 42.153843549322552 ], [ -113.117313658679691, 42.15394990451891 ], [ -113.120923058480315, 42.153171704834193 ], [ -113.1226144372433, 42.153508113490915 ], [ -113.125375773451438, 42.152782244513148 ], [ -113.125799230038368, 42.152355280552939 ], [ -113.125507743735795, 42.151219877288867 ], [ -113.124177432375561, 42.150211426137574 ], [ -113.123849503521228, 42.147499064499797 ], [ -113.123076587778868, 42.145627011730987 ], [ -113.122997818806624, 42.144867906268686 ], [ -113.123220473527169, 42.144245144044916 ], [ -113.124673191305106, 42.143222763462006 ], [ -113.125374105738388, 42.141427612475233 ], [ -113.125999224548707, 42.140026048932825 ], [ -113.126446785050675, 42.139104689058456 ], [ -113.126049045402169, 42.137065304991033 ], [ -113.125689958022363, 42.135351286755814 ], [ -113.126001156097132, 42.13488462428684 ], [ -113.125779853062255, 42.133490466540827 ], [ -113.126229635398602, 42.132569193590029 ], [ -113.125440158614722, 42.131083807541977 ], [ -113.124489992594135, 42.129682960818378 ], [ -113.123962715486627, 42.128710677984401 ], [ -113.123831825995396, 42.127454624454394 ], [ -113.123943250232529, 42.125954645429275 ], [ -113.123570690793073, 42.124951527445567 ], [ -113.122849738196749, 42.12399070497942 ], [ -113.122050398386364, 42.122685064677569 ], [ -113.121101247283633, 42.120897061736613 ], [ -113.120635296812452, 42.119053370370175 ], [ -113.120043958425526, 42.117421561766733 ], [ -113.119345629269944, 42.116038222376929 ], [ -113.117968077235247, 42.114352867484193 ], [ -113.115741495709997, 42.1139801084136 ], [ -113.113964166491414, 42.113487644578193 ], [ -113.112338005910189, 42.113378461629921 ], [ -113.110961211014882, 42.112899464192118 ], [ -113.108806640803735, 42.112250041876791 ], [ -113.107910841005108, 42.11213851846189 ], [ -113.106228457327632, 42.111622187318694 ], [ -113.105428919600755, 42.111117785805618 ], [ -113.104230312735453, 42.110500780566113 ], [ -113.103748307445173, 42.109781989217808 ], [ -113.103517469411031, 42.108621666104945 ], [ -113.103911993232956, 42.107608503458891 ], [ -113.103959641284334, 42.105890268799669 ], [ -113.104313135047505, 42.105695241224232 ], [ -113.105501527522676, 42.105312455423075 ], [ -113.106612733840635, 42.104611862070819 ], [ -113.106674659013748, 42.102948126937754 ], [ -113.107417728195003, 42.09992986639157 ], [ -113.106891287758231, 42.097372727841964 ], [ -113.107525468037991, 42.094999052906459 ], [ -113.108001929732623, 42.093898768612192 ], [ -113.107827457294761, 42.093136437413129 ], [ -113.108153715811554, 42.091589798214081 ], [ -113.108245024707145, 42.090521205412962 ], [ -113.108016574480402, 42.088919800712802 ], [ -113.109225167368095, 42.087340049202588 ], [ -113.110978913119681, 42.085625756292828 ], [ -113.111906897086939, 42.083892378803426 ], [ -113.112136077504843, 42.082360453578239 ], [ -113.112339809334742, 42.080539419706383 ], [ -113.111466427879606, 42.078420643589354 ], [ -113.111692978774869, 42.077726016567858 ], [ -113.11261181954481, 42.077343036196133 ], [ -113.113927801807009, 42.077468605326295 ], [ -113.116086369298657, 42.077641044622069 ], [ -113.118973491749486, 42.077801871915334 ], [ -113.120327516463973, 42.077199333621856 ], [ -113.123407833521426, 42.077321636113645 ], [ -113.123935898292714, 42.077492570551719 ], [ -113.126313297416417, 42.078293352059134 ], [ -113.126616550295296, 42.078384530575967 ], [ -113.127268938760707, 42.07836163344426 ], [ -113.128314857133731, 42.078514041789475 ], [ -113.128778953373455, 42.077674337616756 ], [ -113.128281652303272, 42.07685610796284 ], [ -113.128731947805306, 42.076637252353208 ], [ -113.129765729359008, 42.076293989512614 ], [ -113.130765480696226, 42.075841466315147 ], [ -113.131486127179812, 42.075631684951148 ], [ -113.13224299707187, 42.074648813184446 ], [ -113.132101568819792, 42.074049657282721 ], [ -113.13288458113901, 42.074085132027015 ], [ -113.136130299113631, 42.073924498960857 ], [ -113.138390354127765, 42.074018615779487 ], [ -113.140846990023348, 42.073543165724168 ], [ -113.141829371161194, 42.073080987700898 ], [ -113.142914844957474, 42.072424242957531 ], [ -113.143969514610021, 42.070460685881436 ], [ -113.144310612684905, 42.068185013901719 ], [ -113.143768241370964, 42.064754139919906 ], [ -113.141392417489783, 42.059991790342096 ], [ -113.140473602044082, 42.058781275417978 ], [ -113.140465184945469, 42.056214712115043 ], [ -113.139725111726236, 42.054469924820189 ], [ -113.140384723090676, 42.052718249440211 ], [ -113.139309795234539, 42.050773017166748 ], [ -113.140034487582469, 42.049680924276167 ], [ -113.138948772880369, 42.048761856243082 ], [ -113.138856046710089, 42.047129010607456 ], [ -113.139177782999298, 42.046401476371607 ], [ -113.138478963233297, 42.045414449804738 ], [ -113.140238232082964, 42.044321114019816 ], [ -113.139889158275082, 42.042823626975768 ], [ -113.139315125002838, 42.040427104743323 ], [ -113.139309479097832, 42.039391452026244 ], [ -113.138599701764662, 42.038214854308841 ], [ -113.138600028830211, 42.037017410878924 ], [ -113.139056464051833, 42.035537855410382 ], [ -113.139984689418526, 42.034569721623036 ], [ -113.139602350107467, 42.033359274354154 ], [ -113.139405669166933, 42.032659299985362 ], [ -113.139242470264975, 42.030933886910027 ], [ -113.138703785979317, 42.030177305709422 ], [ -113.137862342153326, 42.029365672639543 ], [ -113.138182999486276, 42.028656073521184 ], [ -113.138108886460188, 42.026654586939614 ], [ -113.136437132611277, 42.023995918998594 ], [ -113.136875850576914, 42.022092717225803 ], [ -113.136494677557039, 42.020080894955107 ], [ -113.137271415206314, 42.019080608458353 ], [ -113.13883190404394, 42.018511831953305 ], [ -113.140794773884195, 42.017938591325773 ], [ -113.14295181623703, 42.016507484217861 ], [ -113.144395665670785, 42.015565677178017 ], [ -113.144340890373769, 42.014303153899611 ], [ -113.145463086996315, 42.013701463312394 ], [ -113.145917531917846, 42.012627367111641 ], [ -113.146629604528144, 42.011759803316281 ], [ -113.146396180883215, 42.011040636095402 ], [ -113.144919950484407, 42.010297578356393 ], [ -113.144154129060524, 42.009488452692949 ], [ -113.142868950046463, 42.008742852474768 ], [ -113.143472324240889, 42.007763671269764 ], [ -113.143308127289089, 42.006389435240386 ], [ -113.141893235602595, 42.005585437981743 ], [ -113.141471701690662, 42.005166012088289 ], [ -113.141135484363915, 42.004632458832518 ], [ -113.142339272060013, 42.004294782164806 ], [ -113.142287369804137, 42.003383532686236 ], [ -113.142499440926571, 42.002148049568881 ], [ -113.141577747939422, 42.000649370916534 ], [ -113.141391073336038, 41.998986261658871 ], [ -113.140625406133324, 41.997393614310305 ], [ -113.155770001172399, 41.996434907204048 ], [ -113.235736837646812, 41.995919478896042 ], [ -113.314043442670624, 41.995105656440217 ], [ -113.471656424065102, 41.993545900224476 ], [ -113.588308790872802, 41.991763803490706 ], [ -113.619710852055292, 41.991523284704193 ], [ -113.646482437887656, 41.991327898118676 ], [ -113.679166826282554, 41.990640278482253 ], [ -113.724702855581924, 41.990365174562974 ], [ -113.796019137042151, 41.989381490681765 ], [ -113.834033791358678, 41.988600392940995 ], [ -113.856435984279884, 41.988532410354459 ], [ -113.856214188406611, 41.990021185822904 ], [ -113.855181957674745, 41.991352658895373 ], [ -113.853912897378919, 41.993605172599977 ], [ -113.852849725159359, 41.994728656410629 ], [ -113.849883036574553, 41.995673806896122 ], [ -113.847833942412962, 41.996436946260488 ], [ -113.846102996644021, 41.998244403630707 ], [ -113.843224913934847, 41.99987618718275 ], [ -113.843187699099559, 42.000586605409012 ], [ -113.842877573054764, 42.001334506219905 ], [ -113.842609900057298, 42.001849416051762 ], [ -113.842364639721481, 42.002455056663038 ], [ -113.842506599416026, 42.002729180072564 ], [ -113.842819158338855, 42.002989747816784 ], [ -113.843390699330499, 42.00350989076059 ], [ -113.843734301244069, 42.004194654271338 ], [ -113.843953497254574, 42.004831118757231 ], [ -113.843743365609114, 42.006194140638776 ], [ -113.843709910383296, 42.007372908420493 ], [ -113.843634692875725, 42.008037256429965 ], [ -113.843185379123241, 42.008898392657414 ], [ -113.843007112155462, 42.009568791326998 ], [ -113.842840674326709, 42.010644853539503 ], [ -113.842533046881499, 42.011735006252678 ], [ -113.842325905907941, 42.012476712751536 ], [ -113.841618279867006, 42.013231658097496 ], [ -113.841635634959673, 42.01353832941529 ], [ -113.841611430537156, 42.015077654453755 ], [ -113.841589554893915, 42.016742933811926 ], [ -113.841770688192796, 42.018125700560944 ], [ -113.842196440798659, 42.019650306458814 ], [ -113.84272159123212, 42.020826463872091 ], [ -113.843635095782702, 42.021725071338686 ], [ -113.843762495541327, 42.021953717794794 ], [ -113.843486392208163, 42.022333307026919 ], [ -113.842775696748191, 42.022764015381838 ], [ -113.841675577244715, 42.023291986696336 ], [ -113.841009859881552, 42.023841029195012 ], [ -113.840667588416636, 42.024254856705156 ], [ -113.839884599918093, 42.024746592607642 ], [ -113.839356962761727, 42.025164237421819 ], [ -113.839096688357742, 42.025688435760763 ], [ -113.83908972585877, 42.026651710425973 ], [ -113.839317295781129, 42.027423361681564 ], [ -113.839638981501636, 42.027999602087604 ], [ -113.839557498604194, 42.028726770932515 ], [ -113.839324970957236, 42.029170652094088 ], [ -113.839213474401561, 42.029671909682648 ], [ -113.839061986393176, 42.030163048861169 ], [ -113.839228891198076, 42.030743927586045 ], [ -113.840126223130952, 42.031354046129145 ], [ -113.840620859730535, 42.03237621102172 ], [ -113.841134613692191, 42.033155716014022 ], [ -113.841467635448851, 42.033291065777377 ], [ -113.841706474408582, 42.033801958582956 ], [ -113.842091640058854, 42.034073673657836 ], [ -113.841854491181977, 42.034553368855136 ], [ -113.842010035605668, 42.035467260310391 ], [ -113.841561961975529, 42.035743030267739 ], [ -113.84175899556891, 42.036216782131184 ], [ -113.842078597145317, 42.036594796371702 ], [ -113.841800785889617, 42.03778483037415 ], [ -113.841960918524933, 42.03837456113402 ], [ -113.841709069729262, 42.038988911155933 ], [ -113.841233048933674, 42.039408043325047 ], [ -113.840465533749523, 42.03998128415099 ], [ -113.840142984964572, 42.040323576168916 ], [ -113.839947159602929, 42.040570349812626 ], [ -113.840194192087722, 42.040982394705885 ], [ -113.840403962038607, 42.041348368915926 ], [ -113.840789602735128, 42.041899293223473 ], [ -113.841368140365347, 42.042320522247884 ], [ -113.842618742756997, 42.042760195953001 ], [ -113.843024888212909, 42.04296938364098 ], [ -113.843896436723298, 42.043245700400668 ], [ -113.845056656605053, 42.043601772109767 ], [ -113.845676813248119, 42.044006008512909 ], [ -113.84639791624609, 42.044674240164575 ], [ -113.846476884095765, 42.045279757325027 ], [ -113.846730061585262, 42.045673924269494 ], [ -113.846664676947498, 42.046482598258656 ], [ -113.846885221227623, 42.047416270867501 ], [ -113.847069965992233, 42.048321818069418 ], [ -113.847240615641269, 42.048965875844175 ], [ -113.848159331377047, 42.049774595764092 ], [ -113.848872844385866, 42.050496489433044 ], [ -113.85000222227977, 42.051509176192681 ], [ -113.850550048729659, 42.051884510653686 ], [ -113.851223231993743, 42.05211006165549 ], [ -113.85204950164804, 42.052438889174901 ], [ -113.853135940576863, 42.052784018909215 ], [ -113.853709000055744, 42.053367014520944 ], [ -113.854100458248098, 42.053602811523326 ], [ -113.853765897529925, 42.054079942529839 ], [ -113.853372147444446, 42.054510415793288 ], [ -113.852234180080458, 42.054875403404374 ], [ -113.85143393139343, 42.055195575516308 ], [ -113.850890175249859, 42.055486806869403 ], [ -113.850724450503918, 42.055779443896206 ], [ -113.850499496389119, 42.056205553944061 ], [ -113.849959682449111, 42.056902080052147 ], [ -113.849572333953006, 42.057161705416036 ], [ -113.849276137247116, 42.057045426522826 ], [ -113.848791944982992, 42.057212181329383 ], [ -113.848785810777429, 42.057410177377704 ], [ -113.848272839896623, 42.057765255543153 ], [ -113.847558565275463, 42.058592063533951 ], [ -113.846529117812182, 42.059644450519734 ], [ -113.845341425422617, 42.060368088622376 ], [ -113.843707237602374, 42.061259693911637 ], [ -113.842099043260816, 42.062007839642483 ], [ -113.840372913543348, 42.062626680638466 ], [ -113.839147806858264, 42.063160218616517 ], [ -113.838353753709299, 42.064245934934284 ], [ -113.837684943398244, 42.065236057776332 ], [ -113.837070040723063, 42.065669326137069 ], [ -113.836226083012775, 42.066159327397038 ], [ -113.835367359182243, 42.066657955626333 ], [ -113.835224411649932, 42.067014212058751 ], [ -113.834953537271986, 42.067321872342248 ], [ -113.834808029840445, 42.067497993383959 ], [ -113.834397705724413, 42.067684707819168 ], [ -113.833512532011085, 42.068461781885475 ], [ -113.83284848999746, 42.069172821802027 ], [ -113.832034670868268, 42.069663680619357 ], [ -113.832219655308151, 42.069848866559703 ], [ -113.832464768940213, 42.070008741507024 ], [ -113.832578601492557, 42.070390067654635 ], [ -113.832619249636281, 42.070877464295691 ], [ -113.83270262509447, 42.071924314647198 ], [ -113.833157060365465, 42.072504281089863 ], [ -113.833345576345124, 42.07307675276909 ], [ -113.833533102203901, 42.073451148842302 ], [ -113.83279492132381, 42.074178192061211 ], [ -113.832415519611004, 42.074653996720251 ], [ -113.832700645225188, 42.075121135524363 ], [ -113.832710934707421, 42.075517718613071 ], [ -113.832272358502919, 42.075937708420717 ], [ -113.830800091028124, 42.076950671159146 ], [ -113.829462481139743, 42.077462968441765 ], [ -113.828402673835669, 42.07764080890324 ], [ -113.827333209860583, 42.077755226198292 ], [ -113.826860229321326, 42.077472001823836 ], [ -113.826613387421588, 42.076969935956043 ], [ -113.82651869376275, 42.076228865104483 ], [ -113.825822843217097, 42.07580435946813 ], [ -113.825476952713558, 42.075884749683887 ], [ -113.825291108138515, 42.076564034932304 ], [ -113.825074988980219, 42.077260513978956 ], [ -113.824509060025591, 42.078082265114119 ], [ -113.824278044399975, 42.078832335618571 ], [ -113.823709343118935, 42.079554935261775 ], [ -113.822723968008901, 42.080662267995422 ], [ -113.82088317059133, 42.081772897582013 ], [ -113.819798518908129, 42.082418183028139 ], [ -113.818507262647344, 42.083165789843179 ], [ -113.817713590778695, 42.083512966720555 ], [ -113.81716008162428, 42.084298955273432 ], [ -113.81655560531982, 42.085065720710354 ], [ -113.816439466143166, 42.085377595013291 ], [ -113.816044253090695, 42.085636811335853 ], [ -113.815775774344615, 42.085449352900248 ], [ -113.815154753520062, 42.085008790670436 ], [ -113.814370664367246, 42.083870377712351 ], [ -113.813805327203809, 42.083260323147854 ], [ -113.813234316772949, 42.082785213089934 ], [ -113.812344294197985, 42.082229150616804 ], [ -113.811929950950926, 42.081803475643689 ], [ -113.811944957162837, 42.08120041548873 ], [ -113.811695101815388, 42.080347058960974 ], [ -113.811398320652572, 42.080032609158401 ], [ -113.810413721315058, 42.079536958473675 ], [ -113.808554385950046, 42.079088951571038 ], [ -113.807409991082608, 42.078976066354812 ], [ -113.806396669761767, 42.078623522484165 ], [ -113.805546771487059, 42.078203699423831 ], [ -113.804852368228211, 42.078085290723919 ], [ -113.803800638323693, 42.078191075217653 ], [ -113.803283413990741, 42.078320781020317 ], [ -113.802803470803909, 42.07824424297435 ], [ -113.801989616079865, 42.077663323982698 ], [ -113.80143409254201, 42.077233565477776 ], [ -113.800348244965761, 42.07689702556231 ], [ -113.799454790021699, 42.076773029245757 ], [ -113.798344998359738, 42.077084265408942 ], [ -113.797387248679271, 42.077219569804839 ], [ -113.796856122749574, 42.077204765318143 ], [ -113.795852830013814, 42.077050711424782 ], [ -113.794894349914856, 42.07694281802609 ], [ -113.793685216363116, 42.076890966118917 ], [ -113.793096439429064, 42.077063628801561 ], [ -113.791877174574537, 42.077452706980807 ], [ -113.790625674837756, 42.077759879955877 ], [ -113.789227424180552, 42.077999853055552 ], [ -113.787607944175036, 42.078188596710426 ], [ -113.787252694570626, 42.077998588843741 ], [ -113.784886999777626, 42.078094219989644 ], [ -113.783179262468579, 42.078235520702222 ], [ -113.781626414226835, 42.078597117830967 ], [ -113.780022011132985, 42.078894353284838 ], [ -113.77802002889193, 42.079225203827697 ], [ -113.776333776749709, 42.079474944114686 ], [ -113.774412233341209, 42.079592054358613 ], [ -113.772879765753927, 42.079935982410952 ], [ -113.771639351970279, 42.08037848959431 ], [ -113.769556605511625, 42.080869036291467 ], [ -113.767528176725548, 42.081478218061811 ], [ -113.762732907941242, 42.083008903620915 ], [ -113.761429018161493, 42.083215100577249 ], [ -113.760669834371555, 42.083049638847207 ], [ -113.759982530990655, 42.082759990916585 ], [ -113.758945295447361, 42.082091329209341 ], [ -113.75782844060204, 42.081501436822755 ], [ -113.756905022722862, 42.081313226739923 ], [ -113.755953244700947, 42.081133181788182 ], [ -113.755612980286443, 42.080898426574215 ], [ -113.754997813840461, 42.080430743179058 ], [ -113.754446103992962, 42.079577672982261 ], [ -113.753857924224448, 42.078975646509534 ], [ -113.753044881167824, 42.078493384068409 ], [ -113.751979000107625, 42.077940907735432 ], [ -113.750577050685735, 42.077640013283812 ], [ -113.750198803944613, 42.077755359602214 ], [ -113.74941659726467, 42.077895294729274 ], [ -113.747621251486123, 42.078483673596523 ], [ -113.746041604583056, 42.078880130357348 ], [ -113.744780180658594, 42.078961343176815 ], [ -113.743300140000173, 42.079009403752082 ], [ -113.741696094015538, 42.078891812541514 ], [ -113.74095362073578, 42.078636548333428 ], [ -113.739744491552969, 42.078863264947664 ], [ -113.739525706932824, 42.079334342575834 ], [ -113.739187341840662, 42.080036080035711 ], [ -113.738848192253187, 42.080098494098117 ], [ -113.737762216939473, 42.080319630096895 ], [ -113.736204076833914, 42.080788685811335 ], [ -113.734635872442567, 42.081491442609888 ], [ -113.733675361052576, 42.082418574263791 ], [ -113.733035824391322, 42.083472042642505 ], [ -113.732347646624916, 42.084496895373775 ], [ -113.731858431940125, 42.085374377573409 ], [ -113.731784973640856, 42.086128780470858 ], [ -113.730892553513954, 42.086832714256616 ], [ -113.730443202414904, 42.087567305021366 ], [ -113.730478836915793, 42.088342790552488 ], [ -113.729203213222505, 42.08993625483302 ], [ -113.72836875928536, 42.091470306840222 ], [ -113.727206276041017, 42.093265114005398 ], [ -113.726316419036976, 42.095094825466703 ], [ -113.725511798908599, 42.097214911185155 ], [ -113.725020505294168, 42.098965914038132 ], [ -113.72506069757992, 42.099372216139514 ], [ -113.725098093912479, 42.100688023815792 ], [ -113.725188768132668, 42.101744248344197 ], [ -113.724960337623941, 42.102305127330183 ], [ -113.725307611489427, 42.103017329078519 ], [ -113.726104392034074, 42.104228703980581 ], [ -113.726804780640535, 42.104834019306132 ], [ -113.727372882559024, 42.105354578434756 ], [ -113.727607155123337, 42.106162691859261 ], [ -113.727804045036535, 42.107140851300954 ], [ -113.728096910151493, 42.10795064976417 ], [ -113.72837729178022, 42.108498948717177 ], [ -113.728699768902146, 42.108661195184332 ], [ -113.729472556941985, 42.108791362973697 ], [ -113.730384012382174, 42.108934517271507 ], [ -113.73136141658874, 42.109214463336293 ], [ -113.731674268297638, 42.109421499670106 ], [ -113.731832009721842, 42.109840246658862 ], [ -113.731960653504558, 42.110258149979167 ], [ -113.732283633181169, 42.110933614756256 ], [ -113.732631375492616, 42.111564947745798 ], [ -113.732162636138767, 42.112019875300035 ], [ -113.732379275396269, 42.112368184928521 ], [ -113.732345897269909, 42.112664404974652 ], [ -113.732367772848136, 42.113394470801317 ], [ -113.73255440697146, 42.113777891139499 ], [ -113.732036252650246, 42.114024357758815 ], [ -113.731502522643254, 42.114288306783173 ], [ -113.731295506641203, 42.114435442875276 ], [ -113.731130289092505, 42.114709893023601 ], [ -113.73117612040916, 42.115224493571908 ], [ -113.731436566159488, 42.115763238549775 ], [ -113.732151228414011, 42.116432019448474 ], [ -113.732364289870503, 42.117005411181772 ], [ -113.732450692188252, 42.117313942075725 ], [ -113.732157255367852, 42.117782999996557 ], [ -113.731348769214705, 42.118201033131683 ], [ -113.730843454570206, 42.118708923518412 ], [ -113.730409688000847, 42.119191858904607 ], [ -113.729976403547553, 42.119737769674309 ], [ -113.729771537940451, 42.120263248047031 ], [ -113.729069187973451, 42.121224715552543 ], [ -113.728281335934355, 42.121841481556267 ], [ -113.727403000140114, 42.122572857772134 ], [ -113.726414176271263, 42.12340915566319 ], [ -113.725510279917927, 42.124445970702986 ], [ -113.725211062681879, 42.124833586106355 ], [ -113.724971807094022, 42.125430040321461 ], [ -113.725250191352728, 42.126014366317733 ], [ -113.725456266794552, 42.12688475282215 ], [ -113.725835599028329, 42.12747192251279 ], [ -113.72628867833491, 42.127881108332723 ], [ -113.72610080771976, 42.12839796561066 ], [ -113.725235247728961, 42.129120630277505 ], [ -113.724490205580423, 42.130035879022422 ], [ -113.723874960514394, 42.130747735396156 ], [ -113.723251401923179, 42.131108107813994 ], [ -113.722894874405497, 42.131881234631869 ], [ -113.722215942930305, 42.132708393404371 ], [ -113.722607382520977, 42.133728050625379 ], [ -113.722775692459678, 42.134498223909354 ], [ -113.722998533063546, 42.135684372218321 ], [ -113.723570709462308, 42.136367073302345 ], [ -113.724400436563158, 42.136696959590829 ], [ -113.725730278415085, 42.137068144792956 ], [ -113.72675085956304, 42.137340421792871 ], [ -113.727989653120602, 42.138051143583546 ], [ -113.728566246269921, 42.138337688958806 ], [ -113.731150017035176, 42.139356996549594 ], [ -113.73317845148614, 42.140261318830433 ], [ -113.734840850530659, 42.141533389614189 ], [ -113.736405294314821, 42.14264049060754 ], [ -113.737713798827272, 42.143830365043947 ], [ -113.738605029171552, 42.144603221515347 ], [ -113.739196913312483, 42.145520406149913 ], [ -113.740008848439359, 42.146642068510133 ], [ -113.740482713271149, 42.147943298207707 ], [ -113.740727151458103, 42.148841816591542 ], [ -113.740664900148317, 42.149452279892401 ], [ -113.740697132747869, 42.149894510454239 ], [ -113.740341059088536, 42.150397639693736 ], [ -113.739805959637764, 42.151021808105988 ], [ -113.739050549287541, 42.151594669679795 ], [ -113.738659779200276, 42.152619030430387 ], [ -113.738848968352315, 42.153245826915885 ], [ -113.738468048041582, 42.153712235558807 ], [ -113.738016514773278, 42.154239695582802 ], [ -113.737473119818262, 42.154935532888565 ], [ -113.737125780533503, 42.155691201581696 ], [ -113.736802740852582, 42.157608959908224 ], [ -113.736652445416809, 42.159279647865397 ], [ -113.736241898850878, 42.160672650583273 ], [ -113.735945918060381, 42.161438636337046 ], [ -113.73527829877213, 42.162239086537951 ], [ -113.734489285294927, 42.163297198791554 ], [ -113.733455205660064, 42.16415033429179 ], [ -113.732685021205057, 42.164677524214312 ], [ -113.732469096654043, 42.165373746852389 ], [ -113.732623232318403, 42.166143517242723 ], [ -113.732493891098571, 42.166671212987808 ], [ -113.732285446694561, 42.16747566970357 ], [ -113.731995438767726, 42.168241799652613 ], [ -113.731357552124123, 42.168871947683712 ], [ -113.730575164396143, 42.169849271620009 ], [ -113.730432144719842, 42.170385376053304 ], [ -113.730573246367726, 42.171280925424497 ], [ -113.730700184884242, 42.172662290741478 ], [ -113.730688100292852, 42.173904646325305 ], [ -113.730813967114116, 42.174826684689869 ], [ -113.730553415706026, 42.175593722993369 ], [ -113.730808155085882, 42.176285417510506 ], [ -113.730775607507994, 42.177446032849204 ], [ -113.730699486993288, 42.178263320758461 ], [ -113.73004153354529, 42.179136022451218 ], [ -113.729558648002751, 42.179680541788798 ], [ -113.729049941057497, 42.179801137376408 ], [ -113.728344755110626, 42.179411845266827 ], [ -113.727811504193724, 42.178991293139696 ], [ -113.726553482016996, 42.178694328010138 ], [ -113.72499214417158, 42.17845157389656 ], [ -113.724241049195001, 42.178448152524645 ], [ -113.723467457144878, 42.178831169822075 ], [ -113.723213537981039, 42.179355176138458 ], [ -113.722691337626458, 42.179790510774893 ], [ -113.721497880605213, 42.180044580602811 ], [ -113.720782732194834, 42.18012305394511 ], [ -113.719754182259649, 42.179877655836577 ], [ -113.718785081355648, 42.179624865811405 ], [ -113.718154237814034, 42.179210502461331 ], [ -113.71723736728363, 42.178959093041378 ], [ -113.71614193274452, 42.178531470692604 ], [ -113.715881060497466, 42.178397980888818 ], [ -113.714635997182768, 42.177758887424261 ], [ -113.71368134287809, 42.177335249990577 ], [ -113.7121440964127, 42.177138117313902 ], [ -113.710836477019399, 42.177037657301213 ], [ -113.70978055244592, 42.177088395195966 ], [ -113.709228746865406, 42.177279647969499 ], [ -113.708597733543783, 42.177909687507437 ], [ -113.708211066277755, 42.17847504810981 ], [ -113.707715750238904, 42.179460331962979 ], [ -113.707108880002423, 42.18026231747556 ], [ -113.70663462676184, 42.18102312579213 ], [ -113.705944987117945, 42.181714707501229 ], [ -113.705113609158573, 42.182123064013837 ], [ -113.703845417676376, 42.182392730703967 ], [ -113.702550176785337, 42.18294080452381 ], [ -113.701401933317499, 42.18344794495745 ], [ -113.699784499881844, 42.184418939283262 ], [ -113.698763617115574, 42.185190947406866 ], [ -113.69758611572783, 42.185787403056452 ], [ -113.696716121574411, 42.186176529189311 ], [ -113.695737528346456, 42.186481629476908 ], [ -113.694818516838055, 42.18698628613776 ], [ -113.693785804801863, 42.187208691457535 ], [ -113.692822914954618, 42.18770322326786 ], [ -113.691899381914965, 42.187883616298308 ], [ -113.691109587019255, 42.187644724283345 ], [ -113.689486291793315, 42.18697647603129 ], [ -113.688225834767451, 42.186255716133985 ], [ -113.6877877457609, 42.185918897257636 ], [ -113.68699451666393, 42.185463675221264 ], [ -113.68582905904735, 42.185592064306817 ], [ -113.685048518283111, 42.185938637801115 ], [ -113.683986461500623, 42.185971037392953 ], [ -113.682809528637023, 42.185666779638758 ], [ -113.681906596886222, 42.185361441573768 ], [ -113.681012018728183, 42.185353608763862 ], [ -113.679618957474972, 42.184538804771464 ], [ -113.678847357939489, 42.184012097828088 ], [ -113.678290410439473, 42.183545866608931 ], [ -113.677949717600427, 42.18341889185934 ], [ -113.676186399982839, 42.184727373085039 ], [ -113.675473279189376, 42.185201989091375 ], [ -113.674293579971902, 42.185446953038849 ], [ -113.673608376608271, 42.185787245528182 ], [ -113.672489166517224, 42.186186946324568 ], [ -113.671558115128704, 42.186204970339602 ], [ -113.670621614380465, 42.186105747977869 ], [ -113.669753212093894, 42.1857204108479 ], [ -113.668976536088394, 42.185454596764529 ], [ -113.668193769702995, 42.185485826501647 ], [ -113.667501909595543, 42.185789967551429 ], [ -113.66633077509249, 42.186413350416252 ], [ -113.665521883997869, 42.186659793729362 ], [ -113.665159768057549, 42.186721359486043 ], [ -113.664680163018161, 42.186815509792886 ], [ -113.664081095837574, 42.186599856191307 ], [ -113.662784457463658, 42.186048846475927 ], [ -113.662204669300195, 42.185626727502004 ], [ -113.661547962775302, 42.185436502292852 ], [ -113.660899269292216, 42.185588749431489 ], [ -113.661100816183747, 42.185972677271018 ], [ -113.661678941942, 42.186421885317309 ], [ -113.662907755734238, 42.186916912029538 ], [ -113.664744607781088, 42.187510592662711 ], [ -113.666186832241124, 42.18787681153011 ], [ -113.668115924619855, 42.188212055649778 ], [ -113.669535722024804, 42.188676604274676 ], [ -113.671464349400225, 42.189840160997072 ], [ -113.673370294765178, 42.191012135131061 ], [ -113.673928725143611, 42.19178482055721 ], [ -113.674133352433998, 42.192619260358796 ], [ -113.674304518520458, 42.193632535606859 ], [ -113.674859933524502, 42.194999482381029 ], [ -113.675079768388613, 42.195825309846171 ], [ -113.674966281074262, 42.196551403155709 ], [ -113.674835983677994, 42.197159945561985 ], [ -113.674780940565526, 42.19770762551704 ], [ -113.675397299945899, 42.198121832853957 ], [ -113.676758950372545, 42.199503011034828 ], [ -113.678552703134812, 42.200482493074745 ], [ -113.680570325759447, 42.201666548734728 ], [ -113.682214960477552, 42.202362632880295 ], [ -113.683528117934415, 42.203193014000433 ], [ -113.685535595632587, 42.204016421389078 ], [ -113.686841750570125, 42.204900712928506 ], [ -113.688100733628033, 42.205531488837991 ], [ -113.689724401666652, 42.206217627978319 ], [ -113.690922164117552, 42.207458805649637 ], [ -113.691772184345936, 42.208753285434561 ], [ -113.692181063636511, 42.210151694846068 ], [ -113.692770583039419, 42.211933636973335 ], [ -113.692417895593152, 42.213148047895714 ], [ -113.692152029763534, 42.214257147273578 ], [ -113.691778926530162, 42.21499367535089 ], [ -113.692032353631419, 42.215199249708952 ], [ -113.693176744834432, 42.214214581040224 ], [ -113.694496933459106, 42.213667384501179 ], [ -113.695165609569557, 42.213182402489004 ], [ -113.696240051374147, 42.212556080197828 ], [ -113.696958900446532, 42.211865412519828 ], [ -113.697796823672974, 42.211448267999891 ], [ -113.69930828200512, 42.21094254149979 ], [ -113.700429241192083, 42.210389617586976 ], [ -113.701253154992656, 42.210043969053395 ], [ -113.701925842936006, 42.210135430977559 ], [ -113.702667330293451, 42.210733037192838 ], [ -113.703719233114612, 42.211339674312967 ], [ -113.705056786163752, 42.211909391022147 ], [ -113.706197983810114, 42.21253656844128 ], [ -113.706866260564141, 42.212933993336136 ], [ -113.707347201125188, 42.213235946872722 ], [ -113.708880046324026, 42.216719861359969 ], [ -113.709233959603992, 42.217648405762162 ], [ -113.709824661525872, 42.218547856159653 ], [ -113.710285148479386, 42.219029448304148 ], [ -113.710328254963926, 42.219787069859535 ], [ -113.710378490054779, 42.220725115570687 ], [ -113.710723194443176, 42.221275227887908 ], [ -113.71111863910248, 42.221826733202832 ], [ -113.712270605848687, 42.222553156488665 ], [ -113.713367880030873, 42.223070949921961 ], [ -113.714265359547738, 42.223393826116471 ], [ -113.714937504902665, 42.223557260697227 ], [ -113.715464755660989, 42.223860490819717 ], [ -113.715598490896355, 42.224098503342717 ], [ -113.715802671101969, 42.224671611254834 ], [ -113.716340362477581, 42.225605513252049 ], [ -113.716858542850758, 42.226502846580601 ], [ -113.717045693168046, 42.22682338238252 ], [ -113.71713619476742, 42.227078102901828 ], [ -113.716917105320874, 42.227549053870618 ], [ -113.717020452664684, 42.228488563958308 ], [ -113.717095990237468, 42.228787855705875 ], [ -113.717483372049216, 42.229132175521315 ], [ -113.717507794233583, 42.229430004523337 ], [ -113.717059202079326, 42.229732367784507 ], [ -113.71640237901147, 42.229767544545567 ], [ -113.715302105611897, 42.229970062483318 ], [ -113.714340096082751, 42.230581854949087 ], [ -113.713409909906801, 42.230852325353787 ], [ -113.713337942960891, 42.231273469798424 ], [ -113.712891181974342, 42.231665883236843 ], [ -113.712082717694017, 42.232147098329222 ], [ -113.710312702015329, 42.232789402377357 ], [ -113.709297242808475, 42.233309688024377 ], [ -113.708916378864046, 42.233775991793877 ], [ -113.708521461289052, 42.234331969272354 ], [ -113.707702617613037, 42.235488102943705 ], [ -113.706481153654366, 42.236560526853921 ], [ -113.705586205813162, 42.237453299210216 ], [ -113.705347465672645, 42.237806673568286 ], [ -113.704314424091649, 42.238254186024285 ], [ -113.703923311296023, 42.238305948518693 ], [ -113.704022783434453, 42.238578925316659 ], [ -113.704410238676147, 42.239148373814714 ], [ -113.704547501007568, 42.239764669571386 ], [ -113.704803511713209, 42.240258351298692 ], [ -113.704889362411663, 42.24101720694668 ], [ -113.704954257313716, 42.241721407984407 ], [ -113.704780765611076, 42.242211731505606 ], [ -113.704591786486063, 42.242773572380067 ], [ -113.704979269999512, 42.243180905718134 ], [ -113.705350301700818, 42.243380629697995 ], [ -113.705938062323881, 42.243892819839999 ], [ -113.706734098817549, 42.244501089876309 ], [ -113.707262585803463, 42.244975549216136 ], [ -113.707522034800164, 42.245225993693097 ], [ -113.707640555280534, 42.24630099323349 ], [ -113.707978565705616, 42.24701313510581 ], [ -113.708056711524023, 42.247645739674788 ], [ -113.708107001683985, 42.248322461574716 ], [ -113.707873966651604, 42.248829031769326 ], [ -113.707956130293539, 42.249083596816511 ], [ -113.70815890816246, 42.249962853156681 ], [ -113.708299662799718, 42.250327121849736 ], [ -113.708499882061602, 42.250612103563427 ], [ -113.709020121017915, 42.250834078868337 ], [ -113.709134316302894, 42.251044469279933 ], [ -113.709159250475906, 42.251306348110909 ], [ -113.708921364074754, 42.251713702113726 ], [ -113.708651163404141, 42.252309261066593 ], [ -113.708673123103623, 42.252805155507851 ], [ -113.708757697976608, 42.253113695031814 ], [ -113.708665797410319, 42.253408348118292 ], [ -113.708748187609189, 42.253779785366909 ], [ -113.708977747891637, 42.253948461741729 ], [ -113.709499738152104, 42.254125619568143 ], [ -113.710336780714712, 42.254500864852268 ], [ -113.71096904256332, 42.255005264707421 ], [ -113.711281696314316, 42.255563597856089 ], [ -113.712493583335501, 42.256327674123135 ], [ -113.712892706923199, 42.25687045944435 ], [ -113.713294355284106, 42.257359211231908 ], [ -113.713520850102697, 42.257707926429475 ], [ -113.713868617081232, 42.257798927298751 ], [ -113.714275073081936, 42.257981684913162 ], [ -113.714848156970803, 42.258601379396325 ], [ -113.715162186258226, 42.259033687830637 ], [ -113.715040785412597, 42.259489469898881 ], [ -113.714974124879134, 42.26007281364064 ], [ -113.715084607534934, 42.260526146495835 ], [ -113.714925276598009, 42.261494208394808 ], [ -113.714659855362825, 42.261873782111124 ], [ -113.714539041442265, 42.262113554623859 ], [ -113.714535333281319, 42.262347497886729 ], [ -113.714708625540254, 42.262568653185824 ], [ -113.715083033465248, 42.26272346456544 ], [ -113.715912819265739, 42.263818732108327 ], [ -113.716138109483623, 42.264275373172119 ], [ -113.716768910292046, 42.264968939740143 ], [ -113.716935493256358, 42.265675991322063 ], [ -113.71666288963182, 42.266388573515286 ], [ -113.716510133725279, 42.266906549107283 ], [ -113.716062359465312, 42.267893247174044 ], [ -113.715843999120466, 42.268841601409441 ], [ -113.715657837891314, 42.269790738288847 ], [ -113.715416433840971, 42.270468073701124 ], [ -113.714945628434819, 42.270922845825368 ], [ -113.714478053516402, 42.27108055893973 ], [ -113.713895659097133, 42.271153830461337 ], [ -113.713575773971442, 42.271081755825413 ], [ -113.713282109964496, 42.271244401364335 ], [ -113.712988086101149, 42.271569158269521 ], [ -113.71286751424698, 42.271916794104875 ], [ -113.71251124308327, 42.272428906251669 ], [ -113.712156502980577, 42.272769832526322 ], [ -113.711425549674033, 42.27317222123235 ], [ -113.709988757103446, 42.274031368221678 ], [ -113.7091640769995, 42.27470109108625 ], [ -113.708767318345224, 42.276175422399625 ], [ -113.708321065037751, 42.276874032062118 ], [ -113.707689249212891, 42.278440637634802 ], [ -113.707478791804633, 42.278956975049176 ], [ -113.706920244134125, 42.279427181188261 ], [ -113.706503967664361, 42.280027565229851 ], [ -113.706081967694601, 42.281204052411965 ], [ -113.705984840877861, 42.281876598165503 ], [ -113.705806187624134, 42.282150548489902 ], [ -113.705396320647424, 42.282427001147049 ], [ -113.704665717952835, 42.282559090333606 ], [ -113.703462909426847, 42.283325879767965 ], [ -113.702672362494155, 42.283789342291392 ], [ -113.701995623187145, 42.284229172814001 ], [ -113.701381796306492, 42.284508598664672 ], [ -113.699835290434621, 42.284842294173544 ], [ -113.699337413121555, 42.285125107894991 ], [ -113.69811015841286, 42.285431895512836 ], [ -113.697206516522286, 42.285595002268259 ], [ -113.696160093257063, 42.285654855726222 ], [ -113.695603724499236, 42.285800856961266 ], [ -113.695337585815963, 42.286126345096946 ], [ -113.694740709040403, 42.287279807143527 ], [ -113.694260524644136, 42.288283426511519 ], [ -113.693813704879474, 42.289126006451475 ], [ -113.693196817201382, 42.28954948012305 ], [ -113.692699005712683, 42.289805246334438 ], [ -113.692055737717283, 42.290038808672811 ], [ -113.691499241645403, 42.2903559072736 ], [ -113.691288804712343, 42.290754992804693 ], [ -113.69113798352555, 42.291209964333838 ], [ -113.690548663611295, 42.291724122670054 ], [ -113.689068936285963, 42.293536421945625 ], [ -113.688675213271708, 42.294659724566657 ], [ -113.688054138055065, 42.295452132433084 ], [ -113.686730875699695, 42.296413315993739 ], [ -113.686108153479992, 42.297223860524213 ], [ -113.685721413393466, 42.297842964581022 ], [ -113.685191121386239, 42.298358803742637 ], [ -113.68477815274322, 42.298761120284254 ], [ -113.684331672914851, 42.299495586564291 ], [ -113.684035985943126, 42.299793244358398 ], [ -113.683770531105836, 42.30010984008527 ], [ -113.683760593516269, 42.300730819501624 ], [ -113.683435728141859, 42.301099599874163 ], [ -113.682996377101688, 42.301465107057126 ], [ -113.682783969782676, 42.301936220139581 ], [ -113.682279958619063, 42.302641953048344 ], [ -113.682155476674239, 42.303268665883373 ], [ -113.681963185100187, 42.30455981918211 ], [ -113.681717310754763, 42.305498175651692 ], [ -113.681474401418754, 42.306148480867485 ], [ -113.680973588614691, 42.306512261056959 ], [ -113.680295175410606, 42.307203848676366 ], [ -113.679272279836482, 42.307633429933432 ], [ -113.678012250729395, 42.308164218726553 ], [ -113.677424779199541, 42.308561372546713 ], [ -113.676803053846825, 42.309425905393084 ], [ -113.676290011818836, 42.310536582861523 ], [ -113.675229943501293, 42.311541433815847 ], [ -113.674231421107976, 42.312223775070535 ], [ -113.673638976514837, 42.312836903320466 ], [ -113.672753993481678, 42.313846733074982 ], [ -113.672189400188472, 42.314640760564508 ], [ -113.671627576042326, 42.31519162594978 ], [ -113.6709233589185, 42.315558437254914 ], [ -113.670137320641601, 42.315616548029325 ], [ -113.668944350407429, 42.315608887186691 ], [ -113.668159778385203, 42.315532034989793 ], [ -113.667373074925109, 42.315572253073775 ], [ -113.666238447107418, 42.31557528761202 ], [ -113.665656397114319, 42.315495209666395 ], [ -113.66493107551193, 42.315402043963729 ], [ -113.664033111092181, 42.31511487703095 ], [ -113.663195792232173, 42.314550236681647 ], [ -113.662565986869581, 42.313901486357146 ], [ -113.662050081824418, 42.313229146076019 ], [ -113.661306106962101, 42.312378960826365 ], [ -113.660796035667289, 42.311472611360927 ], [ -113.6602849477256, 42.310476194846942 ], [ -113.659889868180315, 42.309627314973483 ], [ -113.659256722490724, 42.309050586287185 ], [ -113.65896675781876, 42.30896106943068 ], [ -113.658260927647177, 42.309624722820864 ], [ -113.657494324444457, 42.310304794044683 ], [ -113.656730740874693, 42.310705678953063 ], [ -113.655970600692868, 42.310890699469653 ], [ -113.654952436027315, 42.310968976848464 ], [ -113.653524265691885, 42.311134380092248 ], [ -113.651887045349071, 42.311662895373473 ], [ -113.650479661852586, 42.312315079695935 ], [ -113.64968729502948, 42.312697112284084 ], [ -113.649566852484071, 42.313080774096065 ], [ -113.649533102220474, 42.313421920588304 ], [ -113.649873960022447, 42.314044248884692 ], [ -113.650099806450669, 42.314483145386177 ], [ -113.65018217897574, 42.314809589762163 ], [ -113.649738804867496, 42.315300901874082 ], [ -113.649060756970655, 42.315848345625461 ], [ -113.648062585564944, 42.316404513705791 ], [ -113.647297659151405, 42.31702147881839 ], [ -113.646534435072027, 42.317467325327691 ], [ -113.645221157786125, 42.31780719123072 ], [ -113.643644575725489, 42.318031114710664 ], [ -113.641744963680111, 42.318506601416161 ], [ -113.641219260269324, 42.318788370511605 ], [ -113.641096735007906, 42.319126984821061 ], [ -113.640949399993985, 42.319293700211659 ], [ -113.640567990501026, 42.319408600880806 ], [ -113.639957621754021, 42.319372630231705 ], [ -113.639489036137718, 42.319611087186068 ], [ -113.638756576109273, 42.319967762594892 ], [ -113.638515818713699, 42.320419985126797 ], [ -113.638334364964138, 42.320846924793308 ], [ -113.637772928748817, 42.321532858269578 ], [ -113.637065734794859, 42.322106311066392 ], [ -113.635993741198192, 42.321750686501787 ], [ -113.635646583298353, 42.321578325840967 ], [ -113.635067678890621, 42.321345279241321 ], [ -113.634224135715527, 42.321230435391044 ], [ -113.633644951747243, 42.321177363099054 ], [ -113.632602545299022, 42.320696558268317 ], [ -113.630984525641765, 42.319946522176643 ], [ -113.629300139605775, 42.319653875277623 ], [ -113.627822293351883, 42.319196103429711 ], [ -113.627041815614604, 42.318813056134097 ], [ -113.625851698700544, 42.318570795488682 ], [ -113.625009206779694, 42.318798121760054 ], [ -113.624713907646466, 42.319095625719477 ], [ -113.62393272207072, 42.319342705124278 ], [ -113.623157976232037, 42.319527038327159 ], [ -113.622363452965871, 42.319719745318523 ], [ -113.622046299776045, 42.319611329157297 ], [ -113.621794037358711, 42.31918059355759 ], [ -113.622157383130386, 42.318795089047661 ], [ -113.622343921920304, 42.318296283860981 ], [ -113.623206337962586, 42.317781548358703 ], [ -113.623656481349116, 42.317083360472786 ], [ -113.624052343024786, 42.316455773919969 ], [ -113.624161233148243, 42.315747458435105 ], [ -113.623690952982784, 42.315121393504576 ], [ -113.622959442478546, 42.314172354763471 ], [ -113.622910246267253, 42.313648567967157 ], [ -113.62271215032824, 42.312787262931202 ], [ -113.622190013096287, 42.311835391588879 ], [ -113.621575067393366, 42.311439060800197 ], [ -113.620961809531735, 42.311267887138087 ], [ -113.619890792387892, 42.311173294279975 ], [ -113.619683366272369, 42.310734962154015 ], [ -113.61931758709575, 42.310147782499833 ], [ -113.619289817311071, 42.309597750732081 ], [ -113.61875242948399, 42.308672408728981 ], [ -113.618513241256437, 42.307971944294025 ], [ -113.617688675648651, 42.307263196070366 ], [ -113.617609304366823, 42.306846677301564 ], [ -113.616669533861014, 42.306755869225519 ], [ -113.615493079128711, 42.306306967493867 ], [ -113.615071619950385, 42.305907309912826 ], [ -113.613514025198114, 42.305663123901105 ], [ -113.611866591304519, 42.305848517546124 ], [ -113.610157985442754, 42.306482441476071 ], [ -113.609851858774107, 42.306689386949039 ], [ -113.609511656112176, 42.30664333778072 ], [ -113.60872574931102, 42.306322908845047 ], [ -113.60825483453749, 42.306200842752311 ], [ -113.607846542782482, 42.306251936083136 ], [ -113.607384251258352, 42.306328172931153 ], [ -113.606717110203917, 42.306785622767002 ], [ -113.606358737291359, 42.307342354710833 ], [ -113.605750232416383, 42.308242852892633 ], [ -113.604974249328691, 42.309363420911943 ], [ -113.604329399526733, 42.310127708351715 ], [ -113.603530612472184, 42.310887377446562 ], [ -113.603260852222064, 42.311815910447237 ], [ -113.602899939362445, 42.312525585498115 ], [ -113.602244397186766, 42.313532707967397 ], [ -113.601510350750715, 42.314717566603143 ], [ -113.600680155650338, 42.316349720814749 ], [ -113.600534716856004, 42.317038889758685 ], [ -113.600487244919222, 42.317946798832722 ], [ -113.600934391306467, 42.318599474011599 ], [ -113.60101767048333, 42.318863053939452 ], [ -113.601070176846235, 42.319314951486696 ], [ -113.600775407251746, 42.319630267322211 ], [ -113.600727020646531, 42.319844980026183 ], [ -113.600128036737374, 42.320169365521792 ], [ -113.599614024333064, 42.320370210134435 ], [ -113.598994297260163, 42.320495959737208 ], [ -113.597770869606194, 42.320612552573003 ], [ -113.597128837638905, 42.320548521990609 ], [ -113.595828960771698, 42.320284736597628 ], [ -113.594893508137886, 42.320085972653843 ], [ -113.59364662912337, 42.320192869617941 ], [ -113.592968495802594, 42.319965591080255 ], [ -113.592140274786104, 42.319607748613215 ], [ -113.591317077942506, 42.319295229760925 ], [ -113.591135148643247, 42.318344148484805 ], [ -113.590437572741195, 42.317612019094902 ], [ -113.589810540014113, 42.316647945770818 ], [ -113.589166996698438, 42.31624163070309 ], [ -113.588627742362519, 42.316126416330881 ], [ -113.587674226585676, 42.316035039497891 ], [ -113.587037967034874, 42.316025010047994 ], [ -113.586735005018085, 42.31596199953929 ], [ -113.585590788574464, 42.316153049617995 ], [ -113.584571082810214, 42.315978523289075 ], [ -113.583642674729617, 42.31576182120773 ], [ -113.582822161511615, 42.315287140309003 ], [ -113.582279445225424, 42.31466753825417 ], [ -113.581611463747649, 42.313954317887621 ], [ -113.580486629229526, 42.313515519298505 ], [ -113.579915553213183, 42.313174148057449 ], [ -113.579339892265295, 42.312724823812601 ], [ -113.578877232307534, 42.312503881718833 ], [ -113.57803306912902, 42.312514708338043 ], [ -113.577088548271149, 42.312675591124446 ], [ -113.575866446114603, 42.313062281315275 ], [ -113.574955455897154, 42.313422249703947 ], [ -113.573792267047267, 42.313504474234193 ], [ -113.572818402888018, 42.313403330107896 ], [ -113.571810872444374, 42.313346237979331 ], [ -113.570740149086959, 42.313548249658126 ], [ -113.569570680297801, 42.313882440428898 ], [ -113.568071155735694, 42.314125596025988 ], [ -113.56710465828553, 42.314276742877283 ], [ -113.566007493913119, 42.314018734057065 ], [ -113.565202899347014, 42.313787575709924 ], [ -113.563799877082175, 42.3136733270006 ], [ -113.562085888784253, 42.314108234332835 ], [ -113.561512662502167, 42.314307134906784 ], [ -113.560586663220633, 42.314738558374955 ], [ -113.560220619170153, 42.314916574688297 ], [ -113.559389249696395, 42.314936601125197 ], [ -113.558830534309465, 42.31479387153896 ], [ -113.557999545164961, 42.314867926241348 ], [ -113.556568885681529, 42.315338180425442 ], [ -113.555505979928952, 42.315495330214318 ], [ -113.554358131236484, 42.315865896394918 ], [ -113.554084904884533, 42.315785747689972 ], [ -113.553296695470038, 42.315599883117031 ], [ -113.552397188398089, 42.315707966186935 ], [ -113.551950996371787, 42.315847647154442 ], [ -113.551642571758336, 42.316450698929849 ], [ -113.55161543414664, 42.316746951650913 ], [ -113.55134739533149, 42.317216193185061 ], [ -113.551346281775693, 42.317585301027393 ], [ -113.551105304203872, 42.317875228368983 ], [ -113.550199437854516, 42.318019011900184 ], [ -113.549168160283529, 42.318411090786796 ], [ -113.54803717892591, 42.318638264000093 ], [ -113.547511797551948, 42.319027536696851 ], [ -113.54655809988698, 42.319701200314633 ], [ -113.545933728718026, 42.31982636282347 ], [ -113.544718386823916, 42.31986178873489 ], [ -113.543423585947494, 42.319453473669569 ], [ -113.541768271700164, 42.319601661109836 ], [ -113.540799390698609, 42.319851504354105 ], [ -113.538951481723927, 42.3200928821324 ], [ -113.537898272870038, 42.320565263580541 ], [ -113.536364558392989, 42.321293212195478 ], [ -113.535178109312895, 42.321725627896008 ], [ -113.533541523859995, 42.322099348953557 ], [ -113.53177718463472, 42.322514178386371 ], [ -113.530624363928169, 42.322803429928776 ], [ -113.53027853062919, 42.323000148665102 ], [ -113.528913473518216, 42.323165803963953 ], [ -113.527471877438714, 42.323725428552812 ], [ -113.525709525032056, 42.324167190100098 ], [ -113.524317181570424, 42.324827312245965 ], [ -113.522746189082355, 42.325634993146551 ], [ -113.520972105060793, 42.326211444598201 ], [ -113.519766779446854, 42.326805168762036 ], [ -113.51800221868919, 42.327219783874703 ], [ -113.516788437127317, 42.32762417110353 ], [ -113.514702954864191, 42.328137013620605 ], [ -113.513300037993005, 42.328274318892596 ], [ -113.512270299764509, 42.328612175195367 ], [ -113.510916675950497, 42.32923725848088 ], [ -113.509759131960564, 42.329715267529146 ], [ -113.50812984673442, 42.330079790639111 ], [ -113.506831321246025, 42.330247298074156 ], [ -113.505420562392487, 42.330312283682694 ], [ -113.504806450916675, 42.330266571394752 ], [ -113.503408443248006, 42.33063807710883 ], [ -113.502596403769374, 42.330775417601075 ], [ -113.501311715604146, 42.330916185152105 ], [ -113.500566534401017, 42.330848491430849 ], [ -113.500317999293401, 42.331002904608361 ], [ -113.499677278819277, 42.331631663508084 ], [ -113.498686190617335, 42.331862619458207 ], [ -113.498094112794874, 42.332096579407029 ], [ -113.49717237773099, 42.33190622629197 ], [ -113.496282461766015, 42.331437800437193 ], [ -113.495401226036265, 42.33083459694182 ], [ -113.494891236549336, 42.33000857220572 ], [ -113.494434666565596, 42.329994598159345 ], [ -113.493963113452281, 42.329863054297128 ], [ -113.493439915058488, 42.329739021107812 ], [ -113.492956033579077, 42.330102333451329 ], [ -113.492558040626832, 42.330162207103946 ], [ -113.491567906240533, 42.330086897934549 ], [ -113.490235597773577, 42.329829936355083 ], [ -113.488881413465137, 42.329185174662584 ], [ -113.487445401274115, 42.328717903777559 ], [ -113.487165893292357, 42.328574244839089 ], [ -113.486178115322019, 42.328399971093603 ], [ -113.484247249833004, 42.32806145268512 ], [ -113.482906059523685, 42.32778607184202 ], [ -113.48183790077411, 42.327519226896136 ], [ -113.481320088515801, 42.327575424660786 ], [ -113.480972541449873, 42.327681784047151 ], [ -113.480379380792144, 42.327951673128013 ], [ -113.480148877398307, 42.328214620112583 ], [ -113.479953270541358, 42.328568911805171 ], [ -113.479387813680077, 42.329064778476386 ], [ -113.47913393986785, 42.329309041242112 ], [ -113.478748535104373, 42.329405232287868 ], [ -113.478505904357661, 42.329298869220985 ], [ -113.47784328368914, 42.329251385155331 ], [ -113.477353526614138, 42.32939845813533 ], [ -113.476892523437328, 42.329645431715669 ], [ -113.476810955891708, 42.329967027192751 ], [ -113.476938048144319, 42.330466179958158 ], [ -113.477104333862769, 42.330813392663067 ], [ -113.476990836489506, 42.331143146225429 ], [ -113.476790707489485, 42.331308142886378 ], [ -113.476074986538521, 42.331349060639319 ], [ -113.475289713283473, 42.331360947795488 ], [ -113.473637036179639, 42.331499158682597 ], [ -113.471949097055571, 42.331951410990179 ], [ -113.470665763126462, 42.33255129417649 ], [ -113.469679945508062, 42.33295299911218 ], [ -113.468201732642257, 42.333177495432061 ], [ -113.467597157594327, 42.333708160250069 ], [ -113.467241127760559, 42.334003427063692 ], [ -113.46769664862326, 42.334323570689968 ], [ -113.467309972656309, 42.334653875052119 ], [ -113.466936256723628, 42.335155636183828 ], [ -113.466179208778684, 42.335501380770154 ], [ -113.465029096266278, 42.336033149895897 ], [ -113.464685538784209, 42.336553899420359 ], [ -113.463637934151294, 42.337160854789268 ], [ -113.463255744979136, 42.337761350117461 ], [ -113.462875295775945, 42.338334832160001 ], [ -113.462935313655478, 42.338859015954874 ], [ -113.462125225927167, 42.339455248964342 ], [ -113.460830305510413, 42.33978450196647 ], [ -113.459689509929717, 42.340100395563553 ], [ -113.458828166522736, 42.340740126870976 ], [ -113.458653625794696, 42.341184964035008 ], [ -113.457327612671648, 42.342386496467739 ], [ -113.456785390045127, 42.342792860336012 ], [ -113.456582625188361, 42.343164809266575 ], [ -113.456554253700347, 42.343902329260352 ], [ -113.45665849547035, 42.344571947631692 ], [ -113.456335637253204, 42.345318344761836 ], [ -113.455812483135077, 42.345797405760905 ], [ -113.455520382130473, 42.346319638176354 ], [ -113.456183281665986, 42.346529222501438 ], [ -113.45682737921156, 42.347071375210234 ], [ -113.457187372335085, 42.347298654483865 ], [ -113.457828830964672, 42.347444520511345 ], [ -113.458151114208277, 42.347733675738247 ], [ -113.459769672760714, 42.348440975871824 ], [ -113.46048729002797, 42.349264612374576 ], [ -113.461322542735189, 42.349911772627586 ], [ -113.462159647527798, 42.350432848533025 ], [ -113.462983339763383, 42.350926557152377 ], [ -113.46370312560461, 42.351236978417695 ], [ -113.464167878669713, 42.351287277974642 ], [ -113.464715342147244, 42.351160091789104 ], [ -113.465205371497944, 42.351004209227646 ], [ -113.46603829728609, 42.351128971666718 ], [ -113.466360634025719, 42.351508024212769 ], [ -113.466659838863251, 42.351751455599434 ], [ -113.467240355992573, 42.352201503388976 ], [ -113.467901148532363, 42.352582124595415 ], [ -113.468763992600685, 42.352851805744628 ], [ -113.469373138846336, 42.352789615200351 ], [ -113.469702710180357, 42.352763699351883 ], [ -113.470063689542911, 42.352612827929114 ], [ -113.470427704096664, 42.352551889649071 ], [ -113.470588014497295, 42.352709956208628 ], [ -113.470890441063389, 42.353565663103765 ], [ -113.47080798801845, 42.354706803305227 ], [ -113.470693128039414, 42.355099303519047 ], [ -113.47048176575484, 42.356407444658544 ], [ -113.470705682519537, 42.357756153926388 ], [ -113.47075539602298, 42.358793206889516 ], [ -113.470629455268963, 42.359779774919403 ], [ -113.470435821911494, 42.360061868392556 ], [ -113.470228151142322, 42.360838948261488 ], [ -113.469940347710562, 42.361667442064594 ], [ -113.470022298734818, 42.362390416817576 ], [ -113.470075189847606, 42.363049230333949 ], [ -113.470772462097571, 42.363620114601822 ], [ -113.471079033290948, 42.364169774896304 ], [ -113.47149366736285, 42.364776921931814 ], [ -113.471548768149844, 42.365174709561394 ], [ -113.471267110652789, 42.366084570781673 ], [ -113.471023612840213, 42.366968574325753 ], [ -113.47086236983067, 42.367818901374065 ], [ -113.470655661049463, 42.368298786602452 ], [ -113.470762213274213, 42.36889649225801 ], [ -113.471111913462934, 42.369375427521227 ], [ -113.470873099646525, 42.369791276891725 ], [ -113.47080101288303, 42.370329338381183 ], [ -113.470759061602237, 42.371615743246842 ], [ -113.470598027563383, 42.372259072545582 ], [ -113.470548404058476, 42.373193924786094 ], [ -113.470716210996429, 42.374000599961597 ], [ -113.470433665970702, 42.374919319141036 ], [ -113.470461749759622, 42.37510027304706 ], [ -113.470139727237097, 42.375477601824038 ], [ -113.46972875101541, 42.375870137450789 ], [ -113.46914381835731, 42.376095254517914 ], [ -113.468705287512151, 42.376333711414127 ], [ -113.468499749784726, 42.376759560302766 ], [ -113.46823265307728, 42.377282642451348 ], [ -113.46814239466309, 42.377811187933858 ], [ -113.468051756792832, 42.378294559962882 ], [ -113.467873839632688, 42.378595296003752 ], [ -113.467171136052826, 42.37927592716057 ], [ -113.466966043960838, 42.379467758762573 ], [ -113.467397043160361, 42.380390489067644 ], [ -113.468057188679424, 42.381779498351762 ], [ -113.468485630997051, 42.382918357944291 ], [ -113.468684636563282, 42.383626817340989 ], [ -113.468477399499022, 42.384250790332267 ], [ -113.468589349764741, 42.384749455105883 ], [ -113.468614613687365, 42.385263478511369 ], [ -113.468873297140647, 42.385739605412084 ], [ -113.469158238262921, 42.386792942105195 ], [ -113.469098647294771, 42.387016268583778 ], [ -113.468541919821135, 42.387395176993643 ], [ -113.468161829281996, 42.387716646780092 ], [ -113.468187020151092, 42.388059695786424 ], [ -113.468272255912737, 42.388485485091792 ], [ -113.468351396411762, 42.389721506694109 ], [ -113.46831934670017, 42.390188827096935 ], [ -113.468639088011315, 42.390450640127291 ], [ -113.469131762405809, 42.390645989935607 ], [ -113.469508822095378, 42.39086472447665 ], [ -113.469711359189176, 42.390979081461865 ], [ -113.469739143158165, 42.391196057720705 ], [ -113.469708548135813, 42.391492270846236 ], [ -113.469853316132557, 42.391703737876043 ], [ -113.469996338789542, 42.391852295039833 ], [ -113.469758645234634, 42.392484290786555 ], [ -113.468732466028072, 42.39359614321954 ], [ -113.468082652055912, 42.394737736381224 ], [ -113.467753190646505, 42.396069237951359 ], [ -113.46760351906201, 42.396884008087142 ], [ -113.467014104269381, 42.397613288273966 ], [ -113.466079319305962, 42.398142683861124 ], [ -113.465582314197789, 42.39836143664747 ], [ -113.465492934682047, 42.398601789156409 ], [ -113.46569501778518, 42.398950166569385 ], [ -113.466243827592706, 42.399606503024444 ], [ -113.466590785473471, 42.399887305758497 ], [ -113.466817297235622, 42.400758705695303 ], [ -113.467133718946698, 42.401506831019049 ], [ -113.467423517095952, 42.401812974908637 ], [ -113.467566926516739, 42.402186546117832 ], [ -113.467446564541376, 42.402588020186698 ], [ -113.467353054311204, 42.403494658929183 ], [ -113.467112849294807, 42.404324626668583 ], [ -113.46728518516214, 42.404870149782283 ], [ -113.467166032845782, 42.405217734419047 ], [ -113.467249000353334, 42.405733572615226 ], [ -113.467451725063682, 42.406009901576688 ], [ -113.467653306969538, 42.406421313833761 ], [ -113.467734602552767, 42.407135136009934 ], [ -113.467640700650151, 42.408266780774674 ], [ -113.467867792910397, 42.408985218814905 ], [ -113.46780488743974, 42.409775624523739 ], [ -113.467854948994017, 42.411217800690956 ], [ -113.468281292019682, 42.412716884047121 ], [ -113.468677881432484, 42.414412833341807 ], [ -113.468959524424065, 42.415601099286597 ], [ -113.469237514842092, 42.417581732684141 ], [ -113.469347850494401, 42.418458496796802 ], [ -113.469169135600922, 42.419020261656676 ], [ -113.469224033222517, 42.419625322678016 ], [ -113.469307190718908, 42.420033087364288 ], [ -113.469158090472433, 42.420685752205884 ], [ -113.469241854197591, 42.421111531610123 ], [ -113.469562513084483, 42.421283567262243 ], [ -113.46982279333703, 42.421498664000715 ], [ -113.46990709346484, 42.421951463247254 ], [ -113.470073418430189, 42.423217289564313 ], [ -113.470273933029304, 42.423763640096489 ], [ -113.4705923290973, 42.42393566324764 ], [ -113.470965116455773, 42.4248655614334 ], [ -113.471280415180487, 42.425676569298041 ], [ -113.47121737954491, 42.426395066821513 ], [ -113.471096539435038, 42.427120614868343 ], [ -113.470977743373496, 42.427423173953734 ], [ -113.471180097727853, 42.427663609410217 ], [ -113.471148882851324, 42.427941665765857 ], [ -113.471001372186592, 42.428225376170872 ], [ -113.471114782577516, 42.428651994746055 ], [ -113.471521621868106, 42.428700590412937 ], [ -113.472191966199517, 42.428766157753614 ], [ -113.472860195783568, 42.429173939610443 ], [ -113.473292589107814, 42.429889791513162 ], [ -113.473694014197008, 42.430856540497466 ], [ -113.474357982657096, 42.431867410905774 ], [ -113.474789189383458, 42.432457026703943 ], [ -113.474874756910182, 42.432945991586038 ], [ -113.47472371683277, 42.433742608947064 ], [ -113.474367712802419, 42.434515065373333 ], [ -113.474367421417739, 42.434731206795021 ], [ -113.474152073668463, 42.436399415500375 ], [ -113.473853189152464, 42.437425706031227 ], [ -113.47346745095426, 42.438206184738377 ], [ -113.472617744587353, 42.43903532723234 ], [ -113.472381336107105, 42.439676474543944 ], [ -113.472374444544158, 42.440495702326011 ], [ -113.472401727706, 42.440775574874408 ], [ -113.472691876888518, 42.440973775303192 ], [ -113.473564759941283, 42.441279628664724 ], [ -113.474174256754225, 42.441820673287999 ], [ -113.474697216321445, 42.442169941934957 ], [ -113.474957065624963, 42.442358006547387 ], [ -113.474983757099096, 42.442710063670248 ], [ -113.47495300765182, 42.443024286709374 ], [ -113.474657861582642, 42.443420460868012 ], [ -113.474332948046026, 42.444103703255379 ], [ -113.474063666519385, 42.445220891366446 ], [ -113.474115909505855, 42.446059950679022 ], [ -113.474227037010124, 42.446855796633585 ], [ -113.474221832767341, 42.447567100624241 ], [ -113.474044439924285, 42.448056827956968 ], [ -113.474126002303649, 42.448662570668205 ], [ -113.474065093253216, 42.44921897000107 ], [ -113.473859646233507, 42.449518880885591 ], [ -113.47333096437319, 42.449934804237934 ], [ -113.473239648917172, 42.450400160197916 ], [ -113.473438012790965, 42.451396788950483 ], [ -113.473077515968569, 42.453051518326831 ], [ -113.472307109102488, 42.454819605683532 ], [ -113.471128803176256, 42.456458174114566 ], [ -113.470276917121595, 42.45742237409678 ], [ -113.47027159413895, 42.457962423209885 ], [ -113.470561890672201, 42.458421518713394 ], [ -113.470763275943483, 42.458878091967144 ], [ -113.47069936326865, 42.459515387307377 ], [ -113.470607784272644, 42.460187874130796 ], [ -113.470747161777169, 42.460966544412898 ], [ -113.470451067992485, 42.461731804566185 ], [ -113.470273070426813, 42.462464681417806 ], [ -113.469974075383035, 42.46330183254971 ], [ -113.469822134788998, 42.464008655131472 ], [ -113.469324387714991, 42.464524471079166 ], [ -113.468971191096941, 42.464936825691403 ], [ -113.469170983091345, 42.46567229484485 ], [ -113.468843453776387, 42.466553636506475 ], [ -113.468779199940116, 42.467407069834692 ], [ -113.468803725495945, 42.468101200339703 ], [ -113.468769424956676, 42.468739474643669 ], [ -113.468385172524336, 42.469582979904899 ], [ -113.467446730112172, 42.470328362086626 ], [ -113.466772114611345, 42.470802816971108 ], [ -113.465747451300771, 42.471401437282957 ], [ -113.464836209769885, 42.472426810478062 ], [ -113.463923552525799, 42.473614275544954 ], [ -113.463242639841667, 42.474727816693893 ], [ -113.462592666764778, 42.476220449936548 ], [ -113.461766469183004, 42.477599536766682 ], [ -113.46123043110201, 42.479275909328798 ], [ -113.461195828058763, 42.479851137499189 ], [ -113.461367733501618, 42.480198531228389 ], [ -113.461336417725633, 42.480656839822842 ], [ -113.460690766763406, 42.481105080678894 ], [ -113.460337700668418, 42.481661501040463 ], [ -113.460248783767796, 42.481919859778465 ], [ -113.460391803789207, 42.482266274060393 ], [ -113.460765720547457, 42.482998214641142 ], [ -113.461313778902209, 42.483996645684513 ], [ -113.46180480975066, 42.484642169698859 ], [ -113.461946991888126, 42.485087783893128 ], [ -113.461885807248379, 42.485482206695977 ], [ -113.461737501889928, 42.485837664398893 ], [ -113.4618524297764, 42.486003405904839 ], [ -113.462203229045315, 42.485978176316962 ], [ -113.462727743673867, 42.48600343468722 ], [ -113.463279818742976, 42.486362597838514 ], [ -113.463773566442811, 42.486873038835839 ], [ -113.464321801082519, 42.487682473974587 ], [ -113.464637176029029, 42.488421443135223 ], [ -113.464835757153267, 42.489301005899854 ], [ -113.465154296732464, 42.48967117210826 ], [ -113.465408446487601, 42.490813428254292 ], [ -113.46526067608653, 42.491196050756841 ], [ -113.465253987272476, 42.491979247309061 ], [ -113.46536553147287, 42.492811121752084 ], [ -113.465362669482872, 42.493324301683629 ], [ -113.465796802859543, 42.493787877021738 ], [ -113.465911817365708, 42.49412472678592 ], [ -113.466054355935228, 42.49453431344449 ], [ -113.466779342121782, 42.495141927489456 ], [ -113.46712703698509, 42.495665884968787 ], [ -113.467385079211027, 42.496268084547573 ], [ -113.467411202237173, 42.496863155843997 ], [ -113.467319847659056, 42.497319636753048 ], [ -113.467200285594856, 42.497694089934967 ], [ -113.467430594620183, 42.498070452110319 ], [ -113.467459016065561, 42.49839535666775 ], [ -113.467719149686658, 42.498574572912453 ], [ -113.468125591615561, 42.498812160911967 ], [ -113.468356279953383, 42.499413668180551 ], [ -113.468724652892135, 42.499925192850142 ], [ -113.46970193952852, 42.501292002524181 ], [ -113.470681122214643, 42.502078636191733 ], [ -113.47172711378137, 42.503425482314761 ], [ -113.471718313681762, 42.504379782463637 ], [ -113.472145867037767, 42.506905086248523 ], [ -113.47319448318423, 42.508315112260135 ], [ -113.473865201553636, 42.509434359151143 ], [ -113.474308231956996, 42.510672589218409 ], [ -113.474439244875896, 42.512468454176037 ], [ -113.475164114918755, 42.515669279551147 ], [ -113.476068284299913, 42.516453552349887 ], [ -113.477801257626467, 42.517578334114312 ], [ -113.479079705105974, 42.518653179130119 ], [ -113.479970062678561, 42.520562525703099 ], [ -113.480635434532203, 42.522356865096803 ], [ -113.481378229218762, 42.523811438913341 ], [ -113.48241499119338, 42.526346488872299 ], [ -113.482406105299674, 42.52723774606644 ], [ -113.483003891654207, 42.528201538463584 ], [ -113.483368739860865, 42.529545336552403 ], [ -113.483432051681817, 42.530726934363571 ], [ -113.483268320175014, 42.531847420766205 ], [ -113.482424325939363, 42.532676930905716 ], [ -113.480819327826907, 42.533680991663083 ], [ -113.479147121289429, 42.533791740444968 ], [ -113.478354756467681, 42.533895217864419 ], [ -113.477262154169409, 42.534043898587754 ], [ -113.475932685443468, 42.534212732352898 ], [ -113.475814543507937, 42.534234002231372 ], [ -113.474156886321381, 42.535056485937162 ], [ -113.473415368730954, 42.535445957634749 ], [ -113.472851372896415, 42.535902237488884 ], [ -113.471931267100203, 42.536618746184487 ], [ -113.471646263056812, 42.54640309312078 ], [ -113.471829831315347, 42.560914246963662 ], [ -113.471739620437702, 42.574971050059922 ], [ -113.432210735672001, 42.578727305192601 ], [ -113.423548410663159, 42.579617806342782 ], [ -113.392330675674827, 42.582583910917442 ], [ -113.375838579333944, 42.584269048229913 ], [ -113.355093256232109, 42.586305750686961 ], [ -113.354753815345845, 42.603921394401347 ], [ -113.354440480093288, 42.618691620413102 ], [ -113.354313243024265, 42.63313837157299 ], [ -113.354681074003068, 42.647773056642343 ], [ -113.354987763583367, 42.662359375892258 ], [ -113.354558979049472, 42.670436404812484 ], [ -113.354155046248721, 42.67038063594768 ], [ -113.351998876150262, 42.670083085163775 ], [ -113.340920534544139, 42.657585358188591 ], [ -113.329369790739023, 42.644547514604305 ], [ -113.320295735384065, 42.639428053574676 ], [ -113.314196681145702, 42.635986567342719 ], [ -113.310796145119284, 42.631282230964395 ], [ -113.309688014017354, 42.629749660520453 ], [ -113.306069994811011, 42.629520518153711 ], [ -113.303810839862436, 42.629377487251659 ], [ -113.299770894724276, 42.629121659517168 ], [ -113.297093901896432, 42.630416420667224 ], [ -113.295164832908966, 42.631349449235998 ], [ -113.289059366666251, 42.630402693136574 ], [ -113.278439080698931, 42.625595487928827 ], [ -113.263138386067268, 42.628314974324816 ], [ -113.25975063945404, 42.625398653450048 ], [ -113.257851678435159, 42.623763797111167 ], [ -113.25833589693697, 42.620789162464732 ], [ -113.258677848709937, 42.618689542528827 ], [ -113.257253055433551, 42.61815024279548 ], [ -113.254094013216161, 42.616954890815443 ], [ -113.250832598343337, 42.615918211618784 ], [ -113.245710442827743, 42.618035700997666 ], [ -113.243406163893937, 42.619148752887156 ], [ -113.24058754416798, 42.621565434789908 ], [ -113.236648038038894, 42.624942831509713 ], [ -113.236446235377898, 42.625115971359129 ], [ -113.235934800740779, 42.625554261664185 ], [ -113.234917289878084, 42.626426788839666 ], [ -113.231789099545097, 42.627063697681614 ], [ -113.229633698887042, 42.627502566344972 ], [ -113.228948047994777, 42.627526983198912 ], [ -113.227700327435443, 42.627712906144858 ], [ -113.226339891966461, 42.627952511258258 ], [ -113.225139859854664, 42.628163776521539 ], [ -113.223030763897782, 42.628170886288878 ], [ -113.220175142280183, 42.628326819814276 ], [ -113.217291812094572, 42.628928834047507 ], [ -113.21579909324528, 42.629560983687611 ], [ -113.214562025240355, 42.62998464093836 ], [ -113.213915235681171, 42.630563601973108 ], [ -113.212730441068274, 42.630889099241891 ], [ -113.211288639006455, 42.631284579808813 ], [ -113.209203533184251, 42.631856983259141 ], [ -113.209089691068129, 42.631890659081002 ], [ -113.204983943808458, 42.632919578703273 ], [ -113.204668024103313, 42.632998752307685 ], [ -113.203374018561419, 42.633221345568607 ], [ -113.201954883060409, 42.633623758845438 ], [ -113.199813494270984, 42.633876182105411 ], [ -113.197528005877643, 42.633951523638196 ], [ -113.196474427507965, 42.63401917495014 ], [ -113.190265720050149, 42.631780233603259 ], [ -113.189035064187749, 42.630407978339697 ], [ -113.187676461942246, 42.630021950247702 ], [ -113.185652609980437, 42.629156556952573 ], [ -113.183888905922501, 42.628744106118596 ], [ -113.182882087549473, 42.628623236222097 ], [ -113.181651230797954, 42.628382559700682 ], [ -113.180701675286628, 42.628196929573768 ], [ -113.179263902991863, 42.627985000826037 ], [ -113.178282159553746, 42.62752388728871 ], [ -113.176050179398786, 42.62748759962696 ], [ -113.175063804399329, 42.627043919474922 ], [ -113.175048803763531, 42.626932133905115 ], [ -113.174948790609321, 42.618311255490795 ], [ -113.17523890857052, 42.603716196014012 ], [ -113.175650249179796, 42.589098612461221 ], [ -113.16140905988739, 42.58909896335043 ], [ -113.161447352815969, 42.588117259572321 ], [ -113.162013040992463, 42.586146340253578 ], [ -113.1633936017747, 42.583212273551354 ], [ -113.163899880616924, 42.582031580859926 ], [ -113.163656670232527, 42.581366200609708 ], [ -113.162664914446054, 42.581260883392822 ], [ -113.160759025629361, 42.580998867827397 ], [ -113.157697466509674, 42.580193763793574 ], [ -113.155705344691626, 42.579496647122753 ], [ -113.151886024128714, 42.578755879892746 ], [ -113.148522231688759, 42.577958565812459 ], [ -113.143306368265812, 42.575936907920166 ], [ -113.140765457981999, 42.574518774967054 ], [ -113.139206699025877, 42.572737324477167 ], [ -113.137769266541085, 42.569672468947999 ], [ -113.136521324890367, 42.568171791245945 ], [ -113.136264953568343, 42.566884438828367 ], [ -113.136672841310073, 42.56463819931254 ], [ -113.135739388334031, 42.563751421567872 ], [ -113.133121601953732, 42.562159178500572 ], [ -113.132013432069854, 42.560095947356601 ], [ -113.130770962264478, 42.558937462056669 ], [ -113.128993426229272, 42.557661625114008 ], [ -113.12599762660173, 42.556182716637323 ], [ -113.122936962754295, 42.555268622791253 ], [ -113.120490096212407, 42.554618634256606 ], [ -113.118800788374912, 42.553804858137667 ], [ -113.115032222447496, 42.551768120333413 ], [ -113.110669455571553, 42.550422483698988 ], [ -113.107298915151688, 42.549173341393711 ], [ -113.103711903363234, 42.548592067597518 ], [ -113.102099937637632, 42.547825929853211 ], [ -113.099039276137376, 42.546911197382805 ], [ -113.0945287839061, 42.545721807527975 ], [ -113.092072895241415, 42.544584551359755 ], [ -113.089088145517437, 42.543600220606685 ], [ -113.087250223522958, 42.542952107168233 ], [ -113.085659660996484, 42.543194829996885 ], [ -113.083620986117594, 42.543890425700667 ], [ -113.081960708812474, 42.54447278600221 ], [ -113.08067821980562, 42.544933057309954 ], [ -113.080002470355311, 42.545387209355674 ], [ -113.079414576951947, 42.546285452849986 ], [ -113.078743172528931, 42.54685670458796 ], [ -113.0774568735184, 42.547208840464521 ], [ -113.076085001282024, 42.547116742830305 ], [ -113.073891072608632, 42.547536661971662 ], [ -113.071697166407844, 42.548055742401331 ], [ -113.069354340097874, 42.548758609580005 ], [ -113.067687478132044, 42.548998492132547 ], [ -113.065035889492236, 42.549420569391486 ], [ -113.064206202380362, 42.549824122017448 ], [ -113.063609946008057, 42.550398009090145 ], [ -113.063162594459882, 42.550787649977266 ], [ -113.06270366239869, 42.550627847001692 ], [ -113.062539294823779, 42.550063929172381 ], [ -113.062604126216684, 42.549444895605319 ], [ -113.062961894096972, 42.548376705895024 ], [ -113.062499984192414, 42.548162843523457 ], [ -113.063380758677638, 42.546581382498786 ], [ -113.063514415936794, 42.545685563787401 ], [ -113.062958173014593, 42.544450897572567 ], [ -113.061017113350999, 42.542574354173517 ], [ -113.059712405907959, 42.541971114735723 ], [ -113.057949060545155, 42.54114500072442 ], [ -113.053651103311495, 42.539115122994502 ], [ -113.052354053486482, 42.538971293697465 ], [ -113.051371689647183, 42.539207449542964 ], [ -113.049996090275627, 42.538772790974981 ], [ -113.048989839919557, 42.537873728778777 ], [ -113.047649213890281, 42.535540536213446 ], [ -113.047486404419942, 42.534985614278291 ], [ -113.046169173255706, 42.533823621272653 ], [ -113.04538922778967, 42.532815244767576 ], [ -113.045963587439957, 42.531079250542554 ], [ -113.045863492734924, 42.529905282282336 ], [ -113.045444261899547, 42.528000039385603 ], [ -113.04566198903531, 42.527494295584731 ], [ -113.046101808717992, 42.526645227014022 ], [ -113.045789644919836, 42.526256228230636 ], [ -113.043258598349709, 42.525115190320577 ], [ -113.042785310194461, 42.524216437420293 ], [ -113.043073401774052, 42.523488113143856 ], [ -113.04306157972259, 42.522866478397624 ], [ -113.042361901396802, 42.52209486861252 ], [ -113.039228897496926, 42.513720910795278 ], [ -113.03927637731266, 42.512209893233553 ], [ -113.039479474309317, 42.511019319207243 ], [ -113.038468131687651, 42.509795912469876 ], [ -113.038363149498224, 42.508405614996072 ], [ -113.037662577596805, 42.507507888700246 ], [ -113.037036189530227, 42.506684935711775 ], [ -113.036792117117386, 42.505784985312019 ], [ -113.036923286982159, 42.504772096091081 ], [ -113.037884184950912, 42.503472921027232 ], [ -113.038021007223321, 42.502685222539164 ], [ -113.038009098567827, 42.502072590194324 ], [ -113.037237904601028, 42.50156869036423 ], [ -113.036385796295434, 42.501530154174958 ], [ -113.0366965981882, 42.501153679432697 ], [ -113.036686084135326, 42.500550064300754 ], [ -113.03543190180946, 42.499354136208837 ], [ -113.035084760869907, 42.499027006204955 ], [ -113.034635214171544, 42.498237042736434 ], [ -113.034113797825896, 42.497669647271898 ], [ -113.034722608019365, 42.496709462835106 ], [ -113.034788200499293, 42.496450534720928 ], [ -113.034667279614666, 42.495708084510866 ], [ -113.033994485729551, 42.494649299955874 ], [ -113.033512278599503, 42.49425446830643 ], [ -113.032761181204151, 42.493985278990678 ], [ -113.031613404038694, 42.493990366172618 ], [ -113.03156428869606, 42.493920296870087 ], [ -113.029860935661816, 42.493702986263351 ], [ -113.02786918410942, 42.492563062641906 ], [ -113.026496129913482, 42.491403171560229 ], [ -113.025249856054387, 42.490065349732262 ], [ -113.024877695640413, 42.488320401874738 ], [ -113.024496892583073, 42.487034816920705 ], [ -113.024163448873992, 42.484807397054873 ], [ -113.024874715470744, 42.483029727871532 ], [ -113.026014681573045, 42.481505609478774 ], [ -113.026936430692473, 42.480025923665728 ], [ -113.02741553637388, 42.47869712286154 ], [ -113.025272183564553, 42.477265990379678 ], [ -113.024321334060701, 42.475774329957055 ], [ -113.023842942361355, 42.474217874004154 ], [ -113.023297239073813, 42.473568746021918 ], [ -113.02354052732781, 42.473325127268751 ], [ -113.023847584048269, 42.472696486518949 ], [ -113.02384289343388, 42.471579860806457 ], [ -113.023122341468365, 42.469366866899364 ], [ -113.022415964783605, 42.46829787360015 ], [ -113.021452930150105, 42.467210784042464 ], [ -113.021178767470758, 42.466607021156065 ], [ -113.021249943176144, 42.466186323512638 ], [ -113.02173629508377, 42.464978620894172 ], [ -113.021672160482439, 42.464508221074098 ], [ -113.021424298935955, 42.464022321517646 ], [ -113.021463677620375, 42.46369056639228 ], [ -113.022033175186394, 42.461486313117582 ], [ -113.023033479517409, 42.458558924789536 ], [ -113.023035217616396, 42.457469368669429 ], [ -113.0228364125376, 42.456273972830168 ], [ -113.021459621456088, 42.454092235266145 ], [ -113.021236944466452, 42.453895300871309 ], [ -113.02048592146582, 42.453509092724985 ], [ -113.019072682114327, 42.453135790299861 ], [ -113.017833476148894, 42.452570476082542 ], [ -113.017023269876816, 42.451839966400733 ], [ -113.016850049415325, 42.451203707024959 ], [ -113.016952338218616, 42.449766454816512 ], [ -113.016554003218829, 42.448654188253762 ], [ -113.01576259170244, 42.447212927417723 ], [ -113.015560868264856, 42.445729303285532 ], [ -113.016498047005953, 42.443438871335481 ], [ -113.016513664980565, 42.443169250469687 ], [ -113.01627934798104, 42.4423596635419 ], [ -113.016126405442591, 42.442129263583936 ], [ -113.015607491075613, 42.441733052686097 ], [ -113.014305412125069, 42.44121950616811 ], [ -113.01321961925359, 42.440677551059295 ], [ -113.012340815105105, 42.438521934571867 ], [ -113.01241549606533, 42.437831233682438 ], [ -113.012720292492702, 42.437148565136063 ], [ -113.012702878790193, 42.436805767493532 ], [ -113.012202064632476, 42.435986982566568 ], [ -113.011560053274167, 42.435595462191479 ], [ -113.01123856273459, 42.435503193601924 ], [ -113.008700778357834, 42.435252614727673 ], [ -113.006664939762331, 42.434542384070056 ], [ -113.006272124348115, 42.434492684513927 ], [ -113.005751109682549, 42.434573442746021 ], [ -113.005010048049328, 42.434682683415126 ], [ -113.003583014955524, 42.435308162705013 ], [ -113.001560858473454, 42.435462668614321 ], [ -113.001129653047784, 42.43579779389183 ], [ -113.001129635383435, 42.429411296455882 ], [ -113.001343053354759, 42.414915567401181 ], [ -113.001342918943166, 42.400610585483456 ], [ -113.001342709182254, 42.38611489277681 ], [ -113.001129428283178, 42.371504593198352 ], [ -113.001129137630684, 42.357008969645733 ], [ -113.001128837475079, 42.342413959767597 ], [ -113.001128435451747, 42.328108938240895 ], [ -113.000825175598109, 42.327433556036951 ], [ -113.000767021101936, 42.311503590013572 ], [ -113.000790829455468, 42.292014912290604 ], [ -113.00077655975862, 42.274309970958718 ], [ -113.000745600768397, 42.256082940192869 ], [ -113.000775467768008, 42.237760235984638 ], [ -113.000738291949602, 42.220660346816935 ] ] ] } },
{ "type": "Feature", "properties": { "name": "South Valley Ground Water District" }, "geometry": { "type": "MultiPolygon", "coordinates": [ [ [ [ -114.29220835375871, 43.426188024937609 ], [ -114.287265515985283, 43.426140359094092 ], [ -114.282287231763334, 43.426157943631772 ], [ -114.277308948474243, 43.426175307844076 ], [ -114.272330147294866, 43.426192452966809 ], [ -114.272372023017411, 43.422597971132376 ], [ -114.272413350469762, 43.419003020997472 ], [ -114.272395231805774, 43.41537671000453 ], [ -114.277359514553808, 43.415347043511417 ], [ -114.277366383576322, 43.413877458931239 ], [ -114.277376453271131, 43.411723260928369 ], [ -114.274877183116175, 43.411736418009113 ], [ -114.274865434604735, 43.397341242698701 ], [ -114.277388486085925, 43.397337990867371 ], [ -114.277422238738893, 43.383130199313179 ], [ -114.272356006630915, 43.383077949382425 ], [ -114.2672897771847, 43.383025476814197 ], [ -114.264688063449995, 43.383018527111766 ], [ -114.264611399482334, 43.383172932345282 ], [ -114.264385533002923, 43.383551333092619 ], [ -114.264212333166796, 43.383809132686757 ], [ -114.26426479982662, 43.383781732396457 ], [ -114.264227132517888, 43.384017598996508 ], [ -114.264121599668869, 43.384198599562588 ], [ -114.263797532970685, 43.385070732402653 ], [ -114.26369199979284, 43.385273732277284 ], [ -114.263352999812057, 43.385882399268411 ], [ -114.263123497282564, 43.386600007880695 ], [ -114.262998599650544, 43.386990532862626 ], [ -114.262990933624039, 43.387154999192234 ], [ -114.263066000125036, 43.387374532993654 ], [ -114.263073399603428, 43.387533598897306 ], [ -114.263050599816552, 43.387725599685439 ], [ -114.262922532713546, 43.388027332396618 ], [ -114.262884733389356, 43.388224732482051 ], [ -114.26284673303509, 43.388729398884401 ], [ -114.262801533095285, 43.388877532657929 ], [ -114.262733733012908, 43.389003599750509 ], [ -114.262725933221176, 43.389305398889157 ], [ -114.262424399880786, 43.389957999479584 ], [ -114.262439333484849, 43.390106199480414 ], [ -114.26247173683555, 43.39018509971168 ], [ -114.262506932896798, 43.390270799099795 ], [ -114.262604533096678, 43.390446398983329 ], [ -114.262611932560887, 43.390649399431688 ], [ -114.262551532762402, 43.390835932394097 ], [ -114.262295533414246, 43.391203399634669 ], [ -114.262290786236903, 43.39126504159686 ], [ -114.262280333161385, 43.391400798903859 ], [ -114.26222753305926, 43.39155993255973 ], [ -114.262009133108023, 43.391861532570289 ], [ -114.26198640011377, 43.391976732859689 ], [ -114.261993733307918, 43.39237173296047 ], [ -114.261978333057968, 43.392678933052132 ], [ -114.261925532550123, 43.392898332514683 ], [ -114.261932599566293, 43.393326199458116 ], [ -114.261872400035372, 43.393419532618118 ], [ -114.261744532803988, 43.393485199544756 ], [ -114.261533733430355, 43.393567399112257 ], [ -114.261443400036896, 43.39364419942148 ], [ -114.261278361320606, 43.393722810969109 ], [ -114.261247733513059, 43.393737399734199 ], [ -114.261241546333835, 43.39377110406641 ], [ -114.261217533635019, 43.393901932532728 ], [ -114.261074199276663, 43.394192599724661 ], [ -114.260908399293783, 43.394675332723082 ], [ -114.260915533256977, 43.39507579887055 ], [ -114.260930332801323, 43.395459799052205 ], [ -114.260877333322995, 43.395734132789457 ], [ -114.260794533305543, 43.395942532661458 ], [ -114.260523133078152, 43.396507399469613 ], [ -114.260492799793838, 43.396715932588187 ], [ -114.260500200019536, 43.396869532691788 ], [ -114.26058273308179, 43.397094532654904 ], [ -114.260627819902354, 43.3973587359581 ], [ -114.257280763329945, 43.397361245225468 ], [ -114.252252701294921, 43.397365274159753 ], [ -114.24722457311448, 43.39736901914091 ], [ -114.247229217491935, 43.400978135182861 ], [ -114.247233807831066, 43.404587250859905 ], [ -114.247238424405083, 43.408196366898913 ], [ -114.24227730961023, 43.408201114768787 ], [ -114.237295112809022, 43.408205640738878 ], [ -114.237344313968222, 43.41181422670558 ], [ -114.237369265771349, 43.415424368945061 ], [ -114.23739421542146, 43.419034539513852 ], [ -114.237419193188131, 43.422646794057812 ], [ -114.232459521143042, 43.42265370477476 ], [ -114.22749985208074, 43.422660420194212 ], [ -114.222532984573618, 43.422662416103236 ], [ -114.217566147959616, 43.422664187223312 ], [ -114.212600114555258, 43.42268943085395 ], [ -114.212539776828535, 43.419067598852976 ], [ -114.207545799068413, 43.419074842516459 ], [ -114.207537546660177, 43.415597790464432 ], [ -114.207537185583433, 43.415445039956559 ], [ -114.207528905832206, 43.411960179794761 ], [ -114.203200544269862, 43.411961152360924 ], [ -114.202563792405613, 43.4119610384816 ], [ -114.202522455544496, 43.408224094624707 ], [ -114.202482341791182, 43.404598596895049 ], [ -114.20240194479365, 43.397376962821802 ], [ -114.197418693385515, 43.397355906713798 ], [ -114.192530974543118, 43.397337463056665 ], [ -114.188387760837728, 43.397321827628808 ], [ -114.188385093457157, 43.397447356896045 ], [ -114.183406036574553, 43.397469579132768 ], [ -114.182659419553161, 43.397472825267016 ], [ -114.177680667944117, 43.397494908504406 ], [ -114.173448506064133, 43.397513746084002 ], [ -114.172701916737992, 43.397517129769355 ], [ -114.168469753866304, 43.397535856041486 ], [ -114.168377318326534, 43.37570748089518 ], [ -114.163407286315717, 43.375678680089187 ], [ -114.163368863511195, 43.368370920812637 ], [ -114.160970132748446, 43.368340636202873 ], [ -114.158398880440544, 43.36831054215051 ], [ -114.156054054296661, 43.368292560009557 ], [ -114.153421160766086, 43.368289770418116 ], [ -114.151069779348887, 43.368287260972629 ], [ -114.148446773938616, 43.368284471668503 ], [ -114.146085673118705, 43.368282499981177 ], [ -114.146044833515901, 43.359880878023525 ], [ -114.136071591078704, 43.359793378509742 ], [ -114.136057686900031, 43.35737995787882 ], [ -114.136050620111959, 43.356181612520977 ], [ -114.136036497328249, 43.353748971348821 ], [ -114.136029434458024, 43.352534244176653 ], [ -114.136003752615949, 43.350118401446743 ], [ -114.13599079881962, 43.348897396236211 ], [ -114.135952176564999, 43.345259808473749 ], [ -114.130979086472095, 43.345302421304083 ], [ -114.130691795343665, 43.345304864207669 ], [ -114.125904447959996, 43.345345209772866 ], [ -114.125712745857882, 43.345346820844973 ], [ -114.120829562851796, 43.345387972348988 ], [ -114.120733724004211, 43.345388777711399 ], [ -114.115754675496007, 43.345430733965046 ], [ -114.110800876882536, 43.345498940377475 ], [ -114.10584682660982, 43.345566479536004 ], [ -114.101111898230286, 43.345570269949953 ], [ -114.100892055439175, 43.34557043617383 ], [ -114.096326172092873, 43.345574751764971 ], [ -114.096221585989838, 43.338266472629726 ], [ -114.076357867726713, 43.338365996867061 ], [ -114.07631800628603, 43.334675482656188 ], [ -114.066322852998226, 43.334750477593211 ], [ -114.066283403412143, 43.331062366878562 ], [ -114.066231721493068, 43.327416974038982 ], [ -114.066191072617215, 43.324877213063395 ], [ -114.061171634970876, 43.324837821210735 ], [ -114.056172315296166, 43.324798369392603 ], [ -114.056162222070398, 43.32384863629435 ], [ -114.056084546367885, 43.316538918372437 ], [ -114.05611592793035, 43.303159586958571 ], [ -114.056115970494488, 43.303141520085255 ], [ -114.056116055597045, 43.303105358424162 ], [ -114.056118843240867, 43.301916331296866 ], [ -114.058080114494118, 43.301911925999427 ], [ -114.058136981657853, 43.301911798059635 ], [ -114.075947662708685, 43.301870242663803 ], [ -114.095847571666113, 43.301806259643669 ], [ -114.115745529064654, 43.301760830117686 ], [ -114.135472402892447, 43.301712374279504 ], [ -114.15569037991159, 43.301644876959337 ], [ -114.175447318219454, 43.301572300766992 ], [ -114.195330628075212, 43.301661281422952 ], [ -114.215419894942912, 43.301499027191014 ], [ -114.235412548604387, 43.301359466880179 ], [ -114.235654572071041, 43.315875468971065 ], [ -114.245328164564015, 43.315873448741556 ], [ -114.255772863749655, 43.3159547672022 ], [ -114.275638841334711, 43.315921950908063 ], [ -114.295855304155054, 43.31593593860967 ], [ -114.315703670938291, 43.315834121674904 ], [ -114.315717428130597, 43.319391959176777 ], [ -114.315731186022319, 43.322950099714546 ], [ -114.315744998410239, 43.326508213572033 ], [ -114.315758783885443, 43.330066299173055 ], [ -114.315726735086642, 43.333714551938719 ], [ -114.315694657834129, 43.337362805147642 ], [ -114.315662581446432, 43.341011003791152 ], [ -114.315630505118691, 43.344659230713326 ], [ -114.315626958574214, 43.348287565699721 ], [ -114.315623381894667, 43.351915874153384 ], [ -114.315619860381744, 43.355538710805206 ], [ -114.315616313950656, 43.359161575844396 ], [ -114.315609460032476, 43.362708577518035 ], [ -114.315602632457953, 43.366255580518995 ], [ -114.315617820248093, 43.368463375915226 ], [ -114.317298323615603, 43.368445051747827 ], [ -114.317268523899116, 43.372116916380797 ], [ -114.317238753852806, 43.375788754253463 ], [ -114.317209419793343, 43.379399975773431 ], [ -114.317179853888561, 43.383039613778763 ], [ -114.327048792891674, 43.38308623879729 ], [ -114.327253663152916, 43.393839739736165 ], [ -114.32736045351156, 43.397421907769427 ], [ -114.322384245906449, 43.397330473724594 ], [ -114.307426115749436, 43.397054324074752 ], [ -114.307360770040106, 43.400799687580829 ], [ -114.307284413248723, 43.404417164652259 ], [ -114.307244754932711, 43.408102085790219 ], [ -114.307205065910736, 43.411787006422564 ], [ -114.30716301578471, 43.415422899202213 ], [ -114.307120995225361, 43.419058792275948 ], [ -114.307078944935924, 43.422694684902567 ], [ -114.307036897031608, 43.426330576995753 ], [ -114.30209403009242, 43.426283133476609 ], [ -114.297151191899516, 43.42623546812564 ], [ -114.29220835375871, 43.426188024937609 ] ] ], [ [ [ -114.252328230512717, 43.429839489460633 ], [ -114.252329669220686, 43.42623578928638 ], [ -114.252316469121865, 43.422631367267435 ], [ -114.252450127054473, 43.422631305504858 ], [ -114.252774085670225, 43.422631154471688 ], [ -114.2574193580718, 43.422628889116609 ], [ -114.26239712279029, 43.422626252523237 ], [ -114.262396731818981, 43.422689901145169 ], [ -114.262376961669162, 43.425911849509099 ], [ -114.262375071478345, 43.426219923597621 ], [ -114.25744316722124, 43.426229284123025 ], [ -114.257397732992246, 43.426229369287874 ], [ -114.257390267296344, 43.429827680371226 ], [ -114.252464685630102, 43.429839173883686 ], [ -114.252328230512717, 43.429839489460633 ] ] ], [ [ [ -114.227527225260644, 43.433457091269794 ], [ -114.227528721459009, 43.429866673808256 ], [ -114.232487696799325, 43.429862958681902 ], [ -114.233636016126027, 43.429862439070902 ], [ -114.236759597619283, 43.433458917357747 ], [ -114.237449774428939, 43.434311376373671 ], [ -114.23971011905023, 43.437061120323555 ], [ -114.242418834017641, 43.440378180725602 ], [ -114.242657966413304, 43.440668893524936 ], [ -114.245614359649991, 43.444281847480475 ], [ -114.247287421363055, 43.446326174168512 ], [ -114.247289307217201, 43.447894910382907 ], [ -114.242430735885577, 43.447877438111334 ], [ -114.237460448528367, 43.447857761062359 ], [ -114.237457305929496, 43.44425797973922 ], [ -114.232490019814506, 43.444242996727475 ], [ -114.232489183884596, 43.440648133627093 ], [ -114.232488706994403, 43.437053186492193 ], [ -114.227525727527066, 43.437047565903924 ], [ -114.227527225260644, 43.433457091269794 ] ] ] ] } },
{ "type": "Feature", "properties": { "name": "Galena Ground Water District" }, "geometry": { "type": "Polygon", "coordinates": [ [ [ -114.32704806915568, 43.730604919880847 ], [ -114.327018578836118, 43.716054636187742 ], [ -114.326584102733491, 43.716055878388687 ], [ -114.326579410663996, 43.701643676038564 ], [ -114.306658179549643, 43.701096134881162 ], [ -114.286625784940682, 43.701269375147433 ], [ -114.266731750472402, 43.700967582996491 ], [ -114.246770599872534, 43.700614599989088 ], [ -114.22907369822947, 43.700585500778779 ], [ -114.209158599802308, 43.700515699806161 ], [ -114.189182398528217, 43.70043099881638 ], [ -114.189154000274527, 43.685962201191352 ], [ -114.18913809951475, 43.671488700072864 ], [ -114.187708499493084, 43.671484100919152 ], [ -114.187696299757789, 43.656983299640522 ], [ -114.187663100494348, 43.642534899648588 ], [ -114.187620200027908, 43.628028000042939 ], [ -114.189034998633346, 43.628030399174243 ], [ -114.192616600352849, 43.628057599814788 ], [ -114.193989000117057, 43.628068000200216 ], [ -114.197612901305064, 43.628095499258258 ], [ -114.198942899858991, 43.628105600116008 ], [ -114.202609400556653, 43.628109400168697 ], [ -114.203924601351162, 43.62811079925018 ], [ -114.207605999762222, 43.628114599756906 ], [ -114.208906199508306, 43.628116000281821 ], [ -114.212602600080928, 43.628131498771729 ], [ -114.213891500040461, 43.628137000091151 ], [ -114.21759910051486, 43.628152598794344 ], [ -114.218876800246491, 43.628158000394649 ], [ -114.222595601706374, 43.628171299640201 ], [ -114.223847199393219, 43.628175698855273 ], [ -114.227592100414128, 43.628189200442726 ], [ -114.228817600522788, 43.628193499948814 ], [ -114.232588899527059, 43.628201000776059 ], [ -114.233819299454794, 43.628203500704615 ], [ -114.237590600477589, 43.628210899551384 ], [ -114.23882110120131, 43.628213400360828 ], [ -114.242592398670169, 43.62822239990939 ], [ -114.243833601812995, 43.628225401215253 ], [ -114.246948899898456, 43.628232900909275 ], [ -114.266848326678755, 43.628365505606645 ], [ -114.266964297735896, 43.614034578340757 ], [ -114.267104184047739, 43.599636483683561 ], [ -114.267181405382004, 43.585273780915259 ], [ -114.267169562607506, 43.570832077236972 ], [ -114.267096720952992, 43.556396651914476 ], [ -114.266968934141502, 43.542031310907895 ], [ -114.266960149183589, 43.527690578664298 ], [ -114.266904195304306, 43.513214820371189 ], [ -114.24737971904689, 43.513220229856088 ], [ -114.2473785190315, 43.512903423324929 ], [ -114.247378281485965, 43.512903422938422 ], [ -114.22844359085245, 43.512874177705001 ], [ -114.22347588349939, 43.512890988534096 ], [ -114.218508175676149, 43.512907772621553 ], [ -114.213540466246201, 43.512924556081963 ], [ -114.208572757689197, 43.512941339811178 ], [ -114.208556259643629, 43.509319015685911 ], [ -114.208539758129689, 43.505696664051392 ], [ -114.208523260755783, 43.502074338919499 ], [ -114.208506769898705, 43.498452012372653 ], [ -114.20850280666005, 43.494832009902488 ], [ -114.208498849249594, 43.491213320653586 ], [ -114.208494903203004, 43.487593959166475 ], [ -114.208490928892545, 43.483974628749777 ], [ -114.208510122387281, 43.480377546708148 ], [ -114.208529288470316, 43.476780466046826 ], [ -114.208542482848841, 43.473171968398511 ], [ -114.208556450281961, 43.469424994629108 ], [ -114.207461677370446, 43.469412846577761 ], [ -114.207523401267906, 43.465811599364798 ], [ -114.207585097645506, 43.462210351696982 ], [ -114.207646792559331, 43.458609130540182 ], [ -114.207708488300668, 43.455007882764512 ], [ -114.208090961659622, 43.455004867875324 ], [ -114.212676582210264, 43.454994756463542 ], [ -114.213065820822777, 43.454993733832936 ], [ -114.217644673885701, 43.454981631327982 ], [ -114.218040108998707, 43.454984524785147 ], [ -114.222581431354698, 43.455017726795141 ], [ -114.223014174968014, 43.455020897803898 ], [ -114.227518188428547, 43.455053823434945 ], [ -114.232492506182112, 43.455069115031876 ], [ -114.237466791735159, 43.455084406413533 ], [ -114.242431180098407, 43.455098090509047 ], [ -114.242435879772273, 43.451479276500457 ], [ -114.237463593818433, 43.451452207719029 ], [ -114.237460448528367, 43.447857761062359 ], [ -114.242430735885577, 43.447877438111334 ], [ -114.247289307217201, 43.447894910382907 ], [ -114.247287421363055, 43.446326174168512 ], [ -114.245614359649991, 43.444281847480475 ], [ -114.242657966413304, 43.440668893524936 ], [ -114.242418834017641, 43.440378180725602 ], [ -114.23971011905023, 43.437061120323555 ], [ -114.237449774428939, 43.434311376373671 ], [ -114.236759597619283, 43.433458917357747 ], [ -114.233636016126027, 43.429862439070902 ], [ -114.232487696799325, 43.429862958681902 ], [ -114.227777999609714, 43.429866491816988 ], [ -114.227528721459009, 43.429866673808256 ], [ -114.227527225260644, 43.433457091269794 ], [ -114.217594741029188, 43.433534798408047 ], [ -114.217596654853409, 43.429901548927909 ], [ -114.212593254585911, 43.429916894677433 ], [ -114.212632756652866, 43.426264290973812 ], [ -114.212600114555258, 43.42268943085395 ], [ -114.217566147959616, 43.422664187223312 ], [ -114.222532984573618, 43.422662416103236 ], [ -114.22749985208074, 43.422660420194212 ], [ -114.232459521143042, 43.42265370477476 ], [ -114.237419193188131, 43.422646794057812 ], [ -114.23739421542146, 43.419034539513852 ], [ -114.237369265771349, 43.415424368945061 ], [ -114.237344313968222, 43.41181422670558 ], [ -114.237295112809022, 43.408205640738878 ], [ -114.24227730961023, 43.408201114768787 ], [ -114.247238424405083, 43.408196366898913 ], [ -114.247233807831066, 43.404587250859905 ], [ -114.247229217491935, 43.400978135182861 ], [ -114.24722457311448, 43.39736901914091 ], [ -114.252252701294921, 43.397365274159753 ], [ -114.257280763329945, 43.397361245225468 ], [ -114.260627819902354, 43.3973587359581 ], [ -114.26058273308179, 43.397094532654904 ], [ -114.260500200019536, 43.396869532691788 ], [ -114.260492799793838, 43.396715932588187 ], [ -114.260523133078152, 43.396507399469613 ], [ -114.260794533305543, 43.395942532661458 ], [ -114.260877333322995, 43.395734132789457 ], [ -114.260930332801323, 43.395459799052205 ], [ -114.260915533256977, 43.39507579887055 ], [ -114.260908399293783, 43.394675332723082 ], [ -114.261074199276663, 43.394192599724661 ], [ -114.261217533635019, 43.393901932532728 ], [ -114.261241546333835, 43.39377110406641 ], [ -114.261247733513059, 43.393737399734199 ], [ -114.261278361320606, 43.393722810969109 ], [ -114.261443400036896, 43.39364419942148 ], [ -114.261533733430355, 43.393567399112257 ], [ -114.261744532803988, 43.393485199544756 ], [ -114.261872400035372, 43.393419532618118 ], [ -114.261932599566293, 43.393326199458116 ], [ -114.261925532550123, 43.392898332514683 ], [ -114.261978333057968, 43.392678933052132 ], [ -114.261993733307918, 43.39237173296047 ], [ -114.26198640011377, 43.391976732859689 ], [ -114.262009133108023, 43.391861532570289 ], [ -114.26222753305926, 43.39155993255973 ], [ -114.262280333161385, 43.391400798903859 ], [ -114.262290786236903, 43.39126504159686 ], [ -114.262295533414246, 43.391203399634669 ], [ -114.262551532762402, 43.390835932394097 ], [ -114.262611932560887, 43.390649399431688 ], [ -114.262604533096678, 43.390446398983329 ], [ -114.262506932896798, 43.390270799099795 ], [ -114.26247173683555, 43.39018509971168 ], [ -114.262439333484849, 43.390106199480414 ], [ -114.262424399880786, 43.389957999479584 ], [ -114.262725933221176, 43.389305398889157 ], [ -114.262733733012908, 43.389003599750509 ], [ -114.262801533095285, 43.388877532657929 ], [ -114.26284673303509, 43.388729398884401 ], [ -114.262884733389356, 43.388224732482051 ], [ -114.262922532713546, 43.388027332396618 ], [ -114.263050599816552, 43.387725599685439 ], [ -114.263073399603428, 43.387533598897306 ], [ -114.263066000125036, 43.387374532993654 ], [ -114.262990933624039, 43.387154999192234 ], [ -114.262998599650544, 43.386990532862626 ], [ -114.263123497282564, 43.386600007880695 ], [ -114.263352999812057, 43.385882399268411 ], [ -114.26369199979284, 43.385273732277284 ], [ -114.263797532970685, 43.385070732402653 ], [ -114.264121599668869, 43.384198599562588 ], [ -114.264227132517888, 43.384017598996508 ], [ -114.26426479982662, 43.383781732396457 ], [ -114.264212333166796, 43.383809132686757 ], [ -114.264385533002923, 43.383551333092619 ], [ -114.264611399482334, 43.383172932345282 ], [ -114.264688063449995, 43.383018527111766 ], [ -114.2672897771847, 43.383025476814197 ], [ -114.272356006630915, 43.383077949382425 ], [ -114.277422238738893, 43.383130199313179 ], [ -114.277388486085925, 43.397337990867371 ], [ -114.274865434604735, 43.397341242698701 ], [ -114.274877183116175, 43.411736418009113 ], [ -114.277376453271131, 43.411723260928369 ], [ -114.277366383576322, 43.413877458931239 ], [ -114.277359514553808, 43.415347043511417 ], [ -114.272395231805774, 43.41537671000453 ], [ -114.272413350469762, 43.419003020997472 ], [ -114.272372023017411, 43.422597971132376 ], [ -114.272330147294866, 43.426192452966809 ], [ -114.277308948474243, 43.426175307844076 ], [ -114.282287231763334, 43.426157943631772 ], [ -114.287265515985283, 43.426140359094092 ], [ -114.29220835375871, 43.426188024937609 ], [ -114.297151191899516, 43.42623546812564 ], [ -114.30209403009242, 43.426283133476609 ], [ -114.307036953436253, 43.426331226062253 ], [ -114.306873004435431, 43.440924899796144 ], [ -114.306918077212359, 43.455321337017196 ], [ -114.32672341701678, 43.455331232780402 ], [ -114.346521162459595, 43.455292942540616 ], [ -114.367031766027765, 43.455391477794898 ], [ -114.386994071862233, 43.455600214154344 ], [ -114.406915908547447, 43.455828692178287 ], [ -114.406766640008541, 43.451986510542717 ], [ -114.40662220740866, 43.448280512628273 ], [ -114.406656253322438, 43.444711262722642 ], [ -114.406690532779947, 43.441142371728816 ], [ -114.426860806076562, 43.441136473161549 ], [ -114.446764471739542, 43.441370852666843 ], [ -114.466696551207718, 43.441515720183823 ], [ -114.466894800522013, 43.456139606526733 ], [ -114.46681367622196, 43.470649899792363 ], [ -114.46670732552775, 43.485031833524971 ], [ -114.46673876010567, 43.499444235337329 ], [ -114.466557229641367, 43.513800237214149 ], [ -114.466488188045403, 43.528188115140097 ], [ -114.446465631118812, 43.528170437132431 ], [ -114.426656351254337, 43.528149496917152 ], [ -114.406820446629013, 43.528126250217568 ], [ -114.40682477438682, 43.531735970282242 ], [ -114.406829103220062, 43.535345715979417 ], [ -114.40677706830796, 43.539027380413017 ], [ -114.4067286275356, 43.542579858715982 ], [ -114.426569810193698, 43.542503200547493 ], [ -114.426821853247105, 43.556919853191687 ], [ -114.426773497135017, 43.571429816852785 ], [ -114.426728086562449, 43.585901280511472 ], [ -114.426802458585669, 43.600372825022667 ], [ -114.42687118028735, 43.60759027747271 ], [ -114.426939941362193, 43.614807731435576 ], [ -114.427008216385573, 43.618399060324151 ], [ -114.427076490079173, 43.621990390522896 ], [ -114.42717365550908, 43.625566137840927 ], [ -114.427270942412093, 43.629172394524069 ], [ -114.447580808495204, 43.629192535731612 ], [ -114.467525838018091, 43.62900188524344 ], [ -114.487471400410612, 43.62887409908906 ], [ -114.50744849888612, 43.628889599726385 ], [ -114.527425499560735, 43.628904999592969 ], [ -114.527439400127633, 43.64341050089984 ], [ -114.527456099906658, 43.657910799637492 ], [ -114.527483099556875, 43.672418500158415 ], [ -114.527514400592921, 43.686929000227565 ], [ -114.507521851603144, 43.686903394314584 ], [ -114.487587599745282, 43.686921299310328 ], [ -114.467614647947826, 43.686913132071894 ], [ -114.447636671383705, 43.686932514993885 ], [ -114.42765238757255, 43.68696223013437 ], [ -114.427612671291953, 43.701436081989769 ], [ -114.427603432368912, 43.716236130402812 ], [ -114.426727469336285, 43.716239105986389 ], [ -114.4267269850764, 43.726665668937763 ], [ -114.426742872454156, 43.741143911737794 ], [ -114.426746436999593, 43.75563116781202 ], [ -114.426762391075599, 43.770109337099562 ], [ -114.446749321174863, 43.770081935474593 ], [ -114.466721046620393, 43.770106215026289 ], [ -114.486750061221287, 43.770103705269037 ], [ -114.50674494541245, 43.770112857853555 ], [ -114.526708747315766, 43.770106620930775 ], [ -114.546700546281514, 43.770111783873965 ], [ -114.566679803312397, 43.770104507985003 ], [ -114.586659194290988, 43.770111746314392 ], [ -114.606700582000485, 43.770106158832064 ], [ -114.606661655458581, 43.784600586105093 ], [ -114.606695259693723, 43.799071502513236 ], [ -114.626684132101659, 43.799062684559054 ], [ -114.646673151802318, 43.79906837699798 ], [ -114.666674563122726, 43.799070500688863 ], [ -114.666688485135381, 43.81354457058044 ], [ -114.666698288401392, 43.828026513677742 ], [ -114.666710223294615, 43.84250446525413 ], [ -114.666722206392919, 43.856982380217431 ], [ -114.666746783268081, 43.871469189057699 ], [ -114.666758865923413, 43.885947030749506 ], [ -114.661728476270085, 43.885945907316618 ], [ -114.65677470549376, 43.885944583974684 ], [ -114.651745337010496, 43.885943608507425 ], [ -114.650351037688225, 43.88594254857226 ], [ -114.646740855076331, 43.885945030447047 ], [ -114.641736370350515, 43.885946233216494 ], [ -114.636719434628262, 43.885947286176538 ], [ -114.631714944476812, 43.885948050059724 ], [ -114.630333090884008, 43.885946677053198 ], [ -114.626722899989431, 43.885948526501224 ], [ -114.610315102382941, 43.885947298798747 ], [ -114.606692455526343, 43.885948581907385 ], [ -114.60669482500461, 43.871461646552874 ], [ -114.606697323263901, 43.856983677770124 ], [ -114.606699858907774, 43.842505672375331 ], [ -114.606702431919032, 43.828027630369228 ], [ -114.58675351231669, 43.828023748859621 ], [ -114.566754899001239, 43.82802563506548 ], [ -114.566608478952759, 43.824379835910605 ], [ -114.566649198052332, 43.820796132938511 ], [ -114.566689829339566, 43.817203424375322 ], [ -114.566729861957938, 43.813547690023505 ], [ -114.546736044731958, 43.813546046946477 ], [ -114.526742274119044, 43.813549909366955 ], [ -114.506748468580184, 43.813550273908184 ], [ -114.486754631721467, 43.813547140558583 ], [ -114.466785704413184, 43.813549411250264 ], [ -114.446791879920553, 43.813548289997172 ], [ -114.426785595278744, 43.813543717307944 ], [ -114.406791782451677, 43.813544601712628 ], [ -114.406780558305087, 43.799066521068859 ], [ -114.406781793118697, 43.784588359441628 ], [ -114.38679760857724, 43.784585708517341 ], [ -114.366912879191474, 43.784588247792712 ], [ -114.366918240278707, 43.781400869488003 ], [ -114.366915487096435, 43.780950685938492 ], [ -114.366920904069062, 43.77777230927915 ], [ -114.366918206271677, 43.777331129119929 ], [ -114.366923569003632, 43.774143746763265 ], [ -114.366933352048036, 43.773711530115079 ], [ -114.366926290126941, 43.770524185628183 ], [ -114.366936182826493, 43.770109976084647 ], [ -114.366929012381149, 43.766904622197558 ], [ -114.366938849593637, 43.766481408698915 ], [ -114.366931735766244, 43.763285056471375 ], [ -114.366941572537002, 43.76286184270613 ], [ -114.366946882844971, 43.759665448567645 ], [ -114.366944351636903, 43.759251278123457 ], [ -114.366949607742683, 43.756045878252721 ], [ -114.366947076835388, 43.755631707545341 ], [ -114.366952278757395, 43.752417301925867 ], [ -114.366949693139432, 43.751994127237538 ], [ -114.36695500592306, 43.748797727014214 ], [ -114.36695231060034, 43.748356544611276 ], [ -114.366957734219312, 43.745178149807082 ], [ -114.347036145034139, 43.745141329660932 ], [ -114.327064979079864, 43.745119186871037 ], [ -114.32704806915568, 43.730604919880847 ] ], [ [ -114.257390267296344, 43.429827680371226 ], [ -114.257397732992246, 43.426229369287874 ], [ -114.25744316722124, 43.426229284123025 ], [ -114.262375071478345, 43.426219923597621 ], [ -114.262376961669162, 43.425911849509099 ], [ -114.262396731818981, 43.422689901145169 ], [ -114.26239712279029, 43.422626252523237 ], [ -114.2574193580718, 43.422628889116609 ], [ -114.252774085670225, 43.422631154471688 ], [ -114.252450127054473, 43.422631305504858 ], [ -114.252316469121865, 43.422631367267435 ], [ -114.252329669220686, 43.42623578928638 ], [ -114.252328230512717, 43.429839489460633 ], [ -114.252464685630102, 43.429839173883686 ], [ -114.257390267296344, 43.429827680371226 ] ] ] } },
{ "type": "Feature", "properties": { "name": "Big Lost River Ground Water District" }, "geometry": { "type": "Polygon", "coordinates": [ [ [ -113.906951868752031, 44.272041426507315 ], [ -113.906288866758018, 44.271347645613481 ], [ -113.90612617753753, 44.271221468913367 ], [ -113.905712972247144, 44.271041066997647 ], [ -113.905537725018476, 44.270932885248428 ], [ -113.905137431277183, 44.270518411805945 ], [ -113.904636919153575, 44.27009485203051 ], [ -113.904236622810714, 44.269689376650895 ], [ -113.904099177634635, 44.269455181191063 ], [ -113.904012201227047, 44.269004953967801 ], [ -113.903787285506795, 44.268626635223406 ], [ -113.903662755123918, 44.268158369862746 ], [ -113.903425419977296, 44.267717020075594 ], [ -113.903025429314098, 44.267140483696913 ], [ -113.902512624085034, 44.266599861989974 ], [ -113.902137842244571, 44.265942314303629 ], [ -113.901937858235115, 44.265654043962797 ], [ -113.901287607303928, 44.264906229274636 ], [ -113.900925243589526, 44.26432971776736 ], [ -113.900600000828305, 44.264032331406248 ], [ -113.900187045597377, 44.263743872390933 ], [ -113.89968635088438, 44.263482345932921 ], [ -113.899248395909311, 44.263166850461381 ], [ -113.898860247509077, 44.263031462870053 ], [ -113.898760391799797, 44.262815300175951 ], [ -113.898697829007943, 44.262770227444364 ], [ -113.898534991344633, 44.262752076738046 ], [ -113.897958644847364, 44.262778574445186 ], [ -113.897457592640734, 44.262733108506687 ], [ -113.897131999386801, 44.262651789731535 ], [ -113.896167897077987, 44.262326806104944 ], [ -113.89601760670935, 44.262299658317886 ], [ -113.895641761940027, 44.262299315585707 ], [ -113.895526563305737, 44.262265088561001 ], [ -113.895428893695211, 44.262236101062854 ], [ -113.895354140044233, 44.262001952147962 ], [ -113.895317451636572, 44.261497745201162 ], [ -113.895330393676858, 44.261263676569477 ], [ -113.895255385889982, 44.261173576857033 ], [ -113.895055179406, 44.261038344863174 ], [ -113.894892735112705, 44.260804115004177 ], [ -113.894630131591171, 44.260533780173432 ], [ -113.894480345671624, 44.260227536602265 ], [ -113.894155190306591, 44.259912129166011 ], [ -113.894043073283768, 44.259560902590529 ], [ -113.893667846338928, 44.259227441077954 ], [ -113.893580639715552, 44.258957266888764 ], [ -113.893342765930399, 44.258876015343944 ], [ -113.893054943824367, 44.258704689154527 ], [ -113.892679056486884, 44.258740349035769 ], [ -113.892553815258736, 44.258722225106041 ], [ -113.892466272407589, 44.258641113031054 ], [ -113.892353918948487, 44.258424932806406 ], [ -113.892228925158918, 44.258271764044537 ], [ -113.892016308297841, 44.258082496342183 ], [ -113.891803607744549, 44.257938245465546 ], [ -113.891127635643457, 44.257667510183182 ], [ -113.890964833549631, 44.257640347403282 ], [ -113.890726799442149, 44.257649121257188 ], [ -113.890251018198057, 44.257513620424746 ], [ -113.889988150936887, 44.257405330354345 ], [ -113.889712857262964, 44.257243009067196 ], [ -113.889462366210836, 44.257215755850694 ], [ -113.889049157643512, 44.257116322942977 ], [ -113.888059692329264, 44.257025326613373 ], [ -113.887747166038992, 44.256682902027379 ], [ -113.887622565130485, 44.256331656685589 ], [ -113.887384967888948, 44.256115348211566 ], [ -113.887147576507346, 44.255791002184729 ], [ -113.886934950378759, 44.255619734745551 ], [ -113.885433559905493, 44.254681915887694 ], [ -113.885195764635156, 44.2545736398787 ], [ -113.884282018925177, 44.254221594963255 ], [ -113.884144385922809, 44.254140429297713 ], [ -113.883881757501015, 44.253924088066356 ], [ -113.883756546952526, 44.253896949600133 ], [ -113.883305686656641, 44.253851476187201 ], [ -113.882967902208378, 44.253635056045603 ], [ -113.882554857629174, 44.253472576196579 ], [ -113.882166937218571, 44.253274108333848 ], [ -113.881828910361449, 44.2531837280753 ], [ -113.881465721136763, 44.253147339361149 ], [ -113.881052375623227, 44.253137904803431 ], [ -113.880664171177543, 44.253083481273222 ], [ -113.880313455953953, 44.253074113052499 ], [ -113.879098711579417, 44.252928784140693 ], [ -113.878635149754871, 44.252973306332699 ], [ -113.878497363121554, 44.252973159863643 ], [ -113.87828475119862, 44.252810877564769 ], [ -113.877996874659857, 44.252702533164502 ], [ -113.877784414249305, 44.252468225211132 ], [ -113.877546737867519, 44.252314919616985 ], [ -113.877496801945654, 44.252233836286777 ], [ -113.877572779822913, 44.251837780879377 ], [ -113.877473114450012, 44.251576585606735 ], [ -113.877460923811157, 44.251414516527539 ], [ -113.877561466742421, 44.251252568326784 ], [ -113.877762215292918, 44.2510907273019 ], [ -113.877837817185394, 44.250874733484373 ], [ -113.877800651373903, 44.250676625260297 ], [ -113.877613250286487, 44.250442343709203 ], [ -113.877613623681569, 44.250262281847405 ], [ -113.877676570136714, 44.250109294540074 ], [ -113.877776998377939, 44.250001364671647 ], [ -113.877864806322293, 44.249938438590121 ], [ -113.878040275327407, 44.249884607375506 ], [ -113.878053006725494, 44.249785584913333 ], [ -113.878115874647989, 44.249668613325298 ], [ -113.8781160605742, 44.249578582381162 ], [ -113.878178949242113, 44.249452605861116 ], [ -113.878054234460464, 44.249191380669387 ], [ -113.878054513482141, 44.249056336042273 ], [ -113.878281009353302, 44.248552403129139 ], [ -113.87825694311914, 44.248075210518117 ], [ -113.87834543427752, 44.247679167641749 ], [ -113.878371486197622, 44.247193027026086 ], [ -113.878447451644007, 44.246796970672193 ], [ -113.878397982824168, 44.246490811979427 ], [ -113.878523749574839, 44.246238858443093 ], [ -113.878499256048045, 44.245968738799924 ], [ -113.87858743008556, 44.245725750101755 ], [ -113.878575311639779, 44.245527668568677 ], [ -113.878488085549151, 44.245311500918653 ], [ -113.878463351587897, 44.245158419745728 ], [ -113.878513931393584, 44.244924392387738 ], [ -113.878514227854552, 44.244780342754197 ], [ -113.878564770089582, 44.244564321562699 ], [ -113.878565029381249, 44.24443827812533 ], [ -113.878515358087967, 44.244231155293498 ], [ -113.878365734128948, 44.243906883648286 ], [ -113.878353783763487, 44.243627772293749 ], [ -113.878517599942327, 44.243141777915909 ], [ -113.87860611891162, 44.242727728273039 ], [ -113.878756869135771, 44.242502812036271 ], [ -113.879045548403539, 44.242197011781244 ], [ -113.879133509267632, 44.242053054863199 ], [ -113.879159349407118, 44.241665945958253 ], [ -113.879247643170331, 44.24135993300127 ], [ -113.87919787994106, 44.241197824094513 ], [ -113.878960316524442, 44.241008508748457 ], [ -113.878885414837484, 44.240891386897204 ], [ -113.87882326002341, 44.240666244577632 ], [ -113.878723459923577, 44.240477071170083 ], [ -113.878661507195829, 44.24015289273936 ], [ -113.878399350416558, 44.23974747495452 ], [ -113.878374989916964, 44.239414331405335 ], [ -113.878287641117339, 44.239261186955524 ], [ -113.878050258273049, 44.238990839865906 ], [ -113.877575253918323, 44.238567182826039 ], [ -113.876937643452607, 44.238053321003633 ], [ -113.876662475865857, 44.23789096785795 ], [ -113.876562593252331, 44.23774680984792 ], [ -113.876575249187113, 44.237683799790332 ], [ -113.876675733470506, 44.237539858180519 ], [ -113.876751340663503, 44.237314863239646 ], [ -113.876914737007993, 44.237026939123119 ], [ -113.877003166692333, 44.236657904054717 ], [ -113.877266834733348, 44.236325073442337 ], [ -113.877317224580153, 44.236181077402492 ], [ -113.877305021256106, 44.236028009190015 ], [ -113.877242875044431, 44.235802865828141 ], [ -113.877268425350863, 44.235559806800616 ], [ -113.877244110333322, 44.235208660141758 ], [ -113.877269604231927, 44.234992612240816 ], [ -113.877082519770369, 44.234632285586962 ], [ -113.877107882855043, 44.234479257726562 ], [ -113.877058187488004, 44.234290140150691 ], [ -113.87712113448876, 44.234128151381633 ], [ -113.877121527909921, 44.233939084087261 ], [ -113.876972312696992, 44.233434747678324 ], [ -113.876972650312396, 44.233272691522387 ], [ -113.877010367542752, 44.233200707014333 ], [ -113.87717343285955, 44.233065837152516 ], [ -113.877624689394793, 44.232841241131268 ], [ -113.877862960530464, 44.232670438251006 ], [ -113.87817619160289, 44.232580741302002 ], [ -113.878539659669755, 44.232419071785849 ], [ -113.879228707858999, 44.232248740832368 ], [ -113.879617177783658, 44.232105100591255 ], [ -113.879817800525601, 44.231970266499957 ], [ -113.880043685180993, 44.231727417271273 ], [ -113.880231801039315, 44.231583564366709 ], [ -113.880858427661352, 44.231314125322378 ], [ -113.881359851444657, 44.231035551525096 ], [ -113.881911320343221, 44.230775029943146 ], [ -113.882086944389002, 44.230613154756824 ], [ -113.882212876913982, 44.230253158886107 ], [ -113.882288256250732, 44.230127192552402 ], [ -113.882551473919136, 44.229992418094035 ], [ -113.882651912635339, 44.229857472329357 ], [ -113.883103355489922, 44.229515815630911 ], [ -113.883416757375215, 44.229327071627218 ], [ -113.883479524275629, 44.229246105546821 ], [ -113.883504761890563, 44.229147098473909 ], [ -113.883442883503704, 44.228777904529018 ], [ -113.883255620799943, 44.228498617539017 ], [ -113.883093096267615, 44.228372407263222 ], [ -113.882855413652123, 44.228264126003779 ], [ -113.882692997906474, 44.228083896375296 ], [ -113.882581760843635, 44.227354525230616 ], [ -113.882294859064146, 44.226814040984472 ], [ -113.882157923763572, 44.226417761180883 ], [ -113.882008144872671, 44.226183524647617 ], [ -113.881921094097962, 44.225886332501005 ], [ -113.881633702832048, 44.225597934219429 ], [ -113.881459050070006, 44.225282640982144 ], [ -113.881234010511477, 44.225120350491984 ], [ -113.880984167538301, 44.224840994522509 ], [ -113.88085916522995, 44.224741827734015 ], [ -113.880533986383938, 44.224570430015504 ], [ -113.880271572964787, 44.224318066976821 ], [ -113.880033856983914, 44.224236787398759 ], [ -113.879971383396807, 44.224173701494884 ], [ -113.879946727511879, 44.223984607537801 ], [ -113.880022579068239, 44.22362456102104 ], [ -113.880010883280562, 44.223219408530639 ], [ -113.879873804321946, 44.222904152198105 ], [ -113.879836905457822, 44.22257999974714 ], [ -113.87968747551227, 44.222183703545753 ], [ -113.879588290945293, 44.221706433468533 ], [ -113.879376321480905, 44.22128305958546 ], [ -113.879389503868325, 44.220958959767458 ], [ -113.879352091555489, 44.220886894984901 ], [ -113.879064165799008, 44.220877589182628 ], [ -113.878338209525722, 44.220795788120192 ], [ -113.878050523469, 44.220669437138227 ], [ -113.877700187514606, 44.220570029656663 ], [ -113.877187309255532, 44.220371409907159 ], [ -113.876649167951243, 44.220280798501783 ], [ -113.87637391429233, 44.220199470713389 ], [ -113.875560943752347, 44.219829460240518 ], [ -113.874697446401157, 44.219675460830487 ], [ -113.873508884170803, 44.21932302946022 ], [ -113.872370273335278, 44.219033661858404 ], [ -113.87200736096716, 44.218970231889429 ], [ -113.871369010516062, 44.218915495922893 ], [ -113.870668324035208, 44.218743646516621 ], [ -113.870342871931143, 44.218725271276291 ], [ -113.869854774740162, 44.218661692316388 ], [ -113.869353979302375, 44.218679127018277 ], [ -113.868653081358431, 44.218606297998612 ], [ -113.868190102542854, 44.218506731750324 ], [ -113.868002582419138, 44.218389472307685 ], [ -113.867877494756641, 44.21834431368886 ], [ -113.867489591739641, 44.218262834127607 ], [ -113.867314328469902, 44.218262630697502 ], [ -113.867239134721842, 44.21829855599168 ], [ -113.867163900399987, 44.218352487516192 ], [ -113.86692500983348, 44.218811372611228 ], [ -113.866787097461668, 44.21890124350363 ], [ -113.866611669697122, 44.218973064104944 ], [ -113.866260996307787, 44.219035674447156 ], [ -113.865372150843342, 44.219034630417887 ], [ -113.864958920776658, 44.219079160299842 ], [ -113.864420172185845, 44.219267586782998 ], [ -113.863656178531244, 44.219410728101906 ], [ -113.863167499110233, 44.219599212013918 ], [ -113.862641425405329, 44.219715619980811 ], [ -113.861889668464329, 44.219975807080928 ], [ -113.86108795505119, 44.220181905921386 ], [ -113.860587038007338, 44.220244319640742 ], [ -113.860186082035838, 44.220387880189584 ], [ -113.859835009013281, 44.220612527181714 ], [ -113.859333186685461, 44.221053066988162 ], [ -113.859007209800652, 44.22125073463274 ], [ -113.858831464441295, 44.221448587085703 ], [ -113.858543170339274, 44.221592281001918 ], [ -113.857866467224625, 44.221861535806966 ], [ -113.856350485009429, 44.222318798820325 ], [ -113.855723776498039, 44.222615115023146 ], [ -113.854946780099183, 44.222929239754734 ], [ -113.854583062324537, 44.223189870672151 ], [ -113.854106174358463, 44.2236484217593 ], [ -113.853328485157519, 44.224232632772605 ], [ -113.852726736569267, 44.224546967181013 ], [ -113.85225018352368, 44.224861463993633 ], [ -113.851748878626708, 44.225058883895557 ], [ -113.851360186180841, 44.22528345582775 ], [ -113.85095917363742, 44.225426983786676 ], [ -113.850733512220032, 44.225543731932213 ], [ -113.850444790957212, 44.225840456524701 ], [ -113.850230986629569, 44.226218308774598 ], [ -113.850042652451663, 44.226425135976989 ], [ -113.848763115429662, 44.227377783078133 ], [ -113.848537465311509, 44.227485521910104 ], [ -113.848261800674123, 44.227566182625459 ], [ -113.848011292682742, 44.22760186220416 ], [ -113.847748380892426, 44.2275925107596 ], [ -113.847034998790889, 44.227474515027474 ], [ -113.846797409439944, 44.227357157509722 ], [ -113.846497426883985, 44.227158685528963 ], [ -113.846397378521814, 44.227113533500884 ], [ -113.845708763991951, 44.227103604173529 ], [ -113.84487032986641, 44.22693140705011 ], [ -113.844069294795702, 44.226822278673446 ], [ -113.843643832515852, 44.22673166563893 ], [ -113.843030896742576, 44.226514749468627 ], [ -113.842493379030785, 44.226189896200118 ], [ -113.842293532242465, 44.22600955746293 ], [ -113.841744345787689, 44.225369576014444 ], [ -113.841196889654483, 44.224090368545269 ], [ -113.84109697163251, 44.224000198061724 ], [ -113.840809398430153, 44.22385574721865 ], [ -113.84075953695698, 44.22377464753324 ], [ -113.840760022338969, 44.223594585112558 ], [ -113.840873333414649, 44.22336066096932 ], [ -113.840998919837588, 44.22321678534675 ], [ -113.841262415838784, 44.223001076048547 ], [ -113.841388048893705, 44.222839193741365 ], [ -113.841400787437223, 44.222758184821473 ], [ -113.841338332550578, 44.222704079158625 ], [ -113.841125619434109, 44.222658765947095 ], [ -113.840937822355173, 44.22265850461757 ], [ -113.840699827504878, 44.222703190574563 ], [ -113.840148545210326, 44.222855472360642 ], [ -113.839923140686793, 44.222873163045641 ], [ -113.839560481873292, 44.222719602436115 ], [ -113.83912256214893, 44.222619950046926 ], [ -113.838834951375205, 44.222493500460033 ], [ -113.838672319643294, 44.222448256923151 ], [ -113.838409454455174, 44.222429879087358 ], [ -113.837820957006528, 44.222456052807559 ], [ -113.83708231966132, 44.222446000450745 ], [ -113.836130924341404, 44.222408627053916 ], [ -113.835330142573099, 44.222236413781239 ], [ -113.83452913852814, 44.222145224784661 ], [ -113.833703224504546, 44.222008979925263 ], [ -113.833115212452313, 44.221864071920379 ], [ -113.832564862658188, 44.221683203460401 ], [ -113.831677181863256, 44.221258748728175 ], [ -113.831477333424672, 44.221096397232401 ], [ -113.831352525079538, 44.220961167465113 ], [ -113.831327769118019, 44.220862094364691 ], [ -113.831353218990373, 44.220718081389407 ], [ -113.831592447189607, 44.220241268635689 ], [ -113.831580850669013, 44.219917137763737 ], [ -113.831519000797812, 44.219655953096058 ], [ -113.831407098555189, 44.219385693165776 ], [ -113.831245201117369, 44.219088351585043 ], [ -113.831083019671908, 44.218890042325263 ], [ -113.830495794147893, 44.21848402840412 ], [ -113.82985834365158, 44.218131959226959 ], [ -113.828645670616297, 44.217562945560793 ], [ -113.827757869914691, 44.217210488815816 ], [ -113.827282191005679, 44.217200765659257 ], [ -113.826806723365806, 44.217119019123544 ], [ -113.825379689832118, 44.217089835436141 ], [ -113.825179340049587, 44.217107535344176 ], [ -113.824690771167624, 44.217223829581421 ], [ -113.824227717132175, 44.217178100419964 ], [ -113.823739360662941, 44.217222365595021 ], [ -113.822938065009012, 44.2172571391107 ], [ -113.822374538866868, 44.21731928464596 ], [ -113.821835942634351, 44.217417482542999 ], [ -113.821184921018485, 44.217434471696684 ], [ -113.820696530372771, 44.217487725171765 ], [ -113.81950756598016, 44.217386816230899 ], [ -113.818606752618734, 44.217214331100706 ], [ -113.818319239886378, 44.217078824938582 ], [ -113.818119470037885, 44.216907448720278 ], [ -113.817781805285819, 44.216798872636872 ], [ -113.817581982364757, 44.216645498115902 ], [ -113.81737011387915, 44.216339051963104 ], [ -113.817133910038677, 44.21580748907936 ], [ -113.816847272599588, 44.21539288419163 ], [ -113.816735643485927, 44.215059586154815 ], [ -113.816598669696944, 44.214825283958923 ], [ -113.816287119306168, 44.214374624919643 ], [ -113.816099825105127, 44.214221271490622 ], [ -113.815874839216463, 44.214112871054695 ], [ -113.815788478154005, 44.213707587379453 ], [ -113.815426472780388, 44.213382888927974 ], [ -113.815215051902726, 44.212941393557976 ], [ -113.814566224855184, 44.212274107488263 ], [ -113.814304091551534, 44.212039599199343 ], [ -113.814191916933112, 44.211886361061801 ], [ -113.813930750596683, 44.21134574556546 ], [ -113.813794394688074, 44.21092237599845 ], [ -113.81378298256837, 44.210571231772974 ], [ -113.813821953323014, 44.210121136512136 ], [ -113.813948682589384, 44.209626170077847 ], [ -113.813999628706171, 44.209347152752102 ], [ -113.814087953631613, 44.209122218892681 ], [ -113.81418930540481, 44.208735245339611 ], [ -113.814365812420164, 44.208330391062866 ], [ -113.814444021514191, 44.207340168371189 ], [ -113.814419723545271, 44.207106046208416 ], [ -113.814245908485859, 44.206655604662991 ], [ -113.814322561850389, 44.206160552475737 ], [ -113.814323297151489, 44.205926470928731 ], [ -113.814298887086764, 44.205728361231692 ], [ -113.814175027843831, 44.2053140133985 ], [ -113.814150816659208, 44.205052883485443 ], [ -113.814076315481373, 44.204863693593154 ], [ -113.814202380361607, 44.204575796789328 ], [ -113.814177773130154, 44.204440710794309 ], [ -113.814103272630987, 44.204251520900456 ], [ -113.813729387169431, 44.203746733488764 ], [ -113.813554678520305, 44.203584391138193 ], [ -113.812879773151209, 44.203286184310066 ], [ -113.812454956837229, 44.203060406215023 ], [ -113.811867815941682, 44.20271731969089 ], [ -113.81136823099753, 44.20239238111045 ], [ -113.811105751357005, 44.202283909146772 ], [ -113.810768442364633, 44.202094285756253 ], [ -113.810356012326693, 44.201913538071913 ], [ -113.810106313484638, 44.201724054516781 ], [ -113.809756552361634, 44.201516401042539 ], [ -113.809544084868364, 44.201426015128114 ], [ -113.809081311840913, 44.201335210778964 ], [ -113.80886858407986, 44.201325850078327 ], [ -113.808418445997575, 44.201199051421284 ], [ -113.80794301636314, 44.20115323898272 ], [ -113.807617886287559, 44.201071661409387 ], [ -113.807430158131268, 44.201071345117739 ], [ -113.807317699297514, 44.201017136353897 ], [ -113.807311401094609, 44.200837602114945 ], [ -113.807304943811744, 44.200668488794982 ], [ -113.807306824797934, 44.200619349851294 ], [ -113.807312254982364, 44.2005756107053 ], [ -113.807321980954555, 44.20052976125357 ], [ -113.807335680630473, 44.200481167127123 ], [ -113.807353519968942, 44.200429207384119 ], [ -113.807376119355013, 44.200372068025217 ], [ -113.807389550450836, 44.200344425664895 ], [ -113.80740703976123, 44.200316137413168 ], [ -113.807428754629044, 44.200286927152213 ], [ -113.807455089743556, 44.200256265256925 ], [ -113.807511272800639, 44.200199570505433 ], [ -113.807659603166044, 44.200062636006393 ], [ -113.807696459974807, 44.200024102271612 ], [ -113.807725471260142, 44.199988983735828 ], [ -113.807751594998294, 44.199949342531475 ], [ -113.807768913970406, 44.19991138360718 ], [ -113.807777759692485, 44.199874382767852 ], [ -113.80777821228024, 44.19983795391331 ], [ -113.80777150929741, 44.199795993161175 ], [ -113.807760002091811, 44.199753572363782 ], [ -113.807743690691609, 44.199710686117818 ], [ -113.807722575090096, 44.199667339823087 ], [ -113.807673218660284, 44.199451180119794 ], [ -113.807723599862257, 44.199352231606966 ], [ -113.807849186400375, 44.199217393216031 ], [ -113.807787548089152, 44.198929187338585 ], [ -113.807913747814681, 44.198605284627014 ], [ -113.807902228997989, 44.198299156652546 ], [ -113.808053251084317, 44.198038319653158 ], [ -113.808116348182736, 44.197876368140221 ], [ -113.808079419778124, 44.197687237204434 ], [ -113.808105354390591, 44.197408183504137 ], [ -113.808069914229009, 44.196759893823426 ], [ -113.808108656058863, 44.196390826016909 ], [ -113.80807175530451, 44.196192693678647 ], [ -113.808147774633085, 44.195904719029649 ], [ -113.808261190413631, 44.195661824881299 ], [ -113.808211484896319, 44.195553703060348 ], [ -113.808236892383349, 44.195436702324685 ], [ -113.808174876373272, 44.195265539224295 ], [ -113.808163006302266, 44.195067448903515 ], [ -113.808302817268441, 44.194401446780859 ], [ -113.808216419672235, 44.194032168730764 ], [ -113.808279278499924, 44.193942242225283 ], [ -113.808605390210829, 44.193708705804127 ], [ -113.808818849803245, 44.193483984977981 ], [ -113.808931790237736, 44.193385136901966 ], [ -113.809070166696998, 44.193160289991688 ], [ -113.80923310173813, 44.193079531562375 ], [ -113.809383727299661, 44.192935731740953 ], [ -113.809584318659503, 44.192819026421127 ], [ -113.809660239306282, 44.192558058239747 ], [ -113.80996188999346, 44.192144413047401 ], [ -113.810062747715278, 44.191910497461798 ], [ -113.810025874573697, 44.191703364240084 ], [ -113.809789223905227, 44.191360848662818 ], [ -113.809714811729407, 44.191153649211046 ], [ -113.809715362106331, 44.190982591014617 ], [ -113.809816595183392, 44.1906316327374 ], [ -113.809767238524287, 44.190415473595522 ], [ -113.809580793118357, 44.1900280268625 ], [ -113.809506644310034, 44.189739800594317 ], [ -113.809507398250872, 44.189505718436429 ], [ -113.809545949753868, 44.189190668607644 ], [ -113.809546703524703, 44.18895658642662 ], [ -113.809697462624285, 44.188767772061624 ], [ -113.809822877360972, 44.188677948811105 ], [ -113.810298872367611, 44.188516682428947 ], [ -113.81073741515317, 44.188328340586416 ], [ -113.811538899359064, 44.188113588534748 ], [ -113.811701817103256, 44.188032830083877 ], [ -113.811902473141302, 44.187889109263892 ], [ -113.812227965491019, 44.18783562545444 ], [ -113.812366002217189, 44.187709807296855 ], [ -113.812478811502828, 44.187646968242689 ], [ -113.813004840022785, 44.187485772671458 ], [ -113.813343126777454, 44.187342274503663 ], [ -113.813543662965301, 44.187234563435688 ], [ -113.813719287478236, 44.187090798546386 ], [ -113.813983485854678, 44.18663206699231 ], [ -113.814071920633666, 44.186362114555713 ], [ -113.814072543222082, 44.186164044868605 ], [ -113.814160917814391, 44.185912098671317 ], [ -113.814174194650988, 44.185669031678749 ], [ -113.814100453251001, 44.185245762405927 ], [ -113.814151150976045, 44.185038769137051 ], [ -113.814077353917483, 44.184633506144529 ], [ -113.81422820061745, 44.184408669329585 ], [ -113.814454849726332, 44.183949875401666 ], [ -113.814555308712869, 44.183832994890466 ], [ -113.814730920645729, 44.183689228338416 ], [ -113.814781332913853, 44.183572270051208 ], [ -113.814832364974535, 44.183257238340893 ], [ -113.814708407523781, 44.182887907192182 ], [ -113.814734360543824, 44.182590841247695 ], [ -113.814609840813432, 44.182401573435328 ], [ -113.814635314536005, 44.182257563252826 ], [ -113.814585862499783, 44.182068413579422 ], [ -113.814636837847672, 44.181771391824064 ], [ -113.814537624413958, 44.181492129151238 ], [ -113.814600629539228, 44.181348179876387 ], [ -113.814588345559812, 44.181276134168584 ], [ -113.814426605738433, 44.180987768458131 ], [ -113.814214487437354, 44.180807359256015 ], [ -113.814139818344145, 44.180681192688112 ], [ -113.814092010039417, 44.17996986207941 ], [ -113.813992745561492, 44.179708605210607 ], [ -113.813968573599169, 44.179438469124861 ], [ -113.813881706501505, 44.17921324882311 ], [ -113.813707466538446, 44.178924861625646 ], [ -113.813521229899891, 44.178474396501429 ], [ -113.813296895882701, 44.17820393331359 ], [ -113.813185268491068, 44.177897641124304 ], [ -113.812787773928534, 44.177278468711222 ], [ -113.812774454903845, 44.177257737659474 ], [ -113.812699593837621, 44.177194594154543 ], [ -113.812574635641965, 44.177149371276577 ], [ -113.81171161150813, 44.177093932776522 ], [ -113.811186734962405, 44.176922006960723 ], [ -113.810961698415795, 44.176876616869016 ], [ -113.809873646981146, 44.176775777563158 ], [ -113.809310957384, 44.176693808870795 ], [ -113.808985756268598, 44.17667525913744 ], [ -113.808635768372085, 44.176584641130923 ], [ -113.808335558792919, 44.176575136435851 ], [ -113.806521117667501, 44.176725131028661 ], [ -113.805882841844976, 44.176805079130844 ], [ -113.80539510147328, 44.176759231393234 ], [ -113.805119911518375, 44.17674976086483 ], [ -113.804857111623491, 44.176776320151035 ], [ -113.804381404777232, 44.17687454389641 ], [ -113.803880885198737, 44.176909698667664 ], [ -113.80323033462281, 44.176917581447398 ], [ -113.802804694111614, 44.177006879818329 ], [ -113.802378962105848, 44.177123187928068 ], [ -113.801664833908006, 44.177437061535642 ], [ -113.80118893498657, 44.177589291004608 ], [ -113.800763286586033, 44.177678581744559 ], [ -113.800650754445783, 44.177660378980868 ], [ -113.800525834869845, 44.177606141569363 ], [ -113.80038867999103, 44.177470851797082 ], [ -113.800314287670304, 44.177272650785227 ], [ -113.800152111416168, 44.177137320584535 ], [ -113.80010237534492, 44.177047201289525 ], [ -113.800078997915989, 44.176560986049552 ], [ -113.800092269533195, 44.17633592674953 ], [ -113.800180840802682, 44.176038976934009 ], [ -113.800119296535868, 44.175741760886751 ], [ -113.800182543348015, 44.175534799032505 ], [ -113.800082891437128, 44.17540857946468 ], [ -113.799808256932451, 44.175237035357512 ], [ -113.799596874650675, 44.174858529040193 ], [ -113.799597545440193, 44.174660459121625 ], [ -113.79951061801826, 44.174471240532519 ], [ -113.799498719876567, 44.174291155007339 ], [ -113.79954958112809, 44.174048155180863 ], [ -113.799663231296023, 44.173733243181616 ], [ -113.799663597046575, 44.173625205023264 ], [ -113.799464820928534, 44.173219708958051 ], [ -113.799190839908391, 44.17285909832632 ], [ -113.798816544756349, 44.172570336285141 ], [ -113.798405064771046, 44.172182473601758 ], [ -113.798068057562546, 44.171965800756126 ], [ -113.797705945171359, 44.171776090364745 ], [ -113.796881623203461, 44.171405496835185 ], [ -113.79640715436706, 44.17115256162991 ], [ -113.796107315620972, 44.171043988044552 ], [ -113.795907547926717, 44.17093559248876 ], [ -113.79560783557227, 44.170791004863233 ], [ -113.795270721963405, 44.170610336476841 ], [ -113.794933550525542, 44.17044767346308 ], [ -113.794309432735986, 44.170068415443126 ], [ -113.794022956632062, 44.169716771164389 ], [ -113.793810752759228, 44.169590343015685 ], [ -113.792960870539929, 44.169390734686353 ], [ -113.792385799285313, 44.169299658655355 ], [ -113.791935940166525, 44.169172794877106 ], [ -113.791548274633101, 44.169145080267405 ], [ -113.791210518364267, 44.169153464926708 ], [ -113.790910190423304, 44.169188928617032 ], [ -113.790246543595757, 44.169385783353071 ], [ -113.7894580345245, 44.169519383305506 ], [ -113.789195323990256, 44.169527900285431 ], [ -113.788920298832252, 44.169482378071947 ], [ -113.788657944522271, 44.169391860637013 ], [ -113.788383306712717, 44.169238295364465 ], [ -113.788059023805047, 44.168976602054009 ], [ -113.78736023968267, 44.168507135023304 ], [ -113.787048731371385, 44.168173433053802 ], [ -113.786711661366454, 44.167992739413734 ], [ -113.786449639376016, 44.167812185082596 ], [ -113.786187784092036, 44.167586616044268 ], [ -113.786088240467919, 44.167442377814766 ], [ -113.786064818982638, 44.167001173236102 ], [ -113.785941433014884, 44.16653277342575 ], [ -113.7859300635659, 44.166217640361346 ], [ -113.785993938079372, 44.165848625179869 ], [ -113.786044424314568, 44.165722674304178 ], [ -113.786182624935734, 44.165551873173996 ], [ -113.785870327055733, 44.165443249300345 ], [ -113.785545651992123, 44.165298588352528 ], [ -113.784959137158609, 44.164928350948557 ], [ -113.784434643264802, 44.16470228311281 ], [ -113.784285079194888, 44.164557948846046 ], [ -113.784022885204081, 44.164431408004226 ], [ -113.783798344611839, 44.164268924830331 ], [ -113.783574233166661, 44.163989397995699 ], [ -113.78326263804972, 44.16369170187555 ], [ -113.782964049580656, 44.163258979059314 ], [ -113.782391270786093, 44.162564637426975 ], [ -113.781805502096802, 44.162005318605132 ], [ -113.781656548929107, 44.161698923464847 ], [ -113.781170380628566, 44.161265837154488 ], [ -113.780721006860645, 44.161030890940872 ], [ -113.780521501425497, 44.160868449281693 ], [ -113.780296716661127, 44.160777984684849 ], [ -113.779948038151062, 44.160372167191625 ], [ -113.779487746863765, 44.159714042091942 ], [ -113.779401106826271, 44.159470786936986 ], [ -113.779276882850496, 44.159245465610425 ], [ -113.779215259276839, 44.159002258624554 ], [ -113.779053718834945, 44.158722845375031 ], [ -113.778992130320177, 44.158470635057512 ], [ -113.778631471941765, 44.157929741342798 ], [ -113.77856944833222, 44.157794572275215 ], [ -113.778545177241014, 44.157596453549679 ], [ -113.778408183765478, 44.157443132520946 ], [ -113.778321553953546, 44.157199876471125 ], [ -113.778197203919007, 44.157010566674444 ], [ -113.777774034539618, 44.156469548735494 ], [ -113.777624406023563, 44.156352215200315 ], [ -113.777275162243058, 44.156108446833748 ], [ -113.777026067398722, 44.155837863113504 ], [ -113.776514766229511, 44.15545872707073 ], [ -113.775842061710406, 44.154773161215822 ], [ -113.775505272823878, 44.154547418336399 ], [ -113.775255953434296, 44.154339853087478 ], [ -113.775006841034426, 44.154078268111974 ], [ -113.774820460542131, 44.153762786659485 ], [ -113.774359179665822, 44.153392742680651 ], [ -113.774209805974778, 44.153212382259035 ], [ -113.774060845387368, 44.152923983266774 ], [ -113.773899036397879, 44.152725591298704 ], [ -113.773375519719906, 44.152283393962534 ], [ -113.772901304605156, 44.152030360818415 ], [ -113.772802406566143, 44.151733056363781 ], [ -113.772752698815921, 44.15165192809156 ], [ -113.772577979437528, 44.151561547742247 ], [ -113.772441087026806, 44.151390213064637 ], [ -113.772341327136061, 44.151317988169367 ], [ -113.771779730013122, 44.151028763092398 ], [ -113.771230852750875, 44.150685541097772 ], [ -113.770781389625142, 44.150504574803435 ], [ -113.770494557069412, 44.150305927018508 ], [ -113.770545272143508, 44.150125963491107 ], [ -113.770758506566253, 44.149955329429055 ], [ -113.770884455024387, 44.149721497053115 ], [ -113.771060349651989, 44.149505771170396 ], [ -113.771148923916641, 44.149235850497071 ], [ -113.771249791568835, 44.149019973988416 ], [ -113.771626302987372, 44.148660596365723 ], [ -113.771865161178411, 44.148327952502427 ], [ -113.772243083865376, 44.147599441397553 ], [ -113.772507047981463, 44.147239836353414 ], [ -113.772532401169983, 44.147149854088909 ], [ -113.772507912448276, 44.147014756205472 ], [ -113.772570982658408, 44.146870829376184 ], [ -113.772683827646219, 44.146790024484567 ], [ -113.773022045262906, 44.146628637984044 ], [ -113.773210048501966, 44.146511968762724 ], [ -113.773573992892494, 44.146161562887976 ], [ -113.773712254843332, 44.145972768023427 ], [ -113.773788719622658, 44.145594781822176 ], [ -113.77402820581483, 44.145091072218001 ], [ -113.774193254883144, 44.144434159223835 ], [ -113.77435685742708, 44.144155380809757 ], [ -113.774370081878132, 44.143966338055478 ], [ -113.774333634752367, 44.143687164387572 ], [ -113.774448048111552, 44.143192209892845 ], [ -113.774462846258146, 44.14258901924665 ], [ -113.77450104112998, 44.142409028999786 ], [ -113.774664739330333, 44.142103240385453 ], [ -113.774690806066815, 44.141824190023605 ], [ -113.774666828231844, 44.141554044231178 ], [ -113.774729889834418, 44.141410116053699 ], [ -113.7749930905794, 44.14123957233393 ], [ -113.775281911843081, 44.140907019278615 ], [ -113.775720175737632, 44.140727814792506 ], [ -113.776021219155552, 44.140467310113834 ], [ -113.776285230407453, 44.140080686117543 ], [ -113.776336394853871, 44.139774674563903 ], [ -113.776487405602467, 44.139513874789607 ], [ -113.776700177446912, 44.139451267852465 ], [ -113.777050032392296, 44.139505970847466 ], [ -113.777562585582075, 44.139515973225905 ], [ -113.777912914189855, 44.139444628483396 ], [ -113.778238406322288, 44.13932821802274 ], [ -113.778464049257806, 44.139166596620072 ], [ -113.778815483865543, 44.138798142751675 ], [ -113.779204183589854, 44.138492782823768 ], [ -113.779580713672814, 44.138097365186788 ], [ -113.779981473220687, 44.137909068606902 ], [ -113.780269682634042, 44.137729557491895 ], [ -113.78093313796478, 44.137496746051731 ], [ -113.781121129885221, 44.137371060307068 ], [ -113.78114653222346, 44.137263069486018 ], [ -113.781009778463016, 44.137055731749221 ], [ -113.780985141370536, 44.136956648321409 ], [ -113.780986971652453, 44.136461470803262 ], [ -113.781012640025637, 44.136281454168589 ], [ -113.781251331436209, 44.135966796210781 ], [ -113.781390073985634, 44.135633939942785 ], [ -113.781628628058741, 44.135355294071857 ], [ -113.781666992957355, 44.135121281759133 ], [ -113.781842340793304, 44.135031583786137 ], [ -113.781892610502254, 44.134959653413738 ], [ -113.782120146800509, 44.134275837175949 ], [ -113.782233484112624, 44.134050970879152 ], [ -113.782384222816432, 44.133853185596614 ], [ -113.782447354077448, 44.133682243205399 ], [ -113.782522887931265, 44.133538334273403 ], [ -113.782511082235843, 44.133349242571498 ], [ -113.782586714599262, 44.133178323885396 ], [ -113.782762517340132, 44.132962579172769 ], [ -113.782850713890383, 44.132773677594663 ], [ -113.783001117602211, 44.132665923795408 ], [ -113.783477030576677, 44.13242373769954 ], [ -113.78360239822797, 44.132324938948663 ], [ -113.783978859668238, 44.131929506249598 ], [ -113.784430940791637, 44.131363152295627 ], [ -113.784869860629414, 44.1309768377265 ], [ -113.785146172756086, 44.130617225662284 ], [ -113.785197119945181, 44.13035622572454 ], [ -113.785260108850309, 44.130221294611992 ], [ -113.785674405386487, 44.129726890958764 ], [ -113.78576275052869, 44.12949297078805 ], [ -113.78590083703547, 44.129331170190987 ], [ -113.785926097090083, 44.129259191099848 ], [ -113.785889148944335, 44.12910606570378 ], [ -113.785752204512121, 44.128952752812602 ], [ -113.785777985237303, 44.128736721862289 ], [ -113.785678409852082, 44.128619492153575 ], [ -113.785616593460077, 44.128430306780032 ], [ -113.785467443595579, 44.128195940881838 ], [ -113.785380892270993, 44.127934682474859 ], [ -113.784994936618745, 44.127510801420655 ], [ -113.784808653761004, 44.127177328366699 ], [ -113.784497212565967, 44.1268886355098 ], [ -113.78444829525985, 44.126591434089526 ], [ -113.784411125849758, 44.12650133088048 ], [ -113.784249190096602, 44.126347968956651 ], [ -113.784012327559395, 44.126176458556898 ], [ -113.783613566505096, 44.125842581585204 ], [ -113.783464266599211, 44.125653229227773 ], [ -113.783164912168616, 44.125481598591719 ], [ -113.782990748247911, 44.125256185172702 ], [ -113.782903385260852, 44.125220005958319 ], [ -113.782666035984803, 44.125183541455776 ], [ -113.782278960248405, 44.125074764747438 ], [ -113.781867188554173, 44.124884909786218 ], [ -113.781380356770185, 44.124712916348521 ], [ -113.780694513248335, 44.124279442975876 ], [ -113.780432402296569, 44.124179903115419 ], [ -113.780232520654792, 44.124152508863666 ], [ -113.779883455345654, 44.123908747459168 ], [ -113.779434101408015, 44.123745821213006 ], [ -113.779247124032196, 44.123610410403849 ], [ -113.779147737865173, 44.123448158704591 ], [ -113.779073047608051, 44.123366984485259 ], [ -113.778549111675673, 44.123095870743015 ], [ -113.77836264077574, 44.122825409755464 ], [ -113.778238025508742, 44.122726131490928 ], [ -113.778100677479031, 44.122689851553957 ], [ -113.777875535002579, 44.122734430613995 ], [ -113.777763080517104, 44.122725208607683 ], [ -113.777526014724529, 44.122616707455499 ], [ -113.777263814982589, 44.122544170066369 ], [ -113.776964494232843, 44.122372523160017 ], [ -113.776702366584985, 44.122281977992031 ], [ -113.776853263073662, 44.122039183333278 ], [ -113.776792024004067, 44.121705941060078 ], [ -113.776892451162894, 44.121589094125341 ], [ -113.777117996189489, 44.121436477994123 ], [ -113.777256358007037, 44.12120266162821 ], [ -113.777281591225361, 44.121139687610203 ], [ -113.777257169832822, 44.120986583627108 ], [ -113.777307838936252, 44.120806616076244 ], [ -113.777271357947839, 44.12053644546188 ], [ -113.777110034844057, 44.120230018064113 ], [ -113.777136384624171, 44.119869936761859 ], [ -113.777111997963033, 44.119707829463316 ], [ -113.777162564882843, 44.119554871692401 ], [ -113.777338042428156, 44.119420164042594 ], [ -113.777363579063575, 44.119276160708772 ], [ -113.777240934821506, 44.118654692609596 ], [ -113.777104745098015, 44.118312300824172 ], [ -113.777044255680593, 44.117780986867558 ], [ -113.777057259726391, 44.117645962424213 ], [ -113.777195748201635, 44.117376132934837 ], [ -113.77718396001427, 44.11718704018287 ], [ -113.777234524572663, 44.117034082307548 ], [ -113.777135527106083, 44.116772792880461 ], [ -113.777086891785316, 44.116412565073134 ], [ -113.777200856496037, 44.116016641132447 ], [ -113.777301712739671, 44.115782751340859 ], [ -113.777452421181536, 44.115584971868515 ], [ -113.777615388017338, 44.115450239326712 ], [ -113.777878399983905, 44.115297694449666 ], [ -113.77796614733272, 44.115225838411909 ], [ -113.778104828120576, 44.114901988123933 ], [ -113.778381274154953, 44.114497375030268 ], [ -113.778706762604855, 44.11434494939401 ], [ -113.779095402682017, 44.114012578408136 ], [ -113.779433418060194, 44.113851171581246 ], [ -113.779546322067205, 44.113734346237052 ], [ -113.779596576398575, 44.113662416574456 ], [ -113.779673496373363, 44.11314037190332 ], [ -113.779636710584356, 44.112951231052946 ], [ -113.779550003649902, 44.112743987211289 ], [ -113.779550974217557, 44.112482892530288 ], [ -113.77947713412614, 44.112176636812322 ], [ -113.779315889187046, 44.111852205570905 ], [ -113.779329858213984, 44.11145608599081 ], [ -113.779393244593209, 44.111213118453463 ], [ -113.779269623672448, 44.110852746406508 ], [ -113.779358501563649, 44.110474778118956 ], [ -113.779335352003145, 44.109979550083189 ], [ -113.779448418701961, 44.10981770840057 ], [ -113.779473979462992, 44.109664701063622 ], [ -113.779300478847617, 44.10927722265901 ], [ -113.779263627082145, 44.109106088103282 ], [ -113.77907726622324, 44.10881762116523 ], [ -113.778991405930483, 44.108385294989191 ], [ -113.778917137483674, 44.108196081235995 ], [ -113.778867390484024, 44.108132961605186 ], [ -113.778730243763263, 44.108051666043181 ], [ -113.778692957688364, 44.107997573804276 ], [ -113.778681706475624, 44.107664428541355 ], [ -113.778620135618795, 44.107421219142275 ], [ -113.778620841278538, 44.107232150416372 ], [ -113.77845897545086, 44.107078779910999 ], [ -113.778422127455045, 44.106907645025629 ], [ -113.778273026200907, 44.106682272293547 ], [ -113.778223718759648, 44.106502109812325 ], [ -113.77793710716692, 44.106294476293499 ], [ -113.777888407889023, 44.105952254721089 ], [ -113.777776322504991, 44.105853000022236 ], [ -113.777589135111739, 44.105789612395725 ], [ -113.777421358956872, 44.105716631406899 ], [ -113.777253564486585, 44.105643646533764 ], [ -113.776965401545382, 44.105518296255369 ], [ -113.776753494828156, 44.10538283227136 ], [ -113.776691292741532, 44.10531068398339 ], [ -113.776679305036708, 44.105175610436618 ], [ -113.776592554385402, 44.104986370667973 ], [ -113.77658060087758, 44.104842293828419 ], [ -113.776595199153036, 44.10428411516471 ], [ -113.776533945549374, 44.103959875032139 ], [ -113.776535200414813, 44.103626753783942 ], [ -113.776498362574699, 44.103455618195326 ], [ -113.776423972469658, 44.103302415798055 ], [ -113.776462167033046, 44.10311342030564 ], [ -113.776413241276657, 44.102834220885896 ], [ -113.776513806663971, 44.102672357438195 ], [ -113.776526573560119, 44.102600355649827 ], [ -113.776414971816777, 44.102375053667835 ], [ -113.776391171025679, 44.102059889984695 ], [ -113.776404718390012, 44.10178081276419 ], [ -113.776232007775732, 44.101195257075801 ], [ -113.776245009882246, 44.101060232327875 ], [ -113.776370526668188, 44.100907421167094 ], [ -113.776433642301896, 44.100736481077767 ], [ -113.776446745619324, 44.100574446448867 ], [ -113.776397313001013, 44.10043029613739 ], [ -113.776260425111332, 44.100285974568479 ], [ -113.775973609882328, 44.10014135894739 ], [ -113.77578668059455, 44.1000149453684 ], [ -113.775549502169554, 44.099960459570333 ], [ -113.775387629979562, 44.099816087858628 ], [ -113.775113279969432, 44.099680497921696 ], [ -113.774789366653536, 44.099436769433545 ], [ -113.774502593340316, 44.09928314683129 ], [ -113.774415550097174, 44.09917493479422 ], [ -113.774341307668365, 44.098985717815502 ], [ -113.774192173196354, 44.098778346085929 ], [ -113.773856219984509, 44.098417547546575 ], [ -113.773482654563551, 44.098092686841127 ], [ -113.77335854634876, 44.09787636025419 ], [ -113.773161234840373, 44.097200717188315 ], [ -113.773099080096401, 44.097119563582957 ], [ -113.772899706528932, 44.096984117146647 ], [ -113.772837618806449, 44.096884956821015 ], [ -113.772789301204327, 44.096452699726264 ], [ -113.772528433308466, 44.096065036369467 ], [ -113.772492230483905, 44.095731840123463 ], [ -113.772293001152264, 44.095560379458647 ], [ -113.772218631732358, 44.095407174155007 ], [ -113.772206658619282, 44.095272099934938 ], [ -113.772245345116829, 44.09495705956865 ], [ -113.772196307528105, 44.094713871154525 ], [ -113.772221949437579, 44.094542858482335 ], [ -113.772184645678266, 44.094497767315751 ], [ -113.771997601349071, 44.094407360618511 ], [ -113.772160351835097, 44.094317651710469 ], [ -113.772436293040741, 44.094030094189904 ], [ -113.772562563808322, 44.093679214626 ], [ -113.772926324370545, 44.093292793718128 ], [ -113.773115328643826, 44.09287001127899 ], [ -113.773341461610258, 44.092537335770643 ], [ -113.773454989865172, 44.09224945517871 ], [ -113.773505920487423, 44.091997462028651 ], [ -113.773644124387971, 44.09179065679524 ], [ -113.773682491910733, 44.0915566453804 ], [ -113.773683659240106, 44.091250533356529 ], [ -113.773598037381589, 44.090773187257319 ], [ -113.773523876683029, 44.090565961103238 ], [ -113.773449372811356, 44.090448771458504 ], [ -113.773262545657431, 44.090304347012975 ], [ -113.773225759774803, 44.090124206709788 ], [ -113.773038934184967, 44.089979781893682 ], [ -113.772964879733834, 44.089745547263824 ], [ -113.772902801930854, 44.089646385067702 ], [ -113.772503865101697, 44.089438515795514 ], [ -113.771905205618424, 44.08919422950008 ], [ -113.771568211519792, 44.089121529289159 ], [ -113.771143675176972, 44.089075664662083 ], [ -113.770606369754617, 44.089119602159059 ], [ -113.77033155748245, 44.089119050062479 ], [ -113.77010653671168, 44.089163616136901 ], [ -113.769994181960101, 44.089145383272459 ], [ -113.769895087905965, 44.088929102942465 ], [ -113.769845366594211, 44.088865977424383 ], [ -113.769695714176791, 44.088802654091666 ], [ -113.76940865809587, 44.088739049725113 ], [ -113.769184478379202, 44.088567534875004 ], [ -113.769134828165107, 44.088486402452816 ], [ -113.769160301050533, 44.088360406778108 ], [ -113.769110791119687, 44.088243264756578 ], [ -113.76882454239346, 44.087972584885286 ], [ -113.768725279148427, 44.087801318196256 ], [ -113.768525841476134, 44.08769287388759 ], [ -113.768389107406989, 44.087521534577625 ], [ -113.76818981193594, 44.087377076489354 ], [ -113.76790321953213, 44.087196427266719 ], [ -113.76765385649739, 44.087078874822943 ], [ -113.767391863547928, 44.086997313199923 ], [ -113.767104780852023, 44.086942708142516 ], [ -113.766755068079505, 44.086932989569547 ], [ -113.766530442495224, 44.086878510557462 ], [ -113.765893332162022, 44.086895213608955 ], [ -113.765481377088861, 44.086831346965731 ], [ -113.765157181522738, 44.086686627127406 ], [ -113.764808683502395, 44.086370790501519 ], [ -113.764571857895845, 44.086244255553254 ], [ -113.763835325981731, 44.086134695027482 ], [ -113.763485367424266, 44.086187991334526 ], [ -113.76312331384527, 44.086142226214733 ], [ -113.762437722031279, 44.085789669454769 ], [ -113.76211375608753, 44.085590921203 ], [ -113.761851849604838, 44.085491340292911 ], [ -113.761664632517281, 44.085454936414422 ], [ -113.761464781512601, 44.085454519340544 ], [ -113.761139516438206, 44.085579886995575 ], [ -113.761002119837144, 44.085579599665316 ], [ -113.760578234490126, 44.085380637993111 ], [ -113.760203768958775, 44.08531682725971 ], [ -113.759642417246454, 44.08513558024994 ], [ -113.759405644099445, 44.085000033106134 ], [ -113.759243520796232, 44.084936666179011 ], [ -113.758769317944072, 44.084827625462161 ], [ -113.758270319088751, 44.084673515250863 ], [ -113.758045563118088, 44.084655032754462 ], [ -113.757870585728725, 44.084681670385294 ], [ -113.757708246937227, 44.08467232466009 ], [ -113.757483711843136, 44.084599821287732 ], [ -113.757146761652407, 44.084527078580038 ], [ -113.756822488431155, 44.084409343192448 ], [ -113.756635280371654, 44.084372931085852 ], [ -113.756347887778148, 44.084399330480075 ], [ -113.756073134644964, 44.08438973904164 ], [ -113.755785670145798, 44.084434143614921 ], [ -113.755398724098654, 44.084370290445797 ], [ -113.755136202992418, 44.084423748356173 ], [ -113.754399376083384, 44.084395158501508 ], [ -113.754024923495663, 44.084331327535132 ], [ -113.753512966072236, 44.084294210692903 ], [ -113.753263718668663, 44.084158623890545 ], [ -113.752951419778796, 44.084166950603262 ], [ -113.752414558764485, 44.08411176823855 ], [ -113.752214862740686, 44.08407532182521 ], [ -113.751990374265986, 44.083993806178363 ], [ -113.751665473957871, 44.084029113944226 ], [ -113.750953634477256, 44.084000552573954 ], [ -113.750479151729792, 44.083963503816769 ], [ -113.750192253488052, 44.083872843143958 ], [ -113.74995504946034, 44.083845315938582 ], [ -113.74910585870029, 44.083807440800854 ], [ -113.748918657327678, 44.083771016061853 ], [ -113.748631950541778, 44.083635333215867 ], [ -113.74840727790162, 44.083598825190691 ], [ -113.746471169828894, 44.083621557239752 ], [ -113.74570953102257, 44.08355683917982 ], [ -113.745197083265921, 44.083636729649449 ], [ -113.744647742893434, 44.083581482953434 ], [ -113.743685640461052, 44.083660357183682 ], [ -113.743223578754481, 44.083641312906664 ], [ -113.742786534425846, 44.083613321511002 ], [ -113.742174981078392, 44.083503902602502 ], [ -113.74168848655988, 44.083358749732305 ], [ -113.741364015222558, 44.08329499025286 ], [ -113.740689583000403, 44.083284459955763 ], [ -113.740390329785626, 44.083166734693265 ], [ -113.740115742754753, 44.083121095357498 ], [ -113.739703647145546, 44.083102150488621 ], [ -113.7393415890418, 44.083065311550953 ], [ -113.738829533203344, 44.083055137007563 ], [ -113.738554908263126, 44.083018495407849 ], [ -113.738417713678672, 44.082973166304988 ], [ -113.73819336756182, 44.082864611935292 ], [ -113.73790649353117, 44.082773920453086 ], [ -113.737070333435938, 44.082618940060904 ], [ -113.736783781668279, 44.082456219489309 ], [ -113.736521849341926, 44.082374587159876 ], [ -113.736334540351095, 44.082365149874335 ], [ -113.735972128500421, 44.082409331625719 ], [ -113.735722328053754, 44.082408754083488 ], [ -113.735448269747494, 44.08224605905508 ], [ -113.735211202174725, 44.082191489618957 ], [ -113.735136262319514, 44.082191315915217 ], [ -113.734961121306071, 44.082253931597101 ], [ -113.734649152028169, 44.082190185639824 ], [ -113.734349312056978, 44.082207495620914 ], [ -113.734137064314638, 44.082188995168337 ], [ -113.733812809412697, 44.082080199653987 ], [ -113.733588071101281, 44.082061669079771 ], [ -113.73337594293838, 44.082016155560886 ], [ -113.73312610371795, 44.082024577429365 ], [ -113.733051406989574, 44.081970382665482 ], [ -113.732939606413836, 44.081835068936194 ], [ -113.732853107680882, 44.081627790841566 ], [ -113.73290622650083, 44.08092565155691 ], [ -113.732832301153621, 44.080700392447525 ], [ -113.732907968180399, 44.080538508541409 ], [ -113.732859184484752, 44.08027729828958 ], [ -113.732648038773746, 44.080015704590224 ], [ -113.732586198212772, 44.079880510966866 ], [ -113.732525252775574, 44.079547241430973 ], [ -113.732527442999796, 44.079061063984504 ], [ -113.732465887683915, 44.078862845469182 ], [ -113.732366582242108, 44.07872756396592 ], [ -113.732229567247302, 44.078646210691765 ], [ -113.732130140856981, 44.078537937040501 ], [ -113.731870346447181, 44.077988123107247 ], [ -113.731423019878434, 44.077482882966862 ], [ -113.73123731650405, 44.077122310913012 ], [ -113.731125526648839, 44.076986995320915 ], [ -113.730876565243605, 44.07680634146633 ], [ -113.730840161082156, 44.076572167698032 ], [ -113.730765799864315, 44.076445945096594 ], [ -113.730691193958975, 44.076373742180991 ], [ -113.730117980123481, 44.076093286445214 ], [ -113.729831681228859, 44.075885530124275 ], [ -113.729719940368, 44.075741211658453 ], [ -113.729534291246196, 44.075371635270912 ], [ -113.729385290465359, 44.075182209517685 ], [ -113.729260774942816, 44.075100885841067 ], [ -113.729136136566652, 44.075046570098671 ], [ -113.728386952144277, 44.075017779559523 ], [ -113.728137389035481, 44.074972170864243 ], [ -113.727875504172218, 44.074890515123954 ], [ -113.72753905881973, 44.074727652309491 ], [ -113.727253274250046, 44.074411853646119 ], [ -113.726966662327712, 44.074276116451173 ], [ -113.726704616395352, 44.074230474789829 ], [ -113.726442443954625, 44.074211840590287 ], [ -113.725793094561723, 44.074201278810463 ], [ -113.725530675365192, 44.074236662259651 ], [ -113.72536857613872, 44.074182252401748 ], [ -113.725669085131941, 44.074011911752144 ], [ -113.725794757479576, 44.073841147234681 ], [ -113.725808119909644, 44.073652109922499 ], [ -113.72574738257137, 44.073282823352663 ], [ -113.725748255716368, 44.073093756049104 ], [ -113.725849739532478, 44.072751870749912 ], [ -113.725850653905979, 44.072553798334674 ], [ -113.72593865241322, 44.072427961969865 ], [ -113.725739677386429, 44.072247416675303 ], [ -113.725590779725536, 44.07203997933604 ], [ -113.72551776688276, 44.071625647892937 ], [ -113.725121992829457, 44.070796384190118 ], [ -113.725047484230373, 44.070706170965373 ], [ -113.724873075611413, 44.070615717171158 ], [ -113.724724435407822, 44.070354262496728 ], [ -113.724562598029976, 44.070245831720776 ], [ -113.724101692801554, 44.070001626187931 ], [ -113.723927413235259, 44.069884162865002 ], [ -113.723827974751742, 44.069784883393389 ], [ -113.723567666644911, 44.069370097662294 ], [ -113.723430894894662, 44.069243719114681 ], [ -113.723318592363199, 44.06922544042007 ], [ -113.723106100715114, 44.069269944427738 ], [ -113.722956211778651, 44.069278582669241 ], [ -113.722656854177018, 44.069205829217665 ], [ -113.722432715129258, 44.06907023576403 ], [ -113.722109227332353, 44.06881735430796 ], [ -113.721935250244371, 44.06863686307544 ], [ -113.721848092195074, 44.068582630535822 ], [ -113.721636065918318, 44.06852809377272 ], [ -113.721224202062587, 44.068482070789656 ], [ -113.72079997999009, 44.06840900772977 ], [ -113.720363442722288, 44.068299899361016 ], [ -113.71993977489069, 44.068109792085096 ], [ -113.719628661162901, 44.067883942292084 ], [ -113.719366734209288, 44.067820277249716 ], [ -113.719005548835938, 44.067621314748891 ], [ -113.718631624386546, 44.067476340124543 ], [ -113.718444280008484, 44.067484880203999 ], [ -113.718294608423463, 44.067448497672984 ], [ -113.71818265262624, 44.067358187584631 ], [ -113.718058596210355, 44.067186818728906 ], [ -113.717622629429371, 44.066960655274002 ], [ -113.717485359526421, 44.066942309130084 ], [ -113.717198165518738, 44.066941598626876 ], [ -113.716699382590761, 44.066796308544369 ], [ -113.716338556366807, 44.066525311264257 ], [ -113.716064366257399, 44.066416589385746 ], [ -113.71570251354801, 44.066361669156805 ], [ -113.715177686704365, 44.06644139443646 ], [ -113.714628404216157, 44.066413011812777 ], [ -113.714104788845091, 44.06624063996238 ], [ -113.71370547803977, 44.066185619670613 ], [ -113.713331923237291, 44.065968601383062 ], [ -113.713244603126626, 44.065950375456701 ], [ -113.713007229679306, 44.065976787852584 ], [ -113.712518946077765, 44.06624566233635 ], [ -113.712293925657718, 44.066299116333902 ], [ -113.712019351190108, 44.06627141618781 ], [ -113.711569920911387, 44.06625227569851 ], [ -113.711120753645346, 44.066179113699576 ], [ -113.71012134375998, 44.066275618034915 ], [ -113.709846638513753, 44.066274920737854 ], [ -113.709372411961468, 44.066219695026277 ], [ -113.708473421731284, 44.066208403128428 ], [ -113.707386735230628, 44.066277652414129 ], [ -113.706425799832488, 44.066167146529949 ], [ -113.705976862487077, 44.066048946092749 ], [ -113.705689628472172, 44.06605721176026 ], [ -113.70541514760437, 44.066011485579494 ], [ -113.705153286505706, 44.065938782903253 ], [ -113.704766921429922, 44.065793730762294 ], [ -113.704280170989719, 44.065747456751033 ], [ -113.703856752673431, 44.065521273200112 ], [ -113.703507491959911, 44.065448340175365 ], [ -113.70313379923698, 44.065267301775577 ], [ -113.702522959684316, 44.065067638142459 ], [ -113.702037300840928, 44.064805275743751 ], [ -113.701563771935014, 44.064614966579867 ], [ -113.700792844584385, 44.063973710412753 ], [ -113.700643464990833, 44.063883285077615 ], [ -113.700506300826703, 44.063846911994247 ], [ -113.700418670000474, 44.063891697476308 ], [ -113.700330769016432, 44.06399050620972 ], [ -113.700316510291671, 44.064341599767303 ], [ -113.700026419570108, 44.064917056314648 ], [ -113.699588259345049, 44.065140991953037 ], [ -113.699211799650712, 44.06550913918349 ], [ -113.698271431527161, 44.066271950580919 ], [ -113.697393976279969, 44.066935881581571 ], [ -113.69684308989244, 44.06722252998587 ], [ -113.696566908811988, 44.067509905606755 ], [ -113.696316757611783, 44.067590269771898 ], [ -113.695692598989737, 44.067552595475661 ], [ -113.695367525192665, 44.067632761586843 ], [ -113.694755250888235, 44.067712156234649 ], [ -113.694155833973625, 44.067719558434199 ], [ -113.693655894128483, 44.067808253039196 ], [ -113.693318655955181, 44.067825355113108 ], [ -113.692555974660493, 44.068012374921537 ], [ -113.692142973353825, 44.068191330785197 ], [ -113.69169264744221, 44.068343176046525 ], [ -113.691442018470937, 44.068513562205553 ], [ -113.691229269306291, 44.068603021416386 ], [ -113.6910160067834, 44.068791518003955 ], [ -113.690615199945768, 44.069024521673121 ], [ -113.690301799163151, 44.069257760884547 ], [ -113.690151201180996, 44.069401406900212 ], [ -113.69003773662115, 44.069608175426012 ], [ -113.689949901402997, 44.069688969457296 ], [ -113.689449044345409, 44.069948705829233 ], [ -113.689085357069573, 44.070244830529823 ], [ -113.688759976633165, 44.070378993726337 ], [ -113.68848421402808, 44.070576316844488 ], [ -113.68825887226491, 44.070683742941419 ], [ -113.688159539511631, 44.070575431145954 ], [ -113.687772946997001, 44.070475339805014 ], [ -113.687461898847275, 44.07025840790768 ], [ -113.68677565966928, 44.07014848792074 ], [ -113.68658877767821, 44.070066943083589 ], [ -113.686439594672038, 44.069940486236462 ], [ -113.686177406734231, 44.069930764784971 ], [ -113.685641071753025, 44.069812244430103 ], [ -113.685416729217124, 44.069730598197076 ], [ -113.684992447532977, 44.069675408829902 ], [ -113.684655910957133, 44.069557434534772 ], [ -113.684344113438058, 44.069484546373957 ], [ -113.683832470553497, 44.069420109710286 ], [ -113.683321263338513, 44.069274639602945 ], [ -113.682709533527657, 44.06924593043238 ], [ -113.682197993358756, 44.06916347994121 ], [ -113.681774249415383, 44.069009240960341 ], [ -113.6812267962531, 44.068638577406986 ], [ -113.680865540869831, 44.06847550777622 ], [ -113.680628675825162, 44.068402818741916 ], [ -113.680316741502565, 44.068356927585086 ], [ -113.680004955670512, 44.068284027602125 ], [ -113.679605809099201, 44.068201880224073 ], [ -113.679081988699465, 44.068083364141458 ], [ -113.678808298290448, 44.067893525521029 ], [ -113.678197560591926, 44.067684727023604 ], [ -113.677898657102617, 44.067539830384526 ], [ -113.677637314447395, 44.067377032146311 ], [ -113.677276712548903, 44.067096910597421 ], [ -113.676792523526885, 44.06658234636906 ], [ -113.676494070317318, 44.066356418505237 ], [ -113.676246007158824, 44.066049600248405 ], [ -113.675822988858499, 44.065769293564969 ], [ -113.675424307800782, 44.065606100458218 ], [ -113.675137562012566, 44.06552425669269 ], [ -113.674413548045735, 44.065486182175022 ], [ -113.674139094330158, 44.065440380933758 ], [ -113.673478752417424, 44.065177398836063 ], [ -113.673067296961065, 44.065068181392633 ], [ -113.672830157594021, 44.06504949577797 ], [ -113.672868557304298, 44.064878539292458 ], [ -113.672795077879485, 44.064617232016474 ], [ -113.672771345353851, 44.064392077179953 ], [ -113.672902849977135, 44.063185997628239 ], [ -113.672862574114632, 44.061430219916417 ], [ -113.672902163501632, 44.061043184925538 ], [ -113.673004524860261, 44.060593307504064 ], [ -113.673005416813595, 44.060431248695011 ], [ -113.672920050429923, 44.060061866360549 ], [ -113.672647954393938, 44.059592909774729 ], [ -113.672649442547808, 44.059322811719198 ], [ -113.672613377589272, 44.059070612874308 ], [ -113.672539608616646, 44.058863321208513 ], [ -113.672428135840633, 44.058700940255761 ], [ -113.672216836374631, 44.058529271230682 ], [ -113.671967833678451, 44.058402508828642 ], [ -113.671668693537001, 44.058311615463055 ], [ -113.671232219565809, 44.05822032621716 ], [ -113.670821517203663, 44.05798505495131 ], [ -113.67036037705644, 44.057839670823512 ], [ -113.669638011766111, 44.057522463152893 ], [ -113.669089787433848, 44.057322801570223 ], [ -113.668778123563982, 44.057240869563415 ], [ -113.668204382506048, 44.057140165504123 ], [ -113.667967525401892, 44.057076455326829 ], [ -113.667183517139179, 44.056624003522344 ], [ -113.667021519810319, 44.056569511030141 ], [ -113.666634551739065, 44.056559377398109 ], [ -113.666435102851452, 44.056504774793964 ], [ -113.666124203308669, 44.056287784738352 ], [ -113.665812650267469, 44.056187838122007 ], [ -113.665601072402836, 44.05607017287101 ], [ -113.665526622070217, 44.055988926005099 ], [ -113.665514595061452, 44.055907858251935 ], [ -113.66560304839139, 44.055719047229466 ], [ -113.66566754821018, 44.055350094105371 ], [ -113.665794770640943, 44.054927307503206 ], [ -113.666111325211418, 44.054135932211416 ], [ -113.666137507184658, 44.053919926664292 ], [ -113.666138518820404, 44.053739861234121 ], [ -113.666064778966771, 44.053532565285373 ], [ -113.665766887712266, 44.053225577965016 ], [ -113.665581607773589, 44.052873904211424 ], [ -113.66520922605639, 44.05249466997865 ], [ -113.664850143789877, 44.051971418767231 ], [ -113.664464832688793, 44.051673173127284 ], [ -113.664240536984792, 44.051600486833067 ], [ -113.664029182095888, 44.05144680914551 ], [ -113.663767489730191, 44.051365006724232 ], [ -113.663506050460967, 44.051238189132221 ], [ -113.663157944436193, 44.050985067535152 ], [ -113.662934520979434, 44.050759324834544 ], [ -113.662623104519753, 44.050641359384265 ], [ -113.662324580495351, 44.050451407392302 ], [ -113.66206284117446, 44.050378606140306 ], [ -113.661401642962687, 44.050304621181503 ], [ -113.661214855797439, 44.05022303485751 ], [ -113.661140367433106, 44.050150786564494 ], [ -113.660954610792828, 44.049889137966417 ], [ -113.660555974321966, 44.049743899536949 ], [ -113.66043165802013, 44.049653495879028 ], [ -113.660382085954339, 44.049590322758654 ], [ -113.660333079971736, 44.049428115413811 ], [ -113.660246521167949, 44.049283803234069 ], [ -113.660085222089805, 44.049112260175512 ], [ -113.65993599351188, 44.049012776623606 ], [ -113.659798886335238, 44.048976354756171 ], [ -113.659524159235389, 44.048993543267123 ], [ -113.659212242589859, 44.048965604866041 ], [ -113.658738357510131, 44.048883157794073 ], [ -113.658202938329325, 44.048647468232105 ], [ -113.658078627905383, 44.048557062015377 ], [ -113.657917544331852, 44.048349502810773 ], [ -113.657768321306847, 44.048250016432142 ], [ -113.65760640732536, 44.048186509139555 ], [ -113.657482254431258, 44.048069090654153 ], [ -113.657357738706764, 44.048014696741873 ], [ -113.65715817126376, 44.047987089599253 ], [ -113.656496589664854, 44.047985102505983 ], [ -113.655910527244998, 44.047875297899019 ], [ -113.655561742898456, 44.04774819897829 ], [ -113.655225130570159, 44.047675156293124 ], [ -113.655138273297979, 44.047584859874711 ], [ -113.655113726005268, 44.04751275834932 ], [ -113.655266075783757, 44.047072048288015 ], [ -113.655255108846816, 44.046810917533882 ], [ -113.655156868496078, 44.04653151293212 ], [ -113.654958352316825, 44.046323836501251 ], [ -113.654909886476574, 44.046071594061395 ], [ -113.654639251602902, 44.045386515525166 ], [ -113.654529108687072, 44.04500803837697 ], [ -113.654597745595794, 44.04393683548107 ], [ -113.654514243464121, 44.043270328825109 ], [ -113.654592847771838, 44.042631324318741 ], [ -113.654732446991389, 44.042235595030625 ], [ -113.654683096318635, 44.042136406277798 ], [ -113.654633056019094, 44.042112124917537 ], [ -113.654496396353096, 44.042045807487703 ], [ -113.654453763659959, 44.042036414024153 ], [ -113.654371738924127, 44.042018421952115 ], [ -113.654147125414724, 44.042008737031829 ], [ -113.653735816087945, 44.041908455249164 ], [ -113.653174098675919, 44.041915753170464 ], [ -113.652774377875488, 44.041968559742102 ], [ -113.652161999089259, 44.042101750441489 ], [ -113.651100810200688, 44.042143530252851 ], [ -113.650888362253923, 44.042187900299737 ], [ -113.650475466790354, 44.042357701449035 ], [ -113.650013546363397, 44.042374294315735 ], [ -113.649726735664871, 44.042328400022178 ], [ -113.649440140291716, 44.04224648831962 ], [ -113.649315697242201, 44.042183084178347 ], [ -113.6490423274428, 44.041975163945544 ], [ -113.648593954157306, 44.041811723935325 ], [ -113.648331897016021, 44.041801916016681 ], [ -113.648019703732999, 44.041827963206849 ], [ -113.647583120674568, 44.041781602038938 ], [ -113.647320585662101, 44.041852819464765 ], [ -113.647108293821191, 44.041870170853279 ], [ -113.646958944766439, 44.041797681975972 ], [ -113.646847576244028, 44.041635275923809 ], [ -113.646710494173561, 44.041598838385958 ], [ -113.646161636721814, 44.041543119330058 ], [ -113.645574532514345, 44.041622328770487 ], [ -113.645000498237465, 44.04160253978695 ], [ -113.644576509489468, 44.041538199383737 ], [ -113.644078765725183, 44.041284553672256 ], [ -113.643904351491983, 44.041229989589162 ], [ -113.643143479852824, 44.041146582948045 ], [ -113.642968688404181, 44.041155042128125 ], [ -113.642793626445027, 44.041208515586703 ], [ -113.642620783136834, 44.040892852931457 ], [ -113.642572319821795, 44.040649610278805 ], [ -113.642486306633486, 44.040424253384202 ], [ -113.64220222039026, 44.039928176710653 ], [ -113.64199145447256, 44.039693427040532 ], [ -113.641891878152236, 44.039648095982415 ], [ -113.641754695233359, 44.039629659053325 ], [ -113.641567428387972, 44.039638076976281 ], [ -113.64129246788616, 44.039700236355799 ], [ -113.640942729852156, 44.039744156824938 ], [ -113.640767507067721, 44.039824635208369 ], [ -113.640641554676989, 44.040013313182556 ], [ -113.640403597636009, 44.040147614315813 ], [ -113.639528943209768, 44.040306920108819 ], [ -113.639153855700357, 44.040413777394242 ], [ -113.638828527170958, 44.040547802866712 ], [ -113.638641092893621, 44.04058322397907 ], [ -113.638016872663457, 44.040608256568767 ], [ -113.637454726873372, 44.040687506968219 ], [ -113.636256703129803, 44.040656687137869 ], [ -113.634433517504817, 44.040803928612675 ], [ -113.633672778464131, 44.040702452445771 ], [ -113.632873374335404, 44.040798926237834 ], [ -113.63243669972087, 44.040770510170617 ], [ -113.632298962886438, 44.040842094497002 ], [ -113.632072630444071, 44.041111469039862 ], [ -113.631859444981927, 44.04127284422794 ], [ -113.630819588827748, 44.04189972963659 ], [ -113.630494009678216, 44.042069744272808 ], [ -113.630218130497127, 44.042275928980914 ], [ -113.629740694902821, 44.042778575207336 ], [ -113.629526543295739, 44.043093003059262 ], [ -113.62910037035779, 44.043379730317419 ], [ -113.628861814285301, 44.043604039721835 ], [ -113.628610379632718, 44.043891332594747 ], [ -113.628483986185088, 44.044143017820275 ], [ -113.628358548526904, 44.04424164944281 ], [ -113.628070562985897, 44.044384767274352 ], [ -113.627319899279073, 44.044661425835308 ], [ -113.626994125536697, 44.044858438271028 ], [ -113.626381546929963, 44.04500949691495 ], [ -113.626043398141022, 44.045188459296199 ], [ -113.625643801964571, 44.045214159221722 ], [ -113.625393876859974, 44.045258359032879 ], [ -113.625132038343622, 44.045212481294442 ], [ -113.624771307392152, 44.045013221686723 ], [ -113.624522121809377, 44.044940375606885 ], [ -113.624185507187519, 44.044876246674015 ], [ -113.623561578401208, 44.044847180623123 ], [ -113.62333718780711, 44.044801425743699 ], [ -113.623063269317811, 44.044692481212422 ], [ -113.622563991047585, 44.044690832972414 ], [ -113.622190734037787, 44.044500525453813 ], [ -113.621841412219027, 44.044472361321688 ], [ -113.621542190319957, 44.044417349983533 ], [ -113.620981422186603, 44.044271436210849 ], [ -113.620595634852165, 44.044090087135565 ], [ -113.620296358554313, 44.044044073983528 ], [ -113.620109820477893, 44.04393541271488 ], [ -113.620023254845677, 44.043809076791376 ], [ -113.619961132537171, 44.043763854809391 ], [ -113.619437993839824, 44.043591046502016 ], [ -113.619301503358983, 44.043464543724589 ], [ -113.619090236335921, 44.043319784645163 ], [ -113.618805064464254, 44.043021722037459 ], [ -113.618506950478903, 44.042795639370567 ], [ -113.61822097208163, 44.042623620681994 ], [ -113.617847626257202, 44.042451305486772 ], [ -113.617586790564204, 44.042252357185092 ], [ -113.617337683382914, 44.042170494032774 ], [ -113.616877378183474, 44.04193486212688 ], [ -113.616578638251269, 44.041807811893371 ], [ -113.616267128980255, 44.041725733373497 ], [ -113.615518948268971, 44.041615176893124 ], [ -113.61480780460721, 44.041567766240135 ], [ -113.614171201720708, 44.041574619919849 ], [ -113.613734706323953, 44.04151912447341 ], [ -113.613060424378773, 44.041561861925153 ], [ -113.612374072373072, 44.041541528590571 ], [ -113.612074051677155, 44.041612537838354 ], [ -113.611799463202061, 44.041611605216531 ], [ -113.611624195758267, 44.041692038715858 ], [ -113.611436740724429, 44.041727415116483 ], [ -113.610924771030128, 44.04176168660274 ], [ -113.610436229523387, 44.042030125016943 ], [ -113.610098641800363, 44.04211900784825 ], [ -113.609935970109248, 44.042181478462332 ], [ -113.609599090272098, 44.042162321003744 ], [ -113.60933638911051, 44.042251457435377 ], [ -113.609074160791394, 44.042268567395325 ], [ -113.608761532595977, 44.042357531667363 ], [ -113.608536629430915, 44.042392775067562 ], [ -113.608324444730869, 44.042392047883894 ], [ -113.607975617145712, 44.042291811961434 ], [ -113.607663759614482, 44.042263733013463 ], [ -113.607401352429008, 44.042307847025292 ], [ -113.607200995124487, 44.04240619798454 ], [ -113.607063461099884, 44.042441738816144 ], [ -113.60656408350421, 44.042458027189909 ], [ -113.605753743710025, 44.042311178977833 ], [ -113.605305129469059, 44.042201588904177 ], [ -113.604993333557118, 44.042164497643732 ], [ -113.604905844089572, 44.042182202011901 ], [ -113.604793032647294, 44.042253839340731 ], [ -113.604604374248368, 44.0424692690681 ], [ -113.604354085895054, 44.042567438626357 ], [ -113.603754374619726, 44.042655394716732 ], [ -113.60354236921772, 44.042627650770036 ], [ -113.603355567297967, 44.042563976586955 ], [ -113.603032251167818, 44.042382785022966 ], [ -113.60274698283672, 44.042111690477604 ], [ -113.602286797809796, 44.041866998583146 ], [ -113.602076423006352, 44.041596163012613 ], [ -113.60171639611815, 44.041306798596452 ], [ -113.601355769037141, 44.041107465309437 ], [ -113.601182421740631, 44.040899779504542 ], [ -113.600821617559887, 44.040727456013975 ], [ -113.600722252543548, 44.040655081315812 ], [ -113.600353327598967, 44.039834476784876 ], [ -113.600243541945858, 44.039455948270238 ], [ -113.600135574175312, 44.038807322774254 ], [ -113.599962843531529, 44.038509606387279 ], [ -113.59966506653268, 44.038247461816049 ], [ -113.599291802291461, 44.038075089761094 ], [ -113.59885808147547, 44.037614390487882 ], [ -113.598472525562855, 44.037414960454512 ], [ -113.597889113223189, 44.03694472965627 ], [ -113.597765102037073, 44.036827250181773 ], [ -113.597641517811965, 44.036646746165879 ], [ -113.597330975327935, 44.036429569498431 ], [ -113.597145907474612, 44.036113794763281 ], [ -113.596972406282077, 44.035933113990275 ], [ -113.59683573583817, 44.035842597367342 ], [ -113.596474486157021, 44.035742285998616 ], [ -113.596128163722966, 44.03528188481971 ], [ -113.595817389105704, 44.035100716954581 ], [ -113.595668364885896, 44.03499214832798 ], [ -113.595013614759779, 44.034008455474066 ], [ -113.594878607775456, 44.033674847471836 ], [ -113.59428296522438, 44.033177546056251 ], [ -113.594060177998685, 44.032906651254869 ], [ -113.5939121461372, 44.032654028624151 ], [ -113.593564999982021, 44.032319664819333 ], [ -113.593366254324678, 44.032183907708543 ], [ -113.592918232561544, 44.032002243329281 ], [ -113.592682175136531, 44.031848341574992 ], [ -113.592370750129476, 44.031766201682196 ], [ -113.592096269541003, 44.031756216849608 ], [ -113.591972280589857, 44.03163873106611 ], [ -113.591599512970149, 44.031403309507077 ], [ -113.591151811998174, 44.031176620263849 ], [ -113.591278025821111, 44.030969994220811 ], [ -113.591405352161914, 44.030601306251903 ], [ -113.591557201835201, 44.030295731761775 ], [ -113.591609342986416, 44.029971793799206 ], [ -113.591761931556348, 44.029558180186072 ], [ -113.591902965954532, 44.029009475036801 ], [ -113.59180536143279, 44.028685001961477 ], [ -113.591831863173184, 44.028460008426471 ], [ -113.591721472467981, 44.028180508657336 ], [ -113.591728579382576, 44.027145134596893 ], [ -113.591655502448873, 44.02688377494416 ], [ -113.5914220040695, 44.026360739556957 ], [ -113.590791445008122, 44.025512157688006 ], [ -113.590557525756026, 44.025052141337916 ], [ -113.590533251882462, 44.024953018068658 ], [ -113.590585145847868, 44.024665093235591 ], [ -113.59053709419554, 44.02439481716177 ], [ -113.590451176316762, 44.02418742777548 ], [ -113.590240235329219, 44.024015607475015 ], [ -113.590278970259092, 44.023826671843892 ], [ -113.590255317465591, 44.023637516081017 ], [ -113.590093978625191, 44.023510888884999 ], [ -113.590019920488089, 44.023393576335764 ], [ -113.590048659995986, 44.022844469893663 ], [ -113.589999867600227, 44.02268223243987 ], [ -113.589888875404554, 44.022492759523118 ], [ -113.589852374715605, 44.022357578314157 ], [ -113.589728658050433, 44.022204073419758 ], [ -113.589767393356809, 44.022015141505129 ], [ -113.589568318016219, 44.021933393570507 ], [ -113.589518844324189, 44.021870193376124 ], [ -113.58932306373471, 44.021311274877782 ], [ -113.589286937987211, 44.021122070398889 ], [ -113.589088923403054, 44.020887268269703 ], [ -113.589040321752137, 44.02069802243232 ], [ -113.588903947124663, 44.02057148328106 ], [ -113.588568566609482, 44.020354192848608 ], [ -113.588507863923439, 44.020110878773671 ], [ -113.588309606563016, 44.019912088259545 ], [ -113.588261008167052, 44.019722842071012 ], [ -113.588125011382886, 44.019542282508304 ], [ -113.587789701892376, 44.019315984737261 ], [ -113.587579472296397, 44.019045121967444 ], [ -113.587281659543521, 44.018809956355824 ], [ -113.58673519617895, 44.018447842270028 ], [ -113.586324664455105, 44.018275292497698 ], [ -113.586101029460337, 44.018139428716125 ], [ -113.585902473383896, 44.017985652043635 ], [ -113.585841909291418, 44.017724330010907 ], [ -113.585705861692048, 44.017552772598876 ], [ -113.585521979815212, 44.017083925065435 ], [ -113.585212964156071, 44.01666864385102 ], [ -113.5850905267949, 44.016335068926544 ], [ -113.585003760257223, 44.016253724338682 ], [ -113.58480489919296, 44.01614496018086 ], [ -113.584742959471882, 44.016081708955866 ], [ -113.584693998442859, 44.015946480665754 ], [ -113.584633630197189, 44.01565814998461 ], [ -113.584423050545567, 44.015441300829657 ], [ -113.584325068341911, 44.015179841777801 ], [ -113.584188967992489, 44.015017283970849 ], [ -113.584190226228444, 44.014837218997677 ], [ -113.583880475950011, 44.014529973088223 ], [ -113.583743685520503, 44.014466452282967 ], [ -113.583719238263427, 44.014394335389795 ], [ -113.583582259323606, 44.014357822337878 ], [ -113.58363398830852, 44.014096908170046 ], [ -113.583797743748079, 44.013872419609513 ], [ -113.583761073143975, 44.013764244274689 ], [ -113.583674060230194, 44.013718908061115 ], [ -113.583088851852082, 44.013554711607476 ], [ -113.58261624040145, 44.01334590792024 ], [ -113.58225496175578, 44.01327255977408 ], [ -113.58188089244716, 44.013244179279781 ], [ -113.581727988326065, 44.013237499075863 ], [ -113.581656396591114, 44.013234363064683 ], [ -113.581580853312261, 44.013262884980541 ], [ -113.581443750481199, 44.013314606611324 ], [ -113.581169673835149, 44.013259581400192 ], [ -113.58077008372571, 44.013312136838302 ], [ -113.580644949964991, 44.013365698519706 ], [ -113.58039423737722, 44.013535845993751 ], [ -113.579969503385058, 44.013615314925318 ], [ -113.578844043895856, 44.013989318182105 ], [ -113.578469270256363, 44.014059963992466 ], [ -113.578230832619241, 44.014257160615458 ], [ -113.577903531903615, 44.014670111959767 ], [ -113.577640010874234, 44.014885221616353 ], [ -113.577389603026759, 44.015010344387903 ], [ -113.576839393528871, 44.015188377540383 ], [ -113.576651489449162, 44.015295723200431 ], [ -113.576513359507814, 44.015421259994859 ], [ -113.57623857253661, 44.015465260383294 ], [ -113.57580076589737, 44.015625698388085 ], [ -113.575637810187573, 44.015733134992885 ], [ -113.575185852943321, 44.016127608439795 ], [ -113.575085724371462, 44.016172251693803 ], [ -113.574960772427687, 44.016198799171214 ], [ -113.574412218985344, 44.016142736401015 ], [ -113.573814021013263, 44.016050471931777 ], [ -113.573365083296068, 44.016021784282735 ], [ -113.572903993261676, 44.015948033868561 ], [ -113.572729654599385, 44.015902366485804 ], [ -113.572394036226967, 44.015730043110146 ], [ -113.572120151214364, 44.015647988303307 ], [ -113.571933597361109, 44.015566256453766 ], [ -113.571746331255753, 44.015583561667164 ], [ -113.571471993973134, 44.015564526141944 ], [ -113.571047558316891, 44.015598947411036 ], [ -113.569888743230209, 44.015396514617038 ], [ -113.569627338961823, 44.015314500812494 ], [ -113.569377955050115, 44.015295554246677 ], [ -113.569153718281839, 44.015249689733835 ], [ -113.568891728653938, 44.015248701525373 ], [ -113.568616871731862, 44.015301684994959 ], [ -113.568467293833933, 44.015283113214487 ], [ -113.567421952879769, 44.014919021324665 ], [ -113.566701251225936, 44.014520137516847 ], [ -113.566315690574115, 44.014356612125589 ], [ -113.565817655736296, 44.014219670318887 ], [ -113.565468736890864, 44.014164323031828 ], [ -113.565294080408052, 44.014163658672935 ], [ -113.564756252689946, 44.014350682439236 ], [ -113.564493081141876, 44.014511742239229 ], [ -113.564380010436409, 44.01461935293338 ], [ -113.564167398450849, 44.014690569955079 ], [ -113.564041455463538, 44.014852152070887 ], [ -113.563704482114957, 44.014868872794466 ], [ -113.563479524904679, 44.014922034438378 ], [ -113.563166576962459, 44.015064894032946 ], [ -113.5628534290868, 44.015234764230847 ], [ -113.562615795532679, 44.015314884298178 ], [ -113.562402781714951, 44.015440117343502 ], [ -113.562240266101568, 44.015484513992753 ], [ -113.56196560113267, 44.015510469965001 ], [ -113.56180301871845, 44.015563867410485 ], [ -113.561677598020978, 44.015653421092985 ], [ -113.561588609297871, 44.015878168361425 ], [ -113.561462988568593, 44.015994729659866 ], [ -113.561362916375188, 44.016030359428058 ], [ -113.561088447734079, 44.016029305418122 ], [ -113.560825856897736, 44.016109329478084 ], [ -113.560575209364984, 44.016261423061387 ], [ -113.560399016995419, 44.016467827021728 ], [ -113.560311219748243, 44.016530511713206 ], [ -113.559973903020364, 44.016592239275425 ], [ -113.559560796784254, 44.016779718746889 ], [ -113.559135945675465, 44.01686811499426 ], [ -113.558822643340818, 44.017055980435416 ], [ -113.55850980666014, 44.017180820698826 ], [ -113.558247341019964, 44.017242828750625 ], [ -113.557572895445574, 44.017339259181661 ], [ -113.55704742408264, 44.017535299659428 ], [ -113.556684273983777, 44.017713960680545 ], [ -113.55634560426148, 44.017955738100021 ], [ -113.555970241972204, 44.018098335532159 ], [ -113.55575626315462, 44.018349600963361 ], [ -113.555629684391121, 44.018592204259683 ], [ -113.555303549083945, 44.018825025628814 ], [ -113.554952592970992, 44.019039742440185 ], [ -113.55477684447844, 44.019183113263267 ], [ -113.554538914739553, 44.019299229192612 ], [ -113.554338211381051, 44.019442502039119 ], [ -113.55413703475503, 44.019648798765743 ], [ -113.554022113415286, 44.019999483732491 ], [ -113.553959392576999, 44.020044258042475 ], [ -113.553890283257076, 44.020058932189343 ], [ -113.553834423274239, 44.020070778723237 ], [ -113.5538104826975, 44.019935635011173 ], [ -113.553824242200179, 44.019764621039094 ], [ -113.553687877383808, 44.019647045162316 ], [ -113.553688620310226, 44.019548008105062 ], [ -113.553651933551322, 44.019448828435053 ], [ -113.553552796716957, 44.019358406422761 ], [ -113.553166970850853, 44.019230849641339 ], [ -113.553069120101796, 44.018969364509132 ], [ -113.553007211312547, 44.018906099841772 ], [ -113.552770565072194, 44.018851152986223 ], [ -113.552271643612656, 44.018831192079247 ], [ -113.551773604248311, 44.018694185540667 ], [ -113.551175145058039, 44.018637815441892 ], [ -113.550876391622054, 44.018546606795503 ], [ -113.550702810407117, 44.01840186882535 ], [ -113.550541162247271, 44.018329205296823 ], [ -113.550329269073274, 44.018301362962532 ], [ -113.550004817071297, 44.018309087270616 ], [ -113.549519468125638, 44.018145112263262 ], [ -113.549083003338481, 44.018116381989103 ], [ -113.548883997476707, 44.018034563404107 ], [ -113.548548846596603, 44.01780815468242 ], [ -113.548363138751355, 44.017618346066904 ], [ -113.548277172672343, 44.017437936791076 ], [ -113.548143764127502, 44.016933214819439 ], [ -113.548032984507813, 44.016734700259946 ], [ -113.547933929128575, 44.016635271982729 ], [ -113.547176527468793, 44.01615508688937 ], [ -113.546792244756091, 44.015829438198153 ], [ -113.546432300023739, 44.015584917889036 ], [ -113.545873228405171, 44.015276579041576 ], [ -113.545600345104972, 44.015068412388445 ], [ -113.545103660429874, 44.014760317842168 ], [ -113.544482226021373, 44.014451723847181 ], [ -113.544346374429097, 44.0142711126283 ], [ -113.544286065599294, 44.014000767792311 ], [ -113.544287444529346, 44.013820703742461 ], [ -113.544376633182281, 44.013577967329525 ], [ -113.544354991458405, 44.013145714067349 ], [ -113.544245886261123, 44.012731118887828 ], [ -113.544297648213046, 44.012488229595398 ], [ -113.544262015598761, 44.012253996997813 ], [ -113.544350857307052, 44.012056274755544 ], [ -113.544239823520883, 44.011893769264773 ], [ -113.544216390566163, 44.011695599214519 ], [ -113.544293721862417, 44.011371782341939 ], [ -113.544299443703835, 44.010624517952223 ], [ -113.544214947839365, 44.01025503632458 ], [ -113.544055398895694, 44.009912267392941 ], [ -113.544095029405696, 44.009624314041666 ], [ -113.544058916406456, 44.009453105539997 ], [ -113.543922249501563, 44.009380532225585 ], [ -113.543860774395483, 44.009263239723396 ], [ -113.543724315215073, 44.009163658345322 ], [ -113.54382700842649, 44.008785922008151 ], [ -113.543829009534861, 44.008524827110762 ], [ -113.543767673478825, 44.008389531725591 ], [ -113.543445899114445, 44.008055115646407 ], [ -113.543322746444957, 44.007847545095032 ], [ -113.543087189911134, 44.007657528339941 ], [ -113.542904365686653, 44.007098580860607 ], [ -113.542633743804217, 44.006602307849953 ], [ -113.542349060602518, 44.006313056294694 ], [ -113.542338801950152, 44.006024903538645 ], [ -113.542427917399237, 44.005791169711593 ], [ -113.542441013937164, 44.005710188945358 ], [ -113.542108519203808, 44.005150640545445 ], [ -113.54188586636306, 44.004906655591284 ], [ -113.541525799587902, 44.004689127569868 ], [ -113.541267950892248, 44.00415688480259 ], [ -113.54121965347602, 44.003949612352862 ], [ -113.540935892339576, 44.003543313634083 ], [ -113.540639245088101, 44.00319098694419 ], [ -113.540217523207133, 44.00288317190445 ], [ -113.539433183488995, 44.002690937840093 ], [ -113.538946805667194, 44.002679974588638 ], [ -113.538610871710347, 44.002570576621636 ], [ -113.538200869456375, 44.002361838082528 ], [ -113.537494038524756, 44.001827774687044 ], [ -113.537369799983495, 44.001764245448761 ], [ -113.537145429284976, 44.001745329777442 ], [ -113.53680824307763, 44.00179798435591 ], [ -113.536508965422968, 44.001787769046921 ], [ -113.535909919194467, 44.001830353154084 ], [ -113.535735580450236, 44.001793630925775 ], [ -113.535586819628918, 44.001675982730667 ], [ -113.53555031435485, 44.001558787094353 ], [ -113.535639309133231, 44.001343064889291 ], [ -113.535629294279829, 44.001027903590547 ], [ -113.535668186865266, 44.000838986401263 ], [ -113.535957723754791, 44.000498029735603 ], [ -113.536271360766605, 44.000265212112168 ], [ -113.536385786616592, 43.999986569793343 ], [ -113.536549750525083, 43.999753143983767 ], [ -113.536700540205828, 43.999609699508177 ], [ -113.536875923679119, 43.999511370215046 ], [ -113.53695173803581, 43.999385628484646 ], [ -113.537127540369653, 43.999233283098903 ], [ -113.537154654630555, 43.998954282621753 ], [ -113.537319522167834, 43.998603815610032 ], [ -113.537383911600742, 43.998342972984624 ], [ -113.537547097809451, 43.99820858284744 ], [ -113.53779730805995, 43.998110554939849 ], [ -113.538073020308005, 43.997940605166811 ], [ -113.538173075773685, 43.997904995612494 ], [ -113.538385309355476, 43.997878840928017 ], [ -113.538498883260175, 43.997708234963774 ], [ -113.538699760073058, 43.997537977777704 ], [ -113.538662762817395, 43.997483807386196 ], [ -113.538563475833627, 43.997420383742771 ], [ -113.538189597901848, 43.997382859230775 ], [ -113.538090590994841, 43.997283418692845 ], [ -113.538041541687519, 43.997175178355114 ], [ -113.538080703355675, 43.996950250888418 ], [ -113.538195742700765, 43.996590575731275 ], [ -113.538221942961172, 43.996428618538935 ], [ -113.538187251107587, 43.996077339834656 ], [ -113.538103441633737, 43.995626825788719 ], [ -113.538094601702525, 43.995158607725287 ], [ -113.538197305695491, 43.994780875571593 ], [ -113.538176412778114, 43.994258587682346 ], [ -113.538378465239205, 43.993935277863443 ], [ -113.53841950760733, 43.99346726120249 ], [ -113.538271111164391, 43.993304598459552 ], [ -113.537948750045373, 43.993060202383099 ], [ -113.537862151761047, 43.992969817062807 ], [ -113.537615668247639, 43.99259067244089 ], [ -113.537355947691225, 43.992310510489567 ], [ -113.537047256297029, 43.991913105679856 ], [ -113.536936699635703, 43.991696573398919 ], [ -113.536888357058956, 43.991498300203752 ], [ -113.536777311528454, 43.991344792161208 ], [ -113.53638014365599, 43.991100084684021 ], [ -113.536033352125003, 43.990792557591334 ], [ -113.535847978380588, 43.990575720392279 ], [ -113.535051414634566, 43.990374404519059 ], [ -113.534790660881072, 43.990229286946928 ], [ -113.534567882363064, 43.990012295354276 ], [ -113.53418193525448, 43.989929692758999 ], [ -113.533883563300691, 43.989811428483939 ], [ -113.533510229783857, 43.989710868042408 ], [ -113.533261600202238, 43.989610812239256 ], [ -113.533050523331283, 43.989492905935911 ], [ -113.532753215278973, 43.989239592115624 ], [ -113.532247311416185, 43.988553254985213 ], [ -113.531826797731711, 43.988110358618961 ], [ -113.531219313328322, 43.987657692026403 ], [ -113.530972397643097, 43.987341557399937 ], [ -113.530848054380996, 43.987296027528551 ], [ -113.530558929509183, 43.987225149199162 ], [ -113.530512021604935, 43.987213617438613 ], [ -113.530287478794207, 43.987221695417794 ], [ -113.530037519076785, 43.987292696650442 ], [ -113.529723855487333, 43.98753450291224 ], [ -113.529235611160374, 43.987775585553024 ], [ -113.528598578865626, 43.987908013740764 ], [ -113.528272935407401, 43.988086740143842 ], [ -113.528035721267571, 43.988121774634322 ], [ -113.527848172557967, 43.9881840226207 ], [ -113.527585160950778, 43.988326991775928 ], [ -113.527121341214212, 43.988631192740499 ], [ -113.526194976729357, 43.989077530975301 ], [ -113.52581979736641, 43.98921102914997 ], [ -113.525170056749133, 43.989370394186828 ], [ -113.524957847956145, 43.989396520871708 ], [ -113.524807630851669, 43.989467924366522 ], [ -113.524606095193874, 43.989719184454209 ], [ -113.524542521982539, 43.989871981481969 ], [ -113.524579142359357, 43.98997117071449 ], [ -113.52467761159177, 43.990133643637108 ], [ -113.524987575365728, 43.99036002229564 ], [ -113.525011726351323, 43.990459159542475 ], [ -113.524997029915298, 43.990738209158565 ], [ -113.52502125285362, 43.990828344983875 ], [ -113.525095716932256, 43.990873670266197 ], [ -113.525481298596361, 43.991001321384545 ], [ -113.525592887996424, 43.991082818165637 ], [ -113.525715227519569, 43.991380440150863 ], [ -113.525750416832295, 43.991659696878642 ], [ -113.525860932661033, 43.991876239802828 ], [ -113.525872041528118, 43.992047350810232 ], [ -113.52584537963908, 43.992263324433011 ], [ -113.525578256913278, 43.99291947367022 ], [ -113.525524714783813, 43.993378428516856 ], [ -113.525398067052024, 43.993620999070515 ], [ -113.5252345791191, 43.99379138473801 ], [ -113.525058978101228, 43.993916704078067 ], [ -113.524645705309183, 43.994131069696166 ], [ -113.52396995776418, 43.994416368657006 ], [ -113.523706909269251, 43.994559328563788 ], [ -113.523568788723153, 43.994675800118962 ], [ -113.523028195667379, 43.99521375511987 ], [ -113.522802555736135, 43.99535686907543 ], [ -113.522452199943544, 43.995499461405458 ], [ -113.521927313684799, 43.995632317240748 ], [ -113.521378133323509, 43.995684039154774 ], [ -113.521140450534588, 43.995773078338708 ], [ -113.520889933269572, 43.995907082535012 ], [ -113.520315081096129, 43.996048726732717 ], [ -113.52008972175868, 43.996155822467912 ], [ -113.520000678661575, 43.996371532538227 ], [ -113.520047372224781, 43.996767882842654 ], [ -113.520033666768555, 43.996920883025098 ], [ -113.519995017603719, 43.997073782018262 ], [ -113.519868920226429, 43.997244316967773 ], [ -113.519791983484282, 43.997505097016315 ], [ -113.519752098827865, 43.997811048448042 ], [ -113.519774573852644, 43.998117261957951 ], [ -113.519860571163491, 43.99827968638229 ], [ -113.520170558677322, 43.998506074293147 ], [ -113.520244810937939, 43.998578414090744 ], [ -113.520342919674874, 43.99878590829379 ], [ -113.520365978287401, 43.999020096088557 ], [ -113.520326022976278, 43.999335049042358 ], [ -113.520099635198818, 43.999568189400094 ], [ -113.519986150281355, 43.99972077397976 ], [ -113.519935244525243, 43.999846609090099 ], [ -113.519946990975598, 43.999936693425994 ], [ -113.520169825361293, 44.000144708081827 ], [ -113.520406076603095, 44.000235734942244 ], [ -113.520705415795234, 44.000236990991411 ], [ -113.521317435349587, 44.000131514653596 ], [ -113.521467104701188, 44.000132141581261 ], [ -113.521591467423363, 44.000177681647557 ], [ -113.521752741500038, 44.000286398764693 ], [ -113.521864053867645, 44.000403908289265 ], [ -113.522072328210839, 44.00087296150889 ], [ -113.522170952877318, 44.001017429943047 ], [ -113.522319757624871, 44.001126094098289 ], [ -113.52261830724413, 44.001226382098174 ], [ -113.522680020994883, 44.001307669589522 ], [ -113.522716500747634, 44.001424869228551 ], [ -113.522661195842048, 44.002099898564161 ], [ -113.522597315361111, 44.002288706869059 ], [ -113.522357296389174, 44.002665850532367 ], [ -113.522291824931344, 44.003052725255984 ], [ -113.522137522909063, 44.003628303587831 ], [ -113.522136005184677, 44.003817372382727 ], [ -113.522171762717107, 44.004024600443167 ], [ -113.522356116556097, 44.004367503938006 ], [ -113.522316890375649, 44.004592429035455 ], [ -113.52221573035068, 44.004763070600696 ], [ -113.521964526785041, 44.004978103676073 ], [ -113.520961650618986, 44.005595146084012 ], [ -113.520298156108183, 44.005889475769727 ], [ -113.519408601745752, 44.006371926024627 ], [ -113.5180197874366, 44.006888278320581 ], [ -113.51735619103917, 44.007191595703809 ], [ -113.516843006483114, 44.007405510481917 ], [ -113.516179032428624, 44.007753838630101 ], [ -113.515990604118116, 44.007915103333843 ], [ -113.515701209881342, 44.008219995575764 ], [ -113.515501037505643, 44.00829117483017 ], [ -113.515351567714305, 44.008263528672309 ], [ -113.515215232152983, 44.008154908480975 ], [ -113.515118299647085, 44.007803363038214 ], [ -113.514675327230321, 44.007054191175797 ], [ -113.514590873463035, 44.006702698223307 ], [ -113.514582070741497, 44.006252486437781 ], [ -113.514608046010011, 44.006126547952647 ], [ -113.514709230165792, 44.005955909672537 ], [ -113.515099947223206, 44.005462378391279 ], [ -113.515379569521812, 44.004824315139984 ], [ -113.515470547578758, 44.004374526439804 ], [ -113.515572385624637, 44.004122860491925 ], [ -113.515573850931702, 44.003942796871215 ], [ -113.515488077116828, 44.003753361654191 ], [ -113.515007637254143, 44.003013036968333 ], [ -113.514500134253453, 44.002533694710216 ], [ -113.514265131848717, 44.002289603382252 ], [ -113.513930128189173, 44.002072094875736 ], [ -113.513459986480257, 44.001601912151614 ], [ -113.513137315070168, 44.001402460800293 ], [ -113.512651985432697, 44.001265337539181 ], [ -113.512092855169016, 44.001001851753514 ], [ -113.51183144712148, 44.000937708928909 ], [ -113.511507159605884, 44.00093632297142 ], [ -113.511219920306303, 44.000980113865992 ], [ -113.510756658281679, 44.001194215095616 ], [ -113.510518493596962, 44.001337250995732 ], [ -113.5098312361918, 44.001487362390094 ], [ -113.509055775215046, 44.001745136234014 ], [ -113.508768455985475, 44.001797922308157 ], [ -113.508019345725174, 44.00188473418936 ], [ -113.507506993204302, 44.001999570579301 ], [ -113.507306683120035, 44.002088741953081 ], [ -113.507143716432125, 44.002187079354677 ], [ -113.506879027301608, 44.002519064792082 ], [ -113.506678266890091, 44.002662254072149 ], [ -113.506540691300359, 44.002706679267803 ], [ -113.506091067269736, 44.002776764515083 ], [ -113.505414983693939, 44.003079958776461 ], [ -113.505027720794033, 44.003150309752911 ], [ -113.504590115196095, 44.003274462103626 ], [ -113.50409119229549, 44.003272297771893 ], [ -113.503503906715977, 44.003395796220758 ], [ -113.502492457391625, 44.003526447238102 ], [ -113.502143209988091, 44.003524926016219 ], [ -113.501781866225585, 44.003478335324033 ], [ -113.501483190148832, 44.00339599935716 ], [ -113.501259655037302, 44.003277980254708 ], [ -113.501012533130179, 44.002997791243111 ], [ -113.50082853317663, 44.002627846136022 ], [ -113.500705163054675, 44.002465244218151 ], [ -113.500556394688331, 44.002356552108154 ], [ -113.500184249401272, 44.00211182867703 ], [ -113.499678311546774, 44.00146136279465 ], [ -113.499492508012651, 44.001307491431142 ], [ -113.499404518136885, 44.001388135618569 ], [ -113.499390985587468, 44.001514125257714 ], [ -113.499489556085067, 44.001658612999542 ], [ -113.499687833426535, 44.001812542580261 ], [ -113.499736135722245, 44.002001825650304 ], [ -113.499697204107221, 44.002181725067722 ], [ -113.499545713660368, 44.002397145490981 ], [ -113.499332538933388, 44.002531265793372 ], [ -113.499019655546419, 44.002655943264052 ], [ -113.498619535986265, 44.002771231815267 ], [ -113.497794877855952, 44.002938678334253 ], [ -113.49729542611378, 44.002999504649452 ], [ -113.496584160533814, 44.003032387070938 ], [ -113.49524985430358, 44.002990486496756 ], [ -113.494226992250191, 44.002994968642518 ], [ -113.493828239202642, 44.002948183593865 ], [ -113.49360410839985, 44.00290217481011 ], [ -113.493392757408799, 44.002820204679466 ], [ -113.492995539711004, 44.002593357279601 ], [ -113.492821379211321, 44.002538563387034 ], [ -113.492709046439685, 44.00254706639825 ], [ -113.491868674677875, 44.003092547053072 ], [ -113.491580488298482, 44.003244322636661 ], [ -113.491129919606436, 44.003422386687618 ], [ -113.490552999053293, 44.003788960772425 ], [ -113.490102346085834, 44.003976022065714 ], [ -113.489589941674865, 44.004090781419841 ], [ -113.488901750491891, 44.004339802837698 ], [ -113.488751375409265, 44.004420159696913 ], [ -113.488387406240079, 44.004679633548214 ], [ -113.487986323518243, 44.004902922364607 ], [ -113.487685800050045, 44.00503662940919 ], [ -113.487047794210667, 44.005249850668754 ], [ -113.486672037829521, 44.005428232903554 ], [ -113.486158759538043, 44.005642009472254 ], [ -113.485557228812411, 44.005963428256734 ], [ -113.484931912868959, 44.006149682533987 ], [ -113.483542105514104, 44.00674664435337 ], [ -113.482917479008961, 44.006851861122257 ], [ -113.482604538865019, 44.00697649326991 ], [ -113.482218242484265, 44.006929724134309 ], [ -113.482130690904455, 44.006956339604407 ], [ -113.482080012311044, 44.007046144749751 ], [ -113.482065501615764, 44.007280169585499 ], [ -113.481950337509957, 44.007612774619624 ], [ -113.481849370353785, 44.007747370854233 ], [ -113.481622800294716, 44.007980433742951 ], [ -113.481508887187417, 44.008168988232313 ], [ -113.481345233855791, 44.008339313461747 ], [ -113.481281529545583, 44.008492081682277 ], [ -113.481255011945322, 44.008672030948958 ], [ -113.48131345975672, 44.00912247040759 ], [ -113.481511243896136, 44.009330449975778 ], [ -113.481744335742974, 44.009781681538918 ], [ -113.481754144672578, 44.010087844373722 ], [ -113.481449188266637, 44.010725706042109 ], [ -113.48139654404811, 44.01104059068178 ], [ -113.48152858863854, 44.011635419517944 ], [ -113.481551106832157, 44.011914627707888 ], [ -113.481748038575049, 44.012221639348979 ], [ -113.481784052123416, 44.012383865279055 ], [ -113.481531729642583, 44.012706845754295 ], [ -113.481028725232576, 44.013163741243602 ], [ -113.48054924891224, 44.01378280039102 ], [ -113.480197268669187, 44.014087317770795 ], [ -113.479996719916528, 44.014194446911148 ], [ -113.479320768474722, 44.014452471104924 ], [ -113.479058155243422, 44.014523301848875 ], [ -113.478721083372918, 44.014548773142742 ], [ -113.477448831353016, 44.014515953045908 ], [ -113.47692446988593, 44.014558569275295 ], [ -113.476624347987581, 44.014638227974558 ], [ -113.476148539131003, 44.014834123872575 ], [ -113.475698947334024, 44.014886082527845 ], [ -113.475249672343921, 44.014902026978014 ], [ -113.47498729068333, 44.014945837202369 ], [ -113.474661815926112, 44.015070389801508 ], [ -113.474323307540018, 44.015257907610746 ], [ -113.474085715572997, 44.01531983675445 ], [ -113.473586455108972, 44.015344549846482 ], [ -113.47311270338939, 44.015306352287119 ], [ -113.472626875746016, 44.015223077865556 ], [ -113.472216461420118, 44.01507712725018 ], [ -113.472016853683897, 44.015076205040941 ], [ -113.471879143944903, 44.015129589436292 ], [ -113.471753349983516, 44.015246054859745 ], [ -113.471466253138104, 44.015262734111126 ], [ -113.471390120349383, 44.0154064374576 ], [ -113.471350454105846, 44.015658351134597 ], [ -113.470985459953241, 44.016016800625614 ], [ -113.470395336938978, 44.01643722812458 ], [ -113.469467474556524, 44.016955124775464 ], [ -113.469329838474323, 44.016999504752057 ], [ -113.468730111995953, 44.017095754099536 ], [ -113.468366943391331, 44.017247125643543 ], [ -113.468104304996203, 44.01731793104905 ], [ -113.467904609380057, 44.017326002911645 ], [ -113.467480910672847, 44.0172700081568 ], [ -113.467305925190914, 44.017305206342698 ], [ -113.467142125413545, 44.017484511918433 ], [ -113.467064930979959, 44.017745254253086 ], [ -113.466938234826472, 44.01796074644934 ], [ -113.466899354606866, 44.018122627458816 ], [ -113.466897337954862, 44.018347702921361 ], [ -113.466833424282413, 44.018518472360512 ], [ -113.466719766740709, 44.018670999063005 ], [ -113.466456151298487, 44.018849837691064 ], [ -113.466367929204296, 44.018948465613697 ], [ -113.466341684587888, 44.019092398486933 ], [ -113.466363407201825, 44.019452638553972 ], [ -113.466324039860737, 44.019668537837596 ], [ -113.466235331725329, 44.019821180558189 ], [ -113.466033041774011, 44.020117351476799 ], [ -113.465905205237718, 44.020458885594401 ], [ -113.465702102932951, 44.020845083122225 ], [ -113.465525002953328, 44.021114358691428 ], [ -113.465197370526241, 44.021472964092659 ], [ -113.46510784726803, 44.02171564028815 ], [ -113.465055592127328, 44.02197649421683 ], [ -113.46499215497613, 44.022093243981587 ], [ -113.464815614993839, 44.022299494989106 ], [ -113.46450142127388, 44.022550119744473 ], [ -113.464350237691576, 44.022711473355116 ], [ -113.464148171725526, 44.022980629652096 ], [ -113.463970652648399, 44.023294919836466 ], [ -113.463657180658245, 44.023464512682651 ], [ -113.463178821402678, 44.023930445993855 ], [ -113.462940695612133, 44.024046373690112 ], [ -113.462602587305497, 44.024179833984014 ], [ -113.462389332844637, 44.024304879159558 ], [ -113.462251023408641, 44.024421275031543 ], [ -113.46206174524373, 44.024654473911838 ], [ -113.461860884010576, 44.024788578094018 ], [ -113.4617357831535, 44.024824002635512 ], [ -113.461086545027982, 44.024865961300605 ], [ -113.460761721624067, 44.024909444224278 ], [ -113.460235786738949, 44.025114042128116 ], [ -113.460023259535831, 44.025158053398378 ], [ -113.459436813646093, 44.025155280345082 ], [ -113.458888701414438, 44.025053649621789 ], [ -113.458603192744732, 44.024890234907396 ], [ -113.458055904680748, 44.024698565927004 ], [ -113.457534231805241, 44.024434991886594 ], [ -113.457125024162849, 44.024153939357504 ], [ -113.456408001445197, 44.023421251998514 ], [ -113.456271657434172, 44.0233215633992 ], [ -113.4561349023151, 44.023266891771804 ], [ -113.455388250427305, 44.023047252238896 ], [ -113.454815128003219, 44.022954484387235 ], [ -113.454079309645763, 44.022914957164211 ], [ -113.452931500282489, 44.02290046548093 ], [ -113.452358134599734, 44.022834692714788 ], [ -113.451511686133216, 44.022614549460577 ], [ -113.450951051110437, 44.022521822166716 ], [ -113.450577655707249, 44.022420990989026 ], [ -113.449954972183093, 44.022291946579351 ], [ -113.449693872335914, 44.022191649457831 ], [ -113.449482847597793, 44.022073589705101 ], [ -113.449384198955627, 44.021947065908002 ], [ -113.449312337867781, 44.021622595004438 ], [ -113.449055994440243, 44.021009123852032 ], [ -113.448875349548388, 44.020305982596092 ], [ -113.448702346618347, 44.020125078718891 ], [ -113.448441508762244, 44.019997771377049 ], [ -113.447943369081088, 44.01989632569849 ], [ -113.447307488631253, 44.01984823602092 ], [ -113.445822374100445, 44.019886057970382 ], [ -113.445322393305446, 44.019982671725025 ], [ -113.444611991734845, 44.019898187793927 ], [ -113.443613624239632, 44.019920342684571 ], [ -113.443264620918185, 44.019882628789013 ], [ -113.442891508242752, 44.01975476164268 ], [ -113.442507017519461, 44.0195097909331 ], [ -113.442196543655299, 44.019355218535644 ], [ -113.441775896623753, 44.018975018665792 ], [ -113.441304335843341, 44.01870260985492 ], [ -113.440881245623302, 44.01858349339377 ], [ -113.440445003587541, 44.018536342277727 ], [ -113.440108825500985, 44.018462667685085 ], [ -113.439412452764145, 44.018216157778802 ], [ -113.438940823969844, 44.017952744115611 ], [ -113.43870556322085, 44.017762514039269 ], [ -113.438570366308241, 44.017545766605771 ], [ -113.438548132978354, 44.017257546421177 ], [ -113.438552465540155, 44.016798392681423 ], [ -113.438331980856717, 44.016365142568837 ], [ -113.438171667142853, 44.016166278077257 ], [ -113.437812340353062, 44.015903408226883 ], [ -113.437614602980986, 44.015704358794522 ], [ -113.437319361521745, 44.015261736995633 ], [ -113.437146578733916, 44.015062809622968 ], [ -113.436762653280709, 44.014763801361838 ], [ -113.436603286713762, 44.014465902905336 ], [ -113.436494163660001, 44.01413223453045 ], [ -113.436358982943005, 44.013915484429027 ], [ -113.436074016432158, 44.013707000252765 ], [ -113.435676007849494, 44.013578986546456 ], [ -113.435353193090108, 44.013415329183999 ], [ -113.434757981954917, 44.013034240306311 ], [ -113.434263604678492, 44.012545605932118 ], [ -113.434029065162093, 44.012283341836437 ], [ -113.433719679093571, 44.012020709921906 ], [ -113.433547774632288, 44.011731746603445 ], [ -113.433377243323477, 44.011298734208751 ], [ -113.432995591173395, 44.010765633991532 ], [ -113.432848814267928, 44.010458787299157 ], [ -113.432679664723423, 44.009881724981106 ], [ -113.432446172810202, 44.009511424580595 ], [ -113.432249934522247, 44.009159312157188 ], [ -113.431953648058141, 44.008833714259403 ], [ -113.431433692468104, 44.008416967979308 ], [ -113.430940327422732, 44.007829287401556 ], [ -113.430681906722029, 44.007458855509043 ], [ -113.430447058248703, 44.00723259983193 ], [ -113.430030537307431, 44.006438216322493 ], [ -113.429846193135077, 44.006149185111298 ], [ -113.429710537002677, 44.005986445390434 ], [ -113.429400598453071, 44.005786821344159 ], [ -113.429227437810624, 44.005632895422757 ], [ -113.428909434507275, 44.00497405379901 ], [ -113.42858763564773, 44.004711342031648 ], [ -113.428250858723487, 44.004709657297852 ], [ -113.428002345960266, 44.004609376925103 ], [ -113.427791686295635, 44.004464266353217 ], [ -113.427507054695269, 44.004228749910759 ], [ -113.42732229650764, 44.003984728083687 ], [ -113.427151658924871, 44.00356971228107 ], [ -113.426918659243029, 44.003154383425276 ], [ -113.426671369124747, 44.002928057425841 ], [ -113.426224255876519, 44.002727736267637 ], [ -113.425988488035955, 44.002600503216939 ], [ -113.425457111591996, 44.002084631756134 ], [ -113.425346161185658, 44.001949023245757 ], [ -113.425174760750892, 44.001615030130075 ], [ -113.424742309773222, 44.001189691418638 ], [ -113.424495906398064, 44.000873326585442 ], [ -113.424336289657461, 44.000611423043594 ], [ -113.424239035829302, 44.000349829934983 ], [ -113.424140389506405, 44.000232289201236 ], [ -113.423929667611461, 44.000096172786023 ], [ -113.423681007101692, 44.000013889184565 ], [ -113.423245002547262, 43.999957668201183 ], [ -113.42269631255968, 43.999945891921506 ], [ -113.422385380817573, 43.999854285557284 ], [ -113.422186961671471, 43.999736238702752 ], [ -113.422026047146105, 43.999609375928614 ], [ -113.421952175861762, 43.99950996199928 ], [ -113.42184228733079, 43.999266313473917 ], [ -113.421755944730762, 43.999166836305797 ], [ -113.421470662420887, 43.999003329290218 ], [ -113.421109937071037, 43.998902465617334 ], [ -113.42089817602583, 43.998874380256396 ], [ -113.420149769584341, 43.998879589938355 ], [ -113.419576321881692, 43.998849666042631 ], [ -113.419226843197464, 43.998874902480097 ], [ -113.418602277364982, 43.998970762776572 ], [ -113.41806580560808, 43.998986038715309 ], [ -113.417604693997163, 43.9989476753153 ], [ -113.417169143863703, 43.99884641778452 ], [ -113.416771099268786, 43.998736344747691 ], [ -113.416547663018179, 43.998627162075266 ], [ -113.416275222665675, 43.998427693672944 ], [ -113.415805531528775, 43.997993125378294 ], [ -113.415396260986313, 43.997756941196585 ], [ -113.415186275375291, 43.997548784403882 ], [ -113.414702003511692, 43.997330220808458 ], [ -113.414380839980169, 43.997013454589641 ], [ -113.414011654488775, 43.996507365921943 ], [ -113.413643893733521, 43.995857227348608 ], [ -113.413385011375013, 43.995549779550558 ], [ -113.41327498774254, 43.995324125338257 ], [ -113.413066704126535, 43.994944908603813 ], [ -113.412921044706835, 43.994539004550901 ], [ -113.412798287303787, 43.994340296717766 ], [ -113.412625735653506, 43.994132327477544 ], [ -113.412255072126783, 43.9937792866344 ], [ -113.412082257315802, 43.993598327508877 ], [ -113.412008676721257, 43.993471899844408 ], [ -113.41192422597085, 43.993183353130441 ], [ -113.411763973559545, 43.992993452857604 ], [ -113.411504223552967, 43.992776031224196 ], [ -113.411032830793715, 43.992521504232549 ], [ -113.410588076220492, 43.992096047917023 ], [ -113.4105391743322, 43.99199675529195 ], [ -113.410442262273222, 43.991708143124299 ], [ -113.410121329879942, 43.99137335882407 ], [ -113.409937842167324, 43.991012271159804 ], [ -113.409470397945555, 43.990361603733156 ], [ -113.409098525955585, 43.99013459169624 ], [ -113.408727461208272, 43.989826552846445 ], [ -113.408269199775489, 43.98950905952757 ], [ -113.40725257436246, 43.988909558507736 ], [ -113.406609343959985, 43.988384016241092 ], [ -113.406138096682383, 43.988120464326045 ], [ -113.404479580054684, 43.986869347644678 ], [ -113.404082810124535, 43.986642192992619 ], [ -113.403511833238326, 43.986378109999521 ], [ -113.403027424434484, 43.986186508174363 ], [ -113.402579704147044, 43.986067120633201 ], [ -113.4022073431439, 43.985894108146482 ], [ -113.401959585774577, 43.985730748399298 ], [ -113.401626806721993, 43.985341853226352 ], [ -113.401428567639385, 43.985214765685619 ], [ -113.401229424418005, 43.98517770821072 ], [ -113.400929985705943, 43.98519414567177 ], [ -113.400667501121092, 43.98525579556469 ], [ -113.400429682347777, 43.98534458303088 ], [ -113.400227366571187, 43.985622628367651 ], [ -113.399384852209934, 43.98632047682522 ], [ -113.399104896467193, 43.986877222664262 ], [ -113.398750845276055, 43.987361549797043 ], [ -113.398335713417723, 43.987719505021303 ], [ -113.397808804661821, 43.988031853913782 ], [ -113.397495697164146, 43.988165254150807 ], [ -113.397195422419088, 43.988262710790799 ], [ -113.39649575067611, 43.988394068222568 ], [ -113.395257956726724, 43.988711650019148 ], [ -113.394358941499306, 43.988823935699621 ], [ -113.393908562289354, 43.988965603694197 ], [ -113.393609011067781, 43.988991023059533 ], [ -113.393122136572231, 43.989042459174698 ], [ -113.392648190148861, 43.989048946193471 ], [ -113.391102940450608, 43.988941681539778 ], [ -113.390480278061062, 43.988857331869724 ], [ -113.390007623872251, 43.988737762106901 ], [ -113.3896725079681, 43.988582914705461 ], [ -113.389187387881265, 43.988463274957091 ], [ -113.388256042112914, 43.988080144970766 ], [ -113.387820622395438, 43.98797877611532 ], [ -113.38734974009661, 43.987688139946897 ], [ -113.386840156369317, 43.987523343293191 ], [ -113.386244124004392, 43.98727704663429 ], [ -113.385796708407895, 43.987130586262666 ], [ -113.385398336571754, 43.987065421351929 ], [ -113.3847267545856, 43.98689073844865 ], [ -113.384091188199122, 43.98685130020997 ], [ -113.383194698247578, 43.986720415088662 ], [ -113.381960513099443, 43.986686737246053 ], [ -113.380926774530195, 43.986564093571516 ], [ -113.379645342394269, 43.986278036393976 ], [ -113.378215702200734, 43.985856103922153 ], [ -113.377792691327244, 43.98576376606205 ], [ -113.377208430471384, 43.985589514417178 ], [ -113.37674782745583, 43.985514974804069 ], [ -113.376224503172651, 43.985476104991385 ], [ -113.375812740762839, 43.985500868673775 ], [ -113.375662734390403, 43.985536063163316 ], [ -113.374973345053604, 43.985874427618029 ], [ -113.374709697195925, 43.986044050034657 ], [ -113.373970419570782, 43.986382135377731 ], [ -113.373756738422927, 43.986543027623895 ], [ -113.373554862619343, 43.986767010566631 ], [ -113.373128441676727, 43.986998763138018 ], [ -113.372864214846174, 43.987222399142297 ], [ -113.372575805732637, 43.987373877262726 ], [ -113.372324234419438, 43.98757957447657 ], [ -113.37209816988144, 43.987731393847533 ], [ -113.37193426218964, 43.987901557864831 ], [ -113.37181985212888, 43.988108011417118 ], [ -113.371678127586094, 43.988539400546443 ], [ -113.371447307187438, 43.98914136421044 ], [ -113.371346218164248, 43.989266857161262 ], [ -113.371207719071919, 43.989392144151246 ], [ -113.371132804710456, 43.98940073716615 ], [ -113.371020670872227, 43.989391114636945 ], [ -113.370511594391857, 43.989181232274809 ], [ -113.370213175192475, 43.989098554448425 ], [ -113.370027080225142, 43.989007493492352 ], [ -113.36981661782616, 43.988862276796269 ], [ -113.369459283660674, 43.988455149372868 ], [ -113.369224171354347, 43.988282783215176 ], [ -113.368926712337839, 43.98811007583766 ], [ -113.368392906097924, 43.987882036788712 ], [ -113.367810563699933, 43.987527681176608 ], [ -113.367576511327826, 43.987256280664532 ], [ -113.367480006542365, 43.98694962713958 ], [ -113.36754598595742, 43.986607858976214 ], [ -113.367686779897625, 43.986266504801122 ], [ -113.367902578159047, 43.98590755836377 ], [ -113.36826838454823, 43.98551342692295 ], [ -113.368307892188881, 43.985315568073929 ], [ -113.368546139717864, 43.985190835808126 ], [ -113.368822747119509, 43.984976279818355 ], [ -113.369615913099707, 43.984260377433301 ], [ -113.36979295274854, 43.984027262659623 ], [ -113.369908409299953, 43.983721779894921 ], [ -113.369923639537078, 43.983460760131763 ], [ -113.3698773837788, 43.983118371444064 ], [ -113.369671610139505, 43.98253200967757 ], [ -113.369749849688901, 43.982208314640673 ], [ -113.369726151212461, 43.982091136388632 ], [ -113.369604039946708, 43.981847369559091 ], [ -113.369358390895513, 43.981494874985643 ], [ -113.369211631983674, 43.981223959313596 ], [ -113.368928488133136, 43.980880262100008 ], [ -113.368793437614201, 43.980681438689267 ], [ -113.368733386836283, 43.980465022454197 ], [ -113.368699703367099, 43.980113700853956 ], [ -113.368754058431776, 43.979690833861454 ], [ -113.36894603477576, 43.979223711155605 ], [ -113.369073000373106, 43.979008327767794 ], [ -113.369325594610004, 43.978703602488601 ], [ -113.369567242858253, 43.978254759861031 ], [ -113.369757589143148, 43.977940688392437 ], [ -113.369785476152046, 43.977661731147549 ], [ -113.369850479310344, 43.97740999095975 ], [ -113.369790999190158, 43.977139557151517 ], [ -113.369830305476114, 43.976959703425038 ], [ -113.369832685867607, 43.976734630203609 ], [ -113.369897306949483, 43.976518901947159 ], [ -113.369888172013049, 43.976203726333516 ], [ -113.36995233364047, 43.975972418489263 ], [ -113.369779491152215, 43.975869998235787 ], [ -113.369593056949796, 43.975814948621021 ], [ -113.369431938233205, 43.975724024300789 ], [ -113.369208103803302, 43.975668767652117 ], [ -113.368947631585797, 43.975541280000677 ], [ -113.368537175475737, 43.975448977081918 ], [ -113.36838814458865, 43.975394132200385 ], [ -113.368017000855815, 43.975121974145594 ], [ -113.36768230565221, 43.974940051873297 ], [ -113.367422891233929, 43.974713525965193 ], [ -113.366888731984162, 43.974530496905693 ], [ -113.3663925505641, 43.974293654768459 ], [ -113.366195094108576, 43.974103487327106 ], [ -113.366108402047644, 43.974048985235719 ], [ -113.365362416250264, 43.973855768341004 ], [ -113.364814269099853, 43.973816708357042 ], [ -113.364627653995242, 43.973779656680243 ], [ -113.363995124582303, 43.973470017591076 ], [ -113.363497905795541, 43.973332197717347 ], [ -113.363324144291326, 43.973259201385794 ], [ -113.363064080195713, 43.973095688426078 ], [ -113.362767677277333, 43.972832931566145 ], [ -113.362631317265965, 43.972760142755924 ], [ -113.362482298599431, 43.972705290218585 ], [ -113.362220890308308, 43.972667817276097 ], [ -113.362134685796548, 43.972568299019699 ], [ -113.362086940630164, 43.972369954760829 ], [ -113.361951450056722, 43.972216136393371 ], [ -113.361853648071147, 43.972035519558325 ], [ -113.361681145960517, 43.971845483616747 ], [ -113.361559763378807, 43.971538685313263 ], [ -113.361290140187265, 43.971105008833582 ], [ -113.361094447897685, 43.970752775116267 ], [ -113.360811496695021, 43.970400056546218 ], [ -113.360676689872918, 43.970183217493023 ], [ -113.360354897186212, 43.969965331668718 ], [ -113.360145105226223, 43.969766079250519 ], [ -113.359884775003934, 43.96962956628429 ], [ -113.3596129476051, 43.969402956518621 ], [ -113.359352716947043, 43.969257441154241 ], [ -113.359079344270185, 43.969174874439076 ], [ -113.358768284944944, 43.96911910799296 ], [ -113.357832782450274, 43.969167875405063 ], [ -113.357110747924381, 43.969073779826076 ], [ -113.356774176889317, 43.969071885631934 ], [ -113.356501586295693, 43.968917292452495 ], [ -113.356192962069954, 43.968636442462888 ], [ -113.355820553952142, 43.96849028692305 ], [ -113.355571536583213, 43.968461873944328 ], [ -113.355147905688554, 43.968441476841207 ], [ -113.35469836945461, 43.968510967249642 ], [ -113.354499019450444, 43.968500835896698 ], [ -113.354324990533911, 43.968454836732867 ], [ -113.354151547268216, 43.968354815783286 ], [ -113.3539404155553, 43.968281593893416 ], [ -113.353631025624139, 43.968072764540878 ], [ -113.35344482627869, 43.967999682769381 ], [ -113.353282971964319, 43.96798075972066 ], [ -113.353045641606087, 43.968024432091333 ], [ -113.352808701900102, 43.968032095628118 ], [ -113.352560176953972, 43.96795865937996 ], [ -113.352198975389726, 43.967929599727533 ], [ -113.351975186523433, 43.967874309520596 ], [ -113.351615454824554, 43.967710205075441 ], [ -113.351109180378117, 43.96726615945208 ], [ -113.35091071757968, 43.967174996818883 ], [ -113.35042653781106, 43.966992174513734 ], [ -113.350177529441623, 43.966963746224771 ], [ -113.34982781819204, 43.967024783422929 ], [ -113.34935247190765, 43.967175136007562 ], [ -113.349227033754829, 43.967246449969224 ], [ -113.349126427385883, 43.967326910584802 ], [ -113.349038974269661, 43.967344419469676 ], [ -113.348405610568037, 43.967124724438072 ], [ -113.34736405715114, 43.966614581855758 ], [ -113.346301047452741, 43.965789181238279 ], [ -113.345560666880374, 43.965100673886525 ], [ -113.345140723231026, 43.964747131506066 ], [ -113.344807937719594, 43.964403089112032 ], [ -113.344636105980868, 43.964159006195196 ], [ -113.344453197201418, 43.963788813436231 ], [ -113.344321336522256, 43.963310867158832 ], [ -113.344088178892108, 43.962976399590822 ], [ -113.344064934381834, 43.962823204071725 ], [ -113.344193142426505, 43.962499812316452 ], [ -113.344623457196377, 43.961908047166169 ], [ -113.344638692450047, 43.961656035209408 ], [ -113.344677371005872, 43.961539212720574 ], [ -113.344816453739256, 43.961359939337804 ], [ -113.345043079773845, 43.961154155165637 ], [ -113.34504396992034, 43.961073130128177 ], [ -113.344995696982693, 43.960928796631222 ], [ -113.344529494079524, 43.960250855174323 ], [ -113.344152428414191, 43.959402357728642 ], [ -113.343956677170823, 43.959068104371887 ], [ -113.343710281741579, 43.958805584608008 ], [ -113.342883369519697, 43.958062540763244 ], [ -113.342512251635569, 43.95780830639459 ], [ -113.342077827744305, 43.957643741858 ], [ -113.340946466078634, 43.957385122416767 ], [ -113.340438067913539, 43.957148096502337 ], [ -113.339953104880891, 43.957046258820604 ], [ -113.339517496969975, 43.9569897203544 ], [ -113.33916972966432, 43.95687966694716 ], [ -113.338909503965695, 43.956743106533644 ], [ -113.338637515513113, 43.956543454353501 ], [ -113.338254861621692, 43.956208109126038 ], [ -113.338021065844856, 43.955936648192598 ], [ -113.337884674854052, 43.955872831241123 ], [ -113.337586568133943, 43.955781067865729 ], [ -113.336939305217513, 43.955705285237372 ], [ -113.336639898751969, 43.955730559887954 ], [ -113.336077571252247, 43.955862345444366 ], [ -113.335503079460651, 43.955967048620217 ], [ -113.335415338121521, 43.956011557910621 ], [ -113.335239152518923, 43.956163591688771 ], [ -113.334851398463556, 43.956287384940694 ], [ -113.334626765475846, 43.95631308955732 ], [ -113.334240416508948, 43.956310839135078 ], [ -113.334029050528528, 43.956264587829104 ], [ -113.333770247661448, 43.956001977811873 ], [ -113.333596573361405, 43.955928936596749 ], [ -113.333360686302683, 43.955846526813126 ], [ -113.332962683394385, 43.955772175627885 ], [ -113.331941948179349, 43.955658169630411 ], [ -113.33129570379424, 43.955492325420259 ], [ -113.330800025275607, 43.95523732389028 ], [ -113.330328770613264, 43.955027482933559 ], [ -113.329746671925349, 43.954699941833496 ], [ -113.329349896362416, 43.954517542556395 ], [ -113.32828187545735, 43.954178135541639 ], [ -113.326855304663923, 43.953584510761026 ], [ -113.326557226664562, 43.953492718753949 ], [ -113.326134527185943, 43.953400191085791 ], [ -113.325662896433528, 43.953226339251792 ], [ -113.325316806799975, 43.952972196566805 ], [ -113.324734857802397, 43.952635628961708 ], [ -113.324426365603898, 43.952363698618136 ], [ -113.323896622961627, 43.951820351643683 ], [ -113.32341990337946, 43.950998203885234 ], [ -113.323188852071368, 43.950492635987651 ], [ -113.323093757317992, 43.950086914087457 ], [ -113.32315861935534, 43.949862207394347 ], [ -113.323438491462369, 43.949359665207524 ], [ -113.32339395688976, 43.948891216068695 ], [ -113.323227160619638, 43.948214962550288 ], [ -113.323254228121698, 43.948026046141941 ], [ -113.323382209541805, 43.947729688111124 ], [ -113.323324296301266, 43.947342189911076 ], [ -113.323338595711988, 43.94718021034862 ], [ -113.323505591206271, 43.946740026049206 ], [ -113.323461772624768, 43.946208554168507 ], [ -113.323341659084406, 43.945811685812401 ], [ -113.323121964739414, 43.945405225681526 ], [ -113.323025754225583, 43.945098534258179 ], [ -113.322829656809077, 43.94480925796482 ], [ -113.322695760959348, 43.944529351810424 ], [ -113.322529290965562, 43.94382608618195 ], [ -113.322406529410458, 43.943663293928417 ], [ -113.321852063742583, 43.943110788315025 ], [ -113.321729510218773, 43.942929989398735 ], [ -113.32180631749381, 43.942750373779859 ], [ -113.321772622281671, 43.942426045040492 ], [ -113.321823247650826, 43.942203777104361 ], [ -113.321829146306101, 43.942178150118693 ], [ -113.321838196989546, 43.942138319789777 ], [ -113.322192904087188, 43.941627218711147 ], [ -113.322612356705179, 43.940900418037572 ], [ -113.322955918369047, 43.940272203663817 ], [ -113.323033535690101, 43.940020563291384 ], [ -113.323324187226405, 43.939662141664776 ], [ -113.323780683544385, 43.938962564752067 ], [ -113.323972876339297, 43.938495515695323 ], [ -113.324089700003412, 43.938082041974248 ], [ -113.324204788529926, 43.937821616967881 ], [ -113.324258193137553, 43.937506809160922 ], [ -113.324422401660712, 43.937309701276085 ], [ -113.32493891962838, 43.936808553171701 ], [ -113.325092498226468, 43.936449316951368 ], [ -113.325345438571887, 43.936117676160059 ], [ -113.32553465856202, 43.935911712510645 ], [ -113.325747980520077, 43.935777915857543 ], [ -113.325873379803696, 43.935706627037533 ], [ -113.326123160734653, 43.935654078854419 ], [ -113.326448403724967, 43.935538951655616 ], [ -113.326772832906258, 43.935495843833507 ], [ -113.327146892527026, 43.935471038125023 ], [ -113.32762234442319, 43.93529376506563 ], [ -113.327909091870012, 43.935277444841859 ], [ -113.32812118982082, 43.935251679598679 ], [ -113.328659638215655, 43.935011749293793 ], [ -113.329084337537111, 43.934915202436486 ], [ -113.329260475303585, 43.934763177286655 ], [ -113.329510957519972, 43.934647598877291 ], [ -113.329737634505548, 43.934432842598696 ], [ -113.330101249447452, 43.934227894148236 ], [ -113.330804767105974, 43.933709808194166 ], [ -113.331192785694654, 43.933550015310985 ], [ -113.331518814419368, 43.933362845893846 ], [ -113.331906728044856, 43.933212055352755 ], [ -113.332459010883085, 43.932846134037497 ], [ -113.333046748845277, 43.93265148703837 ], [ -113.333347348218282, 43.932509183704752 ], [ -113.333461480394476, 43.932329777657763 ], [ -113.333452944212695, 43.931978589524604 ], [ -113.333530606702865, 43.931717936502032 ], [ -113.334085578074337, 43.931108927639698 ], [ -113.334200609241122, 43.930848495489968 ], [ -113.334352007772338, 43.930678307428131 ], [ -113.334467438514494, 43.930381862932443 ], [ -113.334769126925167, 43.9301405207759 ], [ -113.334834123119023, 43.929897803835424 ], [ -113.334902429628329, 43.929357985594592 ], [ -113.335254942571041, 43.929026901941988 ], [ -113.335356705351202, 43.928838420130525 ], [ -113.335285070868267, 43.928558890074974 ], [ -113.335028186623774, 43.928134228067691 ], [ -113.334658993255971, 43.927726915168186 ], [ -113.334312911125835, 43.927481804107138 ], [ -113.334066084466414, 43.92727328128165 ], [ -113.333795451339654, 43.926965581307016 ], [ -113.333548729117098, 43.926748056154942 ], [ -113.333524519393791, 43.926684891539814 ], [ -113.333490064772931, 43.926423584313454 ], [ -113.333255299622124, 43.926251148066257 ], [ -113.333206478990846, 43.926160827163777 ], [ -113.333158362579468, 43.926007483327957 ], [ -113.33318639344219, 43.925728537010507 ], [ -113.333138880899227, 43.925521175057298 ], [ -113.333165704694594, 43.925350264925257 ], [ -113.33314209943957, 43.925233078515809 ], [ -113.333181278874932, 43.925071242281177 ], [ -113.333146826563819, 43.924809938494327 ], [ -113.333238043074857, 43.924450326584626 ], [ -113.333153766247065, 43.924188728429066 ], [ -113.333295007157673, 43.923811401144583 ], [ -113.333334788463276, 43.923595546688546 ], [ -113.333263169419638, 43.923316018810326 ], [ -113.333253428445644, 43.923072862774518 ], [ -113.333156898646692, 43.922793189449294 ], [ -113.333173075442915, 43.922460148548637 ], [ -113.333066907451354, 43.921928317818697 ], [ -113.332861800966583, 43.921332882274498 ], [ -113.332714849978572, 43.921106932167561 ], [ -113.332593314238721, 43.920836114055327 ], [ -113.332396543791546, 43.920609876130456 ], [ -113.332250401886455, 43.920311901233084 ], [ -113.332065686857447, 43.920121747615163 ], [ -113.331992868979171, 43.919950251516603 ], [ -113.331857573792007, 43.91979640089685 ], [ -113.331749104341512, 43.919471636550064 ], [ -113.331739067645969, 43.919255491137804 ], [ -113.331766295510832, 43.919048565456272 ], [ -113.331855496104708, 43.918869014784057 ], [ -113.331981960429715, 43.918698687302779 ], [ -113.332270942863971, 43.91847528417938 ], [ -113.332671011107564, 43.918342568862059 ], [ -113.332884253969652, 43.918208757978199 ], [ -113.333184579489966, 43.918084460313928 ], [ -113.333435988886194, 43.917878845785182 ], [ -113.333887376459529, 43.917611369501742 ], [ -113.333975765090159, 43.91750384132262 ], [ -113.334078114313158, 43.917261338383163 ], [ -113.334317965856073, 43.916974620171146 ], [ -113.334370092841326, 43.916767842433188 ], [ -113.334309526132998, 43.916614426309444 ], [ -113.334123711424382, 43.916523307488518 ], [ -113.334000270394711, 43.916423550100433 ], [ -113.333878637668832, 43.916161734389661 ], [ -113.333867890596537, 43.916008612026985 ], [ -113.334007400000445, 43.91578433294471 ], [ -113.334072784570054, 43.91550560361356 ], [ -113.333999865946183, 43.915343113490053 ], [ -113.333942113424513, 43.914937612175422 ], [ -113.333783422690701, 43.914648571224284 ], [ -113.333750479956763, 43.914252219831504 ], [ -113.333554630810042, 43.913944954626743 ], [ -113.333434009861634, 43.913593111613551 ], [ -113.333398657994977, 43.913412832941162 ], [ -113.333438331072472, 43.913205979247351 ], [ -113.333390324580591, 43.913043633988366 ], [ -113.333219087132491, 43.912763524392453 ], [ -113.333085413552624, 43.91246562291925 ], [ -113.332888467287646, 43.912257391748291 ], [ -113.332841167090038, 43.912032023183038 ], [ -113.332582055841044, 43.911814423078049 ], [ -113.332423581107463, 43.911507374099592 ], [ -113.332307903683713, 43.91071437914195 ], [ -113.332163899974944, 43.910227341755466 ], [ -113.332268357478384, 43.909795778063099 ], [ -113.33224536368121, 43.909624576560532 ], [ -113.33218430610863, 43.909516176201777 ], [ -113.331974617478508, 43.909334877971531 ], [ -113.331790944161483, 43.909054689760815 ], [ -113.331719550442429, 43.908757154280586 ], [ -113.331472708721051, 43.908557630560075 ], [ -113.331423703378931, 43.908485314806725 ], [ -113.331475832644315, 43.908278534498081 ], [ -113.331690452232365, 43.908018686417684 ], [ -113.3316671585157, 43.90787449208571 ], [ -113.331707841003336, 43.907577608384067 ], [ -113.331675620517643, 43.90711823651489 ], [ -113.331578115549192, 43.90692858811996 ], [ -113.331331987272463, 43.906666044579715 ], [ -113.331185984760822, 43.906359066602803 ], [ -113.330978528580815, 43.905979699573649 ], [ -113.330905428020287, 43.905835213420005 ], [ -113.330933357968178, 43.905565267923542 ], [ -113.3308726094196, 43.905429855894866 ], [ -113.330874626435147, 43.905249795005759 ], [ -113.330913193176372, 43.905141977209404 ], [ -113.331115351637138, 43.904882057099435 ], [ -113.331256356680043, 43.904522736948614 ], [ -113.331465967592948, 43.903596587044667 ], [ -113.331467680407442, 43.903443537022106 ], [ -113.331407839590881, 43.903227099595547 ], [ -113.331434758328314, 43.903047184323157 ], [ -113.331561391318175, 43.902858846932197 ], [ -113.33195172341749, 43.90247397486938 ], [ -113.332078252868826, 43.902294641720786 ], [ -113.332166019483125, 43.902040707320715 ], [ -113.332134400170631, 43.901727738753756 ], [ -113.332085802147347, 43.901619411018252 ], [ -113.331938599655643, 43.901420470420121 ], [ -113.331829859828247, 43.901122716276646 ], [ -113.331585567187133, 43.900698114602392 ], [ -113.331413163896414, 43.900526038614053 ], [ -113.330993653445205, 43.900181444907624 ], [ -113.330883004762484, 43.900054746050515 ], [ -113.330786017778578, 43.899820083370265 ], [ -113.330565731853781, 43.899476654614148 ], [ -113.33044616570308, 43.899034773717609 ], [ -113.330030608428714, 43.898339059179804 ], [ -113.329848391161462, 43.897932824820757 ], [ -113.329650796505987, 43.897787607497314 ], [ -113.329466764795882, 43.897543431099763 ], [ -113.328954557760355, 43.896586037705397 ], [ -113.32884351548951, 43.896495349083125 ], [ -113.328645422254368, 43.896395143503483 ], [ -113.328524156276842, 43.896106314222855 ], [ -113.32830106310044, 43.896014966584474 ], [ -113.328190630210997, 43.895870259004511 ], [ -113.327882310944972, 43.895607341918222 ], [ -113.327725320478891, 43.89517424321636 ], [ -113.327527030857595, 43.895092041824057 ], [ -113.327142092250369, 43.894999739356543 ], [ -113.326473340909615, 43.894680673650143 ], [ -113.326228300159954, 43.894328084885217 ], [ -113.326216763846844, 43.894246985797565 ], [ -113.326255839185691, 43.894094152305563 ], [ -113.326020510243367, 43.893984720740768 ], [ -113.325635682716978, 43.893883411988639 ], [ -113.325388414156336, 43.893728888593692 ], [ -113.325054100257617, 43.893564848708202 ], [ -113.324807444819626, 43.893356309352512 ], [ -113.324337715108783, 43.893056410552752 ], [ -113.323953405732595, 43.89291007911654 ], [ -113.323706960611389, 43.892683531300669 ], [ -113.323498783176802, 43.892376174807893 ], [ -113.323426634361411, 43.892150654484986 ], [ -113.323392955515956, 43.89182632348674 ], [ -113.323260599985218, 43.891420377018292 ], [ -113.323154164326453, 43.890924543727955 ], [ -113.323081202673237, 43.890771051176372 ], [ -113.322834565624262, 43.890562503977478 ], [ -113.322638032700766, 43.890327244075948 ], [ -113.322466501406026, 43.890083130210421 ], [ -113.322369767419943, 43.889830454188079 ], [ -113.322253547377784, 43.889100466758563 ], [ -113.322084063451797, 43.888676291208348 ], [ -113.322075393078592, 43.888343102528324 ], [ -113.321967440449242, 43.887982315599984 ], [ -113.322006726552999, 43.88781148092729 ], [ -113.321983361401479, 43.887676285568944 ], [ -113.321517778113318, 43.887016256609591 ], [ -113.321212600871462, 43.886483226309068 ], [ -113.320991395689646, 43.886229809533376 ], [ -113.320695196441108, 43.886002959329069 ], [ -113.320584697948291, 43.885867245639211 ], [ -113.320524299394364, 43.885704820555112 ], [ -113.320514409813157, 43.885479671925253 ], [ -113.320604104420681, 43.885255111793526 ], [ -113.32061757567854, 43.885165155228073 ], [ -113.320546674096505, 43.884831599837639 ], [ -113.320167853487916, 43.884208091985926 ], [ -113.319958289442795, 43.884026771711447 ], [ -113.319835450922156, 43.883881981949898 ], [ -113.319556736760347, 43.883214051232841 ], [ -113.319497983364684, 43.882907576625911 ], [ -113.319518321924932, 43.882214416975778 ], [ -113.319409267949197, 43.881952659279463 ], [ -113.31945050447024, 43.881610765374845 ], [ -113.319318812569307, 43.881150795567997 ], [ -113.319001647470415, 43.880581672747425 ], [ -113.318724086058353, 43.879814707888173 ], [ -113.318394589435925, 43.879236507864654 ], [ -113.318173833383028, 43.878947073313874 ], [ -113.31779096510671, 43.878683679862256 ], [ -113.317656312557475, 43.878484795047257 ], [ -113.317857306948923, 43.87832392886498 ], [ -113.318010054507283, 43.87802772104839 ], [ -113.318148608731761, 43.877884489031757 ], [ -113.318225032768012, 43.877731880704516 ], [ -113.31828962584953, 43.877525183281087 ], [ -113.318332199741903, 43.877066247881992 ], [ -113.318448937042234, 43.876652774973032 ], [ -113.318427533814997, 43.876346522230349 ], [ -113.318120384127894, 43.875993548163635 ], [ -113.317936876560168, 43.875713337136098 ], [ -113.317827532881836, 43.875478588758405 ], [ -113.317781138639546, 43.87518119212681 ], [ -113.31773279313812, 43.875054851957138 ], [ -113.317988385203336, 43.874471136553247 ], [ -113.318139992814821, 43.874273960264233 ], [ -113.318128676338588, 43.87417485403212 ], [ -113.31788078936799, 43.874083337803953 ], [ -113.317794696722089, 43.873992787044756 ], [ -113.317658513608421, 43.873928946384808 ], [ -113.317448479046575, 43.873792638613914 ], [ -113.317250068748109, 43.873728425770963 ], [ -113.317139086400886, 43.873637725803071 ], [ -113.316904060119583, 43.873510269564875 ], [ -113.31679318153985, 43.873410567995357 ], [ -113.316622236333231, 43.873121427960079 ], [ -113.316486879685982, 43.872985561363457 ], [ -113.316139951524931, 43.872848432281565 ], [ -113.315820181824918, 43.872513380079241 ], [ -113.315337802495691, 43.872249385910905 ], [ -113.314980086066825, 43.871968126082962 ], [ -113.314794439158248, 43.871876976212405 ], [ -113.314595728526513, 43.871839769801845 ], [ -113.314359269687785, 43.871838351309293 ], [ -113.314123636901897, 43.871764907796944 ], [ -113.313937062383658, 43.871754785939991 ], [ -113.313326938367922, 43.871778130611183 ], [ -113.313139640163129, 43.871831027104726 ], [ -113.312890943115207, 43.871811524642055 ], [ -113.312517276862224, 43.871836290115333 ], [ -113.312393135466763, 43.87180853034819 ], [ -113.31210824233284, 43.871689769634202 ], [ -113.311797631269158, 43.871642879216466 ], [ -113.311535972090269, 43.871668315972634 ], [ -113.311186367024959, 43.871765247937816 ], [ -113.311024475972346, 43.871773277478923 ], [ -113.310701523942129, 43.871717307791485 ], [ -113.310403774298223, 43.871634476420056 ], [ -113.310204859610508, 43.871615268514468 ], [ -113.309532302142884, 43.8716562270141 ], [ -113.308932854238989, 43.87183267718693 ], [ -113.308546324851477, 43.871893363024249 ], [ -113.308173073068048, 43.871882102055551 ], [ -113.308074032360935, 43.871836482184719 ], [ -113.308051537843468, 43.871629263009446 ], [ -113.307769884833164, 43.871231395025191 ], [ -113.307584981008716, 43.871077210330576 ], [ -113.307065940946373, 43.870758936936781 ], [ -113.306669059184401, 43.870639479919937 ], [ -113.306060511141609, 43.870527741852804 ], [ -113.305540438604126, 43.870299492114036 ], [ -113.305267592992863, 43.870216798687245 ], [ -113.304435778207591, 43.870040670381734 ], [ -113.304113575217428, 43.869921659006785 ], [ -113.304002515154792, 43.869839951249475 ], [ -113.303768789700342, 43.869604431591519 ], [ -113.303546881714055, 43.869423005603373 ], [ -113.303373285513757, 43.869367925348477 ], [ -113.303186510767745, 43.869375788493976 ], [ -113.30306237888253, 43.869348022241951 ], [ -113.302938876729854, 43.869266233960253 ], [ -113.302828239272856, 43.869148512874489 ], [ -113.3025799769445, 43.869092975862891 ], [ -113.301960794235669, 43.868828086515364 ], [ -113.301603581974661, 43.868510776607458 ], [ -113.301331486207133, 43.868365054314147 ], [ -113.300960678243314, 43.868146698048363 ], [ -113.300727076656514, 43.867902167375149 ], [ -113.300618235723547, 43.867631390564434 ], [ -113.30049558274122, 43.867477578886351 ], [ -113.300360064963542, 43.867359699476182 ], [ -113.300186583038908, 43.867295613173262 ], [ -113.300063089060686, 43.867213821808534 ], [ -113.299780772075593, 43.866878957448456 ], [ -113.299472199406523, 43.866660977632456 ], [ -113.299311375511024, 43.866578956602297 ], [ -113.298728615433532, 43.866395308009309 ], [ -113.298172014561473, 43.866103772778231 ], [ -113.297874627548481, 43.86599390164762 ], [ -113.297615419131631, 43.865812234857422 ], [ -113.297405141763463, 43.865702897880169 ], [ -113.297045327280571, 43.865610648136602 ], [ -113.296674022780081, 43.865437295092399 ], [ -113.295681061250548, 43.86521509076492 ], [ -113.295421332701608, 43.865078432447191 ], [ -113.295273704834671, 43.86493346301188 ], [ -113.295114588785111, 43.864707391061351 ], [ -113.294846771371255, 43.864201531793483 ], [ -113.294738600509092, 43.863876731180085 ], [ -113.294444310375596, 43.863505761180583 ], [ -113.294348480040341, 43.863190041850942 ], [ -113.294214471140975, 43.862946112618737 ], [ -113.294117686812314, 43.862711418661689 ], [ -113.293885409473134, 43.862358841189582 ], [ -113.293740342870109, 43.861997796747204 ], [ -113.293641435880403, 43.861943163230229 ], [ -113.29340565523195, 43.861887683387145 ], [ -113.293170619648308, 43.861769179965002 ], [ -113.292674813679994, 43.861604045582588 ], [ -113.292390967078049, 43.861404206916227 ], [ -113.292143279379971, 43.861303634031941 ], [ -113.291896018806085, 43.861167044851221 ], [ -113.291511994140222, 43.861020605404157 ], [ -113.291240810367697, 43.8608028349676 ], [ -113.290993660608052, 43.860657242611047 ], [ -113.290932300171903, 43.860584832280729 ], [ -113.290872007008403, 43.860422391520672 ], [ -113.29072429483125, 43.860286421082492 ], [ -113.290639757596637, 43.860069807499379 ], [ -113.290320092229862, 43.859743689455136 ], [ -113.290272671336027, 43.859545313482492 ], [ -113.290088169168669, 43.859364093389864 ], [ -113.289978964193224, 43.859129318632725 ], [ -113.289806799797645, 43.858957176633702 ], [ -113.289547111781303, 43.858820508690606 ], [ -113.288991375167598, 43.858465906056765 ], [ -113.28864502305062, 43.858292681990783 ], [ -113.288373433720253, 43.858110916955468 ], [ -113.288212540951847, 43.858037885280233 ], [ -113.287442943582676, 43.857880024338854 ], [ -113.287083835394668, 43.857733725304413 ], [ -113.286823300464803, 43.85766907551244 ], [ -113.286537559730746, 43.857631277078283 ], [ -113.286027645565866, 43.857610084977033 ], [ -113.285866757042498, 43.8575370500212 ], [ -113.285632505975869, 43.857355511781073 ], [ -113.285508622412578, 43.857309716957182 ], [ -113.28512291725157, 43.857307304757505 ], [ -113.284400091025532, 43.857401823265839 ], [ -113.284163798507592, 43.857391337847723 ], [ -113.283803731491901, 43.85732605764909 ], [ -113.283085757333509, 43.857015429665758 ], [ -113.282999634066954, 43.856933854176994 ], [ -113.282927031934449, 43.85676232999905 ], [ -113.282767120799647, 43.856608261639117 ], [ -113.28257258336221, 43.85622888478305 ], [ -113.282265856271053, 43.855866810416821 ], [ -113.282119147034578, 43.855649799884944 ], [ -113.282047521157622, 43.855397246063383 ], [ -113.28199168637218, 43.854865678205073 ], [ -113.281893342180226, 43.854766017649041 ], [ -113.281485905560757, 43.854502350824177 ], [ -113.281264553672216, 43.854284869807721 ], [ -113.281129752554619, 43.854112949599198 ], [ -113.280935233440715, 43.853733569917154 ], [ -113.280739742851878, 43.853435218975321 ], [ -113.280518722341228, 43.853190725625453 ], [ -113.280311119246605, 43.852865284724828 ], [ -113.28012645119243, 43.852702054746672 ], [ -113.27986648753928, 43.852592372283979 ], [ -113.279580775627366, 43.85255455661698 ], [ -113.278648018965882, 43.852521663231869 ], [ -113.277328720281687, 43.85255834455279 ], [ -113.277080442206767, 43.852511757442414 ], [ -113.276708733149462, 43.852383353409152 ], [ -113.276112542736527, 43.852298543174143 ], [ -113.275566445047616, 43.852187038051177 ], [ -113.275094122903553, 43.852148028038563 ], [ -113.274421872291569, 43.852179776551395 ], [ -113.273937000765983, 43.852149687589865 ], [ -113.273454097223691, 43.851957538637031 ], [ -113.272835659404862, 43.851656484323769 ], [ -113.272514494492498, 43.851465360444173 ], [ -113.271922481491515, 43.851038417376436 ], [ -113.271641055507004, 43.850649462461504 ], [ -113.271532596098467, 43.85036065222517 ], [ -113.271374704279879, 43.850044517355606 ], [ -113.271377554029755, 43.849810438891538 ], [ -113.271467486940807, 43.849576915617675 ], [ -113.27144567465146, 43.849324672471184 ], [ -113.2714990525849, 43.849027888269738 ], [ -113.271219831086768, 43.848458875467323 ], [ -113.270938750570622, 43.84804291150374 ], [ -113.270844494029447, 43.847610131576218 ], [ -113.270685845046572, 43.847357015023412 ], [ -113.270701575953566, 43.847087003790989 ], [ -113.27064376445675, 43.846726485981037 ], [ -113.270647933159779, 43.846384371155686 ], [ -113.270440955776152, 43.846013895561462 ], [ -113.27035749930441, 43.845716241681941 ], [ -113.270186637240528, 43.845445038931125 ], [ -113.270114195239699, 43.845264501797345 ], [ -113.270220297369235, 43.844724955959911 ], [ -113.270149502674158, 43.844409371669393 ], [ -113.270052951773337, 43.844165656210563 ], [ -113.269833546325529, 43.84379509999588 ], [ -113.269749656523899, 43.843533457699081 ], [ -113.26941962165138, 43.843054148937846 ], [ -113.269078911754363, 43.84243071486263 ], [ -113.268761327104954, 43.841951483745696 ], [ -113.268713551206318, 43.841789110907548 ], [ -113.268693072655822, 43.841428830683718 ], [ -113.268561856120229, 43.840968802477498 ], [ -113.268355460075597, 43.840553309643298 ], [ -113.267912735636571, 43.840136302694241 ], [ -113.267667489967891, 43.839846611928486 ], [ -113.267532429625419, 43.839701686625922 ], [ -113.267435235839628, 43.839511983440701 ], [ -113.267126370873214, 43.83933893397483 ], [ -113.267029399388534, 43.839131224392979 ], [ -113.266759285645804, 43.838841372128769 ], [ -113.266636006280052, 43.838750543735351 ], [ -113.266425660068421, 43.838659156344463 ], [ -113.26612846812462, 43.838549203427512 ], [ -113.265358959878171, 43.838409205026323 ], [ -113.265049112044153, 43.838317175408562 ], [ -113.264208742730617, 43.837870582936567 ], [ -113.263354065067887, 43.837576957327094 ], [ -113.262958932412474, 43.837340312484422 ], [ -113.262750703033561, 43.837077862784859 ], [ -113.262568903390644, 43.836689527334805 ], [ -113.26237156294124, 43.836553199497367 ], [ -113.262297934887712, 43.83647168880016 ], [ -113.262237077486859, 43.836363251089757 ], [ -113.262226636530229, 43.836201116415921 ], [ -113.261955116602991, 43.836028293980505 ], [ -113.261832072303818, 43.835919454410273 ], [ -113.261734902623132, 43.835729746421819 ], [ -113.261500365713104, 43.835584171218912 ], [ -113.261476601062029, 43.83549398026112 ], [ -113.261603529522503, 43.835287716275232 ], [ -113.261605860933642, 43.835098651023976 ], [ -113.261320910870154, 43.835006772126654 ], [ -113.261099259529317, 43.834825264416423 ], [ -113.261040961246962, 43.834509758375958 ], [ -113.260845409543009, 43.83422937598079 ], [ -113.260724704983275, 43.833931473570573 ], [ -113.260505060607159, 43.833587910321263 ], [ -113.260508395912481, 43.833317819661808 ], [ -113.260460871380999, 43.833137437290304 ], [ -113.26045032451978, 43.832984303622908 ], [ -113.260501517696795, 43.832867588055414 ], [ -113.260728939396444, 43.832580939704499 ], [ -113.260769806359804, 43.832293084288253 ], [ -113.260896174768519, 43.832131834265631 ], [ -113.261222752535303, 43.831872835572526 ], [ -113.261273610089418, 43.831783126897122 ], [ -113.261288267875074, 43.831603146762916 ], [ -113.261389538019799, 43.831459741423451 ], [ -113.261590633754338, 43.831289971615014 ], [ -113.261916316259416, 43.831102995074843 ], [ -113.261967615900446, 43.83097727395149 ], [ -113.261995484477382, 43.830734354597034 ], [ -113.261930518185096, 43.829950607300731 ], [ -113.262112391620107, 43.829321519449856 ], [ -113.262142477026359, 43.828898539333274 ], [ -113.262055078845151, 43.827916564524408 ], [ -113.261923275978333, 43.82751054638522 ], [ -113.2617271876681, 43.827275182261623 ], [ -113.26165545836794, 43.827040621320855 ], [ -113.261338568471288, 43.826516355907508 ], [ -113.261191672821624, 43.826326325739934 ], [ -113.260945182527408, 43.826144656894094 ], [ -113.260847031216485, 43.826035977070738 ], [ -113.260715351661702, 43.825620952656642 ], [ -113.260730231591467, 43.825422966331772 ], [ -113.260808065932039, 43.825162362738915 ], [ -113.261139713885782, 43.824489224011195 ], [ -113.261281497388225, 43.824084973390086 ], [ -113.261361547780524, 43.823644304948949 ], [ -113.2613548853043, 43.823176066517931 ], [ -113.261432380913661, 43.822942469678843 ], [ -113.261546736536587, 43.822745125995404 ], [ -113.261699616330148, 43.822448991534792 ], [ -113.261814081071591, 43.822242642711181 ], [ -113.261941645183441, 43.821982359410647 ], [ -113.262105957675729, 43.821767330237137 ], [ -113.262246286714372, 43.821480115912784 ], [ -113.262411040090925, 43.821229074084471 ], [ -113.2626013259421, 43.820924174191489 ], [ -113.262765854701911, 43.820691137899338 ], [ -113.26290717490906, 43.82032289344226 ], [ -113.262834230386531, 43.820187368310073 ], [ -113.262775271509682, 43.81992587707289 ], [ -113.262777597930253, 43.819736814862793 ], [ -113.262842316896155, 43.81953014399005 ], [ -113.262917918873342, 43.819449599556037 ], [ -113.263019607177583, 43.819270180099132 ], [ -113.263146495266369, 43.819063909936439 ], [ -113.263274046655951, 43.818803624916249 ], [ -113.263313894861838, 43.818596793407558 ], [ -113.263378832027158, 43.818372119666364 ], [ -113.263392926271592, 43.818237152233209 ], [ -113.263420450439099, 43.81802123926613 ], [ -113.263446867652732, 43.81789535680911 ], [ -113.26349859507539, 43.817733622395949 ], [ -113.263538220382486, 43.8175448004678 ], [ -113.263539990931022, 43.817400751613334 ], [ -113.263529659745544, 43.817229611666974 ], [ -113.263469261860905, 43.817085162155166 ], [ -113.263360347139027, 43.816841360247395 ], [ -113.263325813470516, 43.816616041652615 ], [ -113.263204355940061, 43.816381160691705 ], [ -113.263121196253664, 43.816065494422837 ], [ -113.263087106776922, 43.8158041635144 ], [ -113.263077219941593, 43.815597014870129 ], [ -113.262992068806284, 43.815443399878177 ], [ -113.262883048199896, 43.815208598735531 ], [ -113.262835308627544, 43.815046222944851 ], [ -113.262749383480227, 43.81495563095924 ], [ -113.262676556488103, 43.814811100791573 ], [ -113.262628817778705, 43.814648724909553 ], [ -113.262604948496744, 43.814567538760663 ], [ -113.262532011536706, 43.814432009752487 ], [ -113.262497371428069, 43.81421569570157 ], [ -113.262486489605578, 43.814089572674696 ], [ -113.262500695501387, 43.813945604001709 ], [ -113.262440968168747, 43.813747135561997 ], [ -113.262380354676992, 43.813620691544628 ], [ -113.26233250682975, 43.813467320375459 ], [ -113.262273556364761, 43.813205828635191 ], [ -113.262200289220644, 43.813097310373827 ], [ -113.262114700340632, 43.812979710534229 ], [ -113.26207995167114, 43.812772397575863 ], [ -113.262156321979987, 43.812628830290478 ], [ -113.262282755299054, 43.812458576606161 ], [ -113.26234724613397, 43.812269911826768 ], [ -113.262386871219917, 43.812081090118213 ], [ -113.262489434670883, 43.811829646345593 ], [ -113.262553370206632, 43.811685998523167 ], [ -113.262604540589109, 43.811569277822528 ], [ -113.26273163490815, 43.811345005217717 ], [ -113.262782361648831, 43.811264296672718 ], [ -113.262908790267787, 43.811094042222564 ], [ -113.263171531933665, 43.810960678079269 ], [ -113.263186178088688, 43.810780696972891 ], [ -113.26316330574825, 43.810618481519832 ], [ -113.263128554662288, 43.810411172380398 ], [ -113.263118779039999, 43.810195018685647 ], [ -113.263083364184993, 43.810041724304597 ], [ -113.26302352790654, 43.809852260913246 ], [ -113.262977452749382, 43.809554837286235 ], [ -113.262855567607161, 43.809355968035895 ], [ -113.262783411426881, 43.809157419451068 ], [ -113.26269771618874, 43.809048821263417 ], [ -113.262613350442976, 43.808832186230347 ], [ -113.262553406058828, 43.808651723836668 ], [ -113.262493905154827, 43.808435249146221 ], [ -113.262421972826104, 43.808218694185889 ], [ -113.262287217146437, 43.808055756343983 ], [ -113.262176549936513, 43.807956002128414 ], [ -113.262152794665013, 43.807865810947057 ], [ -113.262055003199691, 43.807730121012099 ], [ -113.261919584417939, 43.807621201132861 ], [ -113.261748090804787, 43.807413008259068 ], [ -113.261736435389636, 43.807349904691229 ], [ -113.261725112653195, 43.807259793724732 ], [ -113.261676716873026, 43.807151435688141 ], [ -113.261665061535936, 43.807088335712287 ], [ -113.261578594872375, 43.807042756343208 ], [ -113.261417538766395, 43.806996698483317 ], [ -113.261319084654701, 43.806915026314243 ], [ -113.261207977276129, 43.806851283429538 ], [ -113.26118400193694, 43.806779098173955 ], [ -113.261110300545383, 43.806706591423982 ], [ -113.26097466377793, 43.806615676565059 ], [ -113.260851236869456, 43.806542848080603 ], [ -113.260715267765775, 43.806478940311607 ], [ -113.26041857854743, 43.806341965732926 ], [ -113.260147198077306, 43.806169135492254 ], [ -113.260099250540193, 43.806024764535195 ], [ -113.260126669214372, 43.805817856811721 ], [ -113.260078166350709, 43.805718499363977 ], [ -113.259992036289233, 43.805645911411744 ], [ -113.259671268676982, 43.805445750667175 ], [ -113.259311985812857, 43.805344382837262 ], [ -113.258916634915025, 43.805143736557639 ], [ -113.25859587359929, 43.804943572821472 ], [ -113.258467456562499, 43.804782202157952 ], [ -113.25835103777284, 43.804635855494574 ], [ -113.258335128880844, 43.804595325252684 ], [ -113.258290776108495, 43.804482398243024 ], [ -113.258279904634648, 43.80435627467687 ], [ -113.258613132767053, 43.803548096053937 ], [ -113.258604487676394, 43.803241911179391 ], [ -113.258656214958336, 43.803080178548157 ], [ -113.258719370725188, 43.802999555916827 ], [ -113.258919820917356, 43.802874802879167 ], [ -113.259034256902282, 43.802668455939681 ], [ -113.259197969599953, 43.80249844706475 ], [ -113.259275779520706, 43.802237839710244 ], [ -113.259440491305085, 43.801986801037181 ], [ -113.25989488197952, 43.801431509552437 ], [ -113.260175573050375, 43.800848082308015 ], [ -113.260402872739263, 43.800561432160883 ], [ -113.260780442622305, 43.800185715697737 ], [ -113.261181869468302, 43.799891184533791 ], [ -113.261881170284241, 43.799634594958228 ], [ -113.262306783407666, 43.799394238783513 ], [ -113.262644054646998, 43.799261360210593 ], [ -113.262833161143334, 43.799046489075835 ], [ -113.263485269265999, 43.798582496118421 ], [ -113.263675476242341, 43.798277592690361 ], [ -113.263877337280391, 43.798035788771379 ], [ -113.263917389651368, 43.797810953623141 ], [ -113.263871760637727, 43.797477517423772 ], [ -113.263885627126839, 43.797360559169313 ], [ -113.264203989055545, 43.796741345421673 ], [ -113.264165766618589, 43.796574520945583 ], [ -113.264121403672377, 43.796380661722367 ], [ -113.264088977266383, 43.795984285738811 ], [ -113.264081299198992, 43.79559707468556 ], [ -113.264135656495455, 43.795219265058677 ], [ -113.264038212235192, 43.795056569166029 ], [ -113.263668655250811, 43.794784074688884 ], [ -113.263535363321623, 43.794504096158377 ], [ -113.26333970665064, 43.794241726693315 ], [ -113.263255137473749, 43.794043097885364 ], [ -113.263245363272546, 43.793826943600621 ], [ -113.263148698053897, 43.793601223509484 ], [ -113.263127048634843, 43.793339975413645 ], [ -113.2630541356706, 43.793204446410847 ], [ -113.262906650758595, 43.793068440027312 ], [ -113.262908089357396, 43.792951398046128 ], [ -113.262983657251198, 43.792870852959297 ], [ -113.263708609802606, 43.792542383215228 ], [ -113.264336445454632, 43.792024205617537 ], [ -113.264538944870679, 43.791728385125722 ], [ -113.264917205144826, 43.791289630363494 ], [ -113.265005968945374, 43.79114614033449 ], [ -113.265097600715023, 43.790768569666447 ], [ -113.265148527090844, 43.790669857040641 ], [ -113.265361902117746, 43.790500154665885 ], [ -113.265652710925679, 43.790096854029954 ], [ -113.265841997782985, 43.789863971091904 ], [ -113.266531486120002, 43.789382192440137 ], [ -113.266833829054576, 43.789050989623085 ], [ -113.267135508540562, 43.788773808201491 ], [ -113.267300039876147, 43.788531758428441 ], [ -113.267488765560913, 43.78834388995709 ], [ -113.267616121120852, 43.788092599416039 ], [ -113.268183715538058, 43.787411945530231 ], [ -113.268547188592777, 43.787162165604961 ], [ -113.269059129698462, 43.786967357048312 ], [ -113.269221783538924, 43.786878359068702 ], [ -113.26944767054745, 43.786699726928873 ], [ -113.269725238680266, 43.786359355906107 ], [ -113.269976305561201, 43.786153870347739 ], [ -113.270251567994094, 43.786002565224528 ], [ -113.270675189569587, 43.785915231200882 ], [ -113.270837509865203, 43.785853238422042 ], [ -113.271251327446635, 43.785549748107599 ], [ -113.271465432349345, 43.785317013899501 ], [ -113.271592108758171, 43.785119737358563 ], [ -113.271656321152122, 43.784949075862428 ], [ -113.271839807827192, 43.784166911056744 ], [ -113.271908061616671, 43.783663132013046 ], [ -113.271998545375013, 43.783375586180966 ], [ -113.272313909466121, 43.782990432104555 ], [ -113.272542392735474, 43.782595718530281 ], [ -113.272768799363078, 43.782372062075126 ], [ -113.272870830452135, 43.782156619540444 ], [ -113.27307161766889, 43.781995828024954 ], [ -113.273087098610389, 43.781743819453709 ], [ -113.273137894967476, 43.781654104296564 ], [ -113.273364295746759, 43.78143045018615 ], [ -113.273453787769938, 43.781223929393214 ], [ -113.273704493259729, 43.781045446416947 ], [ -113.273805755816582, 43.780893026682271 ], [ -113.273858293873516, 43.780659261064052 ], [ -113.273786352394268, 43.780442712155299 ], [ -113.273814037967313, 43.780208788617394 ], [ -113.273742533101313, 43.779956227135806 ], [ -113.273721822543436, 43.779613950135897 ], [ -113.273590914384613, 43.779135913549339 ], [ -113.273568896850264, 43.778901674096765 ], [ -113.273596037454865, 43.778712768025059 ], [ -113.27367277179998, 43.778533179158337 ], [ -113.273786237906194, 43.778398840982931 ], [ -113.273937089433474, 43.778255738176348 ], [ -113.274012623841003, 43.778175185359231 ], [ -113.274038564464007, 43.778085311851157 ], [ -113.274015347252472, 43.777950105139226 ], [ -113.273966952143553, 43.777841751763987 ], [ -113.273733590505032, 43.777615175130002 ], [ -113.273416086852137, 43.77715395993247 ], [ -113.273169868328011, 43.776963315706951 ], [ -113.27303526146963, 43.776791384998774 ], [ -113.272826648948069, 43.776573965927575 ], [ -113.27246043925669, 43.776031405406414 ], [ -113.271894123798177, 43.775595615002132 ], [ -113.271465803448194, 43.775052655500993 ], [ -113.271310182278583, 43.774565456372194 ], [ -113.271066168290815, 43.774194744907241 ], [ -113.271019531376083, 43.773942340075443 ], [ -113.270791119035948, 43.773310614463306 ], [ -113.270732606401481, 43.773013112722232 ], [ -113.270751376483076, 43.772491009960333 ], [ -113.270559807572184, 43.77189553416698 ], [ -113.270339234419225, 43.7716420186945 ], [ -113.269858411412429, 43.771332817431194 ], [ -113.269502382842134, 43.770979394446954 ], [ -113.269194519966064, 43.770752328488598 ], [ -113.269134263318264, 43.770598879694369 ], [ -113.269100061148549, 43.770346553446828 ], [ -113.268979439833331, 43.770048653449855 ], [ -113.268969976718324, 43.769805491015795 ], [ -113.268909611917266, 43.769661043427725 ], [ -113.268835946120106, 43.769588541444612 ], [ -113.268576252039466, 43.769487835704453 ], [ -113.268465315393655, 43.769415094950446 ], [ -113.268183409690593, 43.769098157535844 ], [ -113.267974511838844, 43.768907737243914 ], [ -113.267852141693851, 43.768753889873267 ], [ -113.26782883191828, 43.768627686747507 ], [ -113.2678809425731, 43.768429936024148 ], [ -113.267882919305194, 43.768267879506823 ], [ -113.267724158802224, 43.768041764516241 ], [ -113.267715250210827, 43.767753584428306 ], [ -113.26763037308389, 43.767581969323992 ], [ -113.267495253479424, 43.767455049572064 ], [ -113.267452065398402, 43.767430998111259 ], [ -113.267301627737467, 43.767347195698576 ], [ -113.266841211497621, 43.767090702023474 ], [ -113.266556904971949, 43.766971826079335 ], [ -113.266000057966068, 43.766788174304523 ], [ -113.265840647679767, 43.76661607914982 ], [ -113.265707075958645, 43.766363113363262 ], [ -113.265587690941615, 43.765966177025568 ], [ -113.265491280695642, 43.765722451795021 ], [ -113.265483705024636, 43.765326233817795 ], [ -113.265400931046372, 43.764983555591215 ], [ -113.265266813719748, 43.764775606759358 ], [ -113.264997148830744, 43.764476744041879 ], [ -113.264888761523679, 43.764196929421409 ], [ -113.264742114761916, 43.763997901407031 ], [ -113.264732779738836, 43.763745733551794 ], [ -113.264350656934852, 43.76350016882941 ], [ -113.264131575217931, 43.763129602378918 ], [ -113.264027278206015, 43.76251666889857 ], [ -113.263594098156574, 43.76137038749674 ], [ -113.263547281064234, 43.761135985628357 ], [ -113.26357521747164, 43.760884057716289 ], [ -113.26350289414583, 43.760703514588954 ], [ -113.263355597577657, 43.760558503626228 ], [ -113.262886989228008, 43.760276364607435 ], [ -113.262751674851316, 43.760167445557542 ], [ -113.262433793452942, 43.759751217207388 ], [ -113.262212966883041, 43.759524693698815 ], [ -113.262053697211968, 43.759343588313882 ], [ -113.261659634416731, 43.759061925508909 ], [ -113.261439588501545, 43.758772380323016 ], [ -113.261095440130092, 43.758473026772265 ], [ -113.260889150481347, 43.758075523131843 ], [ -113.260802754487258, 43.758029946890886 ], [ -113.260566968811972, 43.758010413946067 ], [ -113.260282495844095, 43.757909528880006 ], [ -113.260173698282742, 43.757665722272407 ], [ -113.260014661569855, 43.757466607783165 ], [ -113.259991705255615, 43.757313391733746 ], [ -113.259942907813638, 43.757241044892879 ], [ -113.259746165286259, 43.757077701298769 ], [ -113.259473453087097, 43.757030917141677 ], [ -113.258878678578611, 43.756910009891541 ], [ -113.258332367936475, 43.756888458315281 ], [ -113.258071856442086, 43.756859757706849 ], [ -113.257824211565875, 43.756795121014555 ], [ -113.257614275936731, 43.756694716893655 ], [ -113.257404897756018, 43.756549294903493 ], [ -113.257247209586467, 43.75624213896058 ], [ -113.256928272839787, 43.755915926808626 ], [ -113.256708149765728, 43.755635373935476 ], [ -113.256412946003095, 43.755399353284297 ], [ -113.255894727288762, 43.755116862607323 ], [ -113.255710423543434, 43.754953592999421 ], [ -113.255588559445201, 43.754763716402799 ], [ -113.255503846610068, 43.754583087344507 ], [ -113.255209546057145, 43.754275038519332 ], [ -113.25484318278528, 43.753768434088478 ], [ -113.254453661355001, 43.753126621195634 ], [ -113.254281899792701, 43.752954425381361 ], [ -113.254235237003854, 43.752711018324703 ], [ -113.254173918094452, 43.752647589330813 ], [ -113.25355749065163, 43.752274408356918 ], [ -113.253347130268097, 43.752210005425631 ], [ -113.252938159035878, 43.752135302005641 ], [ -113.252194516482405, 43.752004384672716 ], [ -113.251735418805822, 43.751965364431598 ], [ -113.2512259676176, 43.751980035674265 ], [ -113.25065351666737, 43.752066322546703 ], [ -113.25024365069379, 43.752063634555086 ], [ -113.250106466588718, 43.752107755678828 ], [ -113.249793600076799, 43.752294781867867 ], [ -113.249432738388762, 43.75234643581782 ], [ -113.248684370514411, 43.752593627006782 ], [ -113.248248871627908, 43.752653792216485 ], [ -113.247863955242423, 43.752642254123622 ], [ -113.247615210979887, 43.752667630304359 ], [ -113.247278847362921, 43.752746448512021 ], [ -113.246817037485911, 43.752923483426144 ], [ -113.246304752384532, 43.753163212475542 ], [ -113.245603894571857, 43.753581768359673 ], [ -113.245079518087593, 43.753794398679062 ], [ -113.244904272274965, 43.75390128737294 ], [ -113.244727893491344, 43.75409820694307 ], [ -113.244712641943508, 43.754323204535766 ], [ -113.24464827382387, 43.75450285640251 ], [ -113.244371960310914, 43.754744132399786 ], [ -113.243666421211643, 43.755531805432319 ], [ -113.243503135001149, 43.755674786527315 ], [ -113.243127897696681, 43.755879392798711 ], [ -113.242636440237433, 43.756434376473429 ], [ -113.240795973756818, 43.757574659463771 ], [ -113.239594864420027, 43.758250967626275 ], [ -113.238820284552489, 43.7585969601109 ], [ -113.238271454235246, 43.758773380676026 ], [ -113.23769686311627, 43.759021657620494 ], [ -113.236750991719688, 43.759159406544008 ], [ -113.236365463825351, 43.759192846699783 ], [ -113.236103693535554, 43.759263128212488 ], [ -113.235668134241251, 43.75932324496695 ], [ -113.235094330175812, 43.759508485276697 ], [ -113.234981732040453, 43.759570760420154 ], [ -113.234905480984523, 43.75970530600469 ], [ -113.234990712218604, 43.759840936141906 ], [ -113.234976684392663, 43.759966896192935 ], [ -113.234815775118747, 43.759920797936473 ], [ -113.234655554657678, 43.759820684546526 ], [ -113.234507067756866, 43.759774669040254 ], [ -113.234283476626558, 43.759773171254977 ], [ -113.233973392898889, 43.759735077937471 ], [ -113.233612128694702, 43.7598136924898 ], [ -113.233187259977896, 43.760008927462358 ], [ -113.232436313625911, 43.760445073620126 ], [ -113.232036856249678, 43.760595457487334 ], [ -113.231674086583155, 43.760791104053432 ], [ -113.230874238795096, 43.761163885962823 ], [ -113.23043589101421, 43.761440052794676 ], [ -113.230186410746114, 43.761519409119508 ], [ -113.229962582387515, 43.761535908979376 ], [ -113.229466623609397, 43.761460535540515 ], [ -113.228910059158565, 43.76126769921256 ], [ -113.228315075084623, 43.761164642878079 ], [ -113.228117017622736, 43.761109282319701 ], [ -113.227833164662613, 43.760963303287745 ], [ -113.227252113950982, 43.760743283684626 ], [ -113.226832203929931, 43.760551361099282 ], [ -113.226537094796711, 43.76031526417033 ], [ -113.226022458341703, 43.75976254699578 ], [ -113.225528725974144, 43.759516096525253 ], [ -113.225244538320979, 43.75939712212471 ], [ -113.225021530160873, 43.759350589103029 ], [ -113.224363766190663, 43.759301109583767 ], [ -113.223856459108603, 43.759144598285253 ], [ -113.223546734906918, 43.75907946935893 ], [ -113.222864015646238, 43.759038813719023 ], [ -113.221960626500902, 43.758771553842209 ], [ -113.221564189502388, 43.758687821496451 ], [ -113.221179474420154, 43.758658187176358 ], [ -113.220843744494857, 43.75868291224598 ], [ -113.220568836037756, 43.758807091723746 ], [ -113.22004198750588, 43.75919966708328 ], [ -113.219974850096889, 43.759586372762534 ], [ -113.219873488164424, 43.759738748217771 ], [ -113.219736030680991, 43.759800835036174 ], [ -113.219349787622136, 43.759888236003839 ], [ -113.219200141665368, 43.759932234820162 ], [ -113.218911279699654, 43.760173363219756 ], [ -113.218309877243541, 43.760565420940353 ], [ -113.217836087711817, 43.760697239018739 ], [ -113.217437649011302, 43.760766542339951 ], [ -113.216940303939424, 43.760799151252904 ], [ -113.216493233441682, 43.760787081613877 ], [ -113.21623155107099, 43.760848316120253 ], [ -113.215584906636948, 43.760897902881524 ], [ -113.215386626782944, 43.760860526438584 ], [ -113.215250809700422, 43.760796565205958 ], [ -113.215104218836302, 43.760606479518849 ], [ -113.214845714932196, 43.760424626917228 ], [ -113.214613116129371, 43.76016191528597 ], [ -113.21397319647555, 43.759698321423159 ], [ -113.213617685406263, 43.759335721771919 ], [ -113.213038355583691, 43.75898958778194 ], [ -113.212594133295468, 43.758761430036586 ], [ -113.211926683562112, 43.758504721779687 ], [ -113.211184593199334, 43.758256500136085 ], [ -113.210404889979813, 43.758035023578749 ], [ -113.208736439030218, 43.757384209138436 ], [ -113.207835277133285, 43.756954787202247 ], [ -113.207306163246116, 43.756572956666751 ], [ -113.207036468408191, 43.756300970118787 ], [ -113.20682995071607, 43.755948384874927 ], [ -113.206769987229507, 43.755785899290103 ], [ -113.20674990299328, 43.755425605599079 ], [ -113.206668072409897, 43.755037873521658 ], [ -113.206220527861078, 43.754125374527462 ], [ -113.206076243305304, 43.753764217946411 ], [ -113.205893627962467, 43.753483831388088 ], [ -113.205392375562269, 43.752877087039245 ], [ -113.20531079526846, 43.752471347843652 ], [ -113.205142394882955, 43.752055999125837 ], [ -113.20512244052621, 43.751686700163667 ], [ -113.204842503023514, 43.751252567444403 ], [ -113.204783979963324, 43.750982044342791 ], [ -113.20462514541164, 43.750782854073734 ], [ -113.20446774297946, 43.750475627165798 ], [ -113.204187338567252, 43.750077504970825 ], [ -113.204052631648224, 43.749932505072117 ], [ -113.203696163559286, 43.749650903955022 ], [ -113.2036749055938, 43.749380639846521 ], [ -113.203639079630051, 43.749272343821971 ], [ -113.203552979104629, 43.749208714988399 ], [ -113.203293006565445, 43.749143877790424 ], [ -113.203058709695398, 43.749016190165889 ], [ -113.202675022684303, 43.748914469776544 ], [ -113.202342210083572, 43.748723068095586 ], [ -113.2016755143447, 43.748421283743859 ], [ -113.201231772631843, 43.7481660750462 ], [ -113.200912106662898, 43.747920737848496 ], [ -113.200544204828233, 43.747567012323003 ], [ -113.200385632999669, 43.747349810158092 ], [ -113.200191483624934, 43.747006304621692 ], [ -113.200044374244698, 43.746861213139844 ], [ -113.199293898861697, 43.74632473135334 ], [ -113.19903478388963, 43.746196861556257 ], [ -113.198775069596479, 43.746114004524053 ], [ -113.198242383156156, 43.746011228186362 ], [ -113.197374151712111, 43.745924097602206 ], [ -113.196171821818837, 43.745744576043222 ], [ -113.195849658429296, 43.745688286547136 ], [ -113.195244036939869, 43.745467930906827 ], [ -113.194946351260995, 43.745438821028849 ], [ -113.194660239566431, 43.745472820834614 ], [ -113.194224258229184, 43.745568792320725 ], [ -113.192727000247771, 43.746080451137672 ], [ -113.19219129796376, 43.746202720264556 ], [ -113.191606402914161, 43.746288623461609 ], [ -113.190251417607314, 43.746378072291947 ], [ -113.19004114733346, 43.746313557058812 ], [ -113.189387445765917, 43.745975777554833 ], [ -113.189103394717975, 43.74585671405633 ], [ -113.187235234730466, 43.745321219731366 ], [ -113.186654364426758, 43.745109996660119 ], [ -113.186123294233127, 43.744890123199553 ], [ -113.185751105138579, 43.744860462405804 ], [ -113.184834335461119, 43.744691857695486 ], [ -113.184239105218538, 43.744624581870013 ], [ -113.183494243296622, 43.744601255228929 ], [ -113.182587084817484, 43.744639792011554 ], [ -113.181381023695764, 43.74473920638362 ], [ -113.180995314932545, 43.744790466309894 ], [ -113.18054653059248, 43.744913303680207 ], [ -113.180148032927164, 43.744991478861586 ], [ -113.179747444270419, 43.745222705250725 ], [ -113.179522803496539, 43.74530212945718 ], [ -113.179286235629135, 43.745345448490646 ], [ -113.178776335393508, 43.745395809047437 ], [ -113.178354596002961, 43.74535676244912 ], [ -113.178006506179329, 43.745381272904581 ], [ -113.177023588086513, 43.745509255712335 ], [ -113.176254375361296, 43.745449691053786 ], [ -113.174937386606032, 43.745485212545184 ], [ -113.174315590664762, 43.745543747440308 ], [ -113.173705716744507, 43.745638384223717 ], [ -113.173493733042022, 43.745699876731948 ], [ -113.172905470473097, 43.746028766115742 ], [ -113.172568181269412, 43.746170386650761 ], [ -113.171745938292275, 43.746353510360485 ], [ -113.171174675176303, 43.746349369065626 ], [ -113.170950640420742, 43.74638375964868 ], [ -113.170189737465179, 43.746621343889835 ], [ -113.169090779403845, 43.747054547326449 ], [ -113.168667041505103, 43.747159512321261 ], [ -113.168219586313356, 43.747183270138699 ], [ -113.167486869829148, 43.747177935275111 ], [ -113.167201609151135, 43.747148843638925 ], [ -113.166892010388381, 43.747083562019952 ], [ -113.166533111572747, 43.746990906651732 ], [ -113.166275314267637, 43.746772933573638 ], [ -113.166126663246558, 43.746744835704348 ], [ -113.166014643790803, 43.746762026084653 ], [ -113.165615240208865, 43.746903172798547 ], [ -113.165250839278315, 43.747206643360144 ], [ -113.164412258930184, 43.747668716553598 ], [ -113.163900196935259, 43.747872062393164 ], [ -113.163251646911604, 43.748065401086464 ], [ -113.163050934193109, 43.748207993281682 ], [ -113.162834538701901, 43.748584570710889 ], [ -113.162734683108553, 43.748619854693075 ], [ -113.162511137430883, 43.74861821683583 ], [ -113.16197861911823, 43.748506267094967 ], [ -113.161544324958939, 43.748476068476414 ], [ -113.160998761790452, 43.748409039589319 ], [ -113.160875073359847, 43.748372116078201 ], [ -113.16067787672722, 43.748262621719292 ], [ -113.160492219080751, 43.748216237025709 ], [ -113.160305806482754, 43.748223873270149 ], [ -113.160081255223773, 43.7482942541847 ], [ -113.159795867154756, 43.748274148794572 ], [ -113.159372608926503, 43.748343067356515 ], [ -113.159099261906761, 43.748350058580712 ], [ -113.158219522149381, 43.748199520639623 ], [ -113.157315327674723, 43.748021785827511 ], [ -113.156421534589313, 43.747988178857419 ], [ -113.155453861278829, 43.747909001467043 ], [ -113.154970278954352, 43.747851403851477 ], [ -113.154697060502144, 43.74784938343447 ], [ -113.15461088766844, 43.747794722876613 ], [ -113.154452355576126, 43.7475864630537 ], [ -113.154231096133913, 43.747422756352783 ], [ -113.153849787401015, 43.747158820094079 ], [ -113.153578348343814, 43.747030756065904 ], [ -113.153505611572996, 43.7469041632501 ], [ -113.152898613067961, 43.746791619524465 ], [ -113.152253725220419, 43.746723812667121 ], [ -113.151881924594477, 43.746667031058941 ], [ -113.151585018733144, 43.746583790833427 ], [ -113.15135097050522, 43.746446996998806 ], [ -113.151116287199272, 43.746355215494958 ], [ -113.150285890156098, 43.746231992733847 ], [ -113.149470847264112, 43.745901791075198 ], [ -113.148963215356176, 43.745789965860197 ], [ -113.147876000479854, 43.745385694895965 ], [ -113.14733163179443, 43.745237573053352 ], [ -113.146923996326251, 43.745081467216345 ], [ -113.146107708020594, 43.744841270912538 ], [ -113.145787518987675, 43.744649795237869 ], [ -113.145345710876001, 43.744277335505949 ], [ -113.144642229284045, 43.743965941258757 ], [ -113.144470554465514, 43.743811588735674 ], [ -113.144324742637821, 43.743585402230366 ], [ -113.144115302414377, 43.743466781895968 ], [ -113.143943502047094, 43.743321433300395 ], [ -113.143721260463565, 43.743229729766156 ], [ -113.143374711061725, 43.743146099837283 ], [ -113.142568182998531, 43.743095030827867 ], [ -113.142047784323665, 43.743010092497265 ], [ -113.141501264685161, 43.743014990692899 ], [ -113.1410438592074, 43.742867492053705 ], [ -113.140723568159174, 43.742685007048834 ], [ -113.140426697759295, 43.742601741667841 ], [ -113.140289456807764, 43.742645726962955 ], [ -113.140163216080097, 43.742788839225994 ], [ -113.139976302718125, 43.742832454038236 ], [ -113.139789131307424, 43.742894070740839 ], [ -113.139563029250269, 43.743072446165186 ], [ -113.139412594713249, 43.743170357894343 ], [ -113.139410402166874, 43.743323405367185 ], [ -113.139384276303687, 43.743413247335738 ], [ -113.139308736056293, 43.7434847094448 ], [ -113.138998284378673, 43.743482371108165 ], [ -113.138590295604658, 43.743353242665677 ], [ -113.138181533648535, 43.743278130151424 ], [ -113.137821411051036, 43.743275414061351 ], [ -113.136615440058549, 43.743365354574031 ], [ -113.136454393897964, 43.743337124468468 ], [ -113.1361457557189, 43.743208737916142 ], [ -113.136009157717339, 43.743207705376982 ], [ -113.13563609958824, 43.74324090008961 ], [ -113.134987770627617, 43.74341607243182 ], [ -113.134812621431308, 43.743504785368494 ], [ -113.134561406830386, 43.74370096849669 ], [ -113.134060270506311, 43.744003304190812 ], [ -113.13372251345092, 43.744171819920425 ], [ -113.133358229552528, 43.74445718197385 ], [ -113.132669766303252, 43.744830121842163 ], [ -113.132219715316594, 43.745033792730986 ], [ -113.131943258719332, 43.745256791780349 ], [ -113.131430458911353, 43.745505004064043 ], [ -113.13124196848733, 43.745656635352795 ], [ -113.131003802974419, 43.74580789223932 ], [ -113.130815310521825, 43.745959522799502 ], [ -113.130478706391685, 43.746047001059338 ], [ -113.130278184312658, 43.746171529412536 ], [ -113.13015334647514, 43.74621560048142 ], [ -113.129904322400677, 43.746258722447571 ], [ -113.129506405005571, 43.746291707858681 ], [ -113.128945217317067, 43.746449501741004 ], [ -113.12873201089181, 43.746591938422334 ], [ -113.128420237651113, 43.746679599894492 ], [ -113.128269906742489, 43.746768492001081 ], [ -113.128021532545716, 43.746766597300663 ], [ -113.127921660022807, 43.746801850731366 ], [ -113.127508049915804, 43.74705980780039 ], [ -113.127234313762727, 43.747093733221725 ], [ -113.127009598203131, 43.747173049944514 ], [ -113.126721348157744, 43.747350925064353 ], [ -113.126543295089817, 43.747637688015487 ], [ -113.126366942639365, 43.747807415280619 ], [ -113.125853050010477, 43.748127624925836 ], [ -113.125514984829053, 43.748314118005695 ], [ -113.125240324018733, 43.748411060384853 ], [ -113.124866441063318, 43.748498236727464 ], [ -113.12309807221277, 43.748817823420367 ], [ -113.12239733973658, 43.749172599183034 ], [ -113.122197974801395, 43.749216089230877 ], [ -113.121849842451596, 43.74924042464945 ], [ -113.121524704629039, 43.749390993371165 ], [ -113.121238140289321, 43.749451815575263 ], [ -113.12095025762423, 43.749602669099815 ], [ -113.120526420396146, 43.749707454699951 ], [ -113.120375938488323, 43.749805337255992 ], [ -113.120236292820394, 43.750011352913312 ], [ -113.119911410731717, 43.750143907672154 ], [ -113.119509502945206, 43.750446943194419 ], [ -113.118946930020414, 43.750694715702473 ], [ -113.118570117063413, 43.750979933627349 ], [ -113.117919936933731, 43.751272046442686 ], [ -113.117644192409799, 43.751440989367154 ], [ -113.117367520092401, 43.751672953235413 ], [ -113.117076175716818, 43.752057870390509 ], [ -113.116798703914924, 43.752343849795743 ], [ -113.116534708913036, 43.752557901867533 ], [ -113.116258689606511, 43.752744846984974 ], [ -113.115983596268634, 43.75286877342657 ], [ -113.115597650296436, 43.752928816283543 ], [ -113.115385450329157, 43.752999204838126 ], [ -113.114722414827028, 43.75331820958165 ], [ -113.114173277946321, 43.753494031698473 ], [ -113.113650306896687, 43.753580015588945 ], [ -113.112904570816013, 43.753610245125373 ], [ -113.112095801885843, 43.753703005266139 ], [ -113.111238416032478, 43.753723354422213 ], [ -113.110603124663768, 43.753844466251394 ], [ -113.109794082356018, 43.753955215664746 ], [ -113.109320247799246, 43.754077577839944 ], [ -113.10878270703779, 43.754307487477966 ], [ -113.108320753179996, 43.75446595353759 ], [ -113.107436374030129, 43.754630125128102 ], [ -113.107162057297145, 43.754700013247906 ], [ -113.10621222002753, 43.755088758362078 ], [ -113.105626317818206, 43.755228236405024 ], [ -113.105413830041783, 43.755316611842026 ], [ -113.105175830021906, 43.755449804570837 ], [ -113.104689419807357, 43.755581054682054 ], [ -113.104339498509233, 43.7557223744871 ], [ -113.103767215813477, 43.755780913290621 ], [ -113.103343305856413, 43.755885634421482 ], [ -113.102734835335937, 43.755871856965015 ], [ -113.101801008093318, 43.756017585359572 ], [ -113.101316068329666, 43.756049788543962 ], [ -113.100893770030467, 43.756046467104859 ], [ -113.100595137749167, 43.756080132757589 ], [ -113.100382504774089, 43.756177503321467 ], [ -113.100352714767013, 43.756209140638035 ], [ -113.100231029697142, 43.756338380102903 ], [ -113.100043641286859, 43.756408935437854 ], [ -113.09992888682433, 43.756606116338403 ], [ -113.099740417361573, 43.756748693413797 ], [ -113.098565304896837, 43.757243646153448 ], [ -113.098278815817082, 43.757295409204616 ], [ -113.097881350679287, 43.757292272555226 ], [ -113.097162569747752, 43.757178550568177 ], [ -113.096653860491472, 43.75713851543091 ], [ -113.096380468576811, 43.757145356225763 ], [ -113.095534230397163, 43.757246708423857 ], [ -113.095024978999362, 43.75724267711788 ], [ -113.094602265747156, 43.757266342466224 ], [ -113.093906838728046, 43.757251825485511 ], [ -113.093560008759511, 43.75718605013742 ], [ -113.093399898402978, 43.757094741728871 ], [ -113.092984665533479, 43.756623247242011 ], [ -113.092603027393807, 43.756395119941253 ], [ -113.092089802987502, 43.755832805654833 ], [ -113.091929426176179, 43.755759500742492 ], [ -113.091693710062955, 43.755739619940336 ], [ -113.091607311760825, 43.755702917876405 ], [ -113.091522003247164, 43.755594193648129 ], [ -113.091389874269112, 43.755296018177809 ], [ -113.091183769944919, 43.754961235329176 ], [ -113.091063382866366, 43.754708170254041 ], [ -113.090831215224398, 43.754454215877772 ], [ -113.090723387035453, 43.754192248283523 ], [ -113.090172938856682, 43.753629629045463 ], [ -113.089829545395418, 43.75333877169971 ], [ -113.08942419240573, 43.753038414024637 ], [ -113.089177570016616, 43.752919400598337 ], [ -113.088843326873913, 43.752844705567803 ], [ -113.088498577855802, 43.75264387187967 ], [ -113.088300954639664, 43.75257026478215 ], [ -113.088202553321295, 43.752506451028665 ], [ -113.087541735259549, 43.751852899891702 ], [ -113.087105029700226, 43.751165119808107 ], [ -113.086922433185123, 43.750920558955634 ], [ -113.086076042006781, 43.750220495392277 ], [ -113.08572218732499, 43.749803487960463 ], [ -113.085526221849705, 43.749621843054953 ], [ -113.085317564217334, 43.749458103939077 ], [ -113.0849106138308, 43.749265767159294 ], [ -113.084775375865959, 43.749174645713566 ], [ -113.084702507921648, 43.749066015911978 ], [ -113.084680276754341, 43.748894762829337 ], [ -113.084534679332151, 43.748668502101729 ], [ -113.084302287928026, 43.748432540154624 ], [ -113.083798331515084, 43.748086354773854 ], [ -113.083651503193693, 43.747941115931347 ], [ -113.083554625399017, 43.747778269730723 ], [ -113.083387769649164, 43.74731773315763 ], [ -113.083107912326568, 43.746937326322666 ], [ -113.082899270565292, 43.746773582855091 ], [ -113.082652961854222, 43.746636550049509 ], [ -113.082220239254767, 43.746507021959452 ], [ -113.082035337643717, 43.746415498410613 ], [ -113.081716173359851, 43.74616982848184 ], [ -113.081546169843506, 43.745916354377982 ], [ -113.081537192944481, 43.745691187557895 ], [ -113.081453431117481, 43.745483423823948 ], [ -113.08143176101818, 43.745276162683275 ], [ -113.081459075544259, 43.745114312729534 ], [ -113.081561449583475, 43.744917050529423 ], [ -113.082039943890436, 43.744488709407271 ], [ -113.082167013483314, 43.744300647050601 ], [ -113.082208669270017, 43.744012857991564 ], [ -113.082254549150647, 43.742635637158948 ], [ -113.082298953809229, 43.742167792761734 ], [ -113.082401457458843, 43.741961525078324 ], [ -113.082540250492158, 43.741818577471612 ], [ -113.082815497924258, 43.741685730492676 ], [ -113.083601096844163, 43.741475939474256 ], [ -113.083926147453028, 43.741334483461266 ], [ -113.084177652810709, 43.741129408348534 ], [ -113.08441522980857, 43.741023265431657 ], [ -113.08460313655965, 43.74091672420068 ], [ -113.084666732139056, 43.740818192806593 ], [ -113.084732110571281, 43.740602623574475 ], [ -113.084762156897057, 43.74026071721044 ], [ -113.084705968629834, 43.739873099098617 ], [ -113.084634346287487, 43.739683446044992 ], [ -113.084463936739212, 43.739456982560554 ], [ -113.084393138840881, 43.739213312729525 ], [ -113.084395334038362, 43.739069268398723 ], [ -113.084535898905003, 43.738809280369026 ], [ -113.084550099066604, 43.738692345595979 ], [ -113.084516277893258, 43.73846697612111 ], [ -113.08434930218904, 43.738015444943606 ], [ -113.084366383681939, 43.737709450151584 ], [ -113.084432857108482, 43.73742185876737 ], [ -113.084600445487979, 43.737018028693292 ], [ -113.084764740448023, 43.736830261334752 ], [ -113.084790670500624, 43.736758437990062 ], [ -113.084806789378362, 43.73651546427449 ], [ -113.084739421733317, 43.736046723342845 ], [ -113.084780647479903, 43.735785939306311 ], [ -113.084884913783853, 43.735462634689853 ], [ -113.0850246452693, 43.735256666074605 ], [ -113.085326059784776, 43.735033979989645 ], [ -113.085539737302781, 43.734864617999513 ], [ -113.085668281982777, 43.734577522372639 ], [ -113.085670610782373, 43.734424473291362 ], [ -113.085567771669147, 43.733838400287141 ], [ -113.085355385015546, 43.733107384840025 ], [ -113.085373144661745, 43.732756377464618 ], [ -113.085486940798262, 43.732622228069225 ], [ -113.085974848014899, 43.732383028081976 ], [ -113.086050984612754, 43.732275590376993 ], [ -113.08609055887365, 43.732122839057723 ], [ -113.086007620863711, 43.73186106508394 ], [ -113.085497678374068, 43.731100659871153 ], [ -113.085478601654103, 43.730722344158075 ], [ -113.085432913789262, 43.730460864161408 ], [ -113.085098308231579, 43.729602818981725 ], [ -113.0849575521802, 43.729061459053298 ], [ -113.08492592742563, 43.72869204474209 ], [ -113.084956513818952, 43.72831412640226 ], [ -113.085047391492509, 43.728053743031104 ], [ -113.085201300778621, 43.727730835085339 ], [ -113.085268169449336, 43.727416232411244 ], [ -113.085357674371082, 43.727245876647757 ], [ -113.085738189879976, 43.726717689905044 ], [ -113.086166850282567, 43.726288931386506 ], [ -113.086630832072373, 43.725986507965338 ], [ -113.086922377767763, 43.725592666283703 ], [ -113.087326056702608, 43.725172709436357 ], [ -113.087640235572152, 43.724923108869376 ], [ -113.087805990205808, 43.724636307352164 ], [ -113.088054968021254, 43.723773920464296 ], [ -113.088097399202624, 43.723432111035123 ], [ -113.088117870400737, 43.722901042767276 ], [ -113.087978467606973, 43.722269657765132 ], [ -113.087983521085121, 43.721936555720688 ], [ -113.088026497489338, 43.721558734971055 ], [ -113.088181875670713, 43.721136789669245 ], [ -113.088210525404051, 43.720884909079288 ], [ -113.088288281469758, 43.720669435793461 ], [ -113.088247230340741, 43.720101864478259 ], [ -113.0882775175467, 43.719741950087865 ], [ -113.088303435703253, 43.719670125632121 ], [ -113.088678554342295, 43.719493039240945 ], [ -113.08890321520721, 43.719413793442385 ], [ -113.089039893781631, 43.719405880795883 ], [ -113.089436562012722, 43.719445057282577 ], [ -113.089747566941753, 43.719402513283285 ], [ -113.090247217298227, 43.719199403545311 ], [ -113.090735540742855, 43.718924166687771 ], [ -113.091210630411624, 43.718702849516397 ], [ -113.091601275845562, 43.718318785387503 ], [ -113.091952910779824, 43.718051462513216 ], [ -113.092382687503928, 43.717541655493655 ], [ -113.092470526605226, 43.717479323864701 ], [ -113.09269503914642, 43.717409075101791 ], [ -113.092857896069148, 43.717311326647227 ], [ -113.093097535867813, 43.717061119058656 ], [ -113.093523495485442, 43.716803383113479 ], [ -113.09368852063713, 43.716561588169725 ], [ -113.094114338520953, 43.716312854578462 ], [ -113.094587768482299, 43.716199553363246 ], [ -113.09480040367356, 43.716093190727094 ], [ -113.0949778339359, 43.715851492132728 ], [ -113.095418085227109, 43.715467807519502 ], [ -113.09549892291416, 43.715045265406303 ], [ -113.095664612234529, 43.714758451438129 ], [ -113.095731004518868, 43.714470851648301 ], [ -113.095845013158453, 43.714318685335996 ], [ -113.095957261646035, 43.714283557608297 ], [ -113.096380348283887, 43.714214872048295 ], [ -113.096892750805452, 43.713984820309761 ], [ -113.098077951572179, 43.71358900490128 ], [ -113.098466090315327, 43.71336696753184 ], [ -113.09874090201609, 43.713252085804804 ], [ -113.099139424752934, 43.713165188488702 ], [ -113.099810194177678, 43.713134457789394 ], [ -113.099910296035347, 43.713081222677133 ], [ -113.099998525026137, 43.712991878338507 ], [ -113.100049923111342, 43.712875230396293 ], [ -113.100014305096778, 43.712766902991881 ], [ -113.099647079373881, 43.71242186211532 ], [ -113.099401410643537, 43.712248854072506 ], [ -113.099303467171822, 43.71215804314798 ], [ -113.098832506253075, 43.711280949372131 ], [ -113.098773013185266, 43.711109407705891 ], [ -113.098788527408004, 43.710902438192925 ], [ -113.099127945409364, 43.710616988681572 ], [ -113.099434171233753, 43.710061159135599 ], [ -113.099473291579343, 43.709935412537249 ], [ -113.099438350272393, 43.709782072449521 ], [ -113.099341758915827, 43.709601233005984 ], [ -113.098915604137062, 43.709048633321885 ], [ -113.098724181231461, 43.708569918160187 ], [ -113.098282659315089, 43.708215281073862 ], [ -113.098149112044823, 43.70801614117709 ], [ -113.098189178541574, 43.707827376804268 ], [ -113.098445486671579, 43.707289163611627 ], [ -113.09843712457679, 43.70701898002968 ], [ -113.098554485097196, 43.70664174100947 ], [ -113.098570538352817, 43.706398759931091 ], [ -113.098680882682004, 43.705661308492012 ], [ -113.098758176071328, 43.705472837398489 ], [ -113.098897519244005, 43.705284851855424 ], [ -113.099011097552122, 43.70515969230518 ], [ -113.099223955337735, 43.70503531510716 ], [ -113.099337397665423, 43.704919159879822 ], [ -113.099505331251805, 43.704479288970809 ], [ -113.099830952088965, 43.704283767578083 ], [ -113.10010773968952, 43.704033837227257 ], [ -113.100348911479756, 43.703675578745731 ], [ -113.100639045934557, 43.703362726445931 ], [ -113.100842041146336, 43.70306719216515 ], [ -113.101357827934464, 43.702603044377049 ], [ -113.1017241561578, 43.70217373541773 ], [ -113.102125019737542, 43.701924775137677 ], [ -113.103513594617709, 43.701188350422079 ], [ -113.103676658177065, 43.701072576387993 ], [ -113.103790218522533, 43.700947411842812 ], [ -113.103931278534759, 43.700642384150925 ], [ -113.103996810194985, 43.70040879566465 ], [ -113.104085416448015, 43.700292440919995 ], [ -113.104025918762972, 43.700120898024515 ], [ -113.104093058229012, 43.699779274872576 ], [ -113.10408788877281, 43.699293021961914 ], [ -113.104228675185254, 43.699005999535714 ], [ -113.104208281037813, 43.698708711673092 ], [ -113.104137716337917, 43.698447042705922 ], [ -113.104253281156659, 43.698186836124165 ], [ -113.10417714442022, 43.697465924554855 ], [ -113.104266684113085, 43.697286547566286 ], [ -113.104543018868313, 43.697063612595521 ], [ -113.104608008140701, 43.696866035110837 ], [ -113.104548780099137, 43.696676490227048 ], [ -113.104469023723865, 43.696198654846533 ], [ -113.104250367113252, 43.695881805405854 ], [ -113.10417155225727, 43.695340951357622 ], [ -113.104016548686388, 43.694916549413634 ], [ -113.103688776234137, 43.694427766748511 ], [ -113.103420230740056, 43.694128532282889 ], [ -113.103223584946164, 43.694000934405928 ], [ -113.103175161612981, 43.693919517194935 ], [ -113.10316422980155, 43.693820389860896 ], [ -113.103278984713, 43.693614197751444 ], [ -113.103372008844289, 43.693200746170568 ], [ -113.1033879040139, 43.692966768341925 ], [ -113.103353766707684, 43.692759411651494 ], [ -113.102945601115152, 43.691837806655904 ], [ -113.102768887539554, 43.691206143439494 ], [ -113.102625505682028, 43.690835854230862 ], [ -113.102370865356363, 43.69043768108488 ], [ -113.101980423985466, 43.68999342253688 ], [ -113.101835168799738, 43.689749172820754 ], [ -113.101787691185535, 43.689604736561797 ], [ -113.101841080355825, 43.689353045548451 ], [ -113.101801519512676, 43.689284764766406 ], [ -113.101753230619096, 43.689279517753057 ], [ -113.101744700048798, 43.689280011659378 ], [ -113.101596227520034, 43.689288631139661 ], [ -113.100906632088083, 43.689410426463176 ], [ -113.100109011756302, 43.689541151770243 ], [ -113.099283687143924, 43.689720582442021 ], [ -113.098689059826398, 43.689803968947217 ], [ -113.098053242664051, 43.689935955680042 ], [ -113.097823860348328, 43.689943930860004 ], [ -113.097325086903226, 43.689930207407521 ], [ -113.09692026347382, 43.689946581487263 ], [ -113.096245750323831, 43.689960822936193 ], [ -113.095867894074132, 43.689977404710902 ], [ -113.095448408472109, 43.690071945110667 ], [ -113.094975720683081, 43.690117134377459 ], [ -113.09465121093784, 43.690173278272006 ], [ -113.094259426104131, 43.690219105367788 ], [ -113.093651448357036, 43.690292572561148 ], [ -113.093259958163401, 43.690318823985862 ], [ -113.092625156786781, 43.690382288331726 ], [ -113.092059253440866, 43.690348437080566 ], [ -113.091534688532278, 43.690256196867345 ], [ -113.090807564975279, 43.690181911446821 ], [ -113.090027098578801, 43.69006805567831 ], [ -113.08965027626536, 43.690016127604174 ], [ -113.089502984699422, 43.689946452363202 ], [ -113.088913079969771, 43.689716675556411 ], [ -113.088631096262503, 43.689636139978838 ], [ -113.088027121240955, 43.689445391059593 ], [ -113.087288903917312, 43.689214422400511 ], [ -113.086873861801678, 43.689015389515831 ], [ -113.086418968514792, 43.68877689373825 ], [ -113.086070757731491, 43.688617534045065 ], [ -113.085748628791876, 43.688517098459286 ], [ -113.085451681120745, 43.688534293842196 ], [ -113.084975725935919, 43.688794705408547 ], [ -113.083873240873615, 43.689461101702236 ], [ -113.083368215362157, 43.689858275750993 ], [ -113.083092863867932, 43.690227930151508 ], [ -113.082465720895428, 43.690673049690538 ], [ -113.081744624854977, 43.691088051823904 ], [ -113.08126952728874, 43.691289738187564 ], [ -113.080794874912229, 43.691462068791182 ], [ -113.080603549257646, 43.691626890410404 ], [ -113.080265836053741, 43.691663316247556 ], [ -113.080104916645467, 43.691603305642822 ], [ -113.080025653684231, 43.691495022857282 ], [ -113.079856338676692, 43.691102225219858 ], [ -113.079430367912423, 43.690736716929734 ], [ -113.079232742722922, 43.690431760587309 ], [ -113.079008448950233, 43.690107018929133 ], [ -113.07839581155929, 43.689603000232786 ], [ -113.077956828850418, 43.689208023188158 ], [ -113.077154982467434, 43.688731828650091 ], [ -113.076955124342163, 43.688573640697221 ], [ -113.076542075556659, 43.688247369625266 ], [ -113.076220413005885, 43.688117552686172 ], [ -113.075912386575666, 43.687978060496434 ], [ -113.075633133818343, 43.687721368888631 ], [ -113.075515234154693, 43.687495339147716 ], [ -113.075303405780005, 43.687239192944617 ], [ -113.074997791949741, 43.68694314182013 ], [ -113.074690977739763, 43.686725368588583 ], [ -113.074479001384759, 43.686479005123267 ], [ -113.07430582259326, 43.686340599502188 ], [ -113.074119161716254, 43.686202085305688 ], [ -113.073878114994699, 43.686092487527866 ], [ -113.073622232259723, 43.686070842939174 ], [ -113.073163946735093, 43.686057339494809 ], [ -113.072772928538043, 43.686054168117714 ], [ -113.072422509650082, 43.686041540294397 ], [ -113.07208572709024, 43.686019234807191 ], [ -113.071829995054642, 43.685987799235065 ], [ -113.071573358954765, 43.686015074108006 ], [ -113.071178414306146, 43.686266298097756 ], [ -113.070781957057065, 43.68661536783403 ], [ -113.070253832711145, 43.686757863600171 ], [ -113.069700249758711, 43.686802288494547 ], [ -113.069189085839625, 43.686719838468314 ], [ -113.068369014788217, 43.686556584794992 ], [ -113.067036120197344, 43.686418495150974 ], [ -113.066228172373215, 43.686343395396165 ], [ -113.0651754016707, 43.686403291931349 ], [ -113.064353063626754, 43.68638677687639 ], [ -113.063907196042692, 43.68644184180414 ], [ -113.063364510031107, 43.686652685801995 ], [ -113.06269726627491, 43.687068010149801 ], [ -113.062155330256488, 43.68722992527578 ], [ -113.061628553696949, 43.687284317395708 ], [ -113.060819993441513, 43.687248318142935 ], [ -113.059985079398558, 43.687172954476289 ], [ -113.057937410613718, 43.687038662645641 ], [ -113.057008730850384, 43.686923361512576 ], [ -113.055690259213364, 43.686726544710247 ], [ -113.054899189415224, 43.686436214529458 ], [ -113.054509094263054, 43.686374270848404 ], [ -113.053578432990392, 43.686386141321648 ], [ -113.052541750895884, 43.686279693242859 ], [ -113.051667489969915, 43.686135441517145 ], [ -113.050092409338035, 43.685965787240882 ], [ -113.049380731502112, 43.685773938037222 ], [ -113.047868114072173, 43.685066548078247 ], [ -113.045710211450739, 43.684236322824404 ], [ -113.043669869599228, 43.682800310984419 ], [ -113.041215572185905, 43.681116144359045 ], [ -113.038119602976522, 43.679093806914551 ], [ -113.036364618336108, 43.678384224257016 ], [ -113.036094558325416, 43.678275027828981 ], [ -113.036097544050321, 43.681749704451633 ], [ -113.036092771711637, 43.685387259815599 ], [ -113.031011430541398, 43.685419117484457 ], [ -113.031001006027438, 43.689056982338315 ], [ -113.030991322242571, 43.69269476117254 ], [ -113.025897747920169, 43.692731149305317 ], [ -113.025882291581155, 43.696368875968588 ], [ -113.025908592835506, 43.700010287710747 ], [ -113.025935011616752, 43.703652058345959 ], [ -113.0259608412739, 43.707230524194408 ], [ -113.020838247357858, 43.707258244805537 ], [ -113.022049551060888, 43.71057719195845 ], [ -113.02203214996041, 43.714219482178009 ], [ -113.022014940155813, 43.71785726981998 ], [ -113.022006093494937, 43.721499538669946 ], [ -113.021997246217893, 43.725141535134043 ], [ -113.016866120579053, 43.725164771488409 ], [ -113.016850147998142, 43.728797969965463 ], [ -113.016835089131007, 43.732435675984235 ], [ -113.016819771749837, 43.736073647635472 ], [ -113.016804452983649, 43.739711346898886 ], [ -113.011812879520562, 43.739713676310373 ], [ -113.011838941285845, 43.743368927549142 ], [ -113.011865080712639, 43.747019405138715 ], [ -113.011868533595134, 43.750674726459494 ], [ -113.011872176716736, 43.754325815344117 ], [ -113.006940373862562, 43.754313411254095 ], [ -113.001908226262913, 43.754307301152842 ], [ -112.996876161940719, 43.754296288170025 ], [ -112.991839258308786, 43.754285100925834 ], [ -112.986801613947023, 43.754273775115479 ], [ -112.98176492131519, 43.754257733763836 ], [ -112.976727412089616, 43.75424605503607 ], [ -112.971692738625379, 43.754243003486856 ], [ -112.966658192495913, 43.754239821282255 ], [ -112.961623526899245, 43.754236416157624 ], [ -112.956588866089874, 43.754232789230912 ], [ -112.951569475305561, 43.754251049889504 ], [ -112.946550085699101, 43.754269090052581 ], [ -112.941526054057377, 43.754282544877682 ], [ -112.93650107375791, 43.754300361912236 ], [ -112.936490020076661, 43.757947078505644 ], [ -112.936478295238402, 43.761589284686636 ], [ -112.936466484940127, 43.765235989725475 ], [ -112.93645475346483, 43.768877921222391 ], [ -112.936459522282021, 43.772556019226371 ], [ -112.936464167862454, 43.776233843675115 ], [ -112.930558942573015, 43.776216821383343 ], [ -112.925507838060639, 43.776202935737409 ], [ -112.920442070201744, 43.776189228494829 ], [ -112.915377178771735, 43.776175304963552 ], [ -112.910328536876094, 43.776156269720332 ], [ -112.905280770663296, 43.776137109811948 ], [ -112.900214450496563, 43.77611349662957 ], [ -112.895148806358534, 43.776093897106641 ], [ -112.895153519766296, 43.779758483898505 ], [ -112.895157571599498, 43.78341829002045 ], [ -112.890102630631517, 43.783331041376044 ], [ -112.885047623568582, 43.783248160368494 ], [ -112.880038769741375, 43.783443094463024 ], [ -112.875029761896755, 43.783637897444798 ], [ -112.875058359719219, 43.787288308374862 ], [ -112.875087073987444, 43.790939078346796 ], [ -112.875075431815404, 43.794580985274756 ], [ -112.875064017602867, 43.798250173575944 ], [ -112.874309740188338, 43.798249228687745 ], [ -112.874303886840423, 43.801990229241781 ], [ -112.874298240415612, 43.805600765250908 ], [ -112.874291670541382, 43.809220473771489 ], [ -112.874284439141022, 43.812835401583776 ], [ -112.874283125034864, 43.816459389204667 ], [ -112.874282015189991, 43.820078874759247 ], [ -112.874280776397441, 43.823698356830477 ], [ -112.87427857796763, 43.827322329089412 ], [ -112.874280563007062, 43.830941838490546 ], [ -112.874281678371261, 43.834561067000486 ], [ -112.874282868948441, 43.838176062303418 ], [ -112.874284841182046, 43.84179556494275 ], [ -112.874290670096684, 43.845414833252448 ], [ -112.874295624514019, 43.849034090734698 ], [ -112.874301440753044, 43.852653624604741 ], [ -112.874306387468522, 43.856272877586029 ], [ -112.874306721979693, 43.859892353027966 ], [ -112.874307836592521, 43.863516425805429 ], [ -112.874308084334288, 43.867140037641938 ], [ -112.874308405567561, 43.870759506308616 ], [ -112.874308448838462, 43.870822927493904 ], [ -112.874310877585216, 43.874383495769493 ], [ -112.874313350499634, 43.87800721291179 ], [ -112.874316023356556, 43.881626698101407 ], [ -112.874317736038563, 43.885250673429162 ], [ -112.869333859072768, 43.885237749970315 ], [ -112.864349775335569, 43.885229288896156 ], [ -112.859365700942689, 43.885220430381104 ], [ -112.854381632544303, 43.885211354464424 ], [ -112.849371341606627, 43.885193603735374 ], [ -112.844360972966214, 43.885180044237011 ], [ -112.839350572413892, 43.885161852878412 ], [ -112.8343410857252, 43.885148042919781 ], [ -112.834328750555059, 43.888767729672892 ], [ -112.834316535488355, 43.892387325405615 ], [ -112.834304978673131, 43.896011157336041 ], [ -112.83429275140756, 43.899630748522867 ], [ -112.83428051802413, 43.903250337437754 ], [ -112.834267494815464, 43.906865414293534 ], [ -112.834255242123575, 43.910485358738114 ], [ -112.834242865815725, 43.914104939568674 ], [ -112.834226622918649, 43.917724478738918 ], [ -112.834210497953961, 43.921344016901578 ], [ -112.834194236576892, 43.924963821568227 ], [ -112.834178010495421, 43.928587856052246 ], [ -112.834168802759223, 43.932203046424121 ], [ -112.834159720886163, 43.935817875735417 ], [ -112.834149790836321, 43.939437556097189 ], [ -112.834140567592613, 43.943052649662981 ], [ -112.834129704155174, 43.946681229572398 ], [ -112.834117962544838, 43.950309798300523 ], [ -112.83410696248356, 43.953938372375362 ], [ -112.834095084126176, 43.957566935267344 ], [ -112.834086533133728, 43.96119075803864 ], [ -112.834076350993641, 43.964814832055389 ], [ -112.83406628760342, 43.968438905069519 ], [ -112.834055192158772, 43.972351166850906 ], [ -112.834038009594408, 43.975975252641391 ], [ -112.834021601295007, 43.979604025922526 ], [ -112.834005155058762, 43.983228024756684 ], [ -112.833987954121724, 43.986852013671978 ], [ -112.833949517726268, 43.990490189166955 ], [ -112.833910206167772, 43.994127993344932 ], [ -112.833871750954131, 43.997766164154768 ], [ -112.833832207590376, 44.001408463193052 ], [ -112.83383275164293, 44.00504153550289 ], [ -112.833832456332701, 44.008679008701229 ], [ -112.833832119780865, 44.012311977538076 ], [ -112.833831815033733, 44.015949446184663 ], [ -112.828830105652145, 44.015926101770788 ], [ -112.823828403066145, 44.015902628421628 ], [ -112.818826714457828, 44.015878666074862 ], [ -112.813825689657719, 44.015859173357057 ], [ -112.809313703675585, 44.015872200081986 ], [ -112.804283882729621, 44.015888993456564 ], [ -112.799275288581072, 44.015904798037006 ], [ -112.794266471485471, 44.015925332488727 ], [ -112.789310010710651, 44.015935578094179 ], [ -112.784353681360344, 44.01594542992504 ], [ -112.779397440055448, 44.015950926033348 ], [ -112.77444098700299, 44.015960616454365 ], [ -112.769575102558036, 44.015856003670784 ], [ -112.769458257571173, 44.015853304619732 ], [ -112.764554208560114, 44.015748967182269 ], [ -112.764476297484336, 44.015745873759151 ], [ -112.759533082472672, 44.015641977551887 ], [ -112.759493364272586, 44.015638124983738 ], [ -112.754511449961669, 44.015530259950879 ], [ -112.749556136920617, 44.015457582065224 ], [ -112.74460071232717, 44.015384868020384 ], [ -112.739645433280472, 44.015311760501213 ], [ -112.734690040847767, 44.01523870682832 ], [ -112.729729689199402, 44.015363457932317 ], [ -112.724768671714983, 44.015483394396263 ], [ -112.719807542359817, 44.015607615779622 ], [ -112.71484724093186, 44.015727219268562 ], [ -112.709859976255757, 44.015869621606022 ], [ -112.704872669947022, 44.01600712388008 ], [ -112.699885468449423, 44.016144499554585 ], [ -112.69489822417043, 44.016285975853165 ], [ -112.694887175763711, 44.015142452847392 ], [ -112.689657956791493, 44.015157109286442 ], [ -112.684633034863168, 44.015168329033798 ], [ -112.679605195892194, 44.015170380593581 ], [ -112.674577239147922, 44.015172119389824 ], [ -112.669515194851527, 44.015169548427529 ], [ -112.664453773971388, 44.015167030468746 ], [ -112.65939249178615, 44.01516392966942 ], [ -112.654331230367077, 44.015165466627906 ], [ -112.649305205805973, 44.015148108689466 ], [ -112.644279336488694, 44.015135033084661 ], [ -112.639254205486807, 44.01511706331496 ], [ -112.634228227178667, 44.015103544050767 ], [ -112.631669699395161, 44.015113172438227 ], [ -112.626678176415709, 44.015125843407723 ], [ -112.6266664444789, 44.011515520897021 ], [ -112.626655560646569, 44.007900704720853 ], [ -112.6266435691536, 44.004290464802743 ], [ -112.626631928981567, 44.000675635207699 ], [ -112.626618549647873, 43.997065734421064 ], [ -112.626604405867198, 43.993450960436 ], [ -112.626590507699973, 43.989836187238872 ], [ -112.626576578668519, 43.986217179891142 ], [ -112.626553506279024, 43.982588966975705 ], [ -112.626530406177267, 43.978956429889962 ], [ -112.626508177954264, 43.97532381106388 ], [ -112.626485302881065, 43.971686680544479 ], [ -112.626483951302689, 43.968094553811241 ], [ -112.62648106269917, 43.964466122485007 ], [ -112.626479685196557, 43.960842208882127 ], [ -112.626476786234491, 43.957213773072773 ], [ -112.626462924132781, 43.953590335264764 ], [ -112.626449066535784, 43.949966535196388 ], [ -112.626435310874115, 43.946338142395618 ], [ -112.626420671096781, 43.942710096924571 ], [ -112.621405035108509, 43.942718381762838 ], [ -112.616388533322535, 43.942726345796494 ], [ -112.616383121524905, 43.939102640860682 ], [ -112.616378562847672, 43.935474172223579 ], [ -112.611350191299451, 43.935477630173516 ], [ -112.606322922130559, 43.935476558483245 ], [ -112.601294687670418, 43.935479485317003 ], [ -112.596267328116099, 43.935482291542037 ], [ -112.596259995726186, 43.931854057154126 ], [ -112.596252783160523, 43.928225822064192 ], [ -112.591209363684044, 43.928232980773267 ], [ -112.586164805651038, 43.928235580971325 ], [ -112.581120766458625, 43.928242556571462 ], [ -112.576077481216501, 43.928249228742928 ], [ -112.576084364686253, 43.924629630439547 ], [ -112.576092220688835, 43.921005540332672 ], [ -112.57609995627918, 43.917386218429293 ], [ -112.576107691710007, 43.913766624256382 ], [ -112.576110790331526, 43.910142738469652 ], [ -112.57611389148552, 43.906518490406746 ], [ -112.576117973900537, 43.902894612548742 ], [ -112.576121054308359, 43.899270720037158 ], [ -112.581142978021163, 43.899268730094654 ], [ -112.586164796283057, 43.89927119986551 ], [ -112.586158917415545, 43.895647373492579 ], [ -112.586153553720962, 43.892027873041506 ], [ -112.591175617818152, 43.892025803178768 ], [ -112.591170799889028, 43.888401715391844 ], [ -112.591165221740411, 43.884777976206124 ], [ -112.591129161988107, 43.881222016145593 ], [ -112.591091913526995, 43.877589688870231 ], [ -112.591054649819228, 43.873952677350296 ], [ -112.591017399124141, 43.870320345673029 ], [ -112.591010186582523, 43.866696575518397 ], [ -112.591002869642978, 43.863077033607276 ], [ -112.590995666023687, 43.859457761039629 ], [ -112.590986944476839, 43.855834055815095 ], [ -112.585981948479557, 43.855826968042663 ], [ -112.58097569564265, 43.855815233553798 ], [ -112.575969092398509, 43.855807867102747 ], [ -112.570956521115903, 43.855800386606653 ], [ -112.565943705877331, 43.855792773085533 ], [ -112.560931256853905, 43.855780352308983 ], [ -112.555918464789443, 43.855771938908006 ], [ -112.550922969802343, 43.855763524856833 ], [ -112.5459273641614, 43.855754620782179 ], [ -112.540931143857819, 43.855745490340901 ], [ -112.535935675003955, 43.855736240992499 ], [ -112.530926893118064, 43.855727052144928 ], [ -112.525918249686043, 43.855717375300536 ], [ -112.520909364998303, 43.855707475669647 ], [ -112.520904139403683, 43.852083722706624 ], [ -112.515893451254712, 43.852073580069423 ], [ -112.515895574251985, 43.85308651456446 ], [ -112.51428537006386, 43.852072669167896 ], [ -112.511004552089858, 43.850009278697392 ], [ -112.508529317962541, 43.848452771846851 ], [ -112.506044366990807, 43.846891942379678 ], [ -112.502787179200524, 43.844841408850272 ], [ -112.501093796830176, 43.843778747460533 ], [ -112.497057956150329, 43.841238479133814 ], [ -112.501099279833696, 43.841235023977561 ], [ -112.506048261335437, 43.841223849356169 ], [ -112.51099775213676, 43.841217148795621 ], [ -112.515873696136481, 43.841206577350938 ], [ -112.520889701101297, 43.841216428529236 ], [ -112.525905835755765, 43.841226151110469 ], [ -112.530921109633809, 43.841235552271073 ], [ -112.535937259239532, 43.841244834448723 ], [ -112.535926376278283, 43.837621000062953 ], [ -112.535914618408256, 43.833997152309955 ], [ -112.535904486766398, 43.830377825064829 ], [ -112.535892719980396, 43.826753972887204 ], [ -112.5308848688137, 43.826744886835094 ], [ -112.525877669087933, 43.826739731284754 ], [ -112.520869716995065, 43.826729844637363 ], [ -112.515862021126324, 43.826719741722464 ], [ -112.515870897004817, 43.823064371894354 ], [ -112.515879896781357, 43.819408731373201 ], [ -112.515888889439935, 43.815753088566908 ], [ -112.515897877210961, 43.812097353467657 ], [ -112.515901234389574, 43.808477917919717 ], [ -112.515904591948299, 43.804858210118006 ], [ -112.515908806421834, 43.801238781408408 ], [ -112.51591214463059, 43.797619339169614 ], [ -112.511471120948258, 43.797628560065924 ], [ -112.510899989310957, 43.797631562828286 ], [ -112.506458838252627, 43.797640857272945 ], [ -112.505886963584331, 43.797643735217171 ], [ -112.501446688257928, 43.797652756171814 ], [ -112.500875681518423, 43.797655710442498 ], [ -112.496458667562266, 43.797664032316355 ], [ -112.496441667513338, 43.794193423570235 ], [ -112.496425918807432, 43.790578589965271 ], [ -112.496410150115793, 43.786959432178477 ], [ -112.496399229258145, 43.783340065928371 ], [ -112.491390876186074, 43.783342391154832 ], [ -112.486382642344068, 43.783339996476933 ], [ -112.481374418418412, 43.783342154282288 ], [ -112.476375521515408, 43.783339174757934 ], [ -112.471375006989931, 43.783336314941565 ], [ -112.466375377883082, 43.783332887917418 ], [ -112.461375750855339, 43.783329422128986 ], [ -112.461396276798126, 43.779709666068442 ], [ -112.461416918362389, 43.776089909421685 ], [ -112.461437435918398, 43.772474650824755 ], [ -112.461449714164942, 43.768846043669164 ], [ -112.4614626238087, 43.765221584583479 ], [ -112.461475516530797, 43.761597483274393 ], [ -112.461488525742908, 43.757973381388929 ], [ -112.461489546418591, 43.754385401068511 ], [ -112.46149068743226, 43.750797330231677 ], [ -112.461491944149785, 43.747209348891097 ], [ -112.461493077472582, 43.743621093677099 ], [ -112.461493745396453, 43.739992583232819 ], [ -112.461495781464478, 43.73636859095091 ], [ -112.461496312729352, 43.732740074376089 ], [ -112.461497706623575, 43.729111567268468 ], [ -112.461491275102958, 43.725482952659277 ], [ -112.461485587147919, 43.72185902789073 ], [ -112.46147989835373, 43.718234920894375 ], [ -112.461474073112612, 43.714611080034686 ], [ -112.46142355037675, 43.709740777175369 ], [ -112.461386283959911, 43.706103542484051 ], [ -112.461349130728976, 43.702466667306865 ], [ -112.461310992562645, 43.698829416552513 ], [ -112.461291877520082, 43.695210067294255 ], [ -112.461272018756816, 43.691595387885464 ], [ -112.461252156521695, 43.687975844221071 ], [ -112.461233151849186, 43.68435658008319 ], [ -112.46124228975448, 43.680723376601684 ], [ -112.461251413490245, 43.677090440891348 ], [ -112.46126066086741, 43.673457234575956 ], [ -112.461269779266004, 43.66982393433122 ], [ -112.461281025257492, 43.666204166399901 ], [ -112.461291898544431, 43.662588983293958 ], [ -112.461303003351219, 43.658969299225902 ], [ -112.461314853544252, 43.655354125003178 ], [ -112.461325490615337, 43.651752168051075 ], [ -112.461336981134835, 43.648150490588563 ], [ -112.461347484007632, 43.644553209629386 ], [ -112.46634166112878, 43.644561270583175 ], [ -112.466350355065956, 43.640959730530668 ], [ -112.466346713775749, 43.637331101101161 ], [ -112.46634305734689, 43.63369796735666 ], [ -112.466339512263616, 43.630065103072212 ], [ -112.46633512445068, 43.626451405521934 ], [ -112.466351809912609, 43.626451439436458 ], [ -112.471333110218708, 43.626461773392684 ], [ -112.476314409819011, 43.626472078308865 ], [ -112.481295708470228, 43.626482412708562 ], [ -112.486277675972502, 43.626492412700671 ], [ -112.491259641959743, 43.626502413300102 ], [ -112.496241608235124, 43.626512441543689 ], [ -112.501223577407231, 43.626522442542587 ], [ -112.506206693046934, 43.626530834843592 ], [ -112.511189837901853, 43.62653922715581 ], [ -112.51617334236208, 43.626548145994953 ], [ -112.519970862566595, 43.626555017158587 ], [ -112.519970806821675, 43.623235926728675 ], [ -112.519970752605076, 43.619614338323451 ], [ -112.519970641612147, 43.615991639544873 ], [ -112.519970504295529, 43.612368913062795 ], [ -112.519973422363179, 43.608748990915508 ], [ -112.519976340299834, 43.605129070219377 ], [ -112.519979257531389, 43.601509174377348 ], [ -112.519982202519202, 43.597889254236058 ], [ -112.519984425144642, 43.594272720701774 ], [ -112.519986676769875, 43.590656216912464 ], [ -112.519988927865541, 43.587039683959809 ], [ -112.519991179496174, 43.583423179483205 ], [ -112.519992734762695, 43.579805119656022 ], [ -112.519994320529136, 43.576187031065487 ], [ -112.519995877235871, 43.572568968765417 ], [ -112.51999743337916, 43.568950881801833 ], [ -112.519999518363946, 43.565333349686391 ], [ -112.520001601595553, 43.561715788390508 ], [ -112.520003653283979, 43.558155754132954 ], [ -112.524966206462153, 43.558152694160782 ], [ -112.529931971279865, 43.55814490299079 ], [ -112.534898380728308, 43.558141136160302 ], [ -112.539865021293778, 43.558132924492355 ], [ -112.544844467754785, 43.558137895908118 ], [ -112.54483970823577, 43.554513701046233 ], [ -112.549818862769072, 43.554518451540154 ], [ -112.554797271504867, 43.554518203464269 ], [ -112.559777181261822, 43.554522529534005 ], [ -112.564763396910038, 43.554522035614234 ], [ -112.569750486688108, 43.554521244990752 ], [ -112.574736724142838, 43.554519865901646 ], [ -112.579723719236469, 43.554523140823569 ], [ -112.584704612729055, 43.55451738858666 ], [ -112.589686154821663, 43.554515659132662 ], [ -112.594667181719913, 43.55450947424255 ], [ -112.599648115194114, 43.554507302979829 ], [ -112.60463586117416, 43.55450499774345 ], [ -112.60962458635116, 43.554497804571234 ], [ -112.614277427927988, 43.554495264298538 ], [ -112.615416727305174, 43.554426324945879 ], [ -112.616501564409546, 43.554360671478108 ], [ -112.618131065765766, 43.55416371114628 ], [ -112.619760554601584, 43.553966727404479 ], [ -112.621338129596481, 43.553670608579317 ], [ -112.62318823771912, 43.553298958765119 ], [ -112.625339285469451, 43.552793018817248 ], [ -112.627602173628389, 43.552130801514821 ], [ -112.629835705026608, 43.551566675864962 ], [ -112.632096273971996, 43.551002827293694 ], [ -112.635284881572474, 43.550115164961241 ], [ -112.638962496823495, 43.549154445532679 ], [ -112.639113516082631, 43.549114990376879 ], [ -112.639111659725131, 43.547289763329239 ], [ -112.639106853259165, 43.543652321686174 ], [ -112.639102149233082, 43.540010106895679 ], [ -112.639106181621642, 43.537696009801969 ], [ -112.639108938382307, 43.536093311360034 ], [ -112.639112487104583, 43.534053652359056 ], [ -112.639114599989867, 43.532446443226597 ], [ -112.639117891718811, 43.530407050056382 ], [ -112.639120643012262, 43.528804349612308 ], [ -112.639123937343754, 43.52676468511779 ], [ -112.639126044831954, 43.525157473978766 ], [ -112.63913009439689, 43.523122589429725 ], [ -112.639132199177055, 43.521515377287948 ], [ -112.639135199504821, 43.519493985220869 ], [ -112.63913774837259, 43.517899923438108 ], [ -112.639139980636941, 43.515874018946448 ], [ -112.639142541281586, 43.514284818583796 ], [ -112.639145512334878, 43.512258921672533 ], [ -112.639147305683636, 43.510665209149842 ], [ -112.639150178302359, 43.508643541801767 ], [ -112.639152711085188, 43.507049837125962 ], [ -112.639155821605385, 43.505028441522683 ], [ -112.639157609709514, 43.503434727027226 ], [ -112.639160570648315, 43.501408826351273 ], [ -112.639162356138073, 43.49981511086839 ], [ -112.639165220702679, 43.497793349746154 ], [ -112.639167745494561, 43.496199642108316 ], [ -112.639170722250299, 43.494178241276565 ], [ -112.639172502500656, 43.49258452382098 ], [ -112.63917847190271, 43.490567389363349 ], [ -112.639182497505345, 43.488978199770351 ], [ -112.63918682734797, 43.486956812624136 ], [ -112.639190755132958, 43.485371852882096 ], [ -112.639195946810972, 43.483350474785261 ], [ -112.639200714535832, 43.481761021997606 ], [ -112.639205057796829, 43.479744224730169 ], [ -112.639209074880242, 43.478155032182805 ], [ -112.639215108048617, 43.476128889456767 ], [ -112.63921996491365, 43.474535203851232 ], [ -112.639226859553347, 43.472509070161941 ], [ -112.639231713436999, 43.470915383563707 ], [ -112.63923699749391, 43.468889229487729 ], [ -112.639241848438857, 43.467295541897428 ], [ -112.639248735466481, 43.465269405683529 ], [ -112.639253583430971, 43.463675717100536 ], [ -112.63925800953993, 43.461654412658909 ], [ -112.639261997622143, 43.460060352717043 ], [ -112.63926642218793, 43.458038957002849 ], [ -112.639270528983147, 43.456444987560303 ], [ -112.639275073549555, 43.454423592062298 ], [ -112.639278946942767, 43.452834391129912 ], [ -112.639283472068584, 43.450637321529975 ], [ -112.639287465489375, 43.449219021487892 ], [ -112.644244748506935, 43.449224427553347 ], [ -112.649202263500328, 43.449225029169192 ], [ -112.654159558555179, 43.449230005311904 ], [ -112.659116983291028, 43.449234767948816 ], [ -112.66409753517722, 43.449238865437245 ], [ -112.669078091082866, 43.449242835967596 ], [ -112.674058753247337, 43.449241998517941 ], [ -112.679039320626529, 43.449245535083058 ], [ -112.683996655110917, 43.449249037400669 ], [ -112.688954210319565, 43.449248095227269 ], [ -112.693912542467729, 43.44925126892516 ], [ -112.698869246961763, 43.449249706864826 ], [ -112.70384365851848, 43.449252362573468 ], [ -112.708818079490541, 43.449254621797877 ], [ -112.713792505962672, 43.449256664578677 ], [ -112.718766842855601, 43.449262991978053 ], [ -112.723716839177797, 43.449251452963466 ], [ -112.728666740576742, 43.449244380722071 ], [ -112.733616743502523, 43.449232413016183 ], [ -112.738566655901835, 43.449224732057182 ], [ -112.743516570146241, 43.449216926786868 ], [ -112.748466580881114, 43.449204406068816 ], [ -112.753416505740176, 43.449195992078167 ], [ -112.7581809863741, 43.449190482150271 ], [ -112.763157032770764, 43.449185891899063 ], [ -112.768133860558535, 43.449185415474858 ], [ -112.77310994815123, 43.44918489448812 ], [ -112.778086569536498, 43.449188574656816 ], [ -112.783063408397012, 43.449187628364555 ], [ -112.788039510561418, 43.449186457559733 ], [ -112.79301623695855, 43.449184986663198 ], [ -112.797992348311624, 43.449183382651235 ], [ -112.802968251835438, 43.449186061961107 ], [ -112.807943631146088, 43.449184017051529 ], [ -112.812919544637651, 43.44918626325186 ], [ -112.81667594588987, 43.449185042528413 ], [ -112.816827313900518, 43.44915673732298 ], [ -112.823566305047507, 43.449143978092316 ], [ -112.836720591321921, 43.44918099546755 ], [ -112.849200690137025, 43.449209396652762 ], [ -112.867480000498261, 43.449195866815124 ], [ -112.875645609751345, 43.449219748147655 ], [ -112.893178504753777, 43.449272879470882 ], [ -112.903434382539587, 43.449287148592958 ], [ -112.916586478146428, 43.449265482755713 ], [ -112.937093376622812, 43.449311490369119 ], [ -112.937093408589988, 43.449369437800726 ], [ -112.941205406275898, 43.449370976601806 ], [ -112.942006394845777, 43.449370917406007 ], [ -112.946189083567731, 43.449376407578164 ], [ -112.946963866586316, 43.449376612378423 ], [ -112.951165106131, 43.449381461023322 ], [ -112.951921219838667, 43.449382091271403 ], [ -112.956141008570057, 43.449386386809913 ], [ -112.956878701689064, 43.449387356355196 ], [ -112.961132492070874, 43.449390877396958 ], [ -112.961832309699375, 43.449387959167318 ], [ -112.966123190611725, 43.449390730828398 ], [ -112.966785103835647, 43.449392842117348 ], [ -112.971135300004164, 43.449403435186149 ], [ -112.971737825044727, 43.449402102019192 ], [ -112.976148356579998, 43.449411426121522 ], [ -112.976689811899504, 43.449411050728507 ], [ -112.981113602718608, 43.449411027496133 ], [ -112.981660498626198, 43.449410496953796 ], [ -112.986079519052097, 43.449414921300203 ], [ -112.986630989062689, 43.449414317496192 ], [ -112.991045316461353, 43.449418598333793 ], [ -112.991601484140901, 43.449417921960887 ], [ -112.996010502090485, 43.449421964242383 ], [ -112.99631800827828, 43.449421152242451 ], [ -113.000944859856162, 43.449421153377337 ], [ -113.001281666253647, 43.449419773643207 ], [ -113.005879292175209, 43.449415808107453 ], [ -113.006244583565433, 43.44941835316915 ], [ -113.010829234601047, 43.449414255874423 ], [ -113.011207751716668, 43.449416719405541 ], [ -113.015778312729296, 43.449412661954895 ], [ -113.016170009351256, 43.449410270131544 ], [ -113.020731228141273, 43.449410706555682 ], [ -113.02113286605325, 43.449412614892211 ], [ -113.025684071932332, 43.449413218196959 ], [ -113.026095725560779, 43.449414834269099 ], [ -113.030640756501811, 43.449415187645236 ], [ -113.031058589278288, 43.449416838231258 ], [ -113.035597443781882, 43.449417032245449 ], [ -113.036021582154703, 43.4494185377891 ], [ -113.040551555023171, 43.449441151091449 ], [ -113.040984841340432, 43.449442534894828 ], [ -113.04550561836642, 43.449460732782384 ], [ -113.045947436139784, 43.44946189886516 ], [ -113.050468272678387, 43.44948440315946 ], [ -113.050910092462672, 43.449485460036676 ], [ -113.055872702837533, 43.44950430324662 ], [ -113.057043631281857, 43.449510273809004 ], [ -113.06084082697808, 43.449518474165515 ], [ -113.062048915832008, 43.449519115999692 ], [ -113.065811377143717, 43.449527766760923 ], [ -113.067054135028258, 43.449532330713268 ], [ -113.070781810335347, 43.449536752250253 ], [ -113.07201851037722, 43.449541483136514 ], [ -113.07575236951314, 43.449545702742697 ], [ -113.076982025861327, 43.449550413043752 ], [ -113.080719844425005, 43.449554412326947 ], [ -113.08194406490459, 43.449559025553931 ], [ -113.085686459368205, 43.449562899191562 ], [ -113.086906104916906, 43.449567692830456 ], [ -113.090653134097465, 43.449575762965416 ], [ -113.091861971143089, 43.449576095703527 ], [ -113.0956196936353, 43.449588229970075 ], [ -113.096819380481392, 43.449588888133228 ], [ -113.100588728985912, 43.449600590731087 ], [ -113.101779023843193, 43.449601213015889 ], [ -113.105559129264492, 43.449612746193303 ], [ -113.106739411571752, 43.449613508640006 ], [ -113.110529725944929, 43.44962009488647 ], [ -113.111707661335956, 43.449620787784681 ], [ -113.115268596748734, 43.449627055516707 ], [ -113.116675171723543, 43.449628025397089 ], [ -113.12022913062799, 43.449629672609241 ], [ -113.121625694365491, 43.449630684640866 ], [ -113.125185096041747, 43.449632039513524 ], [ -113.126575476836095, 43.449633303948886 ], [ -113.130141863230904, 43.449638879925111 ], [ -113.131531382783152, 43.449639897450659 ], [ -113.135097771201913, 43.449645408886497 ], [ -113.136488155708747, 43.449646462753094 ], [ -113.140053937498692, 43.449633806354122 ], [ -113.141442037204669, 43.449630370671713 ], [ -113.145010233384269, 43.449612895566027 ], [ -113.146395242560715, 43.449609466677671 ], [ -113.149966149675876, 43.44961887010453 ], [ -113.15134633778564, 43.449624349721361 ], [ -113.154922624973665, 43.44963805038747 ], [ -113.156297559848255, 43.449639199374772 ], [ -113.159878552196858, 43.449643505276569 ], [ -113.161260350133546, 43.44964887703766 ], [ -113.164835163145412, 43.449653252491146 ], [ -113.166222464444417, 43.449653922224961 ], [ -113.169791097846485, 43.449658367785553 ], [ -113.17118383893775, 43.449658926768556 ], [ -113.174747779349133, 43.449663183595248 ], [ -113.176789298378026, 43.449669345279432 ], [ -113.17678991880625, 43.449669345243919 ], [ -113.177482959687595, 43.449668920067808 ], [ -113.179718434205299, 43.449667524577876 ], [ -113.18177163600582, 43.449668908808839 ], [ -113.184700714318623, 43.44967137216922 ], [ -113.186753051441428, 43.44967275081838 ], [ -113.187769158706345, 43.449672039326863 ], [ -113.189683557534536, 43.449670144293023 ], [ -113.190697024415869, 43.44967122675277 ], [ -113.191734531889921, 43.449671784034827 ], [ -113.193505142190887, 43.449673237764515 ], [ -113.194663612146144, 43.449674172249203 ], [ -113.196715836005325, 43.449675283015274 ], [ -113.196716077009654, 43.449675282907492 ], [ -113.199642071204579, 43.449677431852756 ], [ -113.201692188381926, 43.449678526789945 ], [ -113.204617501110619, 43.44967613152118 ], [ -113.206667496058117, 43.449677136393014 ], [ -113.209593493233442, 43.449679120720305 ], [ -113.211642750518266, 43.449679851197892 ], [ -113.214568747500024, 43.449681888281624 ], [ -113.21661701996139, 43.44968253003946 ], [ -113.216618129805951, 43.449682530439496 ], [ -113.219544128915388, 43.449684440206013 ], [ -113.221594130542016, 43.449684997396133 ], [ -113.224519392506693, 43.449686599231462 ], [ -113.224520628427669, 43.449686598608992 ], [ -113.224579070850041, 43.44968661405823 ], [ -113.226569149566828, 43.449686971013463 ], [ -113.229495151655328, 43.449688717974787 ], [ -113.229495398862525, 43.449688716038828 ], [ -113.231546763758729, 43.449689015718306 ], [ -113.234480778763569, 43.449686152551926 ], [ -113.236512079869314, 43.449686259433783 ], [ -113.23945050031422, 43.449683330563133 ], [ -113.241480529703509, 43.449679976693503 ], [ -113.244425088969237, 43.449680292297892 ], [ -113.246448940148255, 43.449676809386901 ], [ -113.249399680120959, 43.449677037604658 ], [ -113.251417353053711, 43.44967342618952 ], [ -113.254374273714035, 43.44967356648322 ], [ -113.25638576836478, 43.449669827101154 ], [ -113.25933960107642, 43.449669818898101 ], [ -113.261354131240111, 43.449670513936873 ], [ -113.264301841207825, 43.449665835812318 ], [ -113.26632255156558, 43.449666483071049 ], [ -113.269267104843195, 43.449667329412726 ], [ -113.271290974131375, 43.449662236313721 ], [ -113.274229349886156, 43.449662915489334 ], [ -113.276259345201609, 43.449662275494944 ], [ -113.279234864697116, 43.449657388383443 ], [ -113.281227759656261, 43.449658677399476 ], [ -113.284240327337287, 43.449656234024239 ], [ -113.286199278625801, 43.449653802258986 ], [ -113.289242743165147, 43.449651419942093 ], [ -113.291167657486767, 43.449653193650796 ], [ -113.294248211872102, 43.449649737440616 ], [ -113.296312144150562, 43.449653453035218 ], [ -113.299194902390241, 43.44965431888474 ], [ -113.301277438977706, 43.449652386131383 ], [ -113.304138623477286, 43.449648493333783 ], [ -113.30624587741444, 43.449646620498051 ], [ -113.308572503554643, 43.449644954993047 ], [ -113.309085372363938, 43.449648055009582 ], [ -113.311214266560526, 43.449645140836161 ], [ -113.31402908417293, 43.449642972315708 ], [ -113.316182695718624, 43.449640113907854 ], [ -113.318982029190465, 43.449641062460493 ], [ -113.321147949565685, 43.449642686006975 ], [ -113.323941093552534, 43.449644556921335 ], [ -113.326116296094582, 43.44964506070766 ], [ -113.328903262677144, 43.449646773995362 ], [ -113.331081556089202, 43.449647201459925 ], [ -113.333862345221718, 43.449648757732568 ], [ -113.336046819073445, 43.449649126605429 ], [ -113.33883069948368, 43.449650579992138 ], [ -113.341018264176029, 43.44965087175428 ], [ -113.343802146249459, 43.44965220410608 ], [ -113.345989712170834, 43.449652400758893 ], [ -113.348773583317907, 43.44965478256929 ], [ -113.350961151449027, 43.449654794075158 ], [ -113.353606016317769, 43.449654018059178 ], [ -113.353606014833744, 43.449653925306009 ], [ -113.355921942487811, 43.449624135427449 ], [ -113.356644827509939, 43.449622822955696 ], [ -113.358559314360562, 43.449618880538331 ], [ -113.360882813584837, 43.449620635210231 ], [ -113.361665764982192, 43.449619337661851 ], [ -113.363518450375338, 43.449615796494513 ], [ -113.364677021833018, 43.449616501833667 ], [ -113.365845047934002, 43.449616747225363 ], [ -113.368477591200943, 43.449612227256587 ], [ -113.370807274812023, 43.449613544275451 ], [ -113.371793321327743, 43.449611638807212 ], [ -113.373436736103656, 43.449607992733277 ], [ -113.375809825995987, 43.449595038695527 ], [ -113.378420696826069, 43.449594673666041 ], [ -113.380744246214448, 43.449591525528135 ], [ -113.380745111379511, 43.449591523009936 ], [ -113.383355164824223, 43.449586453161075 ], [ -113.384911524638909, 43.449587296142241 ], [ -113.385679658827868, 43.449587619252469 ], [ -113.386512062071347, 43.449586077761793 ], [ -113.388286497991828, 43.449582595151114 ], [ -113.38919672242811, 43.449583063075416 ], [ -113.390614826002988, 43.44958350133475 ], [ -113.392193203475557, 43.449580546488924 ], [ -113.393217833812059, 43.449578434428567 ], [ -113.393218078527909, 43.449578433926263 ], [ -113.394171544337638, 43.449580342399798 ], [ -113.395590990077977, 43.449582898803072 ], [ -113.398208954259047, 43.449577617237132 ], [ -113.400552985955315, 43.449577775187393 ], [ -113.400553356745704, 43.449577773529427 ], [ -113.403170086541721, 43.449572283657879 ], [ -113.40551527730014, 43.449567661863561 ], [ -113.408132334323369, 43.449566560505176 ], [ -113.40930773270766, 43.449564741463121 ], [ -113.410477271422451, 43.449562555972328 ], [ -113.413095071746, 43.449561254813737 ], [ -113.414800890043821, 43.449557688350779 ], [ -113.415940328367682, 43.449554932759526 ], [ -113.416422342820113, 43.449554064807053 ], [ -113.416422837204379, 43.449554062827936 ], [ -113.416439237598226, 43.449554080793661 ], [ -113.420902363944634, 43.44955828897649 ], [ -113.421269036546974, 43.449560685582057 ], [ -113.42139064454679, 43.449561300984207 ], [ -113.422688958681121, 43.449562645069889 ], [ -113.425871409247506, 43.449565426968206 ], [ -113.42617028920975, 43.449564615782386 ], [ -113.426358992263999, 43.449563822035813 ], [ -113.428632824424199, 43.449566065013023 ], [ -113.430839757843174, 43.449567933413675 ], [ -113.431023419561782, 43.449569117549018 ], [ -113.431330390118248, 43.449570644549674 ], [ -113.435013206317819, 43.449574096112329 ], [ -113.435808932347911, 43.449574730228228 ], [ -113.435890559870543, 43.449575222985551 ], [ -113.436298697986231, 43.449577235682668 ], [ -113.44077798741958, 43.44958122226123 ], [ -113.440778852578433, 43.449581220189188 ], [ -113.441267794556751, 43.449579652873133 ], [ -113.444621770672001, 43.449585608853447 ], [ -113.445747170202296, 43.449587405323847 ], [ -113.44591264629328, 43.449587048405022 ], [ -113.446236234303086, 43.4495859929389 ], [ -113.448782469114818, 43.449587802505789 ], [ -113.450715531807575, 43.449588868109402 ], [ -113.451011463843869, 43.44959094026359 ], [ -113.451205295202456, 43.449592120095545 ], [ -113.452508317888217, 43.449592997817085 ], [ -113.455683855446225, 43.449594617009481 ], [ -113.456093577527412, 43.449597468826667 ], [ -113.456175100787689, 43.449598034849942 ], [ -113.460655262228983, 43.449601245095131 ], [ -113.461073708081315, 43.449603217976872 ], [ -113.461143428051159, 43.44960354654264 ], [ -113.46178760753952, 43.449603989769855 ], [ -113.465623102491008, 43.449606019582369 ], [ -113.465990427393237, 43.449608275824467 ], [ -113.466111758342336, 43.449608842370111 ], [ -113.467624714686437, 43.449609813748395 ], [ -113.470591433704968, 43.4496113008545 ], [ -113.470836687976529, 43.44961279622347 ], [ -113.471083181268938, 43.449613936623038 ], [ -113.47406217466893, 43.449615693898579 ], [ -113.47556063297759, 43.449616370228739 ], [ -113.475700531463033, 43.449617191840836 ], [ -113.476050275407403, 43.449618794893887 ], [ -113.476051517452944, 43.449618800584901 ], [ -113.479755486042137, 43.449624544839764 ], [ -113.480530538909775, 43.44962563899518 ], [ -113.481019480350014, 43.449624077278635 ], [ -113.484882484626581, 43.449629430770536 ], [ -113.485499992223637, 43.449630187530353 ], [ -113.485575179385933, 43.449630012549179 ], [ -113.485988686600322, 43.449628603453434 ], [ -113.489189084241133, 43.449632909281384 ], [ -113.490468336785199, 43.449634425105899 ], [ -113.490667020344418, 43.449633954187107 ], [ -113.490957894863882, 43.449633003726767 ], [ -113.492853294037246, 43.449635480898557 ], [ -113.495436684049267, 43.449638446814497 ], [ -113.495831725923622, 43.449641130182869 ], [ -113.495927932828877, 43.449641783927589 ], [ -113.500402008760219, 43.449634405644709 ], [ -113.500890214898789, 43.449632040800559 ], [ -113.500891698025768, 43.449632037369213 ], [ -113.501001548979644, 43.44963185046285 ], [ -113.505368125461928, 43.449624119362014 ], [ -113.505612578007216, 43.449625536673182 ], [ -113.505855550454285, 43.449626586891327 ], [ -113.510332717250151, 43.449618833393785 ], [ -113.51082178333391, 43.449617054730531 ], [ -113.513292889116642, 43.449612537528999 ], [ -113.515298090452148, 43.449608472829873 ], [ -113.515622344566182, 43.449610564444555 ], [ -113.515786251878282, 43.449611621497489 ], [ -113.520263419743671, 43.449603479166299 ], [ -113.520686026846093, 43.449601354264772 ], [ -113.520751625652679, 43.449601024117634 ], [ -113.521916746048873, 43.449598872442145 ], [ -113.525228301535464, 43.449592415193223 ], [ -113.52541196527325, 43.44959344772812 ], [ -113.525716964400644, 43.449594713154077 ], [ -113.529441737582175, 43.449587628325745 ], [ -113.530194133057492, 43.449586181988622 ], [ -113.530682329742021, 43.449584855069034 ], [ -113.535916123116522, 43.449576953398783 ], [ -113.535916581168891, 43.450728881597037 ], [ -113.535916595354337, 43.451145836723533 ], [ -113.535915407720736, 43.452547217398802 ], [ -113.53591663997058, 43.452547219698509 ], [ -113.540822165255335, 43.452555770488551 ], [ -113.540837883827706, 43.452556662007034 ], [ -113.540888390418715, 43.452558827750309 ], [ -113.545725715191253, 43.452563740103784 ], [ -113.545860177948498, 43.452565264678057 ], [ -113.549431804932055, 43.452573198529699 ], [ -113.550635664378717, 43.45257566659 ], [ -113.550701457179173, 43.452575925117877 ], [ -113.550831810744015, 43.452576077046224 ], [ -113.555547871590733, 43.452583339059757 ], [ -113.555803604285444, 43.452582081653624 ], [ -113.560489473050524, 43.452594245099981 ], [ -113.560783741108949, 43.452596726405716 ], [ -113.562850404557679, 43.452602482861792 ], [ -113.565433148799301, 43.452609177515633 ], [ -113.565598747401694, 43.452610393804939 ], [ -113.565763140506974, 43.452611151456878 ], [ -113.570356334945075, 43.452620577642534 ], [ -113.570742575831119, 43.452620857626094 ], [ -113.573065839101872, 43.452628495440074 ], [ -113.573066105389842, 43.452628943951062 ], [ -113.573104738166606, 43.452693631444838 ], [ -113.573289090522408, 43.453002328103658 ], [ -113.573497423447975, 43.453437939409497 ], [ -113.573644665750209, 43.453719319179051 ], [ -113.573791021200563, 43.454127522741373 ], [ -113.573950765321229, 43.454399889395241 ], [ -113.574247169170746, 43.454690883281437 ], [ -113.574630176194731, 43.455045611762799 ], [ -113.574939401313372, 43.455282297614509 ], [ -113.575273944770942, 43.455455662577315 ], [ -113.575558875017677, 43.455610724748233 ], [ -113.575992838994352, 43.455793516766072 ], [ -113.576526288635421, 43.455976673801082 ], [ -113.577134982477446, 43.456069517393139 ], [ -113.577706687930373, 43.456116924738183 ], [ -113.578390564979429, 43.456128507526834 ], [ -113.578826551966188, 43.456021405488457 ], [ -113.57931322400141, 43.455778600812927 ], [ -113.579812449323754, 43.455517724316095 ], [ -113.580706240280591, 43.455247841722702 ], [ -113.581060542152571, 43.455262726986383 ], [ -113.581345557523733, 43.455274702119127 ], [ -113.581615514140893, 43.455186501088953 ], [ -113.581730868034342, 43.455148812141971 ], [ -113.5817480318712, 43.45514320307722 ], [ -113.581784613066404, 43.455092310975445 ], [ -113.582024474803049, 43.454758596819453 ], [ -113.582190302771323, 43.45453314840622 ], [ -113.582280527542764, 43.454464655012714 ], [ -113.582416564476972, 43.454361382033483 ], [ -113.582594967379279, 43.454287265685288 ], [ -113.583053037094132, 43.454100849259291 ], [ -113.583630538693043, 43.454012304806845 ], [ -113.584026536256957, 43.454026024360758 ], [ -113.584557922853094, 43.454116776962181 ], [ -113.584679838392759, 43.454117219823651 ], [ -113.584791002394013, 43.454069174657405 ], [ -113.585002137665128, 43.45398919720153 ], [ -113.58518456502722, 43.453935249473034 ], [ -113.585190940859633, 43.453933364577765 ], [ -113.585210956856244, 43.453936055652449 ], [ -113.585622802072493, 43.453991448016396 ], [ -113.585888850027857, 43.453984339388306 ], [ -113.586187935328155, 43.45400964383947 ], [ -113.586453440522774, 43.454083275831877 ], [ -113.586751914706966, 43.454193349945655 ], [ -113.586785112148931, 43.45420559068107 ], [ -113.586852208886881, 43.454272410457349 ], [ -113.586922199394053, 43.454342118440366 ], [ -113.586972265877904, 43.454391978141928 ], [ -113.587213787811663, 43.454731973334461 ], [ -113.587234141771177, 43.454998501994709 ], [ -113.587169530032654, 43.455091489974237 ], [ -113.587169496502767, 43.455096418839041 ], [ -113.587095673125319, 43.455215827423068 ], [ -113.587240335069609, 43.455415807026611 ], [ -113.587403252559795, 43.45561585321186 ], [ -113.587547922644305, 43.455815832442511 ], [ -113.587567390472699, 43.455846362599999 ], [ -113.587725107670593, 43.456146836760276 ], [ -113.587879347758502, 43.456284658766549 ], [ -113.58822266560918, 43.456326267511528 ], [ -113.588532904096155, 43.456343532680314 ], [ -113.58869118376326, 43.456451951791223 ], [ -113.588852848653488, 43.456562693370721 ], [ -113.589303458852612, 43.457129520581155 ], [ -113.589344229413072, 43.457223942605495 ], [ -113.589390762717244, 43.457331692843361 ], [ -113.589444488476587, 43.457582190610054 ], [ -113.589520437909187, 43.45782469391429 ], [ -113.589497176832666, 43.45798609990387 ], [ -113.589606815125691, 43.458164129535369 ], [ -113.589784322821387, 43.458333596292171 ], [ -113.590014306495036, 43.458553161156594 ], [ -113.590279772712108, 43.458802778658885 ], [ -113.590665603558278, 43.459058243483256 ], [ -113.591630816709568, 43.459394121741951 ], [ -113.5920135195597, 43.459488568512498 ], [ -113.593071712174947, 43.459572123093686 ], [ -113.59391103308873, 43.459628294658778 ], [ -113.594616809569303, 43.459718383332941 ], [ -113.594768262406731, 43.459737712234144 ], [ -113.595405373743475, 43.460005911778211 ], [ -113.595933311485041, 43.460369180761838 ], [ -113.596186275826852, 43.460521052109854 ], [ -113.596605014408297, 43.460893954125893 ], [ -113.596813046116608, 43.461282257541875 ], [ -113.596802464055614, 43.461464267461736 ], [ -113.59677549655413, 43.461928076417934 ], [ -113.59652577846272, 43.462807303927008 ], [ -113.596570683356532, 43.463199670994157 ], [ -113.596588640264628, 43.463356582853962 ], [ -113.596631419799181, 43.463590892684692 ], [ -113.596485810418542, 43.464252515277437 ], [ -113.596448529295117, 43.464421907608198 ], [ -113.596176859749093, 43.46504974167263 ], [ -113.596029225537052, 43.465499350016167 ], [ -113.596007257112106, 43.465566244903648 ], [ -113.595730675562223, 43.465977480792326 ], [ -113.595461371744861, 43.466243757424714 ], [ -113.595087457565413, 43.466613467770728 ], [ -113.595055657010775, 43.466642384253412 ], [ -113.594880217865239, 43.466870971924102 ], [ -113.594735405823442, 43.466975425980301 ], [ -113.59464641982882, 43.467057092383961 ], [ -113.594590369996766, 43.467236670729903 ], [ -113.594568970268696, 43.467308964537374 ], [ -113.594515657397295, 43.467489052283533 ], [ -113.594384659094999, 43.467967281759144 ], [ -113.594383325380633, 43.46816673303244 ], [ -113.594399538801369, 43.468472624691096 ], [ -113.594270144498822, 43.468711518051293 ], [ -113.594012237942977, 43.469056325082647 ], [ -113.593928904828815, 43.469182194347226 ], [ -113.593787068712004, 43.469531638706563 ], [ -113.593718338764702, 43.469862445241709 ], [ -113.593628510660622, 43.47003168668612 ], [ -113.593568874647701, 43.470080071132223 ], [ -113.593539333803818, 43.470104040120709 ], [ -113.593461024988201, 43.470208727973379 ], [ -113.593471195899355, 43.4703460289183 ], [ -113.593745754561908, 43.470734573776923 ], [ -113.594133843314353, 43.471306829396639 ], [ -113.594233297447701, 43.471490485372549 ], [ -113.594323160065485, 43.4715477674319 ], [ -113.59450600426625, 43.47166431434659 ], [ -113.594815136634153, 43.471851569342618 ], [ -113.595214937602222, 43.472132226783067 ], [ -113.595456391187795, 43.472329530581391 ], [ -113.595541807106429, 43.472399323670615 ], [ -113.596068626426444, 43.472800100276388 ], [ -113.59630358802319, 43.473159955225853 ], [ -113.59636344298319, 43.473283895032267 ], [ -113.596453267911599, 43.47370745791131 ], [ -113.596628771954755, 43.47389096769939 ], [ -113.596659802727942, 43.473923415309002 ], [ -113.596662472161285, 43.473926200759777 ], [ -113.597027531555028, 43.474048603294115 ], [ -113.597117321384218, 43.474061042218679 ], [ -113.597137448319671, 43.474067096507916 ], [ -113.597812212052318, 43.474189144763415 ], [ -113.598505151967146, 43.474324553151696 ], [ -113.599088451498972, 43.474472867871391 ], [ -113.599726963871106, 43.474554888539203 ], [ -113.600803426897045, 43.474678324590734 ], [ -113.601624013815666, 43.474840750312651 ], [ -113.601915271843509, 43.474974736084405 ], [ -113.602150981869272, 43.475228200775362 ], [ -113.602404247125619, 43.475588106737611 ], [ -113.602530313791405, 43.475854485114461 ], [ -113.602693336269013, 43.47605450920878 ], [ -113.602947567105943, 43.47626814739872 ], [ -113.603073989383091, 43.476481341429938 ], [ -113.603127285317129, 43.476707576416729 ], [ -113.603248495964081, 43.476850310413781 ], [ -113.603286391158761, 43.476894941269578 ], [ -113.603308484876251, 43.476920958480143 ], [ -113.603635584726362, 43.477161440358323 ], [ -113.603663964957036, 43.477174402309338 ], [ -113.604163540553785, 43.47740261678004 ], [ -113.604526819588756, 43.477696408970189 ], [ -113.605016876323589, 43.478150204505852 ], [ -113.60514169140221, 43.478258167914525 ], [ -113.605466385277495, 43.478539027787846 ], [ -113.605854241302694, 43.478964362708439 ], [ -113.606345983789808, 43.479318160773303 ], [ -113.606723705801542, 43.479632068048311 ], [ -113.60723265707486, 43.479992837667524 ], [ -113.607614050261432, 43.480313277307452 ], [ -113.607995281697768, 43.480660312964027 ], [ -113.608394430089959, 43.481060594504129 ], [ -113.608937784006457, 43.481753901989705 ], [ -113.60921457168152, 43.482307234337725 ], [ -113.609244276255424, 43.482366614872845 ], [ -113.609269226181766, 43.482517716933074 ], [ -113.609332152621988, 43.482898801022067 ], [ -113.609325188439456, 43.483032122144401 ], [ -113.609263789832028, 43.483271623444054 ], [ -113.608949014897831, 43.483630176119675 ], [ -113.608917490876465, 43.483666081063021 ], [ -113.60850522613849, 43.483971499515157 ], [ -113.608167093301731, 43.484093160158928 ], [ -113.608027453414763, 43.484157558543693 ], [ -113.608409998385227, 43.484305134440667 ], [ -113.608937778019836, 43.484586183357727 ], [ -113.609501910783621, 43.48489394281809 ], [ -113.609792386040297, 43.485160876830427 ], [ -113.610044094457123, 43.485498831766478 ], [ -113.610100186737625, 43.485574137919158 ], [ -113.610211133814445, 43.485704750045578 ], [ -113.610462685200744, 43.486000881169851 ], [ -113.610551478348654, 43.486091565302075 ], [ -113.610789268403451, 43.486334420735417 ], [ -113.611225253823619, 43.486694924704381 ], [ -113.611244594555416, 43.486728219968548 ], [ -113.611387823745545, 43.486974717195871 ], [ -113.611549625830378, 43.487374176806846 ], [ -113.611602450276948, 43.4876801885055 ], [ -113.61172875745612, 43.487919967298247 ], [ -113.611798446522386, 43.487984858451753 ], [ -113.611971986220183, 43.488077011403028 ], [ -113.612115786041841, 43.488134020242114 ], [ -113.612248241087514, 43.48823136214429 ], [ -113.612292236687026, 43.48828803317079 ], [ -113.612324883661387, 43.488385032915573 ], [ -113.612204987098607, 43.488727428438452 ], [ -113.612198218882526, 43.488759273527705 ], [ -113.612141051253062, 43.48913140231025 ], [ -113.612138417911325, 43.489181902134462 ], [ -113.612120235075622, 43.489530240471495 ], [ -113.612154720330977, 43.48984948894838 ], [ -113.612177658218471, 43.490157952494798 ], [ -113.61218835023044, 43.490301702865466 ], [ -113.612168299610261, 43.490580877248952 ], [ -113.612167193485178, 43.490753741728689 ], [ -113.612166342693712, 43.490886701796065 ], [ -113.61234455452967, 43.491578753768401 ], [ -113.612424503958337, 43.49174282926213 ], [ -113.61244437910166, 43.491783613183671 ], [ -113.612506801274563, 43.491911732655034 ], [ -113.612687059343841, 43.492284659558926 ], [ -113.612795795375135, 43.492417998849326 ], [ -113.612970485658565, 43.492466798404941 ], [ -113.613427601279724, 43.492594492299283 ], [ -113.613470368804684, 43.492606440618601 ], [ -113.614417976529651, 43.492942068005213 ], [ -113.615055528441729, 43.493210153661906 ], [ -113.615527697671126, 43.493637252180775 ], [ -113.615727168133745, 43.493863971151626 ], [ -113.616218623972358, 43.494131563708102 ], [ -113.616629931966798, 43.494298574861382 ], [ -113.616746945781543, 43.494346090223431 ], [ -113.617293195699716, 43.494613858185424 ], [ -113.617620171781482, 43.494787447449738 ], [ -113.617948541471364, 43.494961775181586 ], [ -113.618239263371947, 43.495202093030237 ], [ -113.618730657522832, 43.495482972975331 ], [ -113.619278012488735, 43.495577872407942 ], [ -113.619861906328694, 43.495672897003757 ], [ -113.619881538207579, 43.495674393052113 ], [ -113.619905347425913, 43.4956762073286 ], [ -113.620592164880165, 43.495728511738122 ], [ -113.621031020167081, 43.495650182720631 ], [ -113.621528124561792, 43.495456689886467 ], [ -113.621708483814174, 43.495386484140866 ], [ -113.622045162977571, 43.495207595308827 ], [ -113.622404864776115, 43.4950164681321 ], [ -113.622789577620637, 43.494831580368817 ], [ -113.623173963595434, 43.494699876816867 ], [ -113.623612642981328, 43.494648132388761 ], [ -113.624013800047933, 43.494755831675235 ], [ -113.624414306724219, 43.494969899691931 ], [ -113.624905557037607, 43.495277343239451 ], [ -113.62561599194575, 43.495585506134503 ], [ -113.626162457755825, 43.495826640902827 ], [ -113.626581000160726, 43.49608065379627 ], [ -113.626963415271064, 43.496268060468225 ], [ -113.627710241753718, 43.496602921412048 ], [ -113.628274908169942, 43.496857403749878 ], [ -113.628602214617842, 43.497097813218119 ], [ -113.628929691471939, 43.497311626308452 ], [ -113.629403610899885, 43.497472731121405 ], [ -113.630297725902025, 43.497621894913365 ], [ -113.63136275374363, 43.497600066553872 ], [ -113.63174267461585, 43.497601290780608 ], [ -113.632560712924544, 43.497646474070109 ], [ -113.633116109314315, 43.497626981243108 ], [ -113.634356873050933, 43.49747990684309 ], [ -113.635248354964844, 43.49767093849637 ], [ -113.637001158038288, 43.497333375435787 ], [ -113.640120748361014, 43.498629913252202 ], [ -113.640797160054646, 43.497929994313075 ], [ -113.641662957412521, 43.497522818313577 ], [ -113.642950550102952, 43.495993911640063 ], [ -113.64475016735976, 43.495394036501025 ], [ -113.645922280075879, 43.495240846944611 ], [ -113.648300624664913, 43.49441592416661 ], [ -113.652334409489484, 43.49371910671212 ], [ -113.653630740612442, 43.493729524914791 ], [ -113.655500174763148, 43.494717026714014 ], [ -113.658650020935639, 43.496705647044301 ], [ -113.660476388946975, 43.497509493035714 ], [ -113.66123097590571, 43.497802550126302 ], [ -113.662876543959314, 43.497719194119021 ], [ -113.665914097438829, 43.497130643014707 ], [ -113.668741445824196, 43.49848273764438 ], [ -113.670123329371918, 43.499089721498031 ], [ -113.671816728665391, 43.500081067851909 ], [ -113.672830480882695, 43.500358984813388 ], [ -113.671667726541656, 43.502056378703465 ], [ -113.671772064867199, 43.503089372909599 ], [ -113.670015753296767, 43.504670072541522 ], [ -113.667807414523537, 43.508021536109673 ], [ -113.666724472450881, 43.510194215364095 ], [ -113.665556982352655, 43.51176560370012 ], [ -113.666002934024959, 43.512525020212934 ], [ -113.666093346617345, 43.513252214465403 ], [ -113.666703312855716, 43.513706176016385 ], [ -113.667962990324909, 43.515567558633101 ], [ -113.668606334003641, 43.518127609039581 ], [ -113.668764398752401, 43.520361349164546 ], [ -113.670380895993006, 43.522286397715973 ], [ -113.670352354193625, 43.52297134938631 ], [ -113.671662303748306, 43.524615422852627 ], [ -113.674216197865874, 43.526396941458202 ], [ -113.67632980363463, 43.527549450067312 ], [ -113.677979742746217, 43.527555807993195 ], [ -113.680294683171468, 43.529383307327585 ], [ -113.681383049675318, 43.529875483989741 ], [ -113.682799967464788, 43.529927758474848 ], [ -113.684294193322827, 43.53095510230402 ], [ -113.685263338759313, 43.532314401232213 ], [ -113.685808754423419, 43.533971773131896 ], [ -113.685442456341505, 43.536339360437111 ], [ -113.685918234414984, 43.537377108992196 ], [ -113.685807182720779, 43.539247991512347 ], [ -113.687940066340488, 43.54082750482295 ], [ -113.688932433724659, 43.541920615675174 ], [ -113.68779039425759, 43.544090372831512 ], [ -113.688167898408736, 43.544716252934442 ], [ -113.687139519022395, 43.548008792728794 ], [ -113.686917430550409, 43.549643686332594 ], [ -113.687451539701144, 43.552372753358924 ], [ -113.687012842042435, 43.55311237194389 ], [ -113.690098468074368, 43.554885517484266 ], [ -113.690786569825107, 43.557097728336942 ], [ -113.690433648990165, 43.558434086447122 ], [ -113.689445966202555, 43.560087010151591 ], [ -113.688860844175053, 43.561518865036689 ], [ -113.689744722677702, 43.562826100983031 ], [ -113.691145149934584, 43.563819543638722 ], [ -113.693437052310927, 43.564967525578361 ], [ -113.692684073291886, 43.566790515555574 ], [ -113.693514358926947, 43.56880127314912 ], [ -113.69410919168071, 43.569453519375472 ], [ -113.694344645058109, 43.570776009995477 ], [ -113.693976106502106, 43.571770603836818 ], [ -113.695223427454778, 43.573289815443992 ], [ -113.695512638714277, 43.574480481771815 ], [ -113.694374433262922, 43.575407698533084 ], [ -113.693933900628636, 43.577434909026252 ], [ -113.694438076836107, 43.578152317943811 ], [ -113.694103772668981, 43.57858787499471 ], [ -113.694736933264181, 43.579558843618145 ], [ -113.696920927047529, 43.579592843554693 ], [ -113.698335720292746, 43.580887475938837 ], [ -113.698814626976457, 43.582379776104254 ], [ -113.700364372821184, 43.584058352429778 ], [ -113.701153267911778, 43.584552911599054 ], [ -113.703086276680978, 43.584250584770707 ], [ -113.70765449259568, 43.58483118634954 ], [ -113.711236493495406, 43.585772648969296 ], [ -113.713357318651646, 43.585722297128967 ], [ -113.713594432039059, 43.587044702712724 ], [ -113.717177716619517, 43.588035468033283 ], [ -113.718409195286156, 43.587875618185151 ], [ -113.72033023305778, 43.588604204749217 ], [ -113.723086773320617, 43.588236908216828 ], [ -113.723663167392388, 43.589249583822372 ], [ -113.725707161317459, 43.590101197267849 ], [ -113.726931836234385, 43.589918909954569 ], [ -113.727656032639786, 43.590140216293413 ], [ -113.72887631588226, 43.589723916658805 ], [ -113.729995366252155, 43.589697180862778 ], [ -113.731869206665877, 43.589395781107896 ], [ -113.732839075671379, 43.588647790357435 ], [ -113.734742188653001, 43.588984902813394 ], [ -113.736454576800909, 43.588700801228576 ], [ -113.738218367525747, 43.588901634854089 ], [ -113.739829894166078, 43.588007651424071 ], [ -113.741291026289105, 43.587783522165608 ], [ -113.743473281250772, 43.587704125551163 ], [ -113.745289870729877, 43.587448899893758 ], [ -113.74729372073287, 43.58739622438884 ], [ -113.74834713336044, 43.587204319304803 ], [ -113.747923344042562, 43.584382870230662 ], [ -113.748984869618582, 43.583069810067052 ], [ -113.749464352892929, 43.581946319850793 ], [ -113.751488528651009, 43.578462694448639 ], [ -113.752259692228648, 43.577287149909054 ], [ -113.752858841549326, 43.575242389994962 ], [ -113.756612684239201, 43.575723603472433 ], [ -113.757452686631268, 43.576049972075729 ], [ -113.759283372613694, 43.576086802808263 ], [ -113.760892179975642, 43.575147567542679 ], [ -113.762354978095161, 43.574900619199717 ], [ -113.763547331159359, 43.573885883023408 ], [ -113.766201542025669, 43.573907179963975 ], [ -113.768364226021191, 43.572180113184857 ], [ -113.769457935225788, 43.571599880168613 ], [ -113.76966364770297, 43.570946630649033 ], [ -113.772448366724007, 43.571225722654319 ], [ -113.773575266460426, 43.571369438236481 ], [ -113.774606408916966, 43.570700638758069 ], [ -113.775309671190371, 43.569625627518342 ], [ -113.774716119265378, 43.569239382805698 ], [ -113.777130188824628, 43.566853279486388 ], [ -113.78058919999205, 43.567426406551022 ], [ -113.78164173404484, 43.567225213249451 ], [ -113.782909399181591, 43.56659559612045 ], [ -113.785450695619019, 43.566709233275844 ], [ -113.787551784924091, 43.567513329591222 ], [ -113.789440389725385, 43.567552765431465 ], [ -113.791217520767049, 43.567725445582056 ], [ -113.792612543357933, 43.568546698639253 ], [ -113.793851108398357, 43.568561433727929 ], [ -113.794929028535122, 43.56891772220272 ], [ -113.796576724820312, 43.569093485862417 ], [ -113.797701865914689, 43.568939883574018 ], [ -113.798206083464095, 43.569157129081105 ], [ -113.798676727872504, 43.569276152285468 ], [ -113.800067737923655, 43.569156531578457 ], [ -113.800774827319103, 43.569350783284925 ], [ -113.801141199832216, 43.569724454717523 ], [ -113.802375802652605, 43.569986793958364 ], [ -113.803456460487467, 43.570725588265638 ], [ -113.804300329425942, 43.571339632007877 ], [ -113.805062961978535, 43.571487477087317 ], [ -113.806068712503532, 43.571845430878199 ], [ -113.8070997631864, 43.57274747375989 ], [ -113.80774576370186, 43.574131663650306 ], [ -113.807996421665834, 43.574503654992483 ], [ -113.807197274002846, 43.576085426647033 ], [ -113.806464977232537, 43.576616625268585 ], [ -113.807273230327482, 43.577735724002032 ], [ -113.807352487243179, 43.578066912274288 ], [ -113.807950833855458, 43.57852489609423 ], [ -113.808266674056128, 43.579066352826722 ], [ -113.808885157484269, 43.579856973259133 ], [ -113.808911246585268, 43.580401049798915 ], [ -113.809190699556908, 43.581416090217054 ], [ -113.809310282482784, 43.582047903362522 ], [ -113.808791973065127, 43.582861971582425 ], [ -113.809636067927258, 43.583475968749553 ], [ -113.81057969164776, 43.583749876966976 ], [ -113.810921515201159, 43.584839907120049 ], [ -113.810902293893278, 43.585682219304594 ], [ -113.811100148299545, 43.58619055491539 ], [ -113.811153519101566, 43.587328199961547 ], [ -113.81154164523781, 43.588164987363889 ], [ -113.811904223950435, 43.588453181796993 ], [ -113.812052029630863, 43.589124814497445 ], [ -113.812255564084182, 43.589754558381557 ], [ -113.812324459970299, 43.590684736830866 ], [ -113.812377707442494, 43.591403714096529 ], [ -113.811879818111095, 43.591668072734251 ], [ -113.811120977251534, 43.592870724431044 ], [ -113.810495243246308, 43.59318323868083 ], [ -113.810465995410979, 43.593818713024248 ], [ -113.810608181003346, 43.594269896268329 ], [ -113.811015502347516, 43.594354412447487 ], [ -113.811103908562018, 43.594689872147654 ], [ -113.810723298613894, 43.595586091765902 ], [ -113.810814819061719, 43.596304128535031 ], [ -113.811229968739298, 43.59646498141737 ], [ -113.812042463021569, 43.596404467922476 ], [ -113.812765247670981, 43.596935892753443 ], [ -113.813420184007143, 43.597257398494328 ], [ -113.813457505966952, 43.598057799018328 ], [ -113.813012781690915, 43.598491921271048 ], [ -113.812924055447866, 43.599088343741045 ], [ -113.813079485693251, 43.599930855211888 ], [ -113.813502811795871, 43.600258063693936 ], [ -113.814176944074987, 43.601006765183037 ], [ -113.814698624294607, 43.601309038070212 ], [ -113.814918589272693, 43.601915860868672 ], [ -113.815579468548123, 43.602363259427051 ], [ -113.816645699955473, 43.602760142562012 ], [ -113.817301882430215, 43.603081595335063 ], [ -113.8181713056468, 43.603019634643459 ], [ -113.818902594939416, 43.603721876250773 ], [ -113.819675207157061, 43.60404044282248 ], [ -113.820161339549117, 43.604492127477364 ], [ -113.820127468874645, 43.605001667584695 ], [ -113.821311903515308, 43.605440604477501 ], [ -113.822117630573601, 43.605249634488153 ], [ -113.822990309250144, 43.605223569628663 ], [ -113.824381902711792, 43.605108138043029 ], [ -113.825761871964858, 43.604736375465684 ], [ -113.826832386569578, 43.605214089210882 ], [ -113.827516376155728, 43.604904544578901 ], [ -113.828318279708341, 43.604632591447491 ], [ -113.828765606484311, 43.604238862380001 ], [ -113.829292872352667, 43.604311338217713 ], [ -113.830002364677327, 43.60454586450399 ], [ -113.830816454155382, 43.604525690933585 ], [ -113.831521733970305, 43.60476931553243 ], [ -113.832512774871091, 43.604699727323911 ], [ -113.833327042877571, 43.604675030469686 ], [ -113.834088647217314, 43.604782188962083 ], [ -113.834796259776155, 43.604976214579658 ], [ -113.835374404070436, 43.604952860768158 ], [ -113.835838766977531, 43.604864804484365 ], [ -113.836465868386412, 43.60629430959888 ], [ -113.836907765623693, 43.607300740884924 ], [ -113.837186941472183, 43.608765891628821 ], [ -113.836500391050407, 43.610264030290267 ], [ -113.836245661184122, 43.611031158303483 ], [ -113.835707711288308, 43.61197638389396 ], [ -113.836238086347066, 43.612755530423016 ], [ -113.837094932001889, 43.612999858656586 ], [ -113.838317314540802, 43.614238994955095 ], [ -113.838973347031427, 43.614560326119204 ], [ -113.839466606209882, 43.615470930869698 ], [ -113.840464456535358, 43.616553561711299 ], [ -113.840614398110063, 43.617270118356132 ], [ -113.841158068200471, 43.6176797653265 ], [ -113.840547748322876, 43.61832969421161 ], [ -113.839567453775388, 43.618525136386438 ], [ -113.83951726649353, 43.618692950300868 ], [ -113.840997029832877, 43.619209873959285 ], [ -113.841448752086492, 43.619927926303397 ], [ -113.842519318198129, 43.620603568890665 ], [ -113.842492145012145, 43.621284014189847 ], [ -113.842855714872428, 43.621914219427559 ], [ -113.843261372066223, 43.622615404686918 ], [ -113.843296013472099, 43.623505894165213 ], [ -113.843889228022832, 43.624972210791881 ], [ -113.844702061786307, 43.624911456100037 ], [ -113.845174925437135, 43.625066244098008 ], [ -113.845991792599804, 43.625090912109854 ], [ -113.846934099208198, 43.625319529424594 ], [ -113.84763247877693, 43.626008898773357 ], [ -113.848776857865687, 43.626119919856322 ], [ -113.85051015733579, 43.627053563725894 ], [ -113.851645250054503, 43.627655479751688 ], [ -113.851783616759349, 43.628115707352151 ], [ -113.851915464646808, 43.628454551091714 ], [ -113.852044220027381, 43.628703436141002 ], [ -113.852234493541005, 43.629040818981046 ], [ -113.852836943969677, 43.629444439303278 ], [ -113.85315712807342, 43.630071192911338 ], [ -113.854054030916771, 43.630557486504813 ], [ -113.854344987432569, 43.631220980162638 ], [ -113.854921785822853, 43.631679251111976 ], [ -113.855279242782785, 43.632593179049174 ], [ -113.855626040305566, 43.633012178037781 ], [ -113.856629061177031, 43.633284214920401 ], [ -113.857525824806402, 43.633765982394216 ], [ -113.858171586727025, 43.633880376447564 ], [ -113.858686808566816, 43.633700917434169 ], [ -113.859989101039204, 43.634131999498244 ], [ -113.860187508136491, 43.634631229905274 ], [ -113.860436057833013, 43.634962638172489 ], [ -113.860966534514489, 43.635079904587421 ], [ -113.861828890195014, 43.636075701624002 ], [ -113.862605494245372, 43.637703887903342 ], [ -113.862983944885258, 43.639553632513255 ], [ -113.863199237922487, 43.640399068937668 ], [ -113.862877252490804, 43.640830306206553 ], [ -113.862850663819941, 43.641632285367926 ], [ -113.862321942062565, 43.642784483792191 ], [ -113.861914944023738, 43.64402816573638 ], [ -113.862410400034207, 43.644645998509588 ], [ -113.862498964782432, 43.645278526643295 ], [ -113.863835255716907, 43.645204512666083 ], [ -113.865237676712439, 43.645290890211164 ], [ -113.866195480400492, 43.645820575784818 ], [ -113.867209974458234, 43.64634432964607 ], [ -113.868611097992485, 43.646394683129671 ], [ -113.870308147829121, 43.647792612462275 ], [ -113.870854227933492, 43.648242568669147 ], [ -113.871659065471306, 43.649235234048788 ], [ -113.873236172221368, 43.649326122295783 ], [ -113.874923495569234, 43.650508142476305 ], [ -113.877660498078612, 43.650479734214088 ], [ -113.879462073626854, 43.650393813430384 ], [ -113.880110760158956, 43.650548526269461 ], [ -113.881195865058885, 43.650097993776555 ], [ -113.882098620664507, 43.649480986788731 ], [ -113.882708778307446, 43.648830841243466 ], [ -113.88332826491488, 43.648392039003035 ], [ -113.884566575524161, 43.648698404266959 ], [ -113.885914797058476, 43.6488804314776 ], [ -113.886828572841821, 43.649699168057587 ], [ -113.887396436354223, 43.650616678221681 ], [ -113.888951161036886, 43.650239731360095 ], [ -113.889405214061043, 43.649971646985151 ], [ -113.890616243170996, 43.650071556136709 ], [ -113.892061490272297, 43.649481255813228 ], [ -113.892845516656578, 43.648831154459842 ], [ -113.893447341450724, 43.648010096056112 ], [ -113.89434902489127, 43.648252853285108 ], [ -113.896247916906063, 43.648105681439176 ], [ -113.897443506866168, 43.648755123219679 ], [ -113.898696946610059, 43.649358066200392 ], [ -113.899641207689953, 43.64963121347202 ], [ -113.901100466740075, 43.649679691760248 ], [ -113.901698384561669, 43.650002133348764 ], [ -113.902518888715178, 43.650102833287733 ], [ -113.903671085293979, 43.649825951827161 ], [ -113.904252369786903, 43.64981117288427 ], [ -113.904826573024408, 43.649625504177045 ], [ -113.905101332980507, 43.649280884163275 ], [ -113.905235393934134, 43.649754661341923 ], [ -113.905152474287078, 43.650332993754496 ], [ -113.905585516703326, 43.650875693887201 ], [ -113.906140515911275, 43.651496320924977 ], [ -113.906725134734913, 43.652746435933153 ], [ -113.907560670163491, 43.654377310892819 ], [ -113.908077691483257, 43.65542205863499 ], [ -113.908398436090351, 43.657232598032159 ], [ -113.908515069306532, 43.65776983799838 ], [ -113.908866100148032, 43.658490182169857 ], [ -113.908002933761907, 43.659907702213147 ], [ -113.908233585690567, 43.660703141202134 ], [ -113.907972217292269, 43.661686673441075 ], [ -113.907443810578187, 43.662798551433305 ], [ -113.907797718554207, 43.664099549574921 ], [ -113.908045734188249, 43.664660453436966 ], [ -113.909741981224414, 43.665747190884098 ], [ -113.910565959991104, 43.667117233661678 ], [ -113.910762552212688, 43.668048584606517 ], [ -113.910873421059065, 43.669859961078572 ], [ -113.911319230883379, 43.670654411095029 ], [ -113.911482748576233, 43.671622616863779 ], [ -113.912536452114125, 43.671721799656439 ], [ -113.913374584524405, 43.672164102557133 ], [ -113.914448600920949, 43.672690414356659 ], [ -113.914874395815943, 43.673062196055739 ], [ -113.9154328499191, 43.673763718943619 ], [ -113.916435229805415, 43.673994725946372 ], [ -113.917912623841474, 43.674420669328072 ], [ -113.92038830363299, 43.67499213732318 ], [ -113.922263554610353, 43.675196268791716 ], [ -113.923038635519362, 43.675559082718465 ], [ -113.924044617193474, 43.675870963407405 ], [ -113.924922219037853, 43.675934022081293 ], [ -113.925516373030376, 43.676170901402408 ], [ -113.926275860943463, 43.67619646364988 ], [ -113.927264856576642, 43.676166618604853 ], [ -113.927645149960895, 43.676796114974252 ], [ -113.929198488510124, 43.677377526392647 ], [ -113.930386161151361, 43.678035823869827 ], [ -113.931774393264831, 43.678513393917441 ], [ -113.93277859729092, 43.6792799174018 ], [ -113.934061213560312, 43.679291990614139 ], [ -113.93426478315412, 43.679880989436505 ], [ -113.934830440792283, 43.68070827809732 ], [ -113.935495962487693, 43.681388943056881 ], [ -113.936393412316178, 43.681689995416612 ], [ -113.937138911554044, 43.682467633262043 ], [ -113.938334099127275, 43.684426651999182 ], [ -113.940296898111157, 43.686406414621352 ], [ -113.940537202458643, 43.686571293369745 ], [ -113.941756788367584, 43.686607411470611 ], [ -113.942872546363205, 43.686637188925509 ], [ -113.944795604429927, 43.687816591415086 ], [ -113.945369078830126, 43.688814690500429 ], [ -113.946147450646905, 43.689222276625955 ], [ -113.946600212638657, 43.690137950971028 ], [ -113.947180824824954, 43.69086125087 ], [ -113.947252931859325, 43.691557158155916 ], [ -113.947752085593265, 43.692224034330756 ], [ -113.947890967077228, 43.69268412629291 ], [ -113.947976169400491, 43.69323563820393 ], [ -113.948117040255283, 43.693736195565116 ], [ -113.948548155858617, 43.694193244066774 ], [ -113.949305059933039, 43.694169198541083 ], [ -113.950063614979399, 43.694194623867503 ], [ -113.951160022819295, 43.695138668289061 ], [ -113.951598292622677, 43.695717066725024 ], [ -113.951699945911614, 43.696646295402559 ], [ -113.951797167357796, 43.697449589490375 ], [ -113.95204905660998, 43.69782122248499 ], [ -113.952941571243727, 43.698180794872698 ], [ -113.953821119802015, 43.698284097968603 ], [ -113.95423896507279, 43.698872017432365 ], [ -113.955455888621088, 43.699511288581867 ], [ -113.955776214033193, 43.700079216830247 ], [ -113.956204365089874, 43.700509302989623 ], [ -113.956408011570488, 43.701093755533741 ], [ -113.958791747286469, 43.702134942673972 ], [ -113.959232801496455, 43.702798771610141 ], [ -113.960290929636727, 43.702982928822912 ], [ -113.960890302889666, 43.703309519812336 ], [ -113.961273258688465, 43.703970346832563 ], [ -113.962213964152284, 43.70411251393945 ], [ -113.963100900031819, 43.704391119337792 ], [ -113.963976755314093, 43.704413408938819 ], [ -113.964804297263257, 43.704639522501935 ], [ -113.965967604071579, 43.704568800980276 ], [ -113.967313449345639, 43.70466438920274 ], [ -113.968854642449813, 43.70517354329774 ], [ -113.970148209496713, 43.705392003454648 ], [ -113.971004953995532, 43.706216039088787 ], [ -113.972213534379151, 43.707075928837661 ], [ -113.97429176395309, 43.707823125384735 ], [ -113.974693842923642, 43.708870554324669 ], [ -113.974673195133676, 43.710815827481944 ], [ -113.976666222996016, 43.712204442680445 ], [ -113.976167717115359, 43.71391007501466 ], [ -113.977149809459945, 43.716081306934768 ], [ -113.977741042701467, 43.717420903683816 ], [ -113.977706271153679, 43.717885485750031 ], [ -113.978706923034267, 43.719254916066987 ], [ -113.979489733109119, 43.71974318694015 ], [ -113.980292162884126, 43.720415510083242 ], [ -113.981654059904841, 43.721041709501968 ], [ -113.98220510661767, 43.721576527738897 ], [ -113.98263041967077, 43.723086992999832 ], [ -113.983759979044322, 43.723521161940425 ], [ -113.985081668244405, 43.724292424755426 ], [ -113.985569561194296, 43.724702829606095 ], [ -113.986715197300384, 43.725478674536504 ], [ -113.986158259975639, 43.725997428286618 ], [ -113.985515842166038, 43.727157654314958 ], [ -113.984836475632932, 43.728742002156288 ], [ -113.985051039798364, 43.729542197804591 ], [ -113.985020345374522, 43.730087704522617 ], [ -113.984778678098039, 43.731111403003304 ], [ -113.984875573487969, 43.731698592157336 ], [ -113.984457086643545, 43.732857461081039 ], [ -113.984093799275442, 43.733749285648557 ], [ -113.984749502958948, 43.734029260401407 ], [ -113.985151164138557, 43.734721024899002 ], [ -113.985507413635531, 43.735197893494686 ], [ -113.985676406650981, 43.736251372551465 ], [ -113.985422958341303, 43.737018782971809 ], [ -113.986317849554453, 43.737414040769458 ], [ -113.987039850849428, 43.737863333424237 ], [ -113.987991106318802, 43.738221092101284 ], [ -113.988929336053047, 43.738889796563498 ], [ -113.988641124265243, 43.739554587294229 ], [ -113.989099425105564, 43.740559971919957 ], [ -113.989832172535458, 43.741216042528706 ], [ -113.990967386825886, 43.741740021884318 ], [ -113.991437272724852, 43.741808744441876 ], [ -113.992047708955823, 43.742341956434544 ], [ -113.992537269573688, 43.742797304023924 ], [ -113.993078439887896, 43.743116246890651 ], [ -113.994820154055077, 43.742949036423198 ], [ -113.995974815934659, 43.742702668230294 ], [ -113.997196165315216, 43.742630103433157 ], [ -113.996620858592152, 43.74395969162628 ], [ -113.995920690095559, 43.745116989555918 ], [ -113.99570103417534, 43.746563288867712 ], [ -113.995657340125533, 43.747320718642904 ], [ -113.996169448323869, 43.747775456873747 ], [ -113.996931674943184, 43.747840986914554 ], [ -113.997572966771969, 43.747824156017657 ], [ -113.997425746793937, 43.748377224164557 ], [ -113.996822584435051, 43.749153838303918 ], [ -113.996887370794909, 43.750466628425244 ], [ -113.996731607864376, 43.750848856018415 ], [ -113.996111963084275, 43.751288272133564 ], [ -113.995390061188644, 43.752027478309117 ], [ -113.993818977978179, 43.753297636688991 ], [ -113.993384464811939, 43.753943763709387 ], [ -113.994024436250058, 43.755065910664193 ], [ -113.993596000758956, 43.755837925678875 ], [ -113.994358134356673, 43.755903475485475 ], [ -113.996022022463492, 43.756494570207295 ], [ -113.997603686472303, 43.756624125434989 ], [ -113.999582299103778, 43.757670576944875 ], [ -113.999863845764565, 43.758635540978723 ], [ -113.9999709480268, 43.759605089025094 ], [ -114.000420991373332, 43.760119959476739 ], [ -114.000575373763397, 43.761196303432015 ], [ -114.00109567652639, 43.761101600340048 ], [ -114.001568914349008, 43.761210707535454 ], [ -114.002056099421324, 43.761625559314815 ], [ -114.002586947356022, 43.76173764872383 ], [ -114.003603994469088, 43.763403528155365 ], [ -114.003513479738132, 43.763910096671388 ], [ -114.00421116909142, 43.765035167622536 ], [ -114.005148285205209, 43.765096040511324 ], [ -114.005800347245781, 43.765290457999654 ], [ -114.006177750138349, 43.765829725655372 ], [ -114.00699779126036, 43.765893666265313 ], [ -114.007783480796263, 43.766422176513728 ], [ -114.008972426806551, 43.766859026899333 ], [ -114.009590451210272, 43.766374566223014 ], [ -114.010352732289704, 43.766440006542453 ], [ -114.012511259427797, 43.766423596267536 ], [ -114.013396232762773, 43.766863916204791 ], [ -114.013973375771897, 43.766470545067591 ], [ -114.016261685439275, 43.766707234400975 ], [ -114.017912792539477, 43.767041749064241 ], [ -114.018723031394472, 43.766898786184534 ], [ -114.019360809712325, 43.767980330158359 ], [ -114.019213911079802, 43.768528914314189 ], [ -114.019990199711103, 43.768891028704907 ], [ -114.020430604977918, 43.769514114411628 ], [ -114.021272189882438, 43.770000538331587 ], [ -114.022474539451522, 43.770684483732474 ], [ -114.024082495335819, 43.771861860842343 ], [ -114.024884764373908, 43.772187239225666 ], [ -114.025722775522524, 43.772043492390075 ], [ -114.026456994755748, 43.772105065230789 ], [ -114.026869609587422, 43.772179659678969 ], [ -114.027994246382889, 43.772487467068096 ], [ -114.029736152738579, 43.773454136307777 ], [ -114.030598463301345, 43.772035738077577 ], [ -114.031177157528163, 43.771939349221185 ], [ -114.031158036561337, 43.77155721395151 ], [ -114.03146485706057, 43.770702758806941 ], [ -114.031824209731283, 43.769716356132221 ], [ -114.031662373222531, 43.768838329711613 ], [ -114.03226957512706, 43.768146957545156 ], [ -114.032822893565694, 43.767538043361242 ], [ -114.032865851793488, 43.767239792874747 ], [ -114.032620101911704, 43.766994226676196 ], [ -114.033100674421846, 43.766850915138392 ], [ -114.034260800520002, 43.767117204221186 ], [ -114.034999673890425, 43.766719427605885 ], [ -114.035463622176806, 43.766662079350866 ], [ -114.036204336459903, 43.766304761381022 ], [ -114.03742176750464, 43.766146337673746 ], [ -114.038345971776039, 43.765955187808274 ], [ -114.039331119136577, 43.765798423238692 ], [ -114.040366872034696, 43.765514256215269 ], [ -114.041645288072928, 43.765399180857628 ], [ -114.042491733323715, 43.764827426282146 ], [ -114.043459351752844, 43.764333468740567 ], [ -114.044566604546262, 43.764303950818253 ], [ -114.04527423245024, 43.763915945706032 ], [ -114.046684968530272, 43.763338114003503 ], [ -114.047355290270744, 43.762892570948537 ], [ -114.048757478997516, 43.762922666633102 ], [ -114.049860783388084, 43.76281217398563 ], [ -114.05101556607859, 43.762565245163778 ], [ -114.051605041495236, 43.762675540141316 ], [ -114.052472469744529, 43.762526308282453 ], [ -114.053093066032844, 43.762325148605697 ], [ -114.053462271142891, 43.762058682982349 ], [ -114.05341639118582, 43.761569227958006 ], [ -114.053443058211926, 43.761109345557543 ], [ -114.053453263284396, 43.760726430647509 ], [ -114.053264214815698, 43.760200291139917 ], [ -114.052930708168503, 43.759795054061556 ], [ -114.052331759016113, 43.758460567902645 ], [ -114.052167387876509, 43.757839231319039 ], [ -114.051706505614362, 43.756604587340838 ], [ -114.052479757104919, 43.756147259334632 ], [ -114.053415441892838, 43.754965316605869 ], [ -114.053462798486521, 43.754099729949701 ], [ -114.053863042526714, 43.753319241619735 ], [ -114.053909842185206, 43.752930847128127 ], [ -114.052903266171185, 43.751418191976718 ], [ -114.052591714431088, 43.750512684417529 ], [ -114.052955278351931, 43.749827714669287 ], [ -114.053146137279342, 43.748769220512521 ], [ -114.052896910062117, 43.747375866091616 ], [ -114.052987839373742, 43.746554131659892 ], [ -114.053552715748978, 43.745913296848229 ], [ -114.05425996983432, 43.745462220257586 ], [ -114.054174214978502, 43.745077369784305 ], [ -114.054542218471212, 43.744495815688921 ], [ -114.055053306014642, 43.744094999129814 ], [ -114.055544895772414, 43.743307558908164 ], [ -114.056015890843199, 43.74214252748277 ], [ -114.057310246269068, 43.741482148938481 ], [ -114.059146864803182, 43.741045817097977 ], [ -114.060585496596445, 43.740624625573972 ], [ -114.061236223407661, 43.740368592681598 ], [ -114.061835353241435, 43.740402049235492 ], [ -114.062763301028596, 43.740377163543073 ], [ -114.063330892666983, 43.739781223102185 ], [ -114.064207197777677, 43.738744835682084 ], [ -114.065110521679046, 43.736942433253255 ], [ -114.066323121006747, 43.735996037478934 ], [ -114.067227196973448, 43.735490080144871 ], [ -114.068017522201529, 43.735374312775562 ], [ -114.06866559788854, 43.735064290094506 ], [ -114.070371549938429, 43.734680807945097 ], [ -114.071837046081654, 43.734785447551474 ], [ -114.072509940545203, 43.734960915314453 ], [ -114.072863339475731, 43.735383567279499 ], [ -114.073587774556188, 43.735269535733387 ], [ -114.074591795573099, 43.735436077968565 ], [ -114.075699061168962, 43.73502361748249 ], [ -114.076675893911954, 43.73465967765312 ], [ -114.077404729036317, 43.734635536689538 ], [ -114.077480897428458, 43.734827055378148 ], [ -114.078625438845009, 43.73513833105951 ], [ -114.080159523045452, 43.735286032002911 ], [ -114.081279358370352, 43.735111766090924 ], [ -114.081738341509975, 43.735004844879519 ], [ -114.082165643597534, 43.735569526896022 ], [ -114.083464290703787, 43.736187208000494 ], [ -114.084259787658127, 43.736278267213386 ], [ -114.086476641452762, 43.736799082324623 ], [ -114.087846679456263, 43.73762636356782 ], [ -114.088949383819511, 43.738415842765576 ], [ -114.089658778501118, 43.738009506892432 ], [ -114.091367791079776, 43.737675146119273 ], [ -114.09229100273329, 43.737555613834836 ], [ -114.092936108660695, 43.737205019438733 ], [ -114.093604570057764, 43.737281446721795 ], [ -114.094327819929447, 43.737167315348927 ], [ -114.095066866033093, 43.737340856968963 ], [ -114.096059381833868, 43.737259931845507 ], [ -114.096844950115639, 43.737045056567744 ], [ -114.097614926271191, 43.736546995927988 ], [ -114.09782623925085, 43.736784354135487 ], [ -114.098277739382269, 43.73652901345897 ], [ -114.098673375779427, 43.736473261538599 ], [ -114.099255781175643, 43.736025294549925 ], [ -114.099780053928797, 43.736056081709137 ], [ -114.10096567051923, 43.735875334791224 ], [ -114.101944949951417, 43.735565132947613 ], [ -114.102429060443825, 43.735930120926056 ], [ -114.102382428815957, 43.73632303283231 ], [ -114.103386533107894, 43.736489319319944 ], [ -114.104726986723762, 43.736736484899907 ], [ -114.105393128770913, 43.736767890571706 ], [ -114.106302994446864, 43.736410019825854 ], [ -114.106892868049556, 43.736249918332376 ], [ -114.107445446997829, 43.736662539971107 ], [ -114.107791260903312, 43.73694123431784 ], [ -114.108407438084498, 43.737311606973698 ], [ -114.109684267147543, 43.73761446667659 ], [ -114.111113822836799, 43.738295793113188 ], [ -114.111985646354199, 43.738465607126784 ], [ -114.112426666732645, 43.738768703616756 ], [ -114.11282598566676, 43.739311522150608 ], [ -114.113572183710488, 43.739628803436183 ], [ -114.114105403803038, 43.739659279171157 ], [ -114.114696883027875, 43.739548611536151 ], [ -114.116386465000218, 43.740123740670512 ], [ -114.117283695330741, 43.740774499323358 ], [ -114.117386968257762, 43.74149644723861 ], [ -114.118316400988661, 43.742168826171344 ], [ -114.119514026846133, 43.74283387088721 ], [ -114.120171484283006, 43.74332009347723 ], [ -114.120239485014295, 43.744015992129498 ], [ -114.120880947782425, 43.744466633991863 ], [ -114.121669311337044, 43.74469717736747 ], [ -114.122848711225686, 43.745677800535972 ], [ -114.123205482619227, 43.74614971936257 ], [ -114.124308021375668, 43.746938859081482 ], [ -114.12498372501328, 43.747158956583448 ], [ -114.125843455545379, 43.747085907248909 ], [ -114.126904187349098, 43.747056864660216 ], [ -114.128588822261591, 43.747541913197168 ], [ -114.130272594188156, 43.749278421398088 ], [ -114.131134540685807, 43.749254789116776 ], [ -114.131430050437331, 43.749822897728059 ], [ -114.131972680481226, 43.750046602052649 ], [ -114.132745211503675, 43.750889726157141 ], [ -114.133404348745486, 43.752028564588791 ], [ -114.13359939318677, 43.753225151368582 ], [ -114.133425487518068, 43.753711600152357 ], [ -114.133973751959445, 43.75403868000086 ], [ -114.135177218971236, 43.754491820284201 ], [ -114.136344336874799, 43.754932440692947 ], [ -114.136838573346537, 43.75549507615554 ], [ -114.137806703109604, 43.756238256878412 ], [ -114.137181352465333, 43.756980205165213 ], [ -114.136473004928973, 43.757382305316227 ], [ -114.135847628394146, 43.758124247091345 ], [ -114.135197055762106, 43.758380700169894 ], [ -114.135005333880954, 43.758530015012262 ], [ -114.135165626935347, 43.759056809754007 ], [ -114.135029504869394, 43.760262486020352 ], [ -114.134686610953608, 43.761329786387194 ], [ -114.135209003002075, 43.76242284905311 ], [ -114.135503320469482, 43.764246935716848 ], [ -114.136190823442377, 43.765961187594051 ], [ -114.136703869907805, 43.768161900620207 ], [ -114.137723643950437, 43.768615558433453 ], [ -114.138613391245102, 43.769117795812967 ], [ -114.139513271751483, 43.769813317998477 ], [ -114.139928893984205, 43.770139514530506 ], [ -114.140420901313448, 43.770652672944188 ], [ -114.141134459407837, 43.771596396423561 ], [ -114.141774395359789, 43.772398087774654 ], [ -114.141676743733797, 43.773076021851509 ], [ -114.141714627893492, 43.77379523979365 ], [ -114.142275614711764, 43.77436051325413 ], [ -114.143132777945652, 43.774431455946598 ], [ -114.144359292650947, 43.774829842559107 ], [ -114.145818437249744, 43.774762640228126 ], [ -114.147162794231591, 43.775090225415681 ], [ -114.147899078081224, 43.775213981242828 ], [ -114.148644469103985, 43.775481533792792 ], [ -114.149450200880736, 43.77564837990942 ], [ -114.150204986457553, 43.776109233713299 ], [ -114.150799729909494, 43.776047805941126 ], [ -114.152135933244935, 43.776204495023642 ], [ -114.153269000022945, 43.776267743275064 ], [ -114.155582386877811, 43.77605977973495 ], [ -114.15695277241386, 43.775589740335306 ], [ -114.157858446003388, 43.775132538293185 ], [ -114.158830604452731, 43.774673489917717 ], [ -114.159743253305578, 43.774360133239107 ], [ -114.160365842372173, 43.774820074683326 ], [ -114.161298031782366, 43.775028353084636 ], [ -114.162401266989519, 43.775479477175168 ], [ -114.163428862908845, 43.776229794462772 ], [ -114.165033254650751, 43.776423916441942 ], [ -114.165681349520412, 43.777369299000789 ], [ -114.166208472896017, 43.778556618116191 ], [ -114.166873522479804, 43.779145894258562 ], [ -114.169325870708107, 43.779721579373017 ], [ -114.170407388663563, 43.780078694624656 ], [ -114.171264317494703, 43.779955861708707 ], [ -114.170843654374323, 43.780786840335814 ], [ -114.170873900549537, 43.782613660757491 ], [ -114.171635966062354, 43.783218220582192 ], [ -114.172562285627677, 43.784394417688851 ], [ -114.173408941161895, 43.785334237383822 ], [ -114.174026795197676, 43.785704202768194 ], [ -114.175373845001303, 43.786049386107422 ], [ -114.176675091250985, 43.786782966519155 ], [ -114.176768939964902, 43.787311546981456 ], [ -114.177593401734185, 43.787819796393606 ], [ -114.178297498347007, 43.788569974514694 ], [ -114.179168523284545, 43.788743796540928 ], [ -114.179598401482096, 43.789299030725459 ], [ -114.179965610223761, 43.789968547735825 ], [ -114.181035412483865, 43.790078296932776 ], [ -114.181961636331764, 43.790007470388488 ], [ -114.183134820977855, 43.789592132118806 ], [ -114.184037819289102, 43.789080777018398 ], [ -114.184696526792877, 43.788967873226397 ], [ -114.185683782262771, 43.788796278322828 ], [ -114.186806052897367, 43.78866592328513 ], [ -114.188155400937816, 43.788898349981892 ], [ -114.188803739568456, 43.788758700876741 ], [ -114.189888654312867, 43.789156047408589 ], [ -114.190694758172825, 43.789331594739238 ], [ -114.191222917801184, 43.789429374578532 ], [ -114.192149174855814, 43.789191905161196 ], [ -114.193425097140093, 43.789448829460426 ], [ -114.195154293952172, 43.78949498517099 ], [ -114.195838781967467, 43.789858465380384 ], [ -114.197058104510162, 43.790306001510636 ], [ -114.198084310259475, 43.790853468020131 ], [ -114.20012049014926, 43.791665228285936 ], [ -114.200801663309051, 43.791983753485304 ], [ -114.201424595808746, 43.792447962084267 ], [ -114.20223822404482, 43.792762765180825 ], [ -114.204507431838451, 43.794189131293074 ], [ -114.204533042054166, 43.795052723141843 ], [ -114.204878033403659, 43.796150435708313 ], [ -114.205460071040136, 43.797097440934941 ], [ -114.205292281981542, 43.79767835878144 ], [ -114.206241751799823, 43.797858772486286 ], [ -114.207890023314562, 43.797803469498518 ], [ -114.210283538601843, 43.798172849483159 ], [ -114.212388961725523, 43.798685334742366 ], [ -114.212943080207793, 43.799101894777742 ], [ -114.213409801645966, 43.799138277566925 ], [ -114.214088668737091, 43.799407272131965 ], [ -114.215791651332452, 43.800178608949636 ], [ -114.216542513825019, 43.800540095060235 ], [ -114.218482408604117, 43.802024975195607 ], [ -114.219304176522002, 43.802483478490501 ], [ -114.220289267752094, 43.802262127616494 ], [ -114.221165341400265, 43.802480501616721 ], [ -114.221557325890103, 43.803585838992113 ], [ -114.221729683045893, 43.804341746129879 ], [ -114.223069444473211, 43.805177242124714 ], [ -114.225286547147547, 43.806213022909276 ], [ -114.227150394506765, 43.806124340408815 ], [ -114.229927631499692, 43.806090818354036 ], [ -114.231740734966181, 43.807070377200368 ], [ -114.232588406833997, 43.807307473257083 ], [ -114.233934595540305, 43.807606967449786 ], [ -114.234753688692123, 43.808015916623724 ], [ -114.236170950813502, 43.80840790563164 ], [ -114.236870330991181, 43.809063319448924 ], [ -114.237448238629611, 43.809911240543791 ], [ -114.237822236852679, 43.810224748889659 ], [ -114.238479906794922, 43.81055721978975 ], [ -114.24006677601659, 43.810413160845094 ], [ -114.24154520292754, 43.810713315597077 ], [ -114.24224238125538, 43.811319239411489 ], [ -114.242966158525249, 43.812401573735777 ], [ -114.243092779890475, 43.813505368712093 ], [ -114.243434054822103, 43.813855802250139 ], [ -114.244322809501867, 43.814145661293566 ], [ -114.245819139725327, 43.814773866637275 ], [ -114.246992236325582, 43.815559798272631 ], [ -114.247733716971069, 43.816983719552361 ], [ -114.248646058753835, 43.81787158604449 ], [ -114.248830951212739, 43.818829666269089 ], [ -114.24953381041513, 43.81952991548691 ], [ -114.250780238453331, 43.82045777315102 ], [ -114.251996413231026, 43.820810272323058 ], [ -114.252853572858953, 43.820691319950868 ], [ -114.254032475267465, 43.82036511931009 ], [ -114.254343616853873, 43.819973615968244 ], [ -114.255010082375705, 43.819999630197216 ], [ -114.256024159719857, 43.820308333189004 ], [ -114.256633881809975, 43.820534028650464 ], [ -114.257275644763723, 43.821330506954858 ], [ -114.258159367734578, 43.8216924265665 ], [ -114.260149341171513, 43.822837540176316 ], [ -114.260576318274772, 43.823356532475586 ], [ -114.261281870431802, 43.824106151490632 ], [ -114.261935584855976, 43.825194865576329 ], [ -114.263452519549958, 43.826110350670554 ], [ -114.264901435366383, 43.827081779477837 ], [ -114.265550895186109, 43.828026544166939 ], [ -114.266148644998367, 43.828009442999587 ], [ -114.266790617234079, 43.828805860897212 ], [ -114.267371316652543, 43.829707565424087 ], [ -114.26795543770136, 43.829447761119106 ], [ -114.267625752762527, 43.830708638867428 ], [ -114.268358358386635, 43.830737183536264 ], [ -114.268936935893763, 43.83038300071636 ], [ -114.269112567100194, 43.829941315911661 ], [ -114.269774035881809, 43.829877357551808 ], [ -114.271080365996724, 43.829452798852309 ], [ -114.27210790548628, 43.829999553004704 ], [ -114.273796156283737, 43.830482339647922 ], [ -114.274340026895388, 43.830705324787928 ], [ -114.275550595921032, 43.830963200408071 ], [ -114.276269520970473, 43.831955426265338 ], [ -114.276728744706091, 43.833045132805772 ], [ -114.276834739375914, 43.833766845109558 ], [ -114.277922565654464, 43.834212782489082 ], [ -114.277966321284907, 43.834504128922795 ], [ -114.277608886584574, 43.83576583020929 ], [ -114.27775682558331, 43.836387302252874 ], [ -114.278542949722308, 43.837039965269035 ], [ -114.278631656002091, 43.83775766943868 ], [ -114.279279866461806, 43.839566691240123 ], [ -114.27935645946225, 43.840959979646897 ], [ -114.279655482176636, 43.842783529819876 ], [ -114.279545658372712, 43.844420756380252 ], [ -114.279017044656285, 43.845687379447405 ], [ -114.27890796283809, 43.846122662750737 ], [ -114.278041702093347, 43.847304444618722 ], [ -114.277334657580283, 43.848958816331979 ], [ -114.276789612735811, 43.849937797505099 ], [ -114.276021353014528, 43.851692951495821 ], [ -114.276563109919593, 43.851866469145939 ], [ -114.277250591907745, 43.85228338721538 ], [ -114.277688532287925, 43.852995565873911 ], [ -114.278657668114434, 43.8536879875032 ], [ -114.279313606483512, 43.854727015516609 ], [ -114.28005672140435, 43.856146167970451 ], [ -114.280815521293292, 43.857857465749625 ], [ -114.282129632129013, 43.858783025032544 ], [ -114.283128048250958, 43.860005750695166 ], [ -114.283428160313107, 43.86062733803336 ], [ -114.284113994055517, 43.860990243599396 ], [ -114.283393327730636, 43.861200038832926 ], [ -114.282717834454289, 43.862232316888829 ], [ -114.282602483723778, 43.862861351059472 ], [ -114.28298071624279, 43.864579074153724 ], [ -114.282788448750196, 43.86593507159656 ], [ -114.281893454088532, 43.866586522789106 ], [ -114.282219817580383, 43.867689025375782 ], [ -114.282189541152704, 43.869562545046932 ], [ -114.282104152827628, 43.870429299117056 ], [ -114.281739940317152, 43.871069988623766 ], [ -114.282555827581746, 43.871384146699462 ], [ -114.282406565649737, 43.872302255508899 ], [ -114.282045008941523, 43.872987883917247 ], [ -114.281954627131995, 43.873760249435861 ], [ -114.281112094461733, 43.875369016198128 ], [ -114.280111900277703, 43.876554661211941 ], [ -114.279372782837214, 43.877629260431895 ], [ -114.278546949384733, 43.878332716667686 ], [ -114.278990246963033, 43.879134765092068 ], [ -114.279879567813722, 43.879590882252003 ], [ -114.281274493375705, 43.880757212058441 ], [ -114.282300506413776, 43.881254397006309 ], [ -114.28286404689446, 43.881670341774367 ], [ -114.283427930462096, 43.882378873145562 ], [ -114.284194170021166, 43.883032063413879 ], [ -114.284837430788514, 43.883715796649 ], [ -114.285607152656709, 43.884035763703437 ], [ -114.287201039427359, 43.884250964775724 ], [ -114.287973447144935, 43.884336758297934 ], [ -114.289664682347407, 43.885715022604174 ], [ -114.290264052080317, 43.885999351690771 ], [ -114.291634230220183, 43.886428012196369 ], [ -114.292604084397638, 43.88712028880343 ], [ -114.295707402758509, 43.886693117972598 ], [ -114.297308127047515, 43.886741423735508 ], [ -114.298190143166067, 43.887053557687189 ], [ -114.299938979913946, 43.886188235954386 ], [ -114.301806669691842, 43.886273775953626 ], [ -114.30293902822163, 43.886290534760128 ], [ -114.304148107465466, 43.886498627062259 ], [ -114.305059969934106, 43.886130111195833 ], [ -114.305891693659504, 43.88552982891779 ], [ -114.307214867470904, 43.88539246757157 ], [ -114.308617755495177, 43.885500364748786 ], [ -114.310278465626695, 43.885452217887199 ], [ -114.310812407064375, 43.885652806914635 ], [ -114.311346941192284, 43.885520262674071 ], [ -114.312165276286933, 43.885879150903548 ], [ -114.313098135989577, 43.885897094835393 ], [ -114.31324717368004, 43.886185369741106 ], [ -114.313813538501734, 43.886794643784626 ], [ -114.314783644455602, 43.887486724155082 ], [ -114.315546011865109, 43.888045281783221 ], [ -114.315950659633003, 43.888123559997744 ], [ -114.316266761199245, 43.887826278111547 ], [ -114.317244118443355, 43.887464766018397 ], [ -114.318224543929773, 43.887148171681389 ], [ -114.31914418195322, 43.886927866518946 ], [ -114.320316357326988, 43.886457128307171 ], [ -114.321886324077724, 43.885983804167523 ], [ -114.322569330008619, 43.886139485981559 ], [ -114.323337808124222, 43.885747987699567 ], [ -114.324234597423995, 43.885973963899986 ], [ -114.325649580353272, 43.886643991330672 ], [ -114.325934535185141, 43.886968802548552 ], [ -114.325968557195566, 43.88759352593771 ], [ -114.326476415524667, 43.88714657938403 ], [ -114.326986187859447, 43.886744588556304 ], [ -114.328508814256423, 43.886605668802815 ], [ -114.32914429559159, 43.886780704080628 ], [ -114.331307918057121, 43.886668063435692 ], [ -114.332656910991005, 43.887119354497372 ], [ -114.333220968366476, 43.887575545667296 ], [ -114.335243239954963, 43.888205212542658 ], [ -114.335552306921542, 43.888803890199483 ], [ -114.336820163210277, 43.889131458811718 ], [ -114.338898388360207, 43.88914271232855 ], [ -114.340193231985282, 43.889681027793365 ], [ -114.341447269969905, 43.889500275413162 ], [ -114.343287058747521, 43.890265684456182 ], [ -114.34373843288752, 43.89001388045105 ], [ -114.344006593452036, 43.888849130232181 ], [ -114.344550250916996, 43.887869872812267 ], [ -114.345949963282152, 43.886721475099577 ], [ -114.347293657688212, 43.885768267181483 ], [ -114.348418203713877, 43.88537516194306 ], [ -114.349584929596801, 43.885543499801337 ], [ -114.350418586872635, 43.885235436201448 ], [ -114.351145634310868, 43.885277116339694 ], [ -114.352222770736844, 43.884660288592343 ], [ -114.352403403341256, 43.884357881346958 ], [ -114.352380474577203, 43.882733500525191 ], [ -114.352167864460739, 43.880137852654698 ], [ -114.352300108966276, 43.878932057579362 ], [ -114.353083126188665, 43.877464064446556 ], [ -114.354279938735772, 43.876276507432308 ], [ -114.355426597260887, 43.875374007634008 ], [ -114.355947704620775, 43.875165124132685 ], [ -114.356050958114636, 43.874635407393825 ], [ -114.356559838552386, 43.874233311826103 ], [ -114.357418860313473, 43.874113517217388 ], [ -114.358880175468016, 43.874070526750458 ], [ -114.360048040484884, 43.874445794698907 ], [ -114.361277728104795, 43.875300896529467 ], [ -114.362212555527933, 43.87536339605056 ], [ -114.363838949384288, 43.875896178021669 ], [ -114.366933548078322, 43.877686585376878 ], [ -114.367323975104824, 43.877526516701181 ], [ -114.368627104310491, 43.878208313965786 ], [ -114.370275050551129, 43.879127499092448 ], [ -114.371602019935679, 43.880240704914087 ], [ -114.371914395927661, 43.881050756496357 ], [ -114.372406573091098, 43.881517882141686 ], [ -114.373480087914118, 43.881675225136739 ], [ -114.374830210764884, 43.882022448266291 ], [ -114.377418545300571, 43.881896374328129 ], [ -114.37945200534746, 43.882560935580386 ], [ -114.380973678205166, 43.882848987836034 ], [ -114.38276083776303, 43.883421750330605 ], [ -114.383649588379853, 43.883832058158085 ], [ -114.384734125977261, 43.88418253324069 ], [ -114.385292831494326, 43.884647630578272 ], [ -114.38700028558533, 43.884259361989344 ], [ -114.38819101882433, 43.884129490549192 ], [ -114.389933588191766, 43.885518242843297 ], [ -114.390777312815743, 43.886312461224193 ], [ -114.391250206869913, 43.886446962596324 ], [ -114.391343539794207, 43.886925853103662 ], [ -114.391320717719495, 43.887691791441142 ], [ -114.392345155165586, 43.888143013210772 ], [ -114.393094823819482, 43.88845834416913 ], [ -114.394041310999071, 43.888718303363291 ], [ -114.394994672541245, 43.889225633066808 ], [ -114.395950276004911, 43.889525818340111 ], [ -114.396587301578833, 43.890182093151225 ], [ -114.397699257855535, 43.891017793459255 ], [ -114.397853890719873, 43.891400321879978 ], [ -114.398653408116289, 43.891421533028051 ], [ -114.399323171237143, 43.891500622893687 ], [ -114.400965273605735, 43.891114092321558 ], [ -114.402061439708191, 43.891657621863615 ], [ -114.402720115669766, 43.892088140530355 ], [ -114.403702382984278, 43.892427978363287 ], [ -114.404286462874722, 43.892167477509176 ], [ -114.404576918322334, 43.892590961841336 ], [ -114.405099712421574, 43.892985004746244 ], [ -114.406151892571827, 43.893363249765173 ], [ -114.406981314624943, 43.893914690768206 ], [ -114.408490131005564, 43.894688921371433 ], [ -114.409937184653316, 43.895559510863514 ], [ -114.410000686981789, 43.895656905289322 ], [ -114.40994160661954, 43.895912241505805 ], [ -114.409970029162309, 43.896425346632043 ], [ -114.409865505490217, 43.897524168518494 ], [ -114.409705801615516, 43.89783987119683 ], [ -114.409633625184455, 43.898209278281882 ], [ -114.409337385368957, 43.898588493586487 ], [ -114.409265822530799, 43.89904793839878 ], [ -114.409254666152975, 43.899237053415725 ], [ -114.409306569154239, 43.899542991952607 ], [ -114.409348611914737, 43.900227119436302 ], [ -114.40933912114194, 43.900659329020534 ], [ -114.40925461068359, 43.901046790782409 ], [ -114.408983135127627, 43.901407908980389 ], [ -114.409059202947404, 43.90160571715176 ], [ -114.409060929054405, 43.901857813342318 ], [ -114.409102767359201, 43.901966696038762 ], [ -114.409246443771409, 43.902163183367982 ], [ -114.409465780181378, 43.902279443371242 ], [ -114.409600069971134, 43.902396101459125 ], [ -114.409949656597234, 43.902529900898635 ], [ -114.410236612879373, 43.902609905795572 ], [ -114.410747152375833, 43.902608071848036 ], [ -114.411083856914885, 43.902678890334172 ], [ -114.411296164108563, 43.902768162936177 ], [ -114.411783724295432, 43.903045518537922 ], [ -114.412357336684977, 43.903160499395312 ], [ -114.412507323732925, 43.903240989149658 ], [ -114.412744353093615, 43.903303160646423 ], [ -114.413106715678126, 43.903481924322996 ], [ -114.413582273986407, 43.903822342967793 ], [ -114.413794713685306, 43.903929617732658 ], [ -114.41394632668603, 43.904244194652037 ], [ -114.414173235030546, 43.904372484837232 ], [ -114.414409255900622, 43.904557646400391 ], [ -114.414659744967054, 43.90476381991234 ], [ -114.414984576517369, 43.904915704613629 ], [ -114.415435001030033, 43.905220192125647 ], [ -114.415535436964277, 43.905336872603662 ], [ -114.415560906172345, 43.905417814637431 ], [ -114.415490197550739, 43.90599430531914 ], [ -114.415541512262024, 43.906210206303918 ], [ -114.415955844371652, 43.906694895891668 ], [ -114.416131315751414, 43.906856322699625 ], [ -114.416244899063003, 43.907071996564056 ], [ -114.416220745705147, 43.907180128307957 ], [ -114.416123002384552, 43.907450593687912 ], [ -114.416124068677007, 43.907603649996652 ], [ -114.416200607317023, 43.90786447879951 ], [ -114.416079837718172, 43.908405137336885 ], [ -114.41609373367946, 43.908612168775221 ], [ -114.416169395242235, 43.908746949722037 ], [ -114.416294745543738, 43.908863538720475 ], [ -114.416469784808612, 43.908961942810222 ], [ -114.416669606041438, 43.909042245381123 ], [ -114.416745520737848, 43.909213039588629 ], [ -114.417021196112572, 43.909455130466668 ], [ -114.417148121650882, 43.909796805644959 ], [ -114.417112961384959, 43.910112063287443 ], [ -114.417177494055153, 43.910435958835834 ], [ -114.417240769454054, 43.910579786087595 ], [ -114.417391662647717, 43.910786316991633 ], [ -114.41739279525062, 43.910948378398025 ], [ -114.417331909796275, 43.911146680874594 ], [ -114.4173211544922, 43.911389820252026 ], [ -114.41726039416892, 43.911606129498729 ], [ -114.41726240711607, 43.911894238625749 ], [ -114.417213597048459, 43.912038475076884 ], [ -114.417114844307179, 43.912164886535606 ], [ -114.416978477123024, 43.912255420610613 ], [ -114.416680518964682, 43.912391560251486 ], [ -114.416456845410551, 43.912464404741741 ], [ -114.416370042443461, 43.912518742887947 ], [ -114.416260276253254, 43.912852279210703 ], [ -114.41625033213559, 43.913212460951364 ], [ -114.416127858600206, 43.913510025244186 ], [ -114.415979722271643, 43.913699642772187 ], [ -114.415669550797162, 43.913871838750985 ], [ -114.415533428126352, 43.9139983847328 ], [ -114.41511422928393, 43.914612155562921 ], [ -114.415066788618176, 43.91495446602891 ], [ -114.414981107000486, 43.915170864450495 ], [ -114.414948122073426, 43.915801238620773 ], [ -114.414727997974509, 43.916387275688422 ], [ -114.414804291866417, 43.916612087781992 ], [ -114.41479258728755, 43.916720173856206 ], [ -114.414543922466791, 43.916784103433507 ], [ -114.414345577477604, 43.91691987547663 ], [ -114.414109678707305, 43.917028774175357 ], [ -114.413301898968527, 43.917292805748829 ], [ -114.413202319338325, 43.917302167698779 ], [ -114.413002786359243, 43.917266874502168 ], [ -114.4127787788549, 43.917294696588471 ], [ -114.412579432765412, 43.917286411070947 ], [ -114.412056685452242, 43.917342319047151 ], [ -114.411758380256146, 43.917433430639477 ], [ -114.41142221197633, 43.917452648730567 ], [ -114.411035788512123, 43.917409022993702 ], [ -114.410401188634111, 43.917501340199685 ], [ -114.410264489760564, 43.917546847419615 ], [ -114.409966613511102, 43.917700980009457 ], [ -114.40914622736183, 43.917947016546933 ], [ -114.408623470938608, 43.918002908845814 ], [ -114.40807611038268, 43.918103906571965 ], [ -114.407727235718482, 43.91808714464559 ], [ -114.407428797247505, 43.91816023814139 ], [ -114.40701776803219, 43.91816170290096 ], [ -114.406806148381335, 43.918180463720901 ], [ -114.406433465881335, 43.918325847941048 ], [ -114.405463529061748, 43.918563388002745 ], [ -114.405153118618401, 43.918708547065748 ], [ -114.404804851590626, 43.918781810359853 ], [ -114.404281900753602, 43.918810670791807 ], [ -114.404083220946589, 43.918901409821594 ], [ -114.40389656981958, 43.9189290823862 ], [ -114.403511602408727, 43.919101509568023 ], [ -114.403450419333097, 43.91926379091786 ], [ -114.403402117461667, 43.919489053957427 ], [ -114.403278776586845, 43.919669561873562 ], [ -114.403143708702288, 43.919958154556433 ], [ -114.402970481905854, 43.920129832681333 ], [ -114.402908931770028, 43.920238093244294 ], [ -114.402910207725242, 43.920427166714084 ], [ -114.402824535008648, 43.920652557622965 ], [ -114.402801080941103, 43.920868727332767 ], [ -114.402715103545304, 43.921049102887764 ], [ -114.402505718169849, 43.921400983812852 ], [ -114.402358307869207, 43.921707626205915 ], [ -114.402224747465226, 43.922221301200587 ], [ -114.402153830684455, 43.922788780890571 ], [ -114.402080365675985, 43.922978113695521 ], [ -114.401944739052453, 43.923185675962024 ], [ -114.401870424376639, 43.92324896089427 ], [ -114.401561502289397, 43.92339806825148 ], [ -114.401151819338935, 43.923827717648507 ], [ -114.400966602802455, 43.924071467285877 ], [ -114.400470751819896, 43.924433350945144 ], [ -114.400110712981984, 43.924614684570983 ], [ -114.399501475149322, 43.924787883130215 ], [ -114.399240965690979, 43.924950858758898 ], [ -114.398955420675065, 43.925095913959694 ], [ -114.398558844021167, 43.92540342090728 ], [ -114.398274136174862, 43.925674522140383 ], [ -114.397778315548578, 43.926045399336324 ], [ -114.397493960832733, 43.926370519074631 ], [ -114.397420356807757, 43.926541842019056 ], [ -114.397384723472484, 43.926803072644638 ], [ -114.397498817279356, 43.927099793373671 ], [ -114.397363824725019, 43.927406385832704 ], [ -114.397355023498207, 43.92795563879713 ], [ -114.397158818886524, 43.928424508870634 ], [ -114.397080241046908, 43.929721302298297 ], [ -114.397007470218242, 43.930018672552691 ], [ -114.396725366728248, 43.930685919566287 ], [ -114.396527473402585, 43.930902693105232 ], [ -114.396416965121986, 43.931146175809346 ], [ -114.396256563323277, 43.931380826013431 ], [ -114.395798535460386, 43.931823588477712 ], [ -114.395650766849684, 43.93208520667374 ], [ -114.395477841454607, 43.932310893699771 ], [ -114.39538026196432, 43.932626359461715 ], [ -114.395207810980651, 43.932924073277846 ], [ -114.394998101717889, 43.933239926431604 ], [ -114.394775514650036, 43.933492796627093 ], [ -114.394726513789138, 43.933619016395241 ], [ -114.39472782395714, 43.933817091208574 ], [ -114.394604427483088, 43.933997589517276 ], [ -114.394630595304179, 43.934186573069454 ], [ -114.394593814261071, 43.934276736142124 ], [ -114.394420521539217, 43.934448404723511 ], [ -114.394073041225283, 43.934656684695589 ], [ -114.393863082216825, 43.934936522117596 ], [ -114.393740334296666, 43.935216055067961 ], [ -114.393804114787457, 43.93544092717719 ], [ -114.393821446318697, 43.936179162898213 ], [ -114.393785851173547, 43.936449393637041 ], [ -114.393724683565594, 43.936620671047393 ], [ -114.392836504802204, 43.93797426800414 ], [ -114.392378934090601, 43.938498048891631 ], [ -114.392155961377156, 43.938696893493258 ], [ -114.392007745868327, 43.938895481218154 ], [ -114.391461523880196, 43.939203476097752 ], [ -114.391263996646771, 43.939483265940041 ], [ -114.39090425205444, 43.939727592484857 ], [ -114.390755735010131, 43.939881163400322 ], [ -114.390507772724774, 43.940071084795306 ], [ -114.390182414959384, 43.940125319244018 ], [ -114.390121923918457, 43.940135429736621 ], [ -114.390080185321992, 43.940155019995601 ], [ -114.389774101441759, 43.940298681430093 ], [ -114.389438031943044, 43.940353848854002 ], [ -114.389226562833215, 43.940408590939086 ], [ -114.388507683800427, 43.940440749214147 ], [ -114.388035789494324, 43.940514381420627 ], [ -114.387570480327469, 43.940585286463296 ], [ -114.38722223916659, 43.940685508430192 ], [ -114.386869943260834, 43.940794924928888 ], [ -114.386450992060844, 43.940886198449057 ], [ -114.386140535818413, 43.941049312687824 ], [ -114.38592900292727, 43.941095043484736 ], [ -114.38554285153576, 43.94111435420124 ], [ -114.384921116735129, 43.941314529329901 ], [ -114.384654740478723, 43.941377461090802 ], [ -114.384398248314426, 43.9413883182037 ], [ -114.384196788356078, 43.941431314429295 ], [ -114.383900067502211, 43.941426007367511 ], [ -114.38348939773644, 43.941508420476723 ], [ -114.3830791314967, 43.941653854116097 ], [ -114.382694072810423, 43.941844218029772 ], [ -114.38244584578004, 43.941998111986962 ], [ -114.382110970779394, 43.942242327515395 ], [ -114.381577185007657, 43.942559238793557 ], [ -114.38136575832452, 43.942622967964162 ], [ -114.38100486162763, 43.942696200610506 ], [ -114.380681805476897, 43.942841334798935 ], [ -114.380347845376676, 43.943016126184169 ], [ -114.379973614413558, 43.943167821239491 ], [ -114.379687534243189, 43.943249806302809 ], [ -114.37943854912173, 43.943286647717727 ], [ -114.379114742110289, 43.943314731462209 ], [ -114.378939777279669, 43.943234281291303 ], [ -114.37871394132965, 43.942991931199778 ], [ -114.378624945340334, 43.942713116549406 ], [ -114.378324292279217, 43.942462011751367 ], [ -114.378186826731266, 43.942399439839932 ], [ -114.377762598469388, 43.942310807155167 ], [ -114.377550769700974, 43.942311507246302 ], [ -114.377264462514987, 43.94235747263162 ], [ -114.37695289245606, 43.94234949547797 ], [ -114.37655398517488, 43.942323801728037 ], [ -114.376204693163501, 43.942261925272881 ], [ -114.375931072610072, 43.942343859923334 ], [ -114.375707917170473, 43.942524665728577 ], [ -114.375533922682322, 43.942597266423668 ], [ -114.375198109907259, 43.942697407271552 ], [ -114.37475126023763, 43.942895243776533 ], [ -114.374191003668244, 43.94305185155546 ], [ -114.37325735425361, 43.943198962602636 ], [ -114.372734229529954, 43.943236684555146 ], [ -114.372460374819624, 43.943282593676869 ], [ -114.371826280687699, 43.943509750357343 ], [ -114.371528343540177, 43.943690791280289 ], [ -114.371341879702953, 43.943763426121123 ], [ -114.370831433469007, 43.943837112523426 ], [ -114.369772373231328, 43.943858551724617 ], [ -114.369510472297961, 43.943823384568212 ], [ -114.369298136322257, 43.943743036877486 ], [ -114.369172803741961, 43.94362639697286 ], [ -114.368996793175938, 43.943374864907462 ], [ -114.368759394126457, 43.943211043802577 ], [ -114.368493228555565, 43.943089905563923 ], [ -114.368275193294579, 43.942933675853041 ], [ -114.367833724222464, 43.942694341725542 ], [ -114.367721412234289, 43.942667690624425 ], [ -114.36753450316634, 43.942668291952138 ], [ -114.367236224566298, 43.942795301252339 ], [ -114.367100154863849, 43.942957803145511 ], [ -114.366916456647616, 43.943480601511453 ], [ -114.366731205465896, 43.943751303958337 ], [ -114.366695206565652, 43.943976511074425 ], [ -114.366497436591047, 43.944238247900763 ], [ -114.366537087546675, 43.944607269735641 ], [ -114.36651327187576, 43.94478741792971 ], [ -114.366426874095367, 43.944922747063835 ], [ -114.366216251793546, 43.945121501248806 ], [ -114.366006070028689, 43.945392282341182 ], [ -114.36584506866852, 43.945554862522627 ], [ -114.365720953375813, 43.945636293926114 ], [ -114.365546827234013, 43.945690872623707 ], [ -114.36522283501499, 43.945691908621612 ], [ -114.365135771661684, 43.945719195824076 ], [ -114.364999303975154, 43.9458186730891 ], [ -114.364850870157383, 43.945999218890684 ], [ -114.364689533739551, 43.946107776969846 ], [ -114.364502723863382, 43.946126380200219 ], [ -114.364290716262005, 43.946100043718161 ], [ -114.364178564326252, 43.946100401206586 ], [ -114.363680934658376, 43.946237041711811 ], [ -114.36353189221505, 43.946318546460184 ], [ -114.36337066221796, 43.946445109508488 ], [ -114.363159854805261, 43.94657507299317 ], [ -114.363015920077828, 43.946697527152715 ], [ -114.362787057249648, 43.946789100185498 ], [ -114.362488693208377, 43.946907095494154 ], [ -114.362401845626223, 43.946970394271133 ], [ -114.36215545796513, 43.947439361916288 ], [ -114.362033628883751, 43.947898932639376 ], [ -114.36170093007253, 43.948521231790473 ], [ -114.361443159843986, 43.94917030547424 ], [ -114.361023213163335, 43.949792882060621 ], [ -114.360976361798677, 43.95028822528284 ], [ -114.360817294439727, 43.950774921056563 ], [ -114.360656808910562, 43.951027527957955 ], [ -114.360583232311271, 43.951225838925865 ], [ -114.360298772746546, 43.95158687940603 ], [ -114.360151071610716, 43.951893466725664 ], [ -114.359520366786597, 43.952705774914904 ], [ -114.359372550397481, 43.952994354377765 ], [ -114.359065643086907, 43.953769626795058 ], [ -114.358905087969319, 43.954013229551229 ], [ -114.358767589284867, 43.954236229730576 ], [ -114.358696122985407, 43.954393384609574 ], [ -114.358624884913183, 43.95456782738794 ], [ -114.358498410081921, 43.954779808262714 ], [ -114.358337670010414, 43.954952192487561 ], [ -114.357940378646447, 43.955249743510372 ], [ -114.357580024269325, 43.955430943221856 ], [ -114.357184205253432, 43.955705169531043 ], [ -114.356727576068721, 43.956002903568127 ], [ -114.356354384607528, 43.956289841407234 ], [ -114.356103506550383, 43.956542995449198 ], [ -114.355944006793081, 43.956966658468581 ], [ -114.355820391530784, 43.957138113117601 ], [ -114.355609476091288, 43.957300833976127 ], [ -114.355100073813887, 43.957572525264183 ], [ -114.354765534967555, 43.957906694691353 ], [ -114.354467741729763, 43.958132709906572 ], [ -114.354331441887084, 43.958268184381289 ], [ -114.35408483760159, 43.958719127258632 ], [ -114.353987317386483, 43.959088577507799 ], [ -114.353826406691041, 43.959278149003943 ], [ -114.353579474089173, 43.959675070327378 ], [ -114.353195804706445, 43.96013544058836 ], [ -114.352952488829459, 43.961144591756998 ], [ -114.352953288344366, 43.961279640956619 ], [ -114.353016517219785, 43.961432508029972 ], [ -114.353104515590402, 43.961558286031497 ], [ -114.353242319368846, 43.961674904640539 ], [ -114.353367392250391, 43.961746546433602 ], [ -114.353504716513314, 43.961782135932609 ], [ -114.354015926238716, 43.961807565756772 ], [ -114.354116124516409, 43.961888285554039 ], [ -114.354166624910164, 43.961996171801715 ], [ -114.354118477600252, 43.962284435044367 ], [ -114.353922249060204, 43.962825256751039 ], [ -114.353812951018426, 43.963311787564827 ], [ -114.353601626025181, 43.963851576742172 ], [ -114.35339597488057, 43.964465533660437 ], [ -114.353322357804018, 43.964663839621778 ], [ -114.353161163363723, 43.964808394883626 ], [ -114.352800949915562, 43.965025593037062 ], [ -114.352552815430613, 43.965224437180446 ], [ -114.352391883744232, 43.965414010124185 ], [ -114.352256467115836, 43.965702541514652 ], [ -114.352145129168349, 43.965846941610707 ], [ -114.352033631157127, 43.965964329615609 ], [ -114.351748306120328, 43.966199300780026 ], [ -114.351362404947352, 43.966290523628736 ], [ -114.351051455168445, 43.966408527399629 ], [ -114.35071604967986, 43.966607635592744 ], [ -114.35049315064829, 43.966860419088896 ], [ -114.350356557322613, 43.966950873544754 ], [ -114.350170047790058, 43.967032475459987 ], [ -114.349796498850154, 43.967105648043393 ], [ -114.349498429792632, 43.967295636583046 ], [ -114.349324964222376, 43.967476238122586 ], [ -114.349251751968211, 43.967746568559832 ], [ -114.349090908435528, 43.967954140012324 ], [ -114.348693526621815, 43.968216458221896 ], [ -114.348507747854967, 43.968424104926989 ], [ -114.348234758007024, 43.968641022493749 ], [ -114.347402785566345, 43.969201775245779 ], [ -114.346981556242667, 43.969653232734842 ], [ -114.346772039260941, 43.970068032125653 ], [ -114.346648108782276, 43.970194457873816 ], [ -114.346362376032104, 43.970366393609623 ], [ -114.345864973053622, 43.970583985468288 ], [ -114.34564135981735, 43.970719713545265 ], [ -114.345567187275307, 43.970827980484238 ], [ -114.345531092687096, 43.971053180178409 ], [ -114.345357181662948, 43.971225401826608 ], [ -114.345121677154367, 43.97139655236063 ], [ -114.344863358978941, 43.971546521085038 ], [ -114.344487023405108, 43.97159654555152 ], [ -114.344100712173088, 43.971624718395844 ], [ -114.343913607924094, 43.971607274595378 ], [ -114.343713465934201, 43.971490832471979 ], [ -114.343537894702223, 43.971311289482252 ], [ -114.343134608416136, 43.970556203074736 ], [ -114.34292153879808, 43.970358764606424 ], [ -114.342721351160293, 43.970233315503805 ], [ -114.342521526551806, 43.970170888015346 ], [ -114.342197090320951, 43.970117838777874 ], [ -114.341636000145456, 43.970101510626954 ], [ -114.341249284810786, 43.97005765023723 ], [ -114.340875242347565, 43.970049761336696 ], [ -114.340600776529755, 43.970014565585473 ], [ -114.340326053989656, 43.969934353983341 ], [ -114.33961367694414, 43.969621347385242 ], [ -114.33917674244087, 43.969514602559144 ], [ -114.338902536051037, 43.969524421515693 ], [ -114.338752889789518, 43.969515859904028 ], [ -114.338441335660804, 43.969534790220621 ], [ -114.338242079890293, 43.969571394427867 ], [ -114.337968996257445, 43.969779285961359 ], [ -114.337670926990626, 43.969978245321833 ], [ -114.337509578192638, 43.970104771735151 ], [ -114.337211149169349, 43.970240704290902 ], [ -114.337026086563853, 43.970384766884486 ], [ -114.336783574562801, 43.970488754444141 ], [ -114.336477410083361, 43.970557993366072 ], [ -114.336228588490343, 43.970648761305 ], [ -114.335918137566679, 43.970754023739943 ], [ -114.335581008688123, 43.970859637390099 ], [ -114.335315765171472, 43.970912634854116 ], [ -114.334971901320856, 43.971084622630464 ], [ -114.334685776521098, 43.971193503650852 ], [ -114.334299311569609, 43.97119463496221 ], [ -114.33393727534451, 43.97110565808002 ], [ -114.333599971759682, 43.97098059364464 ], [ -114.333250203043974, 43.970855564565191 ], [ -114.33286313681073, 43.970748650169092 ], [ -114.33252618911024, 43.970686604571206 ], [ -114.332164309135479, 43.970624634059995 ], [ -114.331865063100821, 43.970616498211392 ], [ -114.331515700779079, 43.970563491038789 ], [ -114.331365802630671, 43.970509904532229 ], [ -114.331165438575439, 43.970348421489106 ], [ -114.331014641200881, 43.970132773203261 ], [ -114.330764513858696, 43.969989440697141 ], [ -114.330676649874718, 43.969881652382938 ], [ -114.330640114460095, 43.969902826419258 ], [ -114.33057753560395, 43.96983575094908 ], [ -114.330552053667574, 43.969736785595771 ], [ -114.330564169183987, 43.969673725682355 ], [ -114.33068788303946, 43.969502300224995 ], [ -114.330648837222824, 43.969205295981581 ], [ -114.330497844933575, 43.968953633320552 ], [ -114.330184593931307, 43.96866642521541 ], [ -114.329884261700528, 43.968460210927766 ], [ -114.32943448880161, 43.968281437449441 ], [ -114.329109477735074, 43.968120310031459 ], [ -114.32883423284818, 43.967941031367921 ], [ -114.328633685740513, 43.967743530115101 ], [ -114.328433884113508, 43.967681079692042 ], [ -114.328221320811139, 43.967564644243751 ], [ -114.327771559634925, 43.967385864155283 ], [ -114.327496520028774, 43.967242595880137 ], [ -114.327358851133567, 43.967143951251387 ], [ -114.327295584206581, 43.96697306491572 ], [ -114.327444084950073, 43.966774561217619 ], [ -114.327405845910619, 43.966621610322591 ], [ -114.327441859314277, 43.9663694075252 ], [ -114.327415939010763, 43.966189410648177 ], [ -114.327289997972031, 43.965955678942485 ], [ -114.326901541047107, 43.965587645037466 ], [ -114.326812951391332, 43.965344802357642 ], [ -114.326735050000238, 43.964777800887198 ], [ -114.326784220133803, 43.96465161043762 ], [ -114.32692074414993, 43.964543177194919 ], [ -114.327094862146481, 43.964470650419912 ], [ -114.327168862817373, 43.964326381595178 ], [ -114.327292921474893, 43.964217983592256 ], [ -114.327429693328412, 43.964154566828597 ], [ -114.327653917529972, 43.964126913411988 ], [ -114.327840546809341, 43.964063353180663 ], [ -114.327977070048689, 43.963954918667639 ], [ -114.328051216585408, 43.963837659524664 ], [ -114.328038007102961, 43.96370264402475 ], [ -114.328062094908361, 43.963549514320889 ], [ -114.327786923848038, 43.963379236335705 ], [ -114.327710946092381, 43.963163368766338 ], [ -114.327821299943281, 43.962829920401703 ], [ -114.327782666502046, 43.962604942151849 ], [ -114.327781923959137, 43.962469890829887 ], [ -114.327940797851696, 43.96189320688044 ], [ -114.327923676794939, 43.961046920892294 ], [ -114.328095355561473, 43.960533224803818 ], [ -114.328081505172662, 43.960281164700902 ], [ -114.327966600927496, 43.959786298347439 ], [ -114.327964421808275, 43.959390147604985 ], [ -114.328074271972312, 43.958966664533094 ], [ -114.328345060226539, 43.958344640446114 ], [ -114.328319339135675, 43.958200657229703 ], [ -114.328168384808848, 43.957948990887779 ], [ -114.328167195537731, 43.957732908602651 ], [ -114.32824049145556, 43.957462590941176 ], [ -114.328214622332865, 43.957291597388938 ], [ -114.328287223531561, 43.956895231660774 ], [ -114.328335378070548, 43.956586360799633 ], [ -114.328406351879039, 43.956324783116344 ], [ -114.328482475322971, 43.956138370413186 ], [ -114.328519269252553, 43.956030221752926 ], [ -114.328468274772021, 43.955823286152025 ], [ -114.328517086747141, 43.955634070770962 ], [ -114.328478656381165, 43.955445106187213 ], [ -114.328415991400874, 43.955382261287056 ], [ -114.328153668512869, 43.955274972030239 ], [ -114.327953067472791, 43.955059462138969 ], [ -114.327552661023759, 43.954772496207141 ], [ -114.327014027206801, 43.954278842267271 ], [ -114.32657634130554, 43.954009986707923 ], [ -114.326263434356903, 43.953767783982876 ], [ -114.325838315650969, 43.953516896843183 ], [ -114.325588074002539, 43.953337538583789 ], [ -114.32543763493922, 43.953175902730166 ], [ -114.325274391362797, 43.952951278073414 ], [ -114.325073612256347, 43.952699749225893 ], [ -114.324960465005475, 43.952519999471306 ], [ -114.324872834847753, 43.952448220009288 ], [ -114.324760375088246, 43.952394518209111 ], [ -114.324510827274409, 43.95234120569814 ], [ -114.323949714358804, 43.95228877635418 ], [ -114.323625342877776, 43.952226670429027 ], [ -114.323338261133173, 43.9521464509114 ], [ -114.323113445756036, 43.952057051038459 ], [ -114.322875877227887, 43.95191366527564 ], [ -114.322562850209366, 43.951644441918866 ], [ -114.321980612929593, 43.951394255650754 ], [ -114.321635310067251, 43.951147087606728 ], [ -114.321375271408968, 43.95097251951583 ], [ -114.321187606850017, 43.950837993431755 ], [ -114.321149784647204, 43.950757067497243 ], [ -114.321053896497332, 43.95067810542551 ], [ -114.320980834228791, 43.950556403975611 ], [ -114.320883813029837, 43.950452053036948 ], [ -114.320686255683697, 43.950308190170446 ], [ -114.320521876629329, 43.949867475787528 ], [ -114.320521005703057, 43.949705413721688 ], [ -114.320570273544391, 43.949597232506981 ], [ -114.320755945086518, 43.949362618278037 ], [ -114.320891430526572, 43.949065119588802 ], [ -114.320988655393606, 43.948605663667323 ], [ -114.321136113820842, 43.948218095153486 ], [ -114.321147604867761, 43.948037991130541 ], [ -114.32103181563447, 43.947363047461558 ], [ -114.320968198059603, 43.947120129303123 ], [ -114.320779532280767, 43.946796529911509 ], [ -114.320390563859888, 43.946302423786257 ], [ -114.319790870816789, 43.946015988786826 ], [ -114.319515900898395, 43.945863696954234 ], [ -114.319328162752129, 43.945711160716584 ], [ -114.319165827348399, 43.9456485891209 ], [ -114.318916505264554, 43.94563127805322 ], [ -114.318056677647732, 43.945633674539089 ], [ -114.317732923920204, 43.945679593171242 ], [ -114.317520697194865, 43.945608154362752 ], [ -114.316747523849685, 43.945502257089501 ], [ -114.31640652708937, 43.945445308718192 ], [ -114.316189175301531, 43.945393691324924 ], [ -114.315875372223076, 43.945342246543007 ], [ -114.315114195816932, 43.945335704693434 ], [ -114.314540362047936, 43.945220239003852 ], [ -114.314291280223784, 43.94524793513699 ], [ -114.314005097625198, 43.945329754230826 ], [ -114.312449189832378, 43.945667152055414 ], [ -114.311564718219785, 43.945723588616666 ], [ -114.311028789001995, 43.945707041440087 ], [ -114.310767428531349, 43.945770777672919 ], [ -114.310468965891701, 43.945888635662229 ], [ -114.309945776259795, 43.945926070334473 ], [ -114.309360093589802, 43.945927657454639 ], [ -114.309098543732432, 43.945955376020244 ], [ -114.308799750584413, 43.946010205409898 ], [ -114.308064297980408, 43.945967172577106 ], [ -114.307441600676611, 43.946040878369722 ], [ -114.306830852538184, 43.946015509191852 ], [ -114.306543825580363, 43.945935247233891 ], [ -114.30631942853185, 43.94591784181253 ], [ -114.306144692212854, 43.945864288550283 ], [ -114.30590769443252, 43.945819905307125 ], [ -114.305445888369519, 43.945677083217923 ], [ -114.30513361741599, 43.945533860050766 ], [ -114.305021467113349, 43.945534159472004 ], [ -114.304872069759156, 43.945561568938288 ], [ -114.304810038104719, 43.945615755969115 ], [ -114.304723546140508, 43.945760044104894 ], [ -114.304575986941543, 43.946147591896136 ], [ -114.304439875142947, 43.946337030000805 ], [ -114.304153813897074, 43.946445834856021 ], [ -114.303855701635669, 43.94663570334373 ], [ -114.303581914887218, 43.946708459765048 ], [ -114.303432651323902, 43.946762877756584 ], [ -114.303035437151749, 43.947070053863868 ], [ -114.302625253498917, 43.94727822345218 ], [ -114.302302710763811, 43.947567192028707 ], [ -114.30184285884981, 43.947811504530655 ], [ -114.30147041664226, 43.948091598944735 ], [ -114.301010645651687, 43.948353915036655 ], [ -114.300736938312426, 43.948444671585825 ], [ -114.300426117732911, 43.948589546577878 ], [ -114.300190382091714, 43.948797248595724 ], [ -114.299705859427334, 43.949095638771475 ], [ -114.299332676192066, 43.949231670737689 ], [ -114.29868532523902, 43.949368418455833 ], [ -114.298436128452678, 43.949378073142682 ], [ -114.297875018200074, 43.949316512125932 ], [ -114.297638374679579, 43.949344139519077 ], [ -114.297513933445245, 43.949380477927981 ], [ -114.297327674009594, 43.949516016505392 ], [ -114.297053731485676, 43.949561746903235 ], [ -114.296630780149798, 43.9497159065725 ], [ -114.296319227225723, 43.949716714911851 ], [ -114.296219708753412, 43.949752987277172 ], [ -114.296132874612098, 43.949834244607032 ], [ -114.29609633854173, 43.950005407390137 ], [ -114.295960235696825, 43.950203838834256 ], [ -114.295775356804754, 43.950618482376861 ], [ -114.29558949115625, 43.950835049321228 ], [ -114.295378389620069, 43.950988656112926 ], [ -114.295141869458931, 43.951043288758562 ], [ -114.294630910418775, 43.951044607365162 ], [ -114.29400761053391, 43.951010198459706 ], [ -114.293571468195509, 43.951020323386722 ], [ -114.293085699637786, 43.951075591859215 ], [ -114.292637758100042, 43.951220797223911 ], [ -114.292438534920805, 43.951257321584947 ], [ -114.292139435074972, 43.951258086658349 ], [ -114.291229363968398, 43.951197384654584 ], [ -114.291017546948382, 43.951206927887469 ], [ -114.290668992303409, 43.951288847294556 ], [ -114.290295204886391, 43.951307804666939 ], [ -114.290195680072912, 43.951344071793017 ], [ -114.290108747802265, 43.951407317609238 ], [ -114.290022343240722, 43.951578605004002 ], [ -114.289783864521439, 43.951821316348564 ], [ -114.289613219775035, 43.952020818161664 ], [ -114.289266012205857, 43.952381840874104 ], [ -114.289018328364534, 43.952706596506623 ], [ -114.288695385183914, 43.952932502372157 ], [ -114.288583743623093, 43.953040827334839 ], [ -114.288262320204609, 43.953581853394795 ], [ -114.28797710509933, 43.953879690642502 ], [ -114.287816303456879, 43.954132195970317 ], [ -114.287381699114491, 43.95446642219612 ], [ -114.287059086941682, 43.954764351154843 ], [ -114.28679943880276, 43.955197174819446 ], [ -114.286576223977164, 43.955431827826757 ], [ -114.286325031029548, 43.955732278400525 ], [ -114.286182510174044, 43.955875162030708 ], [ -114.285844964855741, 43.955946775013416 ], [ -114.285606582014012, 43.955956462898882 ], [ -114.285357613953508, 43.956020109937576 ], [ -114.285108817553237, 43.956119770304831 ], [ -114.28502200203846, 43.95621002263384 ], [ -114.284985817521928, 43.956462212973861 ], [ -114.284911509198636, 43.956561437594026 ], [ -114.284762590831264, 43.956696862418205 ], [ -114.284513962451101, 43.956832535355986 ], [ -114.283867180460632, 43.957113254726387 ], [ -114.283182315611128, 43.957250007638123 ], [ -114.283045471973907, 43.957304368126721 ], [ -114.282706117780975, 43.957443863242567 ], [ -114.282417408939054, 43.957618796298497 ], [ -114.282063218118864, 43.957810997065089 ], [ -114.281851844210621, 43.957919561502649 ], [ -114.281055555243, 43.958218640729108 ], [ -114.28022148412046, 43.958436774910481 ], [ -114.279105829714993, 43.958998177001206 ], [ -114.27844262194175, 43.959188419808783 ], [ -114.277920260075732, 43.95943278788198 ], [ -114.277472176728807, 43.959568930377237 ], [ -114.277110879703116, 43.959605821413142 ], [ -114.276699393394097, 43.959570804293818 ], [ -114.276338221054885, 43.959634703293858 ], [ -114.276076889701926, 43.959725370681845 ], [ -114.275766114291656, 43.959906192500341 ], [ -114.275430202808622, 43.960042056214036 ], [ -114.274882435651193, 43.960187432345002 ], [ -114.274467995804173, 43.960269820836501 ], [ -114.27410647476124, 43.960340378054894 ], [ -114.273769167942021, 43.960445718126572 ], [ -114.273513047325636, 43.960559864667623 ], [ -114.273070259246737, 43.960604322679544 ], [ -114.272539555569651, 43.960640431706295 ], [ -114.271984797284674, 43.960676597327428 ], [ -114.270896165259259, 43.960710155636853 ], [ -114.270397667225026, 43.960729343488431 ], [ -114.270073467949658, 43.960703099497728 ], [ -114.269723973393695, 43.960595882184023 ], [ -114.269462218283863, 43.960596499748796 ], [ -114.269250079577077, 43.960542978402223 ], [ -114.268913456714102, 43.96052576396086 ], [ -114.268714066000555, 43.960535236596421 ], [ -114.268440293842559, 43.960634919331511 ], [ -114.268054989195022, 43.960878920192229 ], [ -114.267806264783772, 43.961005553344684 ], [ -114.267021843219482, 43.961196464010236 ], [ -114.266715795551278, 43.961299009126506 ], [ -114.266437175209489, 43.961458932230435 ], [ -114.26610147222874, 43.961648789403391 ], [ -114.265852619996593, 43.961748407885416 ], [ -114.265584683767301, 43.961929012243459 ], [ -114.265455192333832, 43.962073460235601 ], [ -114.265207098236786, 43.962344143294615 ], [ -114.264684934059431, 43.962651475241103 ], [ -114.264373791814123, 43.962760238321252 ], [ -114.263937916708841, 43.962851281603129 ], [ -114.263564008098214, 43.962861148224299 ], [ -114.263165238864261, 43.962773562271494 ], [ -114.26271672979118, 43.962685010668551 ], [ -114.262369840975808, 43.962659695551231 ], [ -114.261968298860978, 43.962564728860798 ], [ -114.261480940899347, 43.962541805618109 ], [ -114.261194523427449, 43.962605485636139 ], [ -114.26073407159339, 43.962777604962191 ], [ -114.260310499683797, 43.962832592073461 ], [ -114.260036153037618, 43.962806206035594 ], [ -114.2594870685746, 43.962663397218719 ], [ -114.259187127808872, 43.96248400664583 ], [ -114.258812751600587, 43.96238581599178 ], [ -114.258650394744421, 43.962314155084911 ], [ -114.258150241678464, 43.961955143468487 ], [ -114.257787830373772, 43.961739876046856 ], [ -114.257535422299455, 43.961654462940047 ], [ -114.257355088747161, 43.961459851969188 ], [ -114.257237168329212, 43.961227913684901 ], [ -114.256998243620245, 43.960742258624222 ], [ -114.256997622655362, 43.960598202923691 ], [ -114.257071477841635, 43.960381951140128 ], [ -114.257020291838046, 43.96027519031702 ], [ -114.256895297314088, 43.960194444676432 ], [ -114.256772399247225, 43.96016743559241 ], [ -114.256733102561725, 43.960158794929548 ], [ -114.256595994258362, 43.960159102899063 ], [ -114.256359441804932, 43.960222657035636 ], [ -114.255961276598953, 43.960385613873491 ], [ -114.255500362427327, 43.960449672185938 ], [ -114.255176209570152, 43.96043238939049 ], [ -114.254153433777233, 43.960272604582649 ], [ -114.253791927331406, 43.960264402703807 ], [ -114.253717409043148, 43.960327594972888 ], [ -114.253643273615339, 43.960480818431719 ], [ -114.253557630592297, 43.960859158388487 ], [ -114.253224338478532, 43.96162520253484 ], [ -114.253003165547042, 43.96220155878266 ], [ -114.252884280445343, 43.962620129422973 ], [ -114.252657258039463, 43.963112044409741 ], [ -114.252385848439857, 43.963778907964205 ], [ -114.252101244074652, 43.964274734014907 ], [ -114.251928366614038, 43.964662266691043 ], [ -114.251832214426912, 43.964888017874927 ], [ -114.251628780913393, 43.965243208175259 ], [ -114.251358871411142, 43.965590889514623 ], [ -114.250998470381631, 43.965852783202394 ], [ -114.250874534473752, 43.966024124821971 ], [ -114.250826414715846, 43.966438394217661 ], [ -114.250852785957207, 43.966780471582673 ], [ -114.250780150397617, 43.967293832062964 ], [ -114.250520410144574, 43.967780593945626 ], [ -114.250496386273483, 43.967996731989963 ], [ -114.250522377926174, 43.968248774603019 ], [ -114.250423481421592, 43.968447069630962 ], [ -114.250273623228679, 43.968384374863824 ], [ -114.250123878689834, 43.968348688519853 ], [ -114.249961857008458, 43.968358044819318 ], [ -114.249775091702745, 43.968412474562491 ], [ -114.24968786656062, 43.968421670552274 ], [ -114.249126401666572, 43.968305848015859 ], [ -114.248440503341513, 43.968244318274479 ], [ -114.248041326178708, 43.968182158778831 ], [ -114.247654840376683, 43.9681739953255 ], [ -114.24723110581688, 43.968201921790282 ], [ -114.24667046745904, 43.968284167247077 ], [ -114.246009949943002, 43.968330607202596 ], [ -114.245307756600567, 43.968398204741433 ], [ -114.244656706317684, 43.968504220093671 ], [ -114.24398111221717, 43.968523041482136 ], [ -114.243517720764885, 43.968579043505827 ], [ -114.243156569292537, 43.968669848164126 ], [ -114.242982152823359, 43.968697228054296 ], [ -114.242209322209249, 43.968716875943556 ], [ -114.241897484649513, 43.968672520537034 ], [ -114.241697733600731, 43.968600914776978 ], [ -114.241524301722805, 43.968871388178158 ], [ -114.241213265456111, 43.969025103841247 ], [ -114.241127385762951, 43.969367420208734 ], [ -114.24094210144743, 43.969790979932128 ], [ -114.240867666785832, 43.969881172406325 ], [ -114.240693500233832, 43.969971574952396 ], [ -114.240631458746847, 43.970043734055579 ], [ -114.24057018027473, 43.970304964349651 ], [ -114.240546591741108, 43.970638147290359 ], [ -114.240497560960648, 43.970845330417234 ], [ -114.240398663118413, 43.97105262204083 ], [ -114.240175496418445, 43.971359212113178 ], [ -114.239852774088291, 43.971711026709102 ], [ -114.239417882058532, 43.972072080805177 ], [ -114.239082106533843, 43.972279867323138 ], [ -114.238683813430086, 43.972442763901178 ], [ -114.238484918266693, 43.972587235995256 ], [ -114.238323495263117, 43.972749636690253 ], [ -114.2381500000713, 43.973011099559344 ], [ -114.237926562878059, 43.973254662657617 ], [ -114.237827616182798, 43.973452946722574 ], [ -114.237803508136139, 43.973660076717231 ], [ -114.237792262400092, 43.97396622076328 ], [ -114.237857114448175, 43.974596334114565 ], [ -114.237770992027933, 43.974884626855172 ], [ -114.237671826672326, 43.975028889905943 ], [ -114.237223892040717, 43.975254911187065 ], [ -114.236538962107062, 43.975454409111769 ], [ -114.2362028719769, 43.975590155736214 ], [ -114.236028360716617, 43.975599521688878 ], [ -114.235541838041513, 43.975528497257017 ], [ -114.235280231198843, 43.975583057496458 ], [ -114.23501876591358, 43.975673631027213 ], [ -114.234844538068472, 43.97575501935043 ], [ -114.23453362583291, 43.975953735925131 ], [ -114.23374957247502, 43.97631548432161 ], [ -114.233575482199569, 43.976432888198438 ], [ -114.233264949888351, 43.976730637704151 ], [ -114.233016155641849, 43.97687520202949 ], [ -114.232804588129866, 43.976974674053473 ], [ -114.232443299118245, 43.977047437921534 ], [ -114.232132231819747, 43.977210134062545 ], [ -114.231733746656332, 43.977336992500781 ], [ -114.231609486543817, 43.977445286950712 ], [ -114.231373782654572, 43.977751884911498 ], [ -114.231225842608993, 43.978184354388887 ], [ -114.231085686760878, 43.978438357716847 ], [ -114.231040390857757, 43.978589887072459 ], [ -114.230941656727467, 43.978851191148948 ], [ -114.230955102243584, 43.979103263102317 ], [ -114.231156587314217, 43.97961605564106 ], [ -114.231182397664426, 43.979841093703016 ], [ -114.230937389332681, 43.980967029602432 ], [ -114.230776481113352, 43.981273474952367 ], [ -114.230478796534229, 43.981679236725917 ], [ -114.230354525111466, 43.981787529753184 ], [ -114.230130466750722, 43.981887018322666 ], [ -114.229981742883538, 43.98212140968235 ], [ -114.229822493830554, 43.982860019947253 ], [ -114.22971103511145, 43.983058321821389 ], [ -114.229674356435268, 43.983247471561874 ], [ -114.22952538456596, 43.983418836237171 ], [ -114.22948828887867, 43.983499944346242 ], [ -114.229403014695734, 43.984022320481252 ], [ -114.22928026117583, 43.984526764653182 ], [ -114.229069248838798, 43.984779286750367 ], [ -114.228347739565237, 43.985230907448354 ], [ -114.227713748567595, 43.985745372084722 ], [ -114.227278234110386, 43.985989336276944 ], [ -114.226780195321254, 43.986188403462926 ], [ -114.226356425215286, 43.986243264908573 ], [ -114.225732624320685, 43.986163465389488 ], [ -114.225059421966009, 43.986209812786676 ], [ -114.224672923906184, 43.986228580454103 ], [ -114.224510747670266, 43.986210892161608 ], [ -114.224335932115522, 43.986148209008213 ], [ -114.224123470269618, 43.986022576529777 ], [ -114.224048380364522, 43.985950695555005 ], [ -114.223960380784177, 43.9857617957489 ], [ -114.223635389128674, 43.98555534928861 ], [ -114.223260723440717, 43.985403023748788 ], [ -114.222786537999227, 43.985313913971069 ], [ -114.222325025253269, 43.985278798750876 ], [ -114.220890978851259, 43.985272574658822 ], [ -114.220304903998723, 43.985273706131906 ], [ -114.219924514988918, 43.985257152121434 ], [ -114.219456811322402, 43.985166035269913 ], [ -114.218694894071049, 43.984889648906524 ], [ -114.218220257725491, 43.984674471591134 ], [ -114.217920132066226, 43.984440952545469 ], [ -114.217669294423004, 43.984045275235573 ], [ -114.217443990344236, 43.983811612356007 ], [ -114.217056586799529, 43.98357825706119 ], [ -114.216606970847806, 43.98338103252847 ], [ -114.215720934317176, 43.983184630974719 ], [ -114.21509760210175, 43.983221820204506 ], [ -114.214629026189257, 43.983193259759666 ], [ -114.214149453356683, 43.983088546303925 ], [ -114.213288141944062, 43.98282905659083 ], [ -114.21288845276726, 43.982640725926721 ], [ -114.212402092365792, 43.982623623968522 ], [ -114.211949832011626, 43.982588359587417 ], [ -114.211563540785207, 43.982554233587294 ], [ -114.211055075394782, 43.982527082861502 ], [ -114.210693120909411, 43.982428710155972 ], [ -114.21023147861051, 43.982348530429952 ], [ -114.209682268937826, 43.982187475940549 ], [ -114.208770514480463, 43.981756975692605 ], [ -114.208183718665907, 43.981541961428491 ], [ -114.207485114936347, 43.981444191401593 ], [ -114.206512354456208, 43.981391932403774 ], [ -114.206187945542496, 43.981329495292918 ], [ -114.205814325659119, 43.981170534352763 ], [ -114.205499948700009, 43.980979416663168 ], [ -114.205213358302089, 43.980746018007245 ], [ -114.204967207863092, 43.98063265509176 ], [ -114.204726427632721, 43.980557818967263 ], [ -114.204314682517136, 43.980477522294791 ], [ -114.204027841044564, 43.980460027752734 ], [ -114.203367461784353, 43.980596259874666 ], [ -114.202719333782426, 43.98066943987434 ], [ -114.201859113499538, 43.980706976920864 ], [ -114.20132344457744, 43.980851978582045 ], [ -114.201049496275289, 43.980960503378675 ], [ -114.200738413549985, 43.981150122797551 ], [ -114.199979628144291, 43.981691665527016 ], [ -114.199830731848635, 43.981908016298959 ], [ -114.199826626851106, 43.981952572075329 ], [ -114.19980666330855, 43.982169157336003 ], [ -114.199944850185361, 43.982475035829339 ], [ -114.20000828390603, 43.9827990520809 ], [ -114.199996358791651, 43.982961136581025 ], [ -114.199909618148595, 43.983123351991971 ], [ -114.199674541928204, 43.983412144424314 ], [ -114.199425246558874, 43.983700424565583 ], [ -114.199238778200112, 43.983871815189872 ], [ -114.198666386752564, 43.984232953134303 ], [ -114.198268442244739, 43.98455777149838 ], [ -114.197795526244093, 43.984837702403333 ], [ -114.197721067222446, 43.984945873650609 ], [ -114.19760973659227, 43.985216172183165 ], [ -114.197473375926933, 43.98545950146152 ], [ -114.197026430913667, 43.986054506007903 ], [ -114.19680259811102, 43.986243967669907 ], [ -114.196426278187474, 43.98647807672112 ], [ -114.196020482741105, 43.986888524185268 ], [ -114.195801186281969, 43.987245978310469 ], [ -114.19573441738153, 43.987533305241854 ], [ -114.195648042969026, 43.987812564317267 ], [ -114.195623960036556, 43.98807370603074 ], [ -114.195737524034811, 43.98847867203736 ], [ -114.195712879139222, 43.988568749512204 ], [ -114.195464062322188, 43.988749245934194 ], [ -114.194879631449311, 43.989263443327651 ], [ -114.194381956076555, 43.989615430300212 ], [ -114.194071012325452, 43.989868057519935 ], [ -114.193896716185733, 43.98995838865828 ], [ -114.19349803468495, 43.990076108501476 ], [ -114.193398444463142, 43.990130298248801 ], [ -114.193038048506111, 43.990518060971752 ], [ -114.192639419798567, 43.990653784764483 ], [ -114.192291108734565, 43.990924477132971 ], [ -114.191831110860605, 43.991174017640027 ], [ -114.191332499400488, 43.991439288877238 ], [ -114.191008860005681, 43.991628902495187 ], [ -114.190722372271424, 43.99173742329701 ], [ -114.190398412690655, 43.991827998782696 ], [ -114.19034907515929, 43.991999149678684 ], [ -114.190474131803825, 43.992106983527542 ], [ -114.190412179154819, 43.992233136068997 ], [ -114.190325053685612, 43.992287302345559 ], [ -114.189988619319237, 43.992377897439276 ], [ -114.189889050753791, 43.992441085790077 ], [ -114.189876924022656, 43.992549148180409 ], [ -114.190028302465834, 43.993089107687304 ], [ -114.190028934516988, 43.993287184048576 ], [ -114.189819733500869, 43.99416987652863 ], [ -114.18974639589112, 43.994638181212309 ], [ -114.189647396778895, 43.994881442308177 ], [ -114.18951083829478, 43.995079746228797 ], [ -114.188926436809467, 43.995638931942757 ], [ -114.188914479082101, 43.99580101497925 ], [ -114.189002554006535, 43.996043962417716 ], [ -114.189015397500654, 43.996160988657365 ], [ -114.188979210230684, 43.996548197804188 ], [ -114.188819557293527, 43.997331769160056 ], [ -114.188557703075787, 43.998021510428835 ], [ -114.188386675501647, 43.998484933126647 ], [ -114.188238229826354, 43.998872326908618 ], [ -114.188126488928845, 43.999034574111903 ], [ -114.187885784813716, 43.99927743647072 ], [ -114.187579255281179, 43.999530668592968 ], [ -114.187235484288266, 43.999801337684602 ], [ -114.186758091169793, 44.000180266302443 ], [ -114.186347824615694, 44.00044860861118 ], [ -114.185973765550102, 44.000649727948357 ], [ -114.185620936536623, 44.0007799521686 ], [ -114.18525095222391, 44.000848979265903 ], [ -114.184877042795321, 44.000939619931223 ], [ -114.184678396646049, 44.001237055078036 ], [ -114.184280095137836, 44.001507803322617 ], [ -114.183944322727484, 44.001832470552898 ], [ -114.183695266235929, 44.002005198310194 ], [ -114.183275334249785, 44.002181262721905 ], [ -114.182873067856917, 44.002302372334839 ], [ -114.182574151083571, 44.002446906420431 ], [ -114.182162890208204, 44.002564610169244 ], [ -114.181888944610435, 44.00271810434603 ], [ -114.181640081744234, 44.002916577309854 ], [ -114.181328575759863, 44.003025114120845 ], [ -114.180805484877524, 44.003287046436085 ], [ -114.180581153392964, 44.00335042391194 ], [ -114.18013218932893, 44.003378144886995 ], [ -114.179895328851941, 44.00342353376103 ], [ -114.179184907866684, 44.003613725401522 ], [ -114.178499645472996, 44.003875897734872 ], [ -114.178176005419701, 44.004101492213536 ], [ -114.1777898330607, 44.004273158473303 ], [ -114.177602942609241, 44.004345477130123 ], [ -114.177203998461437, 44.004418124542049 ], [ -114.176531271937336, 44.004707277896635 ], [ -114.176306877207281, 44.004752643663821 ], [ -114.176044927595697, 44.004753047553294 ], [ -114.17528378770713, 44.004673184408475 ], [ -114.17520963405353, 44.004907389157687 ], [ -114.175010899907875, 44.00519580573313 ], [ -114.174861662907446, 44.005349095516095 ], [ -114.174613606275472, 44.005579424242853 ], [ -114.174363998477133, 44.005791025710259 ], [ -114.174102702610696, 44.006016513424179 ], [ -114.173853694791802, 44.006178955545828 ], [ -114.173384765279224, 44.006470120932512 ], [ -114.172975900189115, 44.006697897077963 ], [ -114.17273285538505, 44.006810900310406 ], [ -114.172234225059341, 44.006928696682785 ], [ -114.17197262998711, 44.007055139664459 ], [ -114.171611628752473, 44.007316785641223 ], [ -114.171325677972092, 44.007650342327437 ], [ -114.170938712956882, 44.00756088693052 ], [ -114.170564429863731, 44.007543439263003 ], [ -114.170153032708996, 44.007634087600231 ], [ -114.170003545643254, 44.00770633808127 ], [ -114.169916430360445, 44.007778495630923 ], [ -114.169891918378823, 44.007931593311149 ], [ -114.169942227521219, 44.008075574428119 ], [ -114.170117539451766, 44.008309404430918 ], [ -114.170430099017864, 44.008552031215807 ], [ -114.170530489050151, 44.008758963609765 ], [ -114.170542934819508, 44.009053629401329 ], [ -114.17054353410326, 44.0092627778685 ], [ -114.170544033558642, 44.009437084758247 ], [ -114.170507861109954, 44.009569311825281 ], [ -114.170495773169847, 44.009704380458842 ], [ -114.17037709545265, 44.010169227737521 ], [ -114.170037393924346, 44.010821496535563 ], [ -114.169824992539716, 44.011320335710614 ], [ -114.169565880917091, 44.011713544607034 ], [ -114.169466412165164, 44.011830735743388 ], [ -114.16911784631985, 44.012092355182048 ], [ -114.168769481660846, 44.012425997557358 ], [ -114.168458284672568, 44.012669552778789 ], [ -114.1682465582834, 44.012795913572361 ], [ -114.167922086422323, 44.012978711520759 ], [ -114.16758449066478, 44.013153514687467 ], [ -114.167187761079603, 44.013373690933143 ], [ -114.167063434718685, 44.013526930261627 ], [ -114.167064192989628, 44.01379703375688 ], [ -114.167340506429966, 44.01445388569995 ], [ -114.167403924020732, 44.014822933898685 ], [ -114.167367306624939, 44.015111099052476 ], [ -114.167243635034339, 44.015498431758971 ], [ -114.167132033354122, 44.015741687315348 ], [ -114.166933223999763, 44.016030089411139 ], [ -114.166858897222923, 44.016219272919173 ], [ -114.166875311509145, 44.0166002763252 ], [ -114.16683588857579, 44.016912572846771 ], [ -114.167062434524524, 44.017614513360428 ], [ -114.167126840099783, 44.018334697571959 ], [ -114.167042284038345, 44.019325203868704 ], [ -114.166942974473372, 44.019505418564897 ], [ -114.166843437084466, 44.019604604006439 ], [ -114.166731346735475, 44.019676795445321 ], [ -114.166457030688434, 44.019740217945063 ], [ -114.165995861209396, 44.019911956722609 ], [ -114.165821886165887, 44.020164306687875 ], [ -114.165647633903433, 44.020317616739966 ], [ -114.165461129008065, 44.020551977350777 ], [ -114.165286824665955, 44.020687283567824 ], [ -114.164925561683532, 44.020894883731444 ], [ -114.164651711516839, 44.021129369040629 ], [ -114.16421577880206, 44.021409105919858 ], [ -114.164066498236735, 44.021571382910658 ], [ -114.163780709491547, 44.022003959671238 ], [ -114.163480580820377, 44.022441416277474 ], [ -114.163134328032712, 44.02289622639266 ], [ -114.162798467558488, 44.02327485124637 ], [ -114.162561908250765, 44.023464262756406 ], [ -114.162026126346376, 44.023744129584131 ], [ -114.161577439746537, 44.023933839651406 ], [ -114.161290620717509, 44.023997267382889 ], [ -114.160442395016219, 44.02409750157851 ], [ -114.160105759426884, 44.02419701015635 ], [ -114.159993724895926, 44.024296207061944 ], [ -114.159944103791673, 44.024404318174064 ], [ -114.15996927753234, 44.024485312360405 ], [ -114.160069343304954, 44.024575206916687 ], [ -114.160406782254825, 44.024772810019996 ], [ -114.160557052850251, 44.024970675281217 ], [ -114.16065746075428, 44.025186617396791 ], [ -114.160720532302435, 44.025438625813557 ], [ -114.160759426635565, 44.025978779168462 ], [ -114.160735418960513, 44.02632994996361 ], [ -114.160500152797738, 44.027005538859328 ], [ -114.160269151172542, 44.027228070446711 ], [ -114.15997986764917, 44.027402782941401 ], [ -114.15971440334917, 44.027525151274446 ], [ -114.159400815866633, 44.027664961020442 ], [ -114.159232057353705, 44.027787195074801 ], [ -114.158966992939071, 44.028014179560877 ], [ -114.158594812217089, 44.028457759022878 ], [ -114.158458385231015, 44.028773067720536 ], [ -114.158359465437485, 44.029115336448641 ], [ -114.158324209665807, 44.029934702136636 ], [ -114.158126842330404, 44.030799307661624 ], [ -114.158152495166902, 44.0310603706858 ], [ -114.158228209457832, 44.031375388732215 ], [ -114.158191106576979, 44.031501488530864 ], [ -114.158104037917795, 44.031609650547999 ], [ -114.157991842596275, 44.031654821233708 ], [ -114.157829609827814, 44.031655045446726 ], [ -114.157629843272133, 44.031619307382556 ], [ -114.157392543358924, 44.031547606842999 ], [ -114.157130118695363, 44.031412917953084 ], [ -114.156842285352141, 44.031107195811899 ], [ -114.156567479374431, 44.03100853285094 ], [ -114.155993313082845, 44.030964302684275 ], [ -114.155332121799702, 44.031046232806432 ], [ -114.15494125962644, 44.031139229034068 ], [ -114.154608766074105, 44.031218281430363 ], [ -114.154265683529061, 44.031401513574906 ], [ -114.153848829735935, 44.03172350090329 ], [ -114.15359975209708, 44.03192191209623 ], [ -114.153363291647764, 44.032174326551512 ], [ -114.153108969728848, 44.032518419637697 ], [ -114.152990433643524, 44.032769054591093 ], [ -114.152953341942478, 44.032904154300169 ], [ -114.153054083314828, 44.033255155994588 ], [ -114.153017964458243, 44.033768399542289 ], [ -114.152806569782371, 44.034065798267754 ], [ -114.152757112525151, 44.034245933492492 ], [ -114.152595149887162, 44.034354191365452 ], [ -114.152508020695493, 44.034444342237997 ], [ -114.152371455493096, 44.034723629710541 ], [ -114.152222201439514, 44.034921904632384 ], [ -114.152160261535997, 44.035102056201438 ], [ -114.152160883573387, 44.035345150403266 ], [ -114.152273874173375, 44.035606098197839 ], [ -114.152261993300172, 44.035840203787039 ], [ -114.152312514208433, 44.036074226197414 ], [ -114.152313044640522, 44.036281306674013 ], [ -114.152227041617408, 44.036812623088373 ], [ -114.152162825306448, 44.037079390821809 ], [ -114.152058209636564, 44.037214851947553 ], [ -114.151961796664665, 44.037336978760443 ], [ -114.151841685624149, 44.037416368799484 ], [ -114.151730025982474, 44.037677615361844 ], [ -114.15173046251455, 44.037848682112632 ], [ -114.151831320078045, 44.038244699866347 ], [ -114.151831984287355, 44.038504808595476 ], [ -114.151669940789972, 44.038733351243287 ], [ -114.151508470315122, 44.038893376659964 ], [ -114.151121229095494, 44.039255105981979 ], [ -114.150759442572308, 44.039517044003119 ], [ -114.150599412166699, 44.039704888661944 ], [ -114.150537530784945, 44.039912047659833 ], [ -114.150388234862945, 44.040101318417804 ], [ -114.150313916597156, 44.040326500539109 ], [ -114.150140020094071, 44.040659858432136 ], [ -114.150065654744196, 44.040867033543833 ], [ -114.150016501634155, 44.041173215180393 ], [ -114.150104985620828, 44.041614269488008 ], [ -114.150068609153408, 44.042037477270057 ], [ -114.150019114317274, 44.042208609467046 ], [ -114.149820111068962, 44.042487975475787 ], [ -114.149708455751536, 44.042758225067736 ], [ -114.149548412213079, 44.043640771812932 ], [ -114.149449258169128, 44.043920009973867 ], [ -114.149238080891024, 44.04432543895053 ], [ -114.149188626967046, 44.044514577542593 ], [ -114.149286916920317, 44.044785542681225 ], [ -114.149414572907475, 44.045018474817901 ], [ -114.149464818852593, 44.045144457223579 ], [ -114.14950258270467, 44.045270455937555 ], [ -114.149465452718616, 44.045396552633171 ], [ -114.149403357856329, 44.045522681960911 ], [ -114.149303747726151, 44.045621848170555 ], [ -114.148717593910376, 44.045829693452561 ], [ -114.148243868011733, 44.046073400047035 ], [ -114.148106807542348, 44.046172617389416 ], [ -114.14806958432581, 44.046262699990528 ], [ -114.147938226364658, 44.04654746873701 ], [ -114.147871230316497, 44.046812164613698 ], [ -114.147759535687271, 44.047073410514798 ], [ -114.147734928353884, 44.047217497281437 ], [ -114.147764321572197, 44.047391765752479 ], [ -114.147772936082418, 44.047442532176845 ], [ -114.14771074600398, 44.047532646929007 ], [ -114.14692535441084, 44.047947817508948 ], [ -114.146763210480529, 44.048002046495533 ], [ -114.146538651787054, 44.048056355317861 ], [ -114.145639971679458, 44.048093518105638 ], [ -114.144913509579538, 44.048214907725537 ], [ -114.144239758201451, 44.048247003978986 ], [ -114.143542974509515, 44.048150192442392 ], [ -114.142781624834782, 44.0481961653675 ], [ -114.142431865606483, 44.048097562350868 ], [ -114.142319497913704, 44.048088700740486 ], [ -114.142057443031717, 44.048125040589191 ], [ -114.14153356812632, 44.048296754148815 ], [ -114.141408910020729, 44.048368935957789 ], [ -114.141296884416604, 44.048504127834214 ], [ -114.14124729478867, 44.048648244060807 ], [ -114.1411981968552, 44.048999436778011 ], [ -114.140986881234952, 44.049377841828942 ], [ -114.140775115104574, 44.049567176784095 ], [ -114.140139490170938, 44.050000122811291 ], [ -114.139915002628229, 44.050090432228998 ], [ -114.139141458068394, 44.0502714454583 ], [ -114.138817142984422, 44.050379881099488 ], [ -114.137844399440795, 44.050795216530432 ], [ -114.136971593776877, 44.051246437599353 ], [ -114.136335572031129, 44.051526302752507 ], [ -114.135799228631939, 44.05172501688044 ], [ -114.135325095188506, 44.051833620551115 ], [ -114.134938202924616, 44.051879097065843 ], [ -114.134576195931032, 44.051888525653261 ], [ -114.134001884607272, 44.051862192179151 ], [ -114.133627252156032, 44.051808610378863 ], [ -114.133252479064069, 44.051692001723154 ], [ -114.132545938161783, 44.051484396005584 ], [ -114.131253800226645, 44.051109094220948 ], [ -114.131041361628405, 44.051010298554573 ], [ -114.130878758610876, 44.050866430074919 ], [ -114.13072877847479, 44.050785572719604 ], [ -114.130291817369866, 44.050768064984133 ], [ -114.129867202267988, 44.050687515743412 ], [ -114.12956738344586, 44.050588820215616 ], [ -114.129404785147017, 44.050444949621891 ], [ -114.129329806354832, 44.050409020799975 ], [ -114.128955343524254, 44.050427450908437 ], [ -114.12869342605542, 44.050535787370265 ], [ -114.127695874129671, 44.0510591054746 ], [ -114.126922414153427, 44.051303058051246 ], [ -114.125961979500644, 44.051682264876497 ], [ -114.125188371521546, 44.051863183664246 ], [ -114.123778481745234, 44.052233862048425 ], [ -114.123126914416915, 44.052336394811483 ], [ -114.122604387099415, 44.052419156192215 ], [ -114.122000579997462, 44.052559267390535 ], [ -114.121332689573535, 44.052740677353896 ], [ -114.120165102318964, 44.053066573008415 ], [ -114.119030030000317, 44.05336406565845 ], [ -114.118160504679096, 44.053608869174283 ], [ -114.117508397269575, 44.053766471387888 ], [ -114.117090454813109, 44.05390654356799 ], [ -114.116766044156492, 44.053996909803402 ], [ -114.116441720723955, 44.054132293945834 ], [ -114.116154936440822, 44.054312654323326 ], [ -114.116005424552938, 44.054465862614165 ], [ -114.115831171468358, 44.054736142085417 ], [ -114.115656601380493, 44.05484435999837 ], [ -114.114770822222468, 44.055160374777522 ], [ -114.113797590625509, 44.05544945774276 ], [ -114.113049019581709, 44.055711298273771 ], [ -114.112187927791524, 44.055892215442661 ], [ -114.111826078977913, 44.056000611217264 ], [ -114.110329183183325, 44.056677324779855 ], [ -114.109624563712018, 44.057026253467569 ], [ -114.109081785273446, 44.057263742938979 ], [ -114.108996906499101, 44.057341793547373 ], [ -114.108944683077922, 44.057389921609783 ], [ -114.108919960897694, 44.05752499825573 ], [ -114.108936345107153, 44.057608892692009 ], [ -114.108982979895714, 44.057849061209119 ], [ -114.108933914862078, 44.058326287317215 ], [ -114.108984416628374, 44.058632355324747 ], [ -114.108922502625816, 44.058911522069984 ], [ -114.108900828557779, 44.058938913114957 ], [ -114.108773026453605, 44.059100734404048 ], [ -114.108274191427739, 44.059416329556186 ], [ -114.108024829216106, 44.059605635508156 ], [ -114.107937628125612, 44.05971375889888 ], [ -114.107908459118917, 44.059808951644236 ], [ -114.107887980963937, 44.059875867253524 ], [ -114.10790061352165, 44.059956887855037 ], [ -114.108000644111698, 44.060037822272562 ], [ -114.108150633151013, 44.060127714537956 ], [ -114.108437979214372, 44.060226481538969 ], [ -114.108450924853202, 44.060478564836863 ], [ -114.108701030627884, 44.06069440908464 ], [ -114.108738685070421, 44.060802414212006 ], [ -114.108590651725123, 44.06178392513803 ], [ -114.108341625404464, 44.062162304816638 ], [ -114.108279688321332, 44.062432465851607 ], [ -114.108305152600664, 44.06270254402385 ], [ -114.108543093746789, 44.063089466645231 ], [ -114.108605886212899, 44.063287481978641 ], [ -114.108556501147518, 44.063593644812798 ], [ -114.108345172121048, 44.064107037874201 ], [ -114.108108571737858, 44.064458396686277 ], [ -114.107809389334975, 44.064728781593899 ], [ -114.107397825960334, 44.064999271397056 ], [ -114.106787927441431, 44.065383656466388 ], [ -114.106187957872677, 44.065738681527414 ], [ -114.10597592613108, 44.065873927668697 ], [ -114.105688989335547, 44.066018247932753 ], [ -114.105377013821666, 44.066126576950062 ], [ -114.104503245064734, 44.066298445971242 ], [ -114.104328572930498, 44.066379634440025 ], [ -114.104266249742892, 44.066442716961916 ], [ -114.104278878768966, 44.066523734272479 ], [ -114.104378915512058, 44.066604675362818 ], [ -114.104603804947232, 44.066676496921559 ], [ -114.104766387760264, 44.066820402415004 ], [ -114.105050667675116, 44.067006061669986 ], [ -114.105341421814956, 44.067180009818657 ], [ -114.106054028883364, 44.067656529118551 ], [ -114.106579275800669, 44.068097208856152 ], [ -114.107017103775021, 44.068528962857833 ], [ -114.107517325744382, 44.068933644449494 ], [ -114.107617485150271, 44.069077604553421 ], [ -114.10778674846506, 44.06931693723174 ], [ -114.107946304200979, 44.069573473512918 ], [ -114.107993594746489, 44.069896560810761 ], [ -114.108169698780998, 44.070598659273266 ], [ -114.108157539054176, 44.070778738732969 ], [ -114.10809541196555, 44.070949860272833 ], [ -114.107684508810962, 44.071607498031412 ], [ -114.107634834758841, 44.071760600767 ], [ -114.107635128475152, 44.071922661610941 ], [ -114.107710611231084, 44.072228705913616 ], [ -114.107748565258419, 44.072498771969883 ], [ -114.107720159991757, 44.072949778769441 ], [ -114.107637772032746, 44.073381208998654 ], [ -114.107528577713737, 44.073769087947682 ], [ -114.107402009925025, 44.074218748167922 ], [ -114.107415035757839, 44.074515846044569 ], [ -114.107553159071074, 44.074929872092881 ], [ -114.107516557370801, 44.075407088030346 ], [ -114.107429820866869, 44.07578531198488 ], [ -114.107031674201863, 44.076613997419152 ], [ -114.106782365448566, 44.076875327144073 ], [ -114.106545640465498, 44.077190668503469 ], [ -114.106420959877738, 44.077307826935687 ], [ -114.106125826602039, 44.077438470496936 ], [ -114.105967652229893, 44.077683509424254 ], [ -114.105787315864575, 44.07810809615772 ], [ -114.105623710014996, 44.078461000164154 ], [ -114.105448329764869, 44.078725323277844 ], [ -114.105275270643418, 44.07917259093697 ], [ -114.105133579421206, 44.079773875524893 ], [ -114.105014966773041, 44.08028924999887 ], [ -114.104976585163797, 44.080691466341783 ], [ -114.105045511613213, 44.081246461440628 ], [ -114.105142590186475, 44.081828708980105 ], [ -114.105418473572229, 44.082449689736386 ], [ -114.105683308989995, 44.082965516922592 ], [ -114.10593228842383, 44.083412574148738 ], [ -114.106157855242671, 44.083826520127182 ], [ -114.106411023136985, 44.08430670477356 ], [ -114.106750173474254, 44.084672375615149 ], [ -114.10709665174754, 44.084942062582144 ], [ -114.107421848978788, 44.085184850207192 ], [ -114.107722181700169, 44.085490682159787 ], [ -114.107972947177814, 44.086012641120234 ], [ -114.108060547318871, 44.086102592032191 ], [ -114.108173063954368, 44.086156505795927 ], [ -114.108373000882679, 44.086201331386604 ], [ -114.108747794783341, 44.086236988756319 ], [ -114.109672107558609, 44.086227103665742 ], [ -114.109846930671225, 44.086199923798276 ], [ -114.109971739889403, 44.086145783496079 ], [ -114.110046585251396, 44.086091691192536 ], [ -114.110158702662915, 44.085929522430618 ], [ -114.110308476023206, 44.085866356112973 ], [ -114.111007829449932, 44.085793651773486 ], [ -114.111295135736597, 44.085802373838 ], [ -114.111482549151731, 44.085829203043012 ], [ -114.11165755655388, 44.085901059131437 ], [ -114.111857664901365, 44.086035912190127 ], [ -114.112200009133701, 44.086284069600758 ], [ -114.112449575907661, 44.086479737631194 ], [ -114.112833289564406, 44.086737215907291 ], [ -114.113358293921848, 44.08713221433473 ], [ -114.113708887038953, 44.087375589004921 ], [ -114.113984004113291, 44.08753737554008 ], [ -114.114134158310151, 44.087672274398024 ], [ -114.114284451879044, 44.087879203479041 ], [ -114.114509572855781, 44.088023031993494 ], [ -114.114834573397076, 44.088139747805826 ], [ -114.11549680691266, 44.088238119144521 ], [ -114.115884178705514, 44.088309303683879 ], [ -114.11628083459442, 44.088336901152559 ], [ -114.116700582976137, 44.088419394211819 ], [ -114.117121233921182, 44.088515568122851 ], [ -114.117821441296755, 44.088547530416264 ], [ -114.118636724977392, 44.088530392456661 ], [ -114.119257193254185, 44.088477345083504 ], [ -114.119581879091726, 44.088431990667615 ], [ -114.120018822139315, 44.088305035167309 ], [ -114.12033054142583, 44.088026051198419 ], [ -114.120525534611204, 44.087781674269266 ], [ -114.120741838897558, 44.087575448768682 ], [ -114.120941404812569, 44.087431183762185 ], [ -114.12119098952374, 44.087313877271654 ], [ -114.121116538589717, 44.08755704543033 ], [ -114.120942340412469, 44.087890356464442 ], [ -114.120968258782099, 44.088349499079662 ], [ -114.120869647854761, 44.08899784600036 ], [ -114.120708008905808, 44.089367156776923 ], [ -114.120458871440036, 44.089709547684251 ], [ -114.120271843126673, 44.089880806893433 ], [ -114.119810159114465, 44.090133386238819 ], [ -114.119348634120357, 44.090466995636866 ], [ -114.119136688789624, 44.090674292454125 ], [ -114.118737993760575, 44.09119690268539 ], [ -114.11851356965451, 44.091413216453773 ], [ -114.118263998307057, 44.091548527328804 ], [ -114.11762722485048, 44.091711245244646 ], [ -114.117302768710928, 44.091882640939644 ], [ -114.116941047117365, 44.092162117819548 ], [ -114.116567042082224, 44.092549642826405 ], [ -114.116142921825386, 44.092865192441813 ], [ -114.116005805385981, 44.093018388901932 ], [ -114.115956170185996, 44.093189503164048 ], [ -114.115907009491622, 44.093603707672621 ], [ -114.115795244706689, 44.09394594871312 ], [ -114.115808158949307, 44.094162016272662 ], [ -114.115896046763339, 44.094387011154247 ], [ -114.116121513484657, 44.094692896446183 ], [ -114.116284500993956, 44.094989841525802 ], [ -114.11655981958404, 44.095232651661057 ], [ -114.116647481761561, 44.095340602495064 ], [ -114.116722917033215, 44.095583616122596 ], [ -114.116748469681795, 44.095871697461284 ], [ -114.11672382025219, 44.096042786436541 ], [ -114.116624389426761, 44.096303985329264 ], [ -114.116375552500941, 44.096826433734776 ], [ -114.116039187854156, 44.09731295706095 ], [ -114.115777286013298, 44.097547309992216 ], [ -114.115602572542386, 44.097646523808358 ], [ -114.115415172487744, 44.097646713271395 ], [ -114.115340142459715, 44.097610775622314 ], [ -114.115241869431401, 44.097507698144021 ], [ -114.115139812412451, 44.097385893812827 ], [ -114.11484972603283, 44.097261040950414 ], [ -114.114438528566993, 44.097174301081942 ], [ -114.113815092703732, 44.097162137273571 ], [ -114.112625904970599, 44.097186186056689 ], [ -114.111941175199163, 44.097200002092123 ], [ -114.111516303356481, 44.097146397450608 ], [ -114.111241435340986, 44.097137662052731 ], [ -114.111154083914883, 44.097191767202638 ], [ -114.11094438123969, 44.097357094365698 ], [ -114.110704881487962, 44.097489314067559 ], [ -114.110416094831422, 44.09765534528853 ], [ -114.110093310876778, 44.097814025789255 ], [ -114.109756322846437, 44.097994417103557 ], [ -114.10946919029314, 44.098111736182588 ], [ -114.109019525793855, 44.098166186265637 ], [ -114.108444761302962, 44.098130719849884 ], [ -114.108057480996308, 44.098140090145854 ], [ -114.10758249554155, 44.098217877204952 ], [ -114.106876665693733, 44.098386092069873 ], [ -114.106558188207785, 44.098445091412373 ], [ -114.106021773465912, 44.098547148276218 ], [ -114.105884473166142, 44.098619302431011 ], [ -114.105509496005965, 44.098874896193117 ], [ -114.105303168890259, 44.099053713065338 ], [ -114.104986132668458, 44.099295382908963 ], [ -114.104726674957647, 44.099458401637456 ], [ -114.104487051053553, 44.099673981208646 ], [ -114.104150067003047, 44.099872362628844 ], [ -114.104087834880005, 44.100007469609849 ], [ -114.104088008629063, 44.100106506312535 ], [ -114.104175734395625, 44.100259483320066 ], [ -114.104263571370765, 44.100475483607283 ], [ -114.104476348814657, 44.100691369635619 ], [ -114.104639516925417, 44.101114377744246 ], [ -114.104753092256814, 44.101753511432662 ], [ -114.104728548863804, 44.102005627680178 ], [ -114.104766301932059, 44.102158649979764 ], [ -114.104904280435193, 44.102464637184461 ], [ -114.105154837818077, 44.102842547418341 ], [ -114.105217757110921, 44.103094583189559 ], [ -114.105218555545747, 44.103544749745552 ], [ -114.105097646322847, 44.104342287284958 ], [ -114.104982514073981, 44.104663994382548 ], [ -114.104883809179114, 44.104878452846833 ], [ -114.104684137237228, 44.105088774004919 ], [ -114.104596890200241, 44.105282965985914 ], [ -114.10444734712344, 44.105508186359415 ], [ -114.104497533299622, 44.10562518391793 ], [ -114.10491031486967, 44.105876899202507 ], [ -114.105110778495913, 44.106182828563263 ], [ -114.105161094247023, 44.106371852425553 ], [ -114.105149029986464, 44.106614953731196 ], [ -114.105037083094018, 44.106903163597984 ], [ -114.104862610607256, 44.107164420726569 ], [ -114.104563309546805, 44.10749781860418 ], [ -114.10431400290436, 44.107840173381469 ], [ -114.104101943039652, 44.108047443588248 ], [ -114.103727517930139, 44.108299877610627 ], [ -114.103228180251975, 44.108579433338022 ], [ -114.102828631795887, 44.108759860390819 ], [ -114.102279147779896, 44.108949423701837 ], [ -114.102054441646516, 44.109075671358859 ], [ -114.101667613555918, 44.109391133018256 ], [ -114.101305834630395, 44.109742584485176 ], [ -114.100557775596556, 44.110742615519385 ], [ -114.100233409520314, 44.111058017238065 ], [ -114.099983820082258, 44.111256309271454 ], [ -114.099709191060995, 44.111427612609248 ], [ -114.099009837156743, 44.111689317469143 ], [ -114.098797640007646, 44.111833554484711 ], [ -114.098635457224688, 44.111995754598809 ], [ -114.09852324419974, 44.112148908065642 ], [ -114.098386306591706, 44.112464142680452 ], [ -114.098211788474217, 44.112725389439277 ], [ -114.098125266252808, 44.113301676938896 ], [ -114.097938515475548, 44.113724993679767 ], [ -114.097801318707312, 44.113887171134699 ], [ -114.097401851068227, 44.114148608934343 ], [ -114.097252140233124, 44.114301793057365 ], [ -114.096778347144607, 44.114968441652785 ], [ -114.09665378810729, 44.115220640260233 ], [ -114.096529405552317, 44.115428362137685 ], [ -114.096379511583464, 44.1156260216706 ], [ -114.096142503999786, 44.115896321148909 ], [ -114.095802417576181, 44.116182552458028 ], [ -114.095520525885192, 44.116444245056044 ], [ -114.095341760302986, 44.116643908059096 ], [ -114.095060222589495, 44.116973124137807 ], [ -114.094445553497295, 44.117572354952095 ], [ -114.094003127507875, 44.117958692293449 ], [ -114.0937060848497, 44.118292419377369 ], [ -114.093360110135208, 44.118743679012852 ], [ -114.093102385755557, 44.11920873259794 ], [ -114.09283672544376, 44.119716464148411 ], [ -114.092718528389597, 44.120057966016489 ], [ -114.092651227614041, 44.120498733085149 ], [ -114.092505508929264, 44.120825581593003 ], [ -114.092383542835847, 44.121077773187508 ], [ -114.092176795158693, 44.121462293607209 ], [ -114.091827929747765, 44.122004122248292 ], [ -114.091603444042619, 44.122319418524441 ], [ -114.091166756468567, 44.122814950174899 ], [ -114.090679997722788, 44.12326550329454 ], [ -114.090305460549104, 44.123544902693993 ], [ -114.08994328210548, 44.12373425798723 ], [ -114.089056418739844, 44.124104088586847 ], [ -114.088207094889057, 44.124509896551778 ], [ -114.087527653064413, 44.124768093901565 ], [ -114.087028188434871, 44.125022460686822 ], [ -114.086664671320932, 44.125249078466318 ], [ -114.086421167423225, 44.125492622419571 ], [ -114.086333804042312, 44.125582721579214 ], [ -114.086196404105394, 44.125645848500554 ], [ -114.085896539571337, 44.125727104140324 ], [ -114.085459156147152, 44.125790455319837 ], [ -114.084834102010021, 44.125727897985527 ], [ -114.08373416660676, 44.125728709439578 ], [ -114.083146713717284, 44.125738141792873 ], [ -114.082384333413259, 44.125792713952137 ], [ -114.08178428100679, 44.125730121900546 ], [ -114.081196618123684, 44.125586488095344 ], [ -114.081046627279065, 44.125586594595987 ], [ -114.08084673772052, 44.125658762707005 ], [ -114.080684345477806, 44.125730903992185 ], [ -114.080559499631875, 44.125839031818572 ], [ -114.080247724308549, 44.126361443214414 ], [ -114.079985601362253, 44.126631726309775 ], [ -114.079623492001431, 44.126911081827586 ], [ -114.079198821199327, 44.127145463028448 ], [ -114.078724100742946, 44.127343863907548 ], [ -114.078224306514429, 44.127488260131194 ], [ -114.077624441746536, 44.127578702354647 ], [ -114.077036981208195, 44.127597106602906 ], [ -114.076799545952099, 44.127642282996028 ], [ -114.076649631389074, 44.127705406825712 ], [ -114.076549750183815, 44.127795506867095 ], [ -114.076449949962935, 44.127948629915586 ], [ -114.076362962181193, 44.128344833589729 ], [ -114.076113486052989, 44.128750148843473 ], [ -114.07582632224873, 44.129011435658356 ], [ -114.075351598440179, 44.129227829072661 ], [ -114.075114166774, 44.129282005253181 ], [ -114.074826700454864, 44.12930920380618 ], [ -114.073664142253435, 44.129264942785063 ], [ -114.073263727688285, 44.129334705775307 ], [ -114.07296924264611, 44.129449146178786 ], [ -114.072674735234045, 44.129547289853889 ], [ -114.072416676237836, 44.129704021182526 ], [ -114.072177353106284, 44.129851106553517 ], [ -114.071914970355323, 44.129950308360108 ], [ -114.071515030415412, 44.130004579232001 ], [ -114.071094150563042, 44.130109822235667 ], [ -114.070532061982135, 44.130253141290574 ], [ -114.070003082213034, 44.130384464701841 ], [ -114.069474044268986, 44.130468160023469 ], [ -114.068845737484253, 44.13054002479543 ], [ -114.068344521315083, 44.13057849973417 ], [ -114.067840618714627, 44.130565025010853 ], [ -114.067357194369947, 44.130421800195776 ], [ -114.066952721738204, 44.130232426575269 ], [ -114.06660116030308, 44.130073363618394 ], [ -114.066164715316688, 44.129791723763105 ], [ -114.06601687600218, 44.129600760967485 ], [ -114.06587682209063, 44.129440761252489 ], [ -114.065451273416855, 44.128945824051165 ], [ -114.065166107395271, 44.128452875994988 ], [ -114.065044753577595, 44.128243078074384 ], [ -114.064937759459937, 44.128018776531711 ], [ -114.064937453680159, 44.127739674179793 ], [ -114.064912355689231, 44.127649655366739 ], [ -114.06482482841281, 44.127622695140673 ], [ -114.064662352333912, 44.127640793830182 ], [ -114.064512405231824, 44.127685895137354 ], [ -114.064399966765194, 44.127739978417971 ], [ -114.064337673512966, 44.127929082969288 ], [ -114.064363005389666, 44.128235181137846 ], [ -114.064438151012979, 44.128370188378099 ], [ -114.064726001020688, 44.128694144687152 ], [ -114.064901364348131, 44.12902716751416 ], [ -114.064939071403955, 44.129216215499127 ], [ -114.064927173027002, 44.129765423850266 ], [ -114.065215914211976, 44.130890672319033 ], [ -114.065554991688003, 44.131516747948808 ], [ -114.065679604902158, 44.131952796287088 ], [ -114.065742297585118, 44.132123822941807 ], [ -114.065878577455436, 44.132594348741478 ], [ -114.065918357777903, 44.13306906797483 ], [ -114.065956060643956, 44.133249112193305 ], [ -114.065993484792202, 44.133965574854315 ], [ -114.065919990227755, 44.134536604591332 ], [ -114.06589524827325, 44.134770704575125 ], [ -114.065708129930584, 44.135130944191189 ], [ -114.065358501949106, 44.135500279857403 ], [ -114.065121164625694, 44.135671477993526 ], [ -114.064483888750175, 44.135941938307461 ], [ -114.064246517845206, 44.136086124749568 ], [ -114.06410918690149, 44.136257264483881 ], [ -114.063834668124713, 44.136734592762735 ], [ -114.06338508268783, 44.13717600443433 ], [ -114.062924038967211, 44.137548005233349 ], [ -114.062537173278074, 44.137844515985236 ], [ -114.062060978925516, 44.13820310664677 ], [ -114.061898595264566, 44.138338244104034 ], [ -114.061773735518202, 44.138491367625171 ], [ -114.061612497185521, 44.138767495574029 ], [ -114.061491284006436, 44.139062868785921 ], [ -114.06121204936025, 44.139364989063246 ], [ -114.061049827567885, 44.13966218439819 ], [ -114.060962386197431, 44.139734257399482 ], [ -114.060862368382729, 44.139734310725522 ], [ -114.060712295530863, 44.139689374132018 ], [ -114.060337045630504, 44.139509507153576 ], [ -114.059974026743731, 44.139059533834626 ], [ -114.059823883549086, 44.138942569787623 ], [ -114.059572209945813, 44.138686919627666 ], [ -114.059148170113474, 44.138339701169102 ], [ -114.058885450564034, 44.138159771064764 ], [ -114.058610266376576, 44.138015859910993 ], [ -114.058210109406033, 44.137917028291518 ], [ -114.057159824213656, 44.137782509223179 ], [ -114.056514964217513, 44.137634637656674 ], [ -114.056057424420715, 44.137529704623233 ], [ -114.055396723021644, 44.137414242760762 ], [ -114.054783921397643, 44.137180452652885 ], [ -114.054381212397857, 44.137012193443539 ], [ -114.054146055508852, 44.136874644785564 ], [ -114.053812690725039, 44.136796115312016 ], [ -114.053308284631029, 44.136694972900841 ], [ -114.052739493187147, 44.136589358154879 ], [ -114.052095321948102, 44.136344403983557 ], [ -114.051807708419275, 44.136254501829704 ], [ -114.051582650166154, 44.13621859048888 ], [ -114.051320111139873, 44.136209705429678 ], [ -114.051182625909405, 44.136245780282302 ], [ -114.051095169803844, 44.136308842487587 ], [ -114.050882907061975, 44.136615049209851 ], [ -114.050643924459067, 44.136816921002236 ], [ -114.050296800262274, 44.137019558410486 ], [ -114.049941138913539, 44.137179341015617 ], [ -114.04958579158459, 44.137269978887488 ], [ -114.049172419307752, 44.137341553661805 ], [ -114.048658218869022, 44.137336281810576 ], [ -114.04832067233562, 44.137336425074338 ], [ -114.047445594937443, 44.137390811590635 ], [ -114.04725811917541, 44.137453912339495 ], [ -114.046910921283384, 44.137582804307939 ], [ -114.046595753066114, 44.137742289750285 ], [ -114.046345857721533, 44.137922457229642 ], [ -114.046233376219803, 44.137967519261238 ], [ -114.046045841367146, 44.13795859170741 ], [ -114.04555819286368, 44.137859751001038 ], [ -114.045183117232924, 44.137832890079324 ], [ -114.044970592975886, 44.137841977223779 ], [ -114.044258116392768, 44.138013317989952 ], [ -114.043770590132709, 44.138076528851741 ], [ -114.043458831143752, 44.138130039185924 ], [ -114.043243959633969, 44.138177748129777 ], [ -114.043045579173508, 44.138211853686762 ], [ -114.04281398027544, 44.138297021812839 ], [ -114.042582495960232, 44.13836859445636 ], [ -114.042152463027421, 44.138416381338565 ], [ -114.041639808132359, 44.138487967232919 ], [ -114.041094163369948, 44.138583507848438 ], [ -114.040433024158418, 44.138716992442056 ], [ -114.039572813575191, 44.138984061124177 ], [ -114.038945586036064, 44.139176676962002 ], [ -114.038332661627223, 44.139453915469751 ], [ -114.037778784664937, 44.139798027400374 ], [ -114.037283354491294, 44.140050550525409 ], [ -114.036728951471233, 44.140371607285239 ], [ -114.036046065189836, 44.140771210610154 ], [ -114.035671110938765, 44.140969400607936 ], [ -114.035171225046867, 44.141329687049925 ], [ -114.034863394947408, 44.141515699257475 ], [ -114.034633835668643, 44.141707989228415 ], [ -114.034443301302105, 44.141933400863195 ], [ -114.034232399850666, 44.142182763412094 ], [ -114.03410926354519, 44.142644488666889 ], [ -114.034059371214624, 44.142851579081274 ], [ -114.034034468884727, 44.143031652174173 ], [ -114.034097206350168, 44.143418774642015 ], [ -114.034192070202749, 44.143793104578535 ], [ -114.03434104338271, 44.144114655327861 ], [ -114.034639076261556, 44.144471905594507 ], [ -114.035098300572102, 44.144858996545729 ], [ -114.035536159577674, 44.145264008799316 ], [ -114.03587406758308, 44.145786093404041 ], [ -114.035924179901642, 44.14594813667852 ], [ -114.035886707454765, 44.146011171406833 ], [ -114.035624094871508, 44.145948230644883 ], [ -114.035298911545652, 44.145795275838424 ], [ -114.034836027497548, 44.145363260507651 ], [ -114.034335702839982, 44.145039293891301 ], [ -114.033747911966415, 44.144805383743048 ], [ -114.033372767256139, 44.14472446441723 ], [ -114.032985190488475, 44.144769593379614 ], [ -114.031985097066723, 44.14508499256528 ], [ -114.031510060333559, 44.145256186893306 ], [ -114.031010061119034, 44.145517418815267 ], [ -114.030572486744077, 44.145607569543522 ], [ -114.030147382452057, 44.145634692349489 ], [ -114.029784781604889, 44.145634787457581 ], [ -114.028934496752996, 44.145535969895313 ], [ -114.028484359320373, 44.145509073173898 ], [ -114.028071749698725, 44.14551817858208 ], [ -114.027434102776539, 44.145581356437091 ], [ -114.026983969778726, 44.145563457082631 ], [ -114.026233769983975, 44.145581638369343 ], [ -114.025846138945695, 44.145527707044749 ], [ -114.025683543278546, 44.145410701078525 ], [ -114.025570926898936, 44.145212654183361 ], [ -114.025633221773475, 44.144699453239483 ], [ -114.025570588779416, 44.144429368844023 ], [ -114.025470454599613, 44.144177299331538 ], [ -114.025307813379399, 44.143943250147828 ], [ -114.025095191670417, 44.14378123797119 ], [ -114.024932617438409, 44.14370024402529 ], [ -114.024557495488395, 44.143628299014722 ], [ -114.02445744131542, 44.143556294217149 ], [ -114.024419865393185, 44.143394243165346 ], [ -114.024507159230268, 44.142845024190223 ], [ -114.024482086479082, 44.142682970455844 ], [ -114.024356957983628, 44.142439908527678 ], [ -114.024267335567046, 44.14219008825274 ], [ -114.024081698671722, 44.141953789501933 ], [ -114.023981651550372, 44.141890787550224 ], [ -114.023844103865187, 44.141845799913725 ], [ -114.023719091499416, 44.14188183907762 ], [ -114.023456624211036, 44.142106975395571 ], [ -114.023200749175047, 44.142249819741515 ], [ -114.022997932983628, 44.142516898166782 ], [ -114.022844274946181, 44.142845368796173 ], [ -114.022744310592842, 44.14299844456287 ], [ -114.02229437143248, 44.143439694126855 ], [ -114.022119369563541, 44.143547767536084 ], [ -114.021944353715554, 44.143619827547859 ], [ -114.019994023288774, 44.14405234306443 ], [ -114.018131162222318, 44.144403781874502 ], [ -114.017693554943591, 44.144421857048371 ], [ -114.01706836008853, 44.144304909505166 ], [ -114.016368168562749, 44.144259995560454 ], [ -114.015968083517905, 44.144323075150908 ], [ -114.015555522775927, 44.144494194413966 ], [ -114.015205487575997, 44.144710320281717 ], [ -114.014705470216995, 44.145169553040482 ], [ -114.013992885986838, 44.145628809806816 ], [ -114.013620338684703, 44.145873835856236 ], [ -114.013257275203642, 44.146048182042051 ], [ -114.012805199638578, 44.146295191736158 ], [ -114.012542663689047, 44.1464842897023 ], [ -114.012417657305733, 44.146628355804452 ], [ -114.012405172472583, 44.146718389938002 ], [ -114.012505217339879, 44.146790405251792 ], [ -114.013167960684243, 44.146997406166022 ], [ -114.013380549120811, 44.147105420790815 ], [ -114.014155966951535, 44.147870605838662 ], [ -114.014268556730528, 44.148095673723631 ], [ -114.014383324629691, 44.148533130271161 ], [ -114.01438125666759, 44.14877090521275 ], [ -114.014406293417707, 44.148887944624391 ], [ -114.014356300760639, 44.148986986933004 ], [ -114.01424379339511, 44.149113046850921 ], [ -114.014043762277126, 44.149266127268618 ], [ -114.013681719608883, 44.149613697550492 ], [ -114.01331868825423, 44.150032034301326 ], [ -114.012831144992418, 44.150625764049501 ], [ -114.01181848267106, 44.151652246150469 ], [ -114.011380885651192, 44.152012421363459 ], [ -114.01109330839644, 44.15219251503202 ], [ -114.01073069508972, 44.152345605237365 ], [ -114.010355562385328, 44.152426669274625 ], [ -114.009692804947818, 44.152444733963911 ], [ -114.009155085176445, 44.152390758707853 ], [ -114.008504811995323, 44.152264763204137 ], [ -114.007879538108199, 44.152039726314108 ], [ -114.007604426039563, 44.151994728611072 ], [ -114.007329323302827, 44.152021756399137 ], [ -114.007104242887863, 44.152075790232601 ], [ -114.007004213759899, 44.152156825831064 ], [ -114.006916695540468, 44.152291880197318 ], [ -114.006891708821357, 44.152489953618314 ], [ -114.006966752148458, 44.152606991556375 ], [ -114.007316904127265, 44.152715008886325 ], [ -114.007842140451473, 44.15292204920398 ], [ -114.008154777049029, 44.153003056725886 ], [ -114.008279836207393, 44.153066070604403 ], [ -114.008442442903714, 44.153354163260147 ], [ -114.008599426039368, 44.153657291548669 ], [ -114.008768927911532, 44.154040729579684 ], [ -114.008892802582054, 44.154524553701776 ], [ -114.008811481429291, 44.155120756199977 ], [ -114.008841846246824, 44.155800860403048 ], [ -114.00891442348123, 44.156097153950562 ], [ -114.008905588219591, 44.15638822831832 ], [ -114.008962933919406, 44.156846489869103 ], [ -114.008943216972881, 44.157126492844021 ], [ -114.009018278459507, 44.157297548903429 ], [ -114.00920590537774, 44.157540621977944 ], [ -114.009230932803291, 44.157639655823452 ], [ -114.009193435730438, 44.157774707751038 ], [ -114.009018396390289, 44.158071829280118 ], [ -114.008605776052548, 44.158630063180333 ], [ -114.00850578188421, 44.159017210784413 ], [ -114.008505827153954, 44.159332324809121 ], [ -114.008555895574162, 44.15962942856661 ], [ -114.008768584959185, 44.16016960784799 ], [ -114.008981259104971, 44.160583741104666 ], [ -114.009043843170048, 44.160916856619231 ], [ -114.009018894219878, 44.161340011569628 ], [ -114.008956837373603, 44.162013729947496 ], [ -114.008798204399994, 44.16255249693539 ], [ -114.008706461338022, 44.162951618137647 ], [ -114.008678596888259, 44.163132135456884 ], [ -114.008556038278584, 44.163221727054882 ], [ -114.008259649290039, 44.163438457128208 ], [ -114.007883969628864, 44.163722266142166 ], [ -114.007505898426345, 44.163915053003166 ], [ -114.007124064030435, 44.164037069693336 ], [ -114.00678526147351, 44.164228769512725 ], [ -114.006367797348929, 44.164536344554229 ], [ -114.006131566158359, 44.164873620992701 ], [ -114.005907086764054, 44.165184154867227 ], [ -114.005730010456062, 44.165508729182136 ], [ -114.005604944775357, 44.165625779408927 ], [ -114.005392325339372, 44.16575183510939 ], [ -114.004879527799432, 44.165985942593814 ], [ -114.004122206373978, 44.166337547420447 ], [ -114.003191020587892, 44.166778287930306 ], [ -114.002306475525785, 44.167209024481096 ], [ -114.001765134496864, 44.167435553972631 ], [ -114.001577515643177, 44.16752558916545 ], [ -114.001035417962896, 44.167724837167235 ], [ -114.000611642993277, 44.167818925926071 ], [ -114.000272797216823, 44.167906078641565 ], [ -113.999957966226333, 44.167940919713566 ], [ -113.999601232524199, 44.167957755091741 ], [ -113.999195340296609, 44.168055980146327 ], [ -113.998725654298767, 44.168173826533369 ], [ -113.998125253381502, 44.168344881686977 ], [ -113.997724979561326, 44.168578958741804 ], [ -113.997612400276537, 44.168686995360247 ], [ -113.99751232705961, 44.168840046551473 ], [ -113.997512322518659, 44.168948085462191 ], [ -113.99750143297473, 44.16908979625947 ], [ -113.997493048900054, 44.169200175824813 ], [ -113.997439624519529, 44.169420216573243 ], [ -113.997412232462054, 44.169470271278897 ], [ -113.997412223408048, 44.169677347633694 ], [ -113.997499773800939, 44.16990242881139 ], [ -113.997624852262149, 44.17009150133822 ], [ -113.997774951261519, 44.170217549728235 ], [ -113.998237768621379, 44.170334598129052 ], [ -113.998625533604326, 44.17053267473527 ], [ -113.99893824963371, 44.17066772846826 ], [ -113.998988283622921, 44.170730749799624 ], [ -113.999000790578819, 44.170838788784621 ], [ -113.998988280083012, 44.170937826108705 ], [ -113.998925734983885, 44.170991844973457 ], [ -113.998663048225708, 44.171045861636571 ], [ -113.998125167253633, 44.171063860554007 ], [ -113.997597417814816, 44.171058718827901 ], [ -113.997185625513268, 44.171105704533069 ], [ -113.996649115266834, 44.171198873580018 ], [ -113.995998643217391, 44.171351909509411 ], [ -113.995510780655721, 44.171549962627907 ], [ -113.994910333100506, 44.171757010133213 ], [ -113.994697668861633, 44.171883045791972 ], [ -113.994309856240108, 44.172225150161879 ], [ -113.994097191734028, 44.172324176781764 ], [ -113.993872023904729, 44.172360177874182 ], [ -113.993284093020293, 44.172378151299036 ], [ -113.992621352949868, 44.172429969062065 ], [ -113.991970613809556, 44.172531119761359 ], [ -113.991520277586119, 44.17257610520722 ], [ -113.99124506785769, 44.172630103868421 ], [ -113.99104490869631, 44.172711115682716 ], [ -113.990594537489486, 44.172963170109227 ], [ -113.990144171442992, 44.173161203334921 ], [ -113.989793872406665, 44.173386255268873 ], [ -113.989376522888918, 44.173597341288719 ], [ -113.989043248600666, 44.173728308681568 ], [ -113.98860164120012, 44.173858632314733 ], [ -113.988311026224792, 44.173963218735338 ], [ -113.987879795717404, 44.174106327027445 ], [ -113.987667119322481, 44.174178330140428 ], [ -113.987567022448204, 44.174277353065506 ], [ -113.987172900632899, 44.174607818205892 ], [ -113.986966426232641, 44.174907512472544 ], [ -113.986666109126546, 44.175285613591079 ], [ -113.986340808023897, 44.175492651303536 ], [ -113.986015481240017, 44.175798721827213 ], [ -113.985677656429644, 44.176041765422745 ], [ -113.985138388131702, 44.176406057300269 ], [ -113.984639133547077, 44.176815908340139 ], [ -113.984113621344534, 44.177148957773902 ], [ -113.983588060773457, 44.177635057853571 ], [ -113.983225192374221, 44.177887095546879 ], [ -113.982624589948884, 44.178256136327526 ], [ -113.982304601689791, 44.178584076589523 ], [ -113.982086595963267, 44.17882803006642 ], [ -113.981798634093181, 44.179138323970598 ], [ -113.981398112286385, 44.179723470939471 ], [ -113.981322977151194, 44.179948537510988 ], [ -113.981247741566534, 44.180488718664314 ], [ -113.981147588843598, 44.180695778134563 ], [ -113.981009925750314, 44.180830801890231 ], [ -113.980657144563352, 44.1811282092062 ], [ -113.980183967161636, 44.181541918034227 ], [ -113.979855842615919, 44.181789807590462 ], [ -113.979595770120724, 44.182054996354516 ], [ -113.979252061676632, 44.182487270940953 ], [ -113.97884466508377, 44.183270296338037 ], [ -113.978744476594244, 44.183540374328857 ], [ -113.978681669330442, 44.184233608674752 ], [ -113.978456128746529, 44.185142893138647 ], [ -113.978418353480009, 44.185800118999225 ], [ -113.978305537764612, 44.186367301998914 ], [ -113.978292876999902, 44.186772442449346 ], [ -113.978330307965734, 44.187060552404461 ], [ -113.978455272875678, 44.187492730285925 ], [ -113.978717791946593, 44.188159017224308 ], [ -113.978792776345557, 44.188411121100877 ], [ -113.978817707874285, 44.188672220659299 ], [ -113.978779889133563, 44.189455491165283 ], [ -113.978904811002309, 44.19003171971265 ], [ -113.979091762647016, 44.190712758577519 ], [ -113.97920474294483, 44.191103158285649 ], [ -113.979267242101315, 44.191292235196975 ], [ -113.979342053551292, 44.192057523102818 ], [ -113.979316941957265, 44.192300603312574 ], [ -113.97922929797906, 44.192444638697637 ], [ -113.979091599967575, 44.192588664861916 ], [ -113.978628493487847, 44.192894688129307 ], [ -113.978565883734461, 44.193011719858411 ], [ -113.978553265759558, 44.193299820023363 ], [ -113.97846558565459, 44.193533886826721 ], [ -113.978327850251034, 44.193767944068362 ], [ -113.978165112950336, 44.193929970735418 ], [ -113.977964863793048, 44.194010959311491 ], [ -113.977264027229154, 44.194190886035734 ], [ -113.976713330471213, 44.194424858370787 ], [ -113.976012419458044, 44.194766835019585 ], [ -113.97572455257891, 44.194883817632814 ], [ -113.975211422829531, 44.195027758664672 ], [ -113.974911020055401, 44.19518975070595 ], [ -113.974723241508386, 44.195351766927203 ], [ -113.974510352392585, 44.19570284264023 ], [ -113.974072131320369, 44.196224929606025 ], [ -113.973859243152091, 44.196558001255752 ], [ -113.973809026672015, 44.196918117693336 ], [ -113.97390892271045, 44.197413314630474 ], [ -113.973846195287337, 44.197764426776025 ], [ -113.973532982258831, 44.198547630912849 ], [ -113.973044549231972, 44.199339797868667 ], [ -113.972969279142433, 44.199735920621762 ], [ -113.972838391571827, 44.20024060859555 ], [ -113.972768613404483, 44.20066320364527 ], [ -113.972730993327588, 44.200825252130102 ], [ -113.972862072361892, 44.201268780564419 ], [ -113.972999556530155, 44.201673234679802 ], [ -113.973197924094094, 44.201950039465707 ], [ -113.973456245145385, 44.202220915734436 ], [ -113.973931565862927, 44.202824240672015 ], [ -113.974056638566594, 44.203013334305886 ], [ -113.974131661298117, 44.203175408710138 ], [ -113.974156582377177, 44.203427503617171 ], [ -113.974131428853795, 44.203706598542745 ], [ -113.973843196021576, 44.204543827482553 ], [ -113.973792972637384, 44.204903943405938 ], [ -113.973855473036821, 44.205084021434956 ], [ -113.974071596770045, 44.205434114524458 ], [ -113.974268232131138, 44.205705336702401 ], [ -113.974468350976892, 44.206029496227785 ], [ -113.974618406757557, 44.206353644272241 ], [ -113.974868602906994, 44.206659807809189 ], [ -113.975039932498518, 44.207002774792358 ], [ -113.975143679309554, 44.207335104859496 ], [ -113.975193677387779, 44.207497172995708 ], [ -113.975330961208016, 44.208451539877913 ], [ -113.975343342757185, 44.208775657019835 ], [ -113.97530570199531, 44.208991725191872 ], [ -113.975092729234547, 44.209432836515788 ], [ -113.975080113570129, 44.209666916397993 ], [ -113.975130018731875, 44.210054062114494 ], [ -113.975242529305319, 44.210396207284049 ], [ -113.975492648724313, 44.210936451801608 ], [ -113.975780424532957, 44.21123361977601 ], [ -113.976030709426794, 44.211386724745608 ], [ -113.976406169749112, 44.211539858685086 ], [ -113.976903641120629, 44.211785114995607 ], [ -113.977507506814447, 44.212053259990007 ], [ -113.9776326445525, 44.212152321276307 ], [ -113.97774525158566, 44.212287389077773 ], [ -113.977970403427278, 44.212728590021122 ], [ -113.97820133021628, 44.213133416971019 ], [ -113.978308401265508, 44.213353835011347 ], [ -113.978378266061839, 44.213650230876169 ], [ -113.978408061179209, 44.213989117685884 ], [ -113.978357781720746, 44.214556306127804 ], [ -113.978357692691091, 44.214799393504315 ], [ -113.978557711198889, 44.215546692474938 ], [ -113.978670297562758, 44.215762789596901 ], [ -113.978791994526716, 44.216055145124223 ], [ -113.979034245039685, 44.216351485889454 ], [ -113.979324857233365, 44.216543216286432 ], [ -113.979633909391268, 44.216627269549392 ], [ -113.980309823917167, 44.216879476720294 ], [ -113.980910597720694, 44.217239705343189 ], [ -113.981361194241018, 44.217473862062093 ], [ -113.981974540444412, 44.21769904142522 ], [ -113.982099700354169, 44.217789092757883 ], [ -113.982337472938283, 44.218068226080689 ], [ -113.982550247281054, 44.218221314378916 ], [ -113.982725484567723, 44.218311372655975 ], [ -113.982888221773933, 44.21833840484058 ], [ -113.983101039717241, 44.218347441485236 ], [ -113.984102562732915, 44.218293566260982 ], [ -113.984678431921537, 44.218284639982272 ], [ -113.985204234590583, 44.218239695270718 ], [ -113.986030481845646, 44.218221792966112 ], [ -113.986193220318384, 44.218248820443236 ], [ -113.986230760039234, 44.218320850289317 ], [ -113.985955234042251, 44.218788981274614 ], [ -113.985804963385235, 44.218969025970438 ], [ -113.985279080655914, 44.219311079610968 ], [ -113.984803291525921, 44.219563105861688 ], [ -113.984052052360283, 44.219905123617394 ], [ -113.983814168092991, 44.219977115454832 ], [ -113.982474586851865, 44.220066949419461 ], [ -113.982111510382182, 44.220129917074068 ], [ -113.981710825232582, 44.220354930860431 ], [ -113.981335192753619, 44.220525931964886 ], [ -113.980859362436561, 44.22082295573032 ], [ -113.980095586205749, 44.221101924972153 ], [ -113.979719904126753, 44.221389960007954 ], [ -113.9796447281865, 44.221561004864611 ], [ -113.979757299130497, 44.221867132272244 ], [ -113.979769713909192, 44.222173241859927 ], [ -113.979744609751222, 44.222362305532108 ], [ -113.979644343523489, 44.22267739642875 ], [ -113.97952865547775, 44.223050466588468 ], [ -113.979552723534681, 44.223329300460463 ], [ -113.979552639084559, 44.223573284178258 ], [ -113.979568816981597, 44.223856798249663 ], [ -113.979543717699912, 44.224027851910733 ], [ -113.979431209194246, 44.224252912387662 ], [ -113.979055218315196, 44.224639977920155 ], [ -113.978716884509566, 44.225441197868228 ], [ -113.978554021782358, 44.225711261995691 ], [ -113.978190796750013, 44.226071319324056 ], [ -113.977852665814211, 44.226278324964234 ], [ -113.977752467614096, 44.226368337011579 ], [ -113.977163677803091, 44.227205515666896 ], [ -113.977113507660889, 44.227430582578577 ], [ -113.977103628934358, 44.227720842145033 ], [ -113.977088176232158, 44.228177840695693 ], [ -113.977012826346268, 44.22875402704841 ], [ -113.976887460718601, 44.229150140243746 ], [ -113.976599249656715, 44.229717278013901 ], [ -113.976532890213363, 44.230024183451086 ], [ -113.976411732395277, 44.230215835469302 ], [ -113.976266143037137, 44.230442322650518 ], [ -113.975947703885652, 44.230797520144748 ], [ -113.975384067783367, 44.231202543375474 ], [ -113.975008363236668, 44.231337507157711 ], [ -113.974131763882482, 44.231535381180258 ], [ -113.973505572307786, 44.231778324335288 ], [ -113.972816816546157, 44.23191320786313 ], [ -113.972203150054398, 44.232129135614393 ], [ -113.971442124573528, 44.23228848538583 ], [ -113.970714879367662, 44.23249744245841 ], [ -113.969773510792365, 44.232938801349334 ], [ -113.968946697719332, 44.233631823217408 ], [ -113.968658598762133, 44.233802802398202 ], [ -113.968232768830262, 44.233946735011848 ], [ -113.967719315932158, 44.234027621132753 ], [ -113.967318511561743, 44.234198565018545 ], [ -113.966932765549842, 44.234308834297387 ], [ -113.966604592599168, 44.234468452715895 ], [ -113.966429204022205, 44.23460345018966 ], [ -113.96584044759382, 44.234963401185489 ], [ -113.965489971480139, 44.2351344454977 ], [ -113.965203855487331, 44.235311000265263 ], [ -113.964896150881685, 44.235568665943887 ], [ -113.964637781880739, 44.235827336409535 ], [ -113.964224177404901, 44.236421414613801 ], [ -113.964061267422295, 44.236610427523942 ], [ -113.963816420874281, 44.236859198689928 ], [ -113.96347243199115, 44.237042391240884 ], [ -113.96330960180407, 44.237096357867266 ], [ -113.963084190893312, 44.23709628524788 ], [ -113.962637202773706, 44.236974689442398 ], [ -113.962132594519787, 44.236879898540813 ], [ -113.961807112825355, 44.236708732420531 ], [ -113.961431618629675, 44.236420505930688 ], [ -113.961126338055152, 44.236196042509263 ], [ -113.960835575912455, 44.235986800342637 ], [ -113.960668112677055, 44.235853046231483 ], [ -113.96031770473887, 44.235519810786997 ], [ -113.959892294635807, 44.234997480246776 ], [ -113.959729577338237, 44.234889385346385 ], [ -113.959481561094634, 44.234631447767264 ], [ -113.959078770257449, 44.234375973378896 ], [ -113.958665699830746, 44.234141743049271 ], [ -113.958215021632142, 44.233970521244345 ], [ -113.957426281038451, 44.233754154668389 ], [ -113.957175871310369, 44.233709043571636 ], [ -113.957000555225932, 44.233717982656934 ], [ -113.956787633223968, 44.233780922492123 ], [ -113.956599735191887, 44.23387088265914 ], [ -113.956461905322243, 44.23398787282779 ], [ -113.956361608220732, 44.234149891067027 ], [ -113.956286328383442, 44.234347931345134 ], [ -113.95616059127974, 44.235041123015563 ], [ -113.956172866429441, 44.235374245615859 ], [ -113.956305291677097, 44.23579708365574 ], [ -113.956347641794494, 44.236103564808275 ], [ -113.956096761041081, 44.236679669349812 ], [ -113.955795898524883, 44.237102702467602 ], [ -113.955708029366903, 44.237381763796549 ], [ -113.955732589151765, 44.238029998935623 ], [ -113.955857368426479, 44.23863325890585 ], [ -113.955932379673442, 44.238804345573932 ], [ -113.956208500656899, 44.239331675133414 ], [ -113.956382522782093, 44.239740843969855 ], [ -113.956470080292874, 44.239884927451548 ], [ -113.956616673427433, 44.240131759009103 ], [ -113.95678277693473, 44.240416232631858 ], [ -113.956982950084935, 44.240695403385978 ], [ -113.957145462681552, 44.241100607051933 ], [ -113.957395708820869, 44.241415808333691 ], [ -113.958021499101079, 44.241974233899263 ], [ -113.958296750595082, 44.242361470956666 ], [ -113.958421806155044, 44.242622605395546 ], [ -113.958659219942376, 44.243396960328276 ], [ -113.959060432567256, 44.244208288087748 ], [ -113.959272077860319, 44.244594597717843 ], [ -113.959520402704626, 44.24501009004846 ], [ -113.959672404100118, 44.245260970784003 ], [ -113.95970987945843, 44.245405033952125 ], [ -113.959972627235658, 44.245801263648097 ], [ -113.960235299693352, 44.246314531446508 ], [ -113.960585608879441, 44.246890852499838 ], [ -113.960760694214144, 44.247287050000544 ], [ -113.960748097378485, 44.247395083093387 ], [ -113.960672875317826, 44.247503094640486 ], [ -113.960536757706564, 44.24783355215569 ], [ -113.960294209339068, 44.248112294653964 ], [ -113.960121128963621, 44.248457233802817 ], [ -113.959920456153142, 44.248853300690037 ], [ -113.959694797464536, 44.249150325915139 ], [ -113.959393971429193, 44.24946532661361 ], [ -113.959205934077602, 44.249690339290844 ], [ -113.959030383343389, 44.24996937121275 ], [ -113.958867300093218, 44.25032943716495 ], [ -113.958546785246682, 44.250662978490233 ], [ -113.958255529590247, 44.251063689210589 ], [ -113.957746031765197, 44.251516628524342 ], [ -113.957300494877316, 44.251850390064234 ], [ -113.957125007193781, 44.252021381644958 ], [ -113.956836757878023, 44.252228346444156 ], [ -113.956460255306368, 44.252526926767153 ], [ -113.955896887885132, 44.252786180284758 ], [ -113.953942308665987, 44.253424627910142 ], [ -113.953513543303245, 44.253571294936357 ], [ -113.953198284279011, 44.253693160130631 ], [ -113.952764491379511, 44.253856296165637 ], [ -113.952062582439723, 44.25438718892493 ], [ -113.951435931661507, 44.254783060942849 ], [ -113.95105996254803, 44.254989970137629 ], [ -113.950734165114739, 44.255115873582696 ], [ -113.950408411689921, 44.255187757479618 ], [ -113.950057626969908, 44.255232621989187 ], [ -113.949343614260911, 44.255223302693082 ], [ -113.948759774757775, 44.255190000905365 ], [ -113.948226419927977, 44.255154918404116 ], [ -113.947652585405208, 44.255141514156243 ], [ -113.94741459501347, 44.255123398639157 ], [ -113.947276761636118, 44.25516834883706 ], [ -113.946635166621277, 44.255422388655823 ], [ -113.946092183330293, 44.255641901314014 ], [ -113.945234322795216, 44.255806610213753 ], [ -113.944946072103747, 44.255950521336331 ], [ -113.944319382497042, 44.256319343073535 ], [ -113.943793020976983, 44.256562170907571 ], [ -113.943291518783937, 44.25700307331774 ], [ -113.942940508929652, 44.257263990312723 ], [ -113.94270235406546, 44.257407920747951 ], [ -113.942075687989018, 44.257722711481833 ], [ -113.941148010564788, 44.258388466824286 ], [ -113.939706418297035, 44.258947529625338 ], [ -113.939165779552283, 44.25926667117087 ], [ -113.938791637360382, 44.259575637739573 ], [ -113.938490834308666, 44.259710524452792 ], [ -113.938127467162388, 44.259773348111786 ], [ -113.937751676080879, 44.259737131561074 ], [ -113.936862628774591, 44.259349512191051 ], [ -113.93656207416511, 44.25925030978631 ], [ -113.936023517524163, 44.259132970947732 ], [ -113.935560206543457, 44.258943643638439 ], [ -113.933956994136608, 44.258672635014747 ], [ -113.933706405649303, 44.258708502267659 ], [ -113.933393097213994, 44.258816357219089 ], [ -113.933117350838401, 44.258942239507071 ], [ -113.932377778037491, 44.259337940487391 ], [ -113.932026840902225, 44.259481781794975 ], [ -113.931751150991175, 44.259553642210513 ], [ -113.931024424605326, 44.25966124290737 ], [ -113.930347710445346, 44.259849899170987 ], [ -113.929971838194717, 44.259885681766171 ], [ -113.929621085258447, 44.259867460012593 ], [ -113.929433233809206, 44.259813325534047 ], [ -113.928957421907157, 44.259614962447387 ], [ -113.928706891666053, 44.25959680017047 ], [ -113.928556538709273, 44.259614712435067 ], [ -113.928518869900131, 44.259686713660543 ], [ -113.928480991136453, 44.25992977181118 ], [ -113.928593087591878, 44.260470027809767 ], [ -113.928592455569628, 44.260992207043543 ], [ -113.928491304858269, 44.261757408733189 ], [ -113.928415743251961, 44.262081472834154 ], [ -113.928277560489761, 44.262387491378171 ], [ -113.928139477501631, 44.262612480154615 ], [ -113.92789766137291, 44.262937159406356 ], [ -113.927599944448573, 44.263278368403391 ], [ -113.927223726594377, 44.263575233205209 ], [ -113.926835134036281, 44.263746041935676 ], [ -113.926358905816073, 44.2638627779275 ], [ -113.925883593999941, 44.263946649439958 ], [ -113.925381511905115, 44.263997188249675 ], [ -113.925005598788218, 44.264041959342777 ], [ -113.924604674037582, 44.264050696725164 ], [ -113.924137440295993, 44.264084959265354 ], [ -113.92345832525038, 44.26413672598207 ], [ -113.921747808597132, 44.264318868202842 ], [ -113.920807824172485, 44.264570306984723 ], [ -113.920281243699364, 44.264849038335576 ], [ -113.92003041320983, 44.265037926113955 ], [ -113.919829671793238, 44.265244858280006 ], [ -113.919636995139001, 44.265416771940501 ], [ -113.919478337133356, 44.265631742221053 ], [ -113.919290195841711, 44.265784663764514 ], [ -113.918312267804239, 44.266270135429565 ], [ -113.917622768644705, 44.266557739110922 ], [ -113.917309315935469, 44.266719568219592 ], [ -113.917058531272147, 44.266863435807217 ], [ -113.916757412723555, 44.267160316850507 ], [ -113.916531696036913, 44.267295200248633 ], [ -113.916230815570998, 44.267421023216791 ], [ -113.91572945247114, 44.267555698955057 ], [ -113.915340772091355, 44.267744478171409 ], [ -113.914889508624555, 44.267888192219658 ], [ -113.91448816470654, 44.26816698633953 ], [ -113.913911443820083, 44.268418639549658 ], [ -113.913347156194035, 44.268733322659877 ], [ -113.913121399175651, 44.268886201817963 ], [ -113.912744966159892, 44.269255043143303 ], [ -113.911829345420514, 44.269893557187146 ], [ -113.911628572194047, 44.270091469855807 ], [ -113.911452789755373, 44.270334418748277 ], [ -113.911026353085305, 44.270613181131189 ], [ -113.910825765294689, 44.27068504937273 ], [ -113.910261809405128, 44.270756632389578 ], [ -113.909434375769962, 44.27105308285774 ], [ -113.908770102237412, 44.271169592530178 ], [ -113.908607073348833, 44.27125949301842 ], [ -113.908193019281825, 44.271619284202764 ], [ -113.907929606416488, 44.271799133791461 ], [ -113.907766628322847, 44.271853020793941 ], [ -113.907465917821312, 44.271843776323081 ], [ -113.907315513087795, 44.271870661827307 ], [ -113.907102415911694, 44.271924507205917 ], [ -113.906964482949903, 44.27198741830702 ], [ -113.906951868752031, 44.272041426507315 ] ] ] } },
{ "type": "Feature", "properties": { "name": "Bingham Ground Water District" }, "geometry": { "type": "Polygon", "coordinates": [ [ [ -112.520027678901798, 43.439697539454237 ], [ -112.520051904746367, 43.425219063674426 ], [ -112.500387148915209, 43.425229409412879 ], [ -112.480558974389453, 43.425208591441972 ], [ -112.460671851969352, 43.425193775357101 ], [ -112.440832760195178, 43.425180958813868 ], [ -112.421044973640619, 43.425141335429231 ], [ -112.401212187947948, 43.425079491003387 ], [ -112.381444598794687, 43.425115337900138 ], [ -112.361578087611605, 43.425103299066272 ], [ -112.341714300991342, 43.425064065421751 ], [ -112.321843568026594, 43.425067470744914 ], [ -112.302009003158915, 43.425029680565103 ], [ -112.282513392961135, 43.425022499859409 ], [ -112.262667996012439, 43.424971599752247 ], [ -112.242853639681869, 43.424942438806418 ], [ -112.222999482936928, 43.424916153191255 ], [ -112.203127881344557, 43.424916368138973 ], [ -112.182760490592955, 43.424900891123066 ], [ -112.182759462628837, 43.425029416411661 ], [ -112.162890399549326, 43.424974299318571 ], [ -112.143129199560079, 43.425011000092205 ], [ -112.123194000896788, 43.42498310051446 ], [ -112.103286200850661, 43.424988500063776 ], [ -112.10334819946722, 43.410243799703004 ], [ -112.083487600607029, 43.410198399768319 ], [ -112.063628299920353, 43.410144999083002 ], [ -112.04376219988842, 43.410152100069602 ], [ -112.043794682442851, 43.395674898610075 ], [ -112.043806001454328, 43.381229300628689 ], [ -112.043815150086772, 43.374959764578058 ], [ -112.044016776359129, 43.366622208713295 ], [ -112.04061616884654, 43.366608131632418 ], [ -112.038863199149574, 43.366598799732586 ], [ -112.024068900532072, 43.366630600209255 ], [ -112.019139400069818, 43.36662559995213 ], [ -112.00437779941241, 43.36666959998125 ], [ -111.999334454570047, 43.366675479193809 ], [ -111.984108397342851, 43.366564551218168 ], [ -111.97954658740656, 43.366530522661947 ], [ -111.964601872197647, 43.366411665610279 ], [ -111.959798137685425, 43.366373480911761 ], [ -111.944765250842465, 43.366255237970982 ], [ -111.939950454357216, 43.366216832769602 ], [ -111.924937159707468, 43.366091197287147 ], [ -111.92147322622003, 43.366086788941757 ], [ -111.905137043290011, 43.366071433448226 ], [ -111.90167372271172, 43.366067329941323 ], [ -111.885338316334838, 43.366051364556832 ], [ -111.881897412040487, 43.36604712101164 ], [ -111.865542395097236, 43.366030737655791 ], [ -111.862109823258052, 43.366054162642321 ], [ -111.845719084402276, 43.366171388254642 ], [ -111.842207399531375, 43.366167200955694 ], [ -111.825942078064756, 43.366067736167729 ], [ -111.822445476319501, 43.366063577395813 ], [ -111.822447099752239, 43.354763000232438 ], [ -111.822454298557616, 43.340258899522688 ], [ -111.822491199497378, 43.325730400338024 ], [ -111.822477300530593, 43.311274501319922 ], [ -111.822486299991539, 43.296796899865186 ], [ -111.822501199745204, 43.282331899683058 ], [ -111.802691899754095, 43.282279601322109 ], [ -111.784227800121712, 43.282233699891627 ], [ -111.764479300566279, 43.282168900872932 ], [ -111.744738600567558, 43.282114800073138 ], [ -111.725010998469656, 43.282073700265926 ], [ -111.705294698453869, 43.282059298966729 ], [ -111.687042400048639, 43.28204010003877 ], [ -111.66729000079772, 43.282016399583696 ], [ -111.647515299514865, 43.281965199175417 ], [ -111.627700701674542, 43.281920101135995 ], [ -111.60787709825884, 43.281878300364063 ], [ -111.588060600512861, 43.281840701029573 ], [ -111.588084799919258, 43.267377400061719 ], [ -111.588044400163625, 43.252444600506017 ], [ -111.58809080181463, 43.238011700393706 ], [ -111.588077300357682, 43.223569800626265 ], [ -111.588116300902286, 43.209152898935855 ], [ -111.588363199808811, 43.194713800437803 ], [ -111.589578503869944, 43.194714144359523 ], [ -111.589582400537154, 43.179143900998277 ], [ -111.589586283693379, 43.164659307905382 ], [ -111.589588459059271, 43.150175195054707 ], [ -111.589590273140459, 43.135692025745733 ], [ -111.589590698601725, 43.121209799042703 ], [ -111.589591095960316, 43.106728412166952 ], [ -111.589586700415197, 43.092665900341835 ], [ -111.589601000587905, 43.078186899712207 ], [ -111.589551700105119, 43.063705800841518 ], [ -111.589508898653563, 43.049226099932319 ], [ -111.58950653233822, 43.034744486264898 ], [ -111.589509101599191, 43.020137401123726 ], [ -111.609253900037444, 43.020210599826179 ], [ -111.628979300491793, 43.020277399659172 ], [ -111.648709499944133, 43.020486799028987 ], [ -111.668437900378152, 43.020489499049226 ], [ -111.688228798867442, 43.020660700527856 ], [ -111.708003999681694, 43.02071819877586 ], [ -111.727684301350322, 43.020647498833512 ], [ -111.747356000445563, 43.020580400011902 ], [ -111.767016698419965, 43.020520698699436 ], [ -111.786644699452893, 43.020484499835057 ], [ -111.806448399958725, 43.020550099986067 ], [ -111.826970999440533, 43.020647000584205 ], [ -111.846666399437467, 43.020708099709154 ], [ -111.866271699925079, 43.020725199843973 ], [ -111.885903499636754, 43.020751000041152 ], [ -111.905614600423576, 43.020880499616787 ], [ -111.915211397517126, 43.020871248498608 ], [ -111.925417399953915, 43.021003101333513 ], [ -111.9440373983889, 43.020917600021882 ], [ -111.947227701722042, 43.020927599945487 ], [ -111.947069679670378, 43.030416148598832 ], [ -111.947057286723719, 43.031146935138032 ], [ -111.947039943875723, 43.032616558406467 ], [ -111.94703209704393, 43.033523145366829 ], [ -111.947022307651793, 43.034332296050643 ], [ -111.94697040056441, 43.040209201255514 ], [ -111.946851499785367, 43.051307700077871 ], [ -111.946660298948444, 43.064332699192548 ], [ -111.946604001411572, 43.071570200228145 ], [ -111.946581299840517, 43.078807800129887 ], [ -111.946365000682277, 43.093279699753424 ], [ -111.946213401212361, 43.101912000871621 ], [ -111.946088499748257, 43.107663000354265 ], [ -111.945925300657066, 43.115231699442084 ], [ -111.945803544825267, 43.124697708967688 ], [ -111.945795488742789, 43.124919134551348 ], [ -111.945805121586176, 43.130235674419616 ], [ -111.945805974826229, 43.134080732713826 ], [ -111.945805755234304, 43.134302386065286 ], [ -111.945781698281721, 43.136915099549682 ], [ -111.945748434164301, 43.140362846795668 ], [ -111.945713200218378, 43.144009699888748 ], [ -111.945801521781803, 43.146156238375539 ], [ -111.946036836034253, 43.146064244498731 ], [ -111.946114459165642, 43.146001315897124 ], [ -111.946446403907032, 43.145844599771777 ], [ -111.94686827017739, 43.145545533333461 ], [ -111.947411670382351, 43.145260933101788 ], [ -111.948063402736736, 43.145009932726779 ], [ -111.949422203159344, 43.144704999832243 ], [ -111.950499603323749, 43.144643599720069 ], [ -111.950783070230798, 43.144704199675616 ], [ -111.950973069640256, 43.144813799876921 ], [ -111.950954803941571, 43.145096399699227 ], [ -111.950632403402068, 43.145496800021675 ], [ -111.949633269416225, 43.146131599520075 ], [ -111.949456270142377, 43.146343533357438 ], [ -111.949478869692456, 43.146877199873082 ], [ -111.949755402740251, 43.148144800090023 ], [ -111.949775270286949, 43.148572199753794 ], [ -111.950008603595379, 43.149264599597601 ], [ -111.950451803899099, 43.150248133177911 ], [ -111.950856869460551, 43.150738733343225 ], [ -111.951763203356052, 43.151537933090708 ], [ -111.952192803599345, 43.152016599312411 ], [ -111.952424402769097, 43.152369799644532 ], [ -111.952579603399329, 43.152854599967334 ], [ -111.95254586984359, 43.153371733246694 ], [ -111.952400602965213, 43.153895199757031 ], [ -111.952057003559062, 43.154673133318234 ], [ -111.951221403269741, 43.156076999641982 ], [ -111.950965470318806, 43.156949333300844 ], [ -111.950952469577686, 43.157552732560191 ], [ -111.951037069907358, 43.157830732947502 ], [ -111.951269203073451, 43.158207199834671 ], [ -111.951714403317681, 43.158583732879073 ], [ -111.952205669429148, 43.158880199229408 ], [ -111.953459602996247, 43.159176599498878 ], [ -111.953882670423184, 43.159419000089898 ], [ -111.954527469763704, 43.160001399730085 ], [ -111.955511603879799, 43.160474999551013 ], [ -111.956187069927438, 43.1605671328035 ], [ -111.956408403405206, 43.16064433287265 ], [ -111.957002870377565, 43.161014333209401 ], [ -111.957257269455269, 43.161267399501305 ], [ -111.957417803927555, 43.16152713330942 ], [ -111.957466803146644, 43.162025132884047 ], [ -111.957405669648082, 43.16223479943001 ], [ -111.957446603874274, 43.162518132716876 ], [ -111.957732402810421, 43.163231999923475 ], [ -111.957951603405462, 43.163743199845719 ], [ -111.958075202893156, 43.163799199272098 ], [ -111.960976469430634, 43.164151999366865 ], [ -111.961724270003074, 43.164492399818258 ], [ -111.962060269744441, 43.164542799301621 ], [ -111.963867069463888, 43.164426333145734 ], [ -111.96430846954992, 43.164435999652653 ], [ -111.964525670123578, 43.164518732832747 ], [ -111.964982803620828, 43.164937999589277 ], [ -111.965208002854212, 43.165074999589969 ], [ -111.966714869450612, 43.165827399942529 ], [ -111.967145470482009, 43.165897932651134 ], [ -111.968809403554971, 43.165826799489466 ], [ -111.96968827028725, 43.165886732890051 ], [ -111.970340602989765, 43.166044399812854 ], [ -111.971186803778707, 43.166455733440728 ], [ -111.971621470435409, 43.166794132894253 ], [ -111.972045869624736, 43.167038799523269 ], [ -111.972407603404974, 43.167391599292074 ], [ -111.972624203127353, 43.167629332568588 ], [ -111.972844403273868, 43.167986599470986 ], [ -111.972954269563147, 43.168291399949524 ], [ -111.973460403917557, 43.168623932906648 ], [ -111.974491470026919, 43.168633999647135 ], [ -111.977268203683423, 43.168450399519223 ], [ -111.977845869985131, 43.168362532797502 ], [ -111.978692270360426, 43.168080400057583 ], [ -111.97948867019241, 43.167668133083922 ], [ -111.980112869341028, 43.167266000093043 ], [ -111.980440070448509, 43.167196332723151 ], [ -111.980947470385416, 43.167320733117627 ], [ -111.981305002786556, 43.167562532638641 ], [ -111.982357002892925, 43.168887399432258 ], [ -111.982879003889622, 43.169310999556743 ], [ -111.98321846983562, 43.169453199375674 ], [ -111.984219202769353, 43.169734333180791 ], [ -111.985367670112453, 43.170122333237863 ], [ -111.986001469741211, 43.170388399660503 ], [ -111.986413003660871, 43.170645133350433 ], [ -111.987061403519348, 43.171177332755626 ], [ -111.98743920378908, 43.171342799530514 ], [ -111.987862069603338, 43.171433133250616 ], [ -111.990848003414868, 43.171320399217748 ], [ -111.991381803167016, 43.171377999729124 ], [ -111.991708203796364, 43.171458399422782 ], [ -111.992365203397213, 43.171699599385249 ], [ -111.993050870228103, 43.172045933135784 ], [ -111.993785603257336, 43.172330599237675 ], [ -111.994334603700679, 43.17248913326172 ], [ -111.99496000328061, 43.172580933068204 ], [ -111.995353670274056, 43.172587333306879 ], [ -111.996531603116864, 43.172475133110851 ], [ -111.997975403105968, 43.172281599619069 ], [ -111.998592202922836, 43.172158732888406 ], [ -111.999123670064265, 43.172155533066046 ], [ -111.999425803066671, 43.172266800083193 ], [ -112.000598069690568, 43.172965932619782 ], [ -112.000818202944771, 43.173322932992065 ], [ -112.001081203674119, 43.173527999871673 ], [ -112.001581069818059, 43.173868599233181 ], [ -112.002684670371124, 43.175174133036982 ], [ -112.002835603540191, 43.176376400096323 ], [ -112.002799470435107, 43.178049799769312 ], [ -112.002966670414665, 43.17900499973247 ], [ -112.00308247013804, 43.179315199979513 ], [ -112.003408469488505, 43.179623732976992 ], [ -112.004553603101712, 43.180176133035658 ], [ -112.00528020341018, 43.180581532914935 ], [ -112.005430602696492, 43.180764399879742 ], [ -112.005588803407974, 43.181376799678397 ], [ -112.0054102028937, 43.181504133316565 ], [ -112.005254003625978, 43.181726999295641 ], [ -112.005284403617253, 43.181970933269831 ], [ -112.005095670409318, 43.182686932824041 ], [ -112.005213202872966, 43.183029799421362 ], [ -112.005543669897136, 43.183425932771875 ], [ -112.006105603726311, 43.18376879926879 ], [ -112.006464069733298, 43.184062933076923 ], [ -112.006549603623142, 43.184302732964582 ], [ -112.006791470343884, 43.184569800032278 ], [ -112.007043602970967, 43.185031933180021 ], [ -112.008819403444448, 43.187122933007451 ], [ -112.009210469334946, 43.187655199807175 ], [ -112.009396802987254, 43.18806113266001 ], [ -112.009586203569157, 43.188269399952318 ], [ -112.01018720277095, 43.188635199556074 ], [ -112.010633470025283, 43.188783733232135 ], [ -112.011613403120265, 43.188852599945044 ], [ -112.012496869617408, 43.188798132741852 ], [ -112.013261203006536, 43.188919200004946 ], [ -112.013421270063574, 43.189053599387002 ], [ -112.01413140323794, 43.189982999763949 ], [ -112.014804469411686, 43.190639132915045 ], [ -112.015361603184147, 43.191084332886525 ], [ -112.015525402692333, 43.191301932958062 ], [ -112.015881469641798, 43.192412799752539 ], [ -112.016106470228138, 43.192881532857427 ], [ -112.01627380263173, 43.193585532613731 ], [ -112.016255669892658, 43.193820133013638 ], [ -112.016073469882315, 43.194286999467863 ], [ -112.015889269513551, 43.194575733078828 ], [ -112.015735803586253, 43.194714133043888 ], [ -112.015005003089271, 43.195006133095141 ], [ -112.01451360263988, 43.195022332632917 ], [ -112.014298070126841, 43.195099399915719 ], [ -112.014253269864852, 43.195199399652644 ], [ -112.014290002767837, 43.195411132881794 ], [ -112.014647402673504, 43.19583653297277 ], [ -112.014693069574534, 43.196083533032336 ], [ -112.014332669703364, 43.196971133334479 ], [ -112.01388026949445, 43.197477999528346 ], [ -112.01331707041183, 43.198270533404511 ], [ -112.012996269992556, 43.198977799218206 ], [ -112.01281240375512, 43.199229933102814 ], [ -112.012407469412835, 43.19958499926571 ], [ -112.011769402902274, 43.199852399614073 ], [ -112.011515403497356, 43.200143533012515 ], [ -112.011177469662059, 43.200851199677466 ], [ -112.011234603245583, 43.201525933046923 ], [ -112.011131403413188, 43.201873999795126 ], [ -112.010964069640494, 43.202132599605292 ], [ -112.010457402788433, 43.202654799538763 ], [ -112.009465669692517, 43.203118999467996 ], [ -112.008876803538598, 43.20354733293366 ], [ -112.008661802761878, 43.20390333305 ], [ -112.008628469738383, 43.204180999974142 ], [ -112.008782070014178, 43.204314333131876 ], [ -112.009399869655283, 43.204397999871468 ], [ -112.00968167018479, 43.204540799189289 ], [ -112.010108869880781, 43.20462413334117 ], [ -112.010449602814347, 43.204765732989273 ], [ -112.011179403650161, 43.204821999462077 ], [ -112.011715203718737, 43.204996532830918 ], [ -112.01209706991078, 43.205065533234979 ], [ -112.012841069731195, 43.205336732776026 ], [ -112.013423469384605, 43.205662800019233 ], [ -112.013514403675273, 43.205972332511884 ], [ -112.013467803707016, 43.206252333013765 ], [ -112.01330367040886, 43.206384132934346 ], [ -112.013009869358939, 43.206512933275917 ], [ -112.012273470443731, 43.207351999833868 ], [ -112.011790803683866, 43.207707799341605 ], [ -112.011703003729906, 43.207873599201321 ], [ -112.011689869661225, 43.20808739947644 ], [ -112.011895203321373, 43.208228733235323 ], [ -112.012848603232115, 43.208511199564974 ], [ -112.013284069659008, 43.208470799891977 ], [ -112.013494403013397, 43.208382599668653 ], [ -112.014349070038563, 43.20775433279902 ], [ -112.015230203212752, 43.207374999246525 ], [ -112.01594680326005, 43.207259199251226 ], [ -112.016291603042788, 43.207262733291671 ], [ -112.016469836158691, 43.207373766146027 ], [ -112.016452070050491, 43.207758399514056 ], [ -112.01674287049029, 43.207795333026709 ], [ -112.017821403795097, 43.207546799824655 ], [ -112.018357869889471, 43.207369332742097 ], [ -112.018544402935248, 43.207205999311682 ], [ -112.018676869643002, 43.206938199674468 ], [ -112.01879306990115, 43.206874132981284 ], [ -112.019071470484164, 43.206809199369175 ], [ -112.019586669513387, 43.20684159956496 ], [ -112.020076003487546, 43.207005999239584 ], [ -112.020460269697097, 43.207056132809811 ], [ -112.020947470326092, 43.207353533014562 ], [ -112.021259469478281, 43.207458132614917 ], [ -112.021684603604356, 43.207755732571826 ], [ -112.022167469795875, 43.208207199217881 ], [ -112.023156603453572, 43.209522599976985 ], [ -112.023217403090626, 43.209730532811299 ], [ -112.023151069327611, 43.210191199244235 ], [ -112.023050270290753, 43.21046613273483 ], [ -112.022787802807059, 43.210766333353348 ], [ -112.022726670446872, 43.210935932560069 ], [ -112.022716603707195, 43.211324799611091 ], [ -112.022790069359615, 43.211556933064195 ], [ -112.023100603477161, 43.211874733103294 ], [ -112.023845070398494, 43.212214533141903 ], [ -112.0239286028593, 43.212302132586103 ], [ -112.024114869408265, 43.212815333014355 ], [ -112.024386869707087, 43.213015799880296 ], [ -112.024563203333074, 43.213076132952189 ], [ -112.024710402613195, 43.213068932787863 ], [ -112.025141669669523, 43.212847199879079 ], [ -112.025503003393709, 43.212953599695531 ], [ -112.025984203761126, 43.213201333346987 ], [ -112.026267202827157, 43.213532733259271 ], [ -112.026573403479844, 43.2137039994875 ], [ -112.026610003315113, 43.214304599481778 ], [ -112.026673669663097, 43.214439533349854 ], [ -112.026830869996829, 43.214576000023435 ], [ -112.027223869404835, 43.21472219998833 ], [ -112.027516669561521, 43.214748933230794 ], [ -112.028253202887186, 43.214589999783414 ], [ -112.028380803523447, 43.214856999670474 ], [ -112.028372070224691, 43.215318133338045 ], [ -112.028492069448902, 43.21551113254602 ], [ -112.029626070285374, 43.215929132574139 ], [ -112.030113803205012, 43.21622753283166 ], [ -112.030310202963278, 43.216426599554353 ], [ -112.03034246976388, 43.216745200030886 ], [ -112.030223469856736, 43.216937932845106 ], [ -112.029960669303335, 43.217149999771124 ], [ -112.029267003141371, 43.217548199679108 ], [ -112.028410469733828, 43.217701199732694 ], [ -112.027276803249222, 43.217482399756257 ], [ -112.026933602719311, 43.217487132943006 ], [ -112.026572403214018, 43.217598199988103 ], [ -112.026339469890885, 43.217779333242717 ], [ -112.026305069940577, 43.217951333293385 ], [ -112.026395803613212, 43.218153599308145 ], [ -112.026597802888219, 43.218348999731447 ], [ -112.026873869525616, 43.218597799764886 ], [ -112.027072002860834, 43.219072399744618 ], [ -112.027324069719043, 43.219235799257191 ], [ -112.027565869473364, 43.219210399570741 ], [ -112.02767200259747, 43.219139133233256 ], [ -112.027712603668235, 43.218964799549603 ], [ -112.027652469421682, 43.218683999168967 ], [ -112.027735403588622, 43.218599932682075 ], [ -112.028221202990949, 43.218598199757466 ], [ -112.02855107019731, 43.218661599712163 ], [ -112.028698469851719, 43.218754599824514 ], [ -112.0287078026589, 43.218930133199102 ], [ -112.028414203194188, 43.219208999597299 ], [ -112.028359670054186, 43.219665532670959 ], [ -112.028133403061872, 43.219936999571246 ], [ -112.028103603009342, 43.22025579987617 ], [ -112.027953403344085, 43.220596533329612 ], [ -112.027973202733506, 43.220807599383896 ], [ -112.028152670182479, 43.221013732500047 ], [ -112.028348869764244, 43.221118932629004 ], [ -112.028536203376177, 43.221159400006982 ], [ -112.028681069957756, 43.221151132566639 ], [ -112.029212603502316, 43.220893799688547 ], [ -112.02944880310244, 43.220930199392178 ], [ -112.029597203493964, 43.221021199486749 ], [ -112.029694603342335, 43.221181999853265 ], [ -112.029636203130522, 43.221460532605988 ], [ -112.029422069861411, 43.221653132586923 ], [ -112.028973869965967, 43.221867933341343 ], [ -112.028817003381945, 43.22200413323317 ], [ -112.0287934034464, 43.222282332499368 ], [ -112.028986603588407, 43.222388533337465 ], [ -112.02928067027743, 43.222405932874658 ], [ -112.0297152035279, 43.222356933026063 ], [ -112.029909003012278, 43.222381133254146 ], [ -112.030063203408957, 43.222468799273955 ], [ -112.030249070188631, 43.222718599894904 ], [ -112.030220070398784, 43.223175732807007 ], [ -112.030758803470491, 43.223806599174196 ], [ -112.030963003791697, 43.223955932568025 ], [ -112.031020603671593, 43.224330932824856 ], [ -112.030828403531586, 43.224655932761266 ], [ -112.030838869744102, 43.224975200020388 ], [ -112.030749470398931, 43.225504999243732 ], [ -112.030565402844829, 43.225908799314176 ], [ -112.030382470075537, 43.226076999683997 ], [ -112.030096402848841, 43.226215133204114 ], [ -112.029723803190493, 43.226305199916709 ], [ -112.029042770373849, 43.226315699692229 ], [ -112.028881003514158, 43.22649293276249 ], [ -112.028826670124459, 43.226915533220399 ], [ -112.028953069971351, 43.227295132878901 ], [ -112.029154870477015, 43.227539999807156 ], [ -112.029580069564517, 43.227713332884484 ], [ -112.029729069807743, 43.227854132877887 ], [ -112.029858003155525, 43.228083399990389 ], [ -112.029811802739616, 43.228329332495555 ], [ -112.029641402991771, 43.228456732512811 ], [ -112.029255602958344, 43.228444599954507 ], [ -112.029063603540195, 43.22847953264889 ], [ -112.028643870332587, 43.228661533148944 ], [ -112.028367603268848, 43.228992533263103 ], [ -112.027823002998375, 43.229349133080916 ], [ -112.027595869986371, 43.229621933243784 ], [ -112.02760547043053, 43.230153799923031 ], [ -112.027492669526865, 43.230608599207699 ], [ -112.027615203084409, 43.23091553285937 ], [ -112.028027003106416, 43.231351932463184 ], [ -112.028022803538718, 43.23177719938419 ], [ -112.027905669941319, 43.232047599956594 ], [ -112.027718002914526, 43.23215979965989 ], [ -112.027528003760281, 43.232128599993054 ], [ -112.027419603307081, 43.23205639962363 ], [ -112.027135069640167, 43.231418333330261 ], [ -112.026736469790421, 43.231104399170007 ], [ -112.026514203294639, 43.23078873268593 ], [ -112.02627920319334, 43.230561999331549 ], [ -112.025880469548596, 43.23035739924353 ], [ -112.025403402950744, 43.230300999988486 ], [ -112.024797402779569, 43.230436532531876 ], [ -112.024555403677226, 43.230444199429684 ], [ -112.024387803668972, 43.230512132600261 ], [ -112.024419603127711, 43.230651199156931 ], [ -112.024842670479543, 43.230769999511743 ], [ -112.024911802723452, 43.230901199790523 ], [ -112.024735803357331, 43.232278799703401 ], [ -112.024795469645468, 43.232633132655842 ], [ -112.024677403126361, 43.233268732446497 ], [ -112.02469387033463, 43.233730732860252 ], [ -112.024873269933622, 43.234280599305947 ], [ -112.02446347017549, 43.235119532620963 ], [ -112.024342603237656, 43.235607333249106 ], [ -112.024354402737501, 43.235998799929327 ], [ -112.024447003468723, 43.236348533337882 ], [ -112.024765869737891, 43.236785932984859 ], [ -112.025116069725073, 43.237120999634811 ], [ -112.025252603119668, 43.237310533286582 ], [ -112.02533566947551, 43.237552799703757 ], [ -112.024948269638614, 43.237950199781338 ], [ -112.024771269278943, 43.238935399939464 ], [ -112.024822603139697, 43.239349332632429 ], [ -112.024929403498092, 43.239661999321513 ], [ -112.025234003457371, 43.239890933024938 ], [ -112.026379869711363, 43.240304332444907 ], [ -112.027292069917081, 43.240448733233137 ], [ -112.028264669418945, 43.240705599131203 ], [ -112.02878940273699, 43.240799199405387 ], [ -112.029569270337774, 43.240874999808234 ], [ -112.029810270241668, 43.24069873247678 ], [ -112.030054403066941, 43.240388799120367 ], [ -112.030208202623612, 43.240299932517821 ], [ -112.030642669857258, 43.240244732521752 ], [ -112.031170803648877, 43.240326933163281 ], [ -112.031557269428347, 43.240280999842902 ], [ -112.032507802803494, 43.239849332651033 ], [ -112.032858469842807, 43.239973199428881 ], [ -112.03292766967526, 43.240179599552825 ], [ -112.032894870214847, 43.240456932918974 ], [ -112.033119069981282, 43.240639799975476 ], [ -112.033378803667929, 43.240772532635376 ], [ -112.033412603762017, 43.241013799986462 ], [ -112.033486069737549, 43.241106799969899 ], [ -112.033928603825387, 43.241489532469103 ], [ -112.034668603034049, 43.24196019914816 ], [ -112.034890802934626, 43.242036932491587 ], [ -112.035516203142521, 43.241952332459149 ], [ -112.036038802593595, 43.242053532740329 ], [ -112.037260070252245, 43.242431332546985 ], [ -112.037442003666371, 43.242551999986674 ], [ -112.037626870417114, 43.242762199350288 ], [ -112.03762560264947, 43.242904333260952 ], [ -112.037524270310868, 43.24302539955184 ], [ -112.036963669996837, 43.243246999849063 ], [ -112.036297203589882, 43.243613732640512 ], [ -112.035382669540184, 43.24426379954906 ], [ -112.034703870217726, 43.244541132664061 ], [ -112.034503069550354, 43.24481713303603 ], [ -112.034676003643654, 43.245259732893821 ], [ -112.034615070153691, 43.246321132826786 ], [ -112.03473860378098, 43.246775999199485 ], [ -112.034802470075164, 43.247375399218313 ], [ -112.03478760275415, 43.247978399390476 ], [ -112.034697869713355, 43.248397799655486 ], [ -112.034782603457401, 43.248525999549734 ], [ -112.035052203575574, 43.248678532809542 ], [ -112.036121803683244, 43.248920933035834 ], [ -112.036276403653602, 43.249059199180699 ], [ -112.036333602605438, 43.24933713319431 ], [ -112.036230070003754, 43.249533132547164 ], [ -112.035957403121699, 43.249782799586377 ], [ -112.035615603037641, 43.250256132652922 ], [ -112.035108469824337, 43.251338799853805 ], [ -112.034681403442548, 43.252690799650424 ], [ -112.034582603186976, 43.254075332532587 ], [ -112.034814403363626, 43.254612399588346 ], [ -112.035463203738473, 43.255239932957736 ], [ -112.036779669675497, 43.256099199126766 ], [ -112.037221402620048, 43.256251132790389 ], [ -112.03758380314494, 43.256253932829978 ], [ -112.038011802770896, 43.256169932431732 ], [ -112.038363470416485, 43.255977599725121 ], [ -112.03873746958358, 43.255647133115815 ], [ -112.039105870189786, 43.255473799744728 ], [ -112.039636269931009, 43.255534133161632 ], [ -112.039956070235675, 43.25562959934809 ], [ -112.040219002967433, 43.255790333294918 ], [ -112.040515270464738, 43.256200732596504 ], [ -112.040767402936268, 43.256778533087505 ], [ -112.041040203303723, 43.257075799770824 ], [ -112.041513869670183, 43.257436799388735 ], [ -112.042244669380878, 43.257731532548888 ], [ -112.042390802801137, 43.257914932764969 ], [ -112.04242820304755, 43.258198732986017 ], [ -112.042276202641474, 43.25872179958602 ], [ -112.04228640287252, 43.259005199869158 ], [ -112.042885669407383, 43.259568533283925 ], [ -112.043101269504731, 43.25996519918791 ], [ -112.043033070469093, 43.260567799088342 ], [ -112.042750402767552, 43.261436132928502 ], [ -112.042767869703098, 43.26182859926557 ], [ -112.042898670455997, 43.26220853266625 ], [ -112.043097670425666, 43.262411332519946 ], [ -112.043444602907144, 43.262611599254576 ], [ -112.043826270028859, 43.262684199398166 ], [ -112.044219203367604, 43.262674799261724 ], [ -112.044410603251464, 43.26263973310931 ], [ -112.044754469785843, 43.262659733091617 ], [ -112.045523603584584, 43.262786133163644 ], [ -112.046015470247056, 43.262800532477549 ], [ -112.047233603245346, 43.262655532493653 ], [ -112.047854202639954, 43.262535399255114 ], [ -112.048202203711625, 43.262401599401286 ], [ -112.048526669582998, 43.262181533141096 ], [ -112.048914803547831, 43.261726333029976 ], [ -112.049085803654833, 43.261597799648897 ], [ -112.049476069463822, 43.261453132847137 ], [ -112.049816869528001, 43.261481732868901 ], [ -112.050410469458924, 43.261659199915663 ], [ -112.051595403654417, 43.261906199608276 ], [ -112.051989803568048, 43.261889333112649 ], [ -112.052269870028397, 43.26182199970166 ], [ -112.05255327039049, 43.26167953242804 ], [ -112.052798402586689, 43.261402199307852 ], [ -112.053205270359257, 43.261096999083811 ], [ -112.053562069856483, 43.260972999697003 ], [ -112.053757869760162, 43.260956532715078 ], [ -112.054148803196171, 43.260976333015449 ], [ -112.054424070366153, 43.261054932655561 ], [ -112.054841002664745, 43.261303199219824 ], [ -112.055026802945434, 43.261667933099254 ], [ -112.055069003268216, 43.262165732633257 ], [ -112.055164469284477, 43.262479332872743 ], [ -112.056176669729709, 43.263784532591544 ], [ -112.056417603487247, 43.264288532449704 ], [ -112.056635670289197, 43.265089199362762 ], [ -112.057420969587312, 43.265907166123206 ], [ -112.057917802943152, 43.266420932995921 ], [ -112.058101270159824, 43.266536799477912 ], [ -112.058627269804703, 43.266730199403824 ], [ -112.059257270075321, 43.266797532737797 ], [ -112.059945202685952, 43.266812532553907 ], [ -112.060421869429192, 43.266725532814689 ], [ -112.060598870236561, 43.266629977850442 ], [ -112.060728203154468, 43.266540199088496 ], [ -112.060773802916188, 43.266439399753779 ], [ -112.06141087015834, 43.266105132701526 ], [ -112.063594869596713, 43.26456799962925 ], [ -112.064403270155353, 43.263761332934031 ], [ -112.065206003341117, 43.263416399673396 ], [ -112.065709070202743, 43.263027532912247 ], [ -112.066243069453904, 43.262427599919015 ], [ -112.066310269427248, 43.26211219983746 ], [ -112.066237803453518, 43.261941999525483 ], [ -112.066113269303528, 43.261831999661851 ], [ -112.065617869613959, 43.261604799210005 ], [ -112.06546366968017, 43.2614669325541 ], [ -112.065476470114106, 43.26083219956719 ], [ -112.065534469645655, 43.260734999930392 ], [ -112.065742470215582, 43.260643332502489 ], [ -112.065987603595644, 43.260420199672943 ], [ -112.066322603627512, 43.260269333249013 ], [ -112.066897003516885, 43.260248332877488 ], [ -112.067230802841252, 43.260398199920282 ], [ -112.067605869667858, 43.260482532699065 ], [ -112.067846202960695, 43.260459199837371 ], [ -112.067994069641642, 43.260312332977513 ], [ -112.068160470369747, 43.260239399589878 ], [ -112.068278003368619, 43.260082199737994 ], [ -112.068272602881621, 43.259630399326674 ], [ -112.068499069885362, 43.259562999405176 ], [ -112.069087469279722, 43.259596132681381 ], [ -112.069472203395847, 43.259536333081762 ], [ -112.069624803679645, 43.259449532853544 ], [ -112.069838070384208, 43.259174933157958 ], [ -112.070224069701837, 43.259207332733965 ], [ -112.070404602763858, 43.259151732932317 ], [ -112.070598869827577, 43.25882899981805 ], [ -112.071160470125804, 43.258386399201477 ], [ -112.072272003575392, 43.258102399823741 ], [ -112.072902802993184, 43.258051399877907 ], [ -112.073730469944763, 43.257743332737604 ], [ -112.074041803135145, 43.257388799211036 ], [ -112.074563802790223, 43.257123799374618 ], [ -112.074914403126016, 43.256538533041507 ], [ -112.075095669548816, 43.256418532579062 ], [ -112.075373602731972, 43.256346333239435 ], [ -112.076176202861419, 43.256261799198924 ], [ -112.076514802797675, 43.256289532494037 ], [ -112.076733069680216, 43.25636913303665 ], [ -112.076864670160646, 43.256517599787138 ], [ -112.076903870340033, 43.25676279967692 ], [ -112.076817269985881, 43.256928732659631 ], [ -112.076394603036562, 43.257271333249378 ], [ -112.076008403492835, 43.257485932849669 ], [ -112.07594640368562, 43.257636999542804 ], [ -112.076020003118813, 43.257803999272262 ], [ -112.076500202828257, 43.258099732975836 ], [ -112.076400602683151, 43.258687999307206 ], [ -112.076573603622435, 43.259087932541043 ], [ -112.076786270364025, 43.259233332715674 ], [ -112.077177669690457, 43.259255999277592 ], [ -112.077534670096881, 43.259153599944625 ], [ -112.077685203611338, 43.258971533007376 ], [ -112.077787402773652, 43.25851813252094 ], [ -112.077922803182062, 43.258252999505807 ], [ -112.078163270158001, 43.258074999854571 ], [ -112.078649203368514, 43.257906799757336 ], [ -112.078857270282242, 43.257760732988203 ], [ -112.07888646985981, 43.257517732835275 ], [ -112.078794670025999, 43.257315799248353 ], [ -112.07856447001717, 43.257050399589794 ], [ -112.078582470085394, 43.256875799383543 ], [ -112.078769669593569, 43.256760932521686 ], [ -112.079056469503911, 43.256707599577311 ], [ -112.079440003322659, 43.256750999263396 ], [ -112.079948669246846, 43.257224199111647 ], [ -112.080472802690124, 43.257486132901207 ], [ -112.080601802694659, 43.257670399886145 ], [ -112.080606869238565, 43.257883399515727 ], [ -112.080428202566694, 43.258285199910887 ], [ -112.080428870180185, 43.258992133155488 ], [ -112.080295869602693, 43.25925959922845 ], [ -112.080116269718729, 43.259426933103491 ], [ -112.079459869776272, 43.259739932788044 ], [ -112.07935446974183, 43.259928632767156 ], [ -112.079609403274588, 43.260072199264712 ], [ -112.080417203154781, 43.259947199657276 ], [ -112.080955602611922, 43.259653199829785 ], [ -112.081149802519988, 43.259410733183216 ], [ -112.081374803618601, 43.259276133045624 ], [ -112.082087869321725, 43.259364199761784 ], [ -112.082680402624803, 43.259611332857311 ], [ -112.083133003331369, 43.259935599724052 ], [ -112.083160402596704, 43.260144532592136 ], [ -112.083037070382233, 43.260523999912579 ], [ -112.083051469424774, 43.260804599398469 ], [ -112.083139002521392, 43.260967333111353 ], [ -112.083406602935455, 43.261115399458156 ], [ -112.083889803011616, 43.261161733287352 ], [ -112.084080069301152, 43.261127999803186 ], [ -112.084726670390921, 43.260691999865564 ], [ -112.085140870123112, 43.260505199524111 ], [ -112.085564070175408, 43.26043359983796 ], [ -112.085910069554657, 43.260446332491838 ], [ -112.086278669874716, 43.260598732677423 ], [ -112.086401203097722, 43.260752999363788 ], [ -112.08649320288373, 43.261137999699315 ], [ -112.086563403360671, 43.261230132879255 ], [ -112.086807869361252, 43.261346799434634 ], [ -112.087085002593781, 43.261408332550218 ], [ -112.087277402739346, 43.261417532535859 ], [ -112.087493202676299, 43.261343933126945 ], [ -112.087870069545616, 43.261123132832722 ], [ -112.088397403576835, 43.260707132449795 ], [ -112.088423603238184, 43.26050033312297 ], [ -112.088267669657029, 43.260205932610972 ], [ -112.088325869463887, 43.260036399781505 ], [ -112.088570403474279, 43.259918999688729 ], [ -112.089230069294445, 43.259792799566519 ], [ -112.089330003617818, 43.259716799504083 ], [ -112.089390070306038, 43.259582199137938 ], [ -112.089355203652062, 43.259444199105197 ], [ -112.089051403245449, 43.259263199807428 ], [ -112.088909469475411, 43.259090932513772 ], [ -112.088916069722401, 43.258949199694129 ], [ -112.089004602941685, 43.258822999097426 ], [ -112.089208469720958, 43.258729933024156 ], [ -112.089452469602989, 43.258718799755272 ], [ -112.089721270132031, 43.2588725991072 ], [ -112.090125870340614, 43.259354399952457 ], [ -112.090603802914032, 43.259772333058493 ], [ -112.091065202938665, 43.259870599618864 ], [ -112.091387270377936, 43.26002819985866 ], [ -112.09158366952505, 43.260017532665266 ], [ -112.091931402506759, 43.259674599841894 ], [ -112.092179803398153, 43.259537933144934 ], [ -112.092338202918896, 43.259454399415475 ], [ -112.092538469546298, 43.259132932729813 ], [ -112.092740603391789, 43.258933533049479 ], [ -112.092907002605315, 43.258869132966559 ], [ -112.093089069320698, 43.258916799378589 ], [ -112.09358960328629, 43.259470399321138 ], [ -112.093767203446859, 43.26000973322202 ], [ -112.093922069569402, 43.260269532625642 ], [ -112.094126803115543, 43.260362733015889 ], [ -112.094370002729235, 43.260348999772994 ], [ -112.094661603290149, 43.260223599806906 ], [ -112.095639603495883, 43.259589599118485 ], [ -112.095755603618784, 43.259319799667317 ], [ -112.095752202715218, 43.258896799614689 ], [ -112.095806202914247, 43.258724333169447 ], [ -112.096042203297216, 43.258603599074256 ], [ -112.096236603005465, 43.258595799890834 ], [ -112.096767270357361, 43.25876453296695 ], [ -112.097289003162814, 43.259088599710203 ], [ -112.097626869665064, 43.259113999083908 ], [ -112.098494470060842, 43.259037332921508 ], [ -112.098820869818553, 43.25908036674722 ], [ -112.099067402758507, 43.259335733149662 ], [ -112.098972603131273, 43.259606799682501 ], [ -112.098803202841864, 43.259733399621993 ], [ -112.098274469562412, 43.259924799264873 ], [ -112.097976403668682, 43.260082399615854 ], [ -112.098035069802108, 43.260218932593027 ], [ -112.098269269428997, 43.260339733228449 ], [ -112.099022003377513, 43.260435599841117 ], [ -112.099346803114486, 43.260356132627962 ], [ -112.099647269641139, 43.260174999657785 ], [ -112.10003306943176, 43.259693732735713 ], [ -112.100495803230814, 43.259602799752976 ], [ -112.100712002916083, 43.259459599760952 ], [ -112.1010332699054, 43.259373332878617 ], [ -112.101538202740556, 43.259154199724058 ], [ -112.102157403166345, 43.259232832813737 ], [ -112.102464469266209, 43.259067799072035 ], [ -112.10265700339724, 43.259049799276021 ], [ -112.102843202707987, 43.259092599640873 ], [ -112.103033203229558, 43.25905593253087 ], [ -112.103208470209836, 43.258933199129508 ], [ -112.10350200346528, 43.258608599402983 ], [ -112.103629003575477, 43.258556532565393 ], [ -112.103825270352033, 43.258547132444306 ], [ -112.104127269884785, 43.25865833283612 ], [ -112.104413803126505, 43.258944199530106 ], [ -112.104536869597169, 43.259249133133153 ], [ -112.104635202806961, 43.25984213245362 ], [ -112.104792069274296, 43.260061933153366 ], [ -112.105001269293936, 43.26021059922958 ], [ -112.105227069455111, 43.260277732554457 ], [ -112.10542066952361, 43.260274599386882 ], [ -112.105613403614342, 43.260261132534048 ], [ -112.105734069951538, 43.260202799455854 ], [ -112.105925869216179, 43.260003133167054 ], [ -112.105776203383201, 43.259708733197833 ], [ -112.105275603354784, 43.259331132590354 ], [ -112.105234203133406, 43.259049199492189 ], [ -112.105352003188628, 43.258895332419321 ], [ -112.105769003161413, 43.25879859945163 ], [ -112.106280203461338, 43.258924332919264 ], [ -112.106781070231065, 43.258794799976798 ], [ -112.107401803462992, 43.258886733098464 ], [ -112.107599403103507, 43.258876599391641 ], [ -112.107729802511898, 43.258830199374572 ], [ -112.108043202887259, 43.258469332795705 ], [ -112.108159069555697, 43.258403999655066 ], [ -112.108446070197175, 43.258398599466396 ], [ -112.108753269749229, 43.25850353278436 ], [ -112.108996870029316, 43.258506999479231 ], [ -112.109847203007973, 43.258244532578445 ], [ -112.110623803680895, 43.258045199908139 ], [ -112.110774603650711, 43.257954133185891 ], [ -112.11106666978003, 43.257471932828359 ], [ -112.111253869888102, 43.257359599593542 ], [ -112.111610802920481, 43.257263399164493 ], [ -112.111859670152782, 43.257048399635401 ], [ -112.112252069561237, 43.25636573323095 ], [ -112.112373002512726, 43.255985733083115 ], [ -112.11230087025784, 43.255781132509654 ], [ -112.11209940274739, 43.255540732942926 ], [ -112.111715870018159, 43.255319933182058 ], [ -112.111574469596306, 43.25517493277443 ], [ -112.111480203605907, 43.255011999504958 ], [ -112.111460802759026, 43.254724999382979 ], [ -112.111494670164433, 43.254515399104747 ], [ -112.111604802889516, 43.254357533218268 ], [ -112.112010069925205, 43.25410619980719 ], [ -112.113121202574845, 43.254066732900831 ], [ -112.113982069675501, 43.253813799360834 ], [ -112.114463269496071, 43.253750532492454 ], [ -112.114757069621589, 43.253738399587071 ], [ -112.11509120317605, 43.253793199423058 ], [ -112.115707202802113, 43.254190799196998 ], [ -112.115897669320105, 43.254224799113132 ], [ -112.11613946928793, 43.254203532662487 ], [ -112.116356269795332, 43.254061799348129 ], [ -112.116465069757822, 43.253903333204015 ], [ -112.116575002564687, 43.253347932665633 ], [ -112.116740803640582, 43.253089132700921 ], [ -112.11728580312284, 43.252463999835044 ], [ -112.117516469470232, 43.252282999300199 ], [ -112.117950202626233, 43.252134399504321 ], [ -112.118600469670312, 43.25227179958808 ], [ -112.11898246983796, 43.252230999784679 ], [ -112.119431269920625, 43.25201659950168 ], [ -112.120684803001168, 43.251632132838893 ], [ -112.121152869234393, 43.2514443991207 ], [ -112.1221312697663, 43.250916599380794 ], [ -112.122675602942678, 43.250874533199926 ], [ -112.123927070312206, 43.250897732876545 ], [ -112.12489406995283, 43.250805399860496 ], [ -112.125374603287128, 43.250859199741292 ], [ -112.125728803393599, 43.250981199165459 ], [ -112.125853603644273, 43.251091399915644 ], [ -112.126192069166891, 43.251667533158965 ], [ -112.126521470158423, 43.251675532467644 ], [ -112.126932469452498, 43.251486533048045 ], [ -112.127209869419346, 43.251156199394025 ], [ -112.127265803144553, 43.250881933056064 ], [ -112.127166269736051, 43.249907132461956 ], [ -112.127432003605392, 43.249613999659651 ], [ -112.127614003001128, 43.249558132419466 ], [ -112.127852469394824, 43.249581932771768 ], [ -112.128060803248786, 43.24966833317383 ], [ -112.128196669546497, 43.250113133048373 ], [ -112.128374403152662, 43.250405999799497 ], [ -112.128535203358453, 43.250536732466706 ], [ -112.128808869971664, 43.250614199492958 ], [ -112.129281469664491, 43.250537199375088 ], [ -112.131261870262207, 43.249786999950075 ], [ -112.131690469271334, 43.249748399398911 ], [ -112.131866402703665, 43.249803999746568 ], [ -112.133077802989078, 43.250730332868002 ], [ -112.133196602828576, 43.250792733190906 ], [ -112.133391069594254, 43.250786333229215 ], [ -112.133548402741255, 43.250614133133944 ], [ -112.133507669509754, 43.250229132783971 ], [ -112.133394802689111, 43.249921732663658 ], [ -112.133401069471418, 43.249600332977678 ], [ -112.133593002669215, 43.249124532605705 ], [ -112.133907469768403, 43.248646532720592 ], [ -112.134266469974875, 43.248267332605664 ], [ -112.134713003072747, 43.247939132848444 ], [ -112.134946002714358, 43.247871932513597 ], [ -112.135433403142159, 43.247855399382679 ], [ -112.135821803381774, 43.247996332901785 ], [ -112.135952270180169, 43.248145532988779 ], [ -112.136228469550389, 43.248977132971667 ], [ -112.13616860283571, 43.249365532643623 ], [ -112.135821869900965, 43.25010119942646 ], [ -112.135685003594105, 43.250545533152071 ], [ -112.135760203070035, 43.250749132884778 ], [ -112.13613507013747, 43.251157132976239 ], [ -112.136267403655225, 43.251386599435492 ], [ -112.136249269817768, 43.251561533022972 ], [ -112.135983669457218, 43.251942399394856 ], [ -112.13593880290847, 43.252115999426572 ], [ -112.136249402569163, 43.252590533036546 ], [ -112.136085402904214, 43.253103399391705 ], [ -112.136073002902179, 43.253385199542826 ], [ -112.136337003570688, 43.25367333244489 ], [ -112.136712869665189, 43.253722732475353 ], [ -112.1368942693245, 43.253669533039286 ], [ -112.137068669835102, 43.253545199850358 ], [ -112.137435002948308, 43.25292713295616 ], [ -112.137649003205354, 43.252124599866498 ], [ -112.137847602554743, 43.251927599677202 ], [ -112.138177669272551, 43.251777332991843 ], [ -112.138411202551666, 43.251722332597637 ], [ -112.138874669607318, 43.251684599599322 ], [ -112.139100803144942, 43.251817599895801 ], [ -112.139199470296091, 43.252053599766604 ], [ -112.139184403416309, 43.252510532932128 ], [ -112.139275669179995, 43.252855999355205 ], [ -112.139504802908235, 43.253162132814396 ], [ -112.139679002529377, 43.253284332647908 ], [ -112.139817670033651, 43.253321599272688 ], [ -112.140134869181651, 43.253234932698582 ], [ -112.140545602657198, 43.252932532654782 ], [ -112.141315269140577, 43.251872733234237 ], [ -112.141652003628423, 43.251672532839116 ], [ -112.141843070122121, 43.251650532458875 ], [ -112.142210269991324, 43.251740999317086 ], [ -112.142413469676129, 43.251892199265484 ], [ -112.142713402728845, 43.252254999305755 ], [ -112.142841869923757, 43.252300732715021 ], [ -112.143035269549827, 43.252298199723775 ], [ -112.144339403172509, 43.251927799729344 ], [ -112.144626670290648, 43.251924332597213 ], [ -112.145000669128493, 43.252034133298508 ], [ -112.145416469820574, 43.252333932656796 ], [ -112.145809070054568, 43.252546399765841 ], [ -112.146145469164125, 43.252572599846367 ], [ -112.146551669840633, 43.252457599583302 ], [ -112.146842603103252, 43.252429799697126 ], [ -112.147049870272511, 43.252520733271631 ], [ -112.147457602694516, 43.252861133066688 ], [ -112.147695403248591, 43.252871132441001 ], [ -112.1478006700695, 43.252799599313114 ], [ -112.147877469923841, 43.252669799509071 ], [ -112.147944470248873, 43.252179799209443 ], [ -112.148488069303852, 43.251473732689981 ], [ -112.148415603200533, 43.250806999211441 ], [ -112.148484603228184, 43.250139999797014 ], [ -112.148152669607796, 43.249444199105859 ], [ -112.148202069405116, 43.249271732754927 ], [ -112.148546402569963, 43.248807199938767 ], [ -112.148455869739109, 43.247998999965603 ], [ -112.148524469101147, 43.247614333145549 ], [ -112.148677869752461, 43.247353132559788 ], [ -112.148895203039672, 43.24716533325504 ], [ -112.149343070175831, 43.247033533287002 ], [ -112.149569202899357, 43.247013399351736 ], [ -112.150032470108329, 43.247114933008007 ], [ -112.150652803289347, 43.247355533309509 ], [ -112.15099246970702, 43.247366999295302 ], [ -112.151270202823127, 43.247310533312209 ], [ -112.15177526965563, 43.246929399840205 ], [ -112.152055469950724, 43.246881399937365 ], [ -112.152399403038416, 43.247014733290378 ], [ -112.152567669129937, 43.247134332530784 ], [ -112.15320840349797, 43.24772953321154 ], [ -112.15367246908724, 43.247829933163501 ], [ -112.154060469548384, 43.247790133028893 ], [ -112.154268002449086, 43.247643733229992 ], [ -112.154300403115656, 43.247502999550171 ], [ -112.154141402612765, 43.246877132870893 ], [ -112.154201202914578, 43.246741199592329 ], [ -112.154513602765348, 43.246470732719189 ], [ -112.154949269613311, 43.246307999803619 ], [ -112.156062402484508, 43.246039132660414 ], [ -112.156986003377838, 43.245956933079981 ], [ -112.157315670132206, 43.245774599983207 ], [ -112.157515402435791, 43.245535332996099 ], [ -112.157599269844994, 43.245182799163373 ], [ -112.157584403434214, 43.244932933072093 ], [ -112.157302003123903, 43.244400999125965 ], [ -112.156850469474122, 43.243978999103469 ], [ -112.156680269525665, 43.243722799614574 ], [ -112.156451869472392, 43.243140333108194 ], [ -112.156438202655295, 43.242680133128012 ], [ -112.156528002913419, 43.242476999564509 ], [ -112.156674003198162, 43.242337399316888 ], [ -112.156911003119788, 43.242293732645038 ], [ -112.158002270185179, 43.242289332609673 ], [ -112.158376003410993, 43.242202999803482 ], [ -112.15859086936554, 43.242075532882431 ], [ -112.15867400361897, 43.241945932873001 ], [ -112.158705603402382, 43.241698333092813 ], [ -112.158936603616269, 43.241346599260041 ], [ -112.159136869262284, 43.241193399328751 ], [ -112.15948666962862, 43.241063532938128 ], [ -112.15972200252935, 43.241054999434319 ], [ -112.160279803631724, 43.241361132629862 ], [ -112.160515003477812, 43.241310399756323 ], [ -112.160846069566588, 43.241159199840759 ], [ -112.161225869191313, 43.241089599902324 ], [ -112.162238069511119, 43.241336799616796 ], [ -112.162607469619232, 43.24125179969441 ], [ -112.163438069655811, 43.240809199471492 ], [ -112.163864869351329, 43.240470532620556 ], [ -112.164374002406703, 43.239779332733931 ], [ -112.164574269864048, 43.239380732944312 ], [ -112.164843003418412, 43.238478199559864 ], [ -112.165191069418455, 43.23796839925695 ], [ -112.165490002912591, 43.237689199976266 ], [ -112.166009403029861, 43.237365733032696 ], [ -112.16649980244901, 43.237205332608823 ], [ -112.167714270098173, 43.237252132930337 ], [ -112.168149203377638, 43.237193799623768 ], [ -112.168534402937837, 43.237040199161463 ], [ -112.168963202405351, 43.236525932548666 ], [ -112.169662669864422, 43.235836399704517 ], [ -112.170227069451613, 43.235089932929142 ], [ -112.170441403155621, 43.235057999867379 ], [ -112.170635069766121, 43.235084732825648 ], [ -112.171408202581489, 43.235384799869436 ], [ -112.171941402517803, 43.235414999765318 ], [ -112.172318269185055, 43.235334533106311 ], [ -112.172662403197791, 43.235138199940835 ], [ -112.172957670033071, 43.23481119972994 ], [ -112.17318600306038, 43.234126199303958 ], [ -112.173592869327479, 43.23374199919229 ], [ -112.173621869578881, 43.233145399134685 ], [ -112.174012670079208, 43.232781533113517 ], [ -112.174384802530724, 43.232049532974024 ], [ -112.174850203146093, 43.231686332596837 ], [ -112.176279869569214, 43.231065333003357 ], [ -112.176739603438037, 43.230747532988801 ], [ -112.177108802886664, 43.23032833248849 ], [ -112.177503070215877, 43.229526132941693 ], [ -112.177804402500328, 43.229079399786222 ], [ -112.178154802648436, 43.22869479923218 ], [ -112.178859869345928, 43.228107132858149 ], [ -112.179082603521564, 43.227830199244998 ], [ -112.179327670013265, 43.227371133078698 ], [ -112.179519002758937, 43.226787200004651 ], [ -112.179785002647321, 43.226637399466931 ], [ -112.180118269468807, 43.226611933290272 ], [ -112.180879870267262, 43.226680199230984 ], [ -112.18209300272558, 43.226588732994045 ], [ -112.182532669793574, 43.226596599871179 ], [ -112.182972069651512, 43.226625399748016 ], [ -112.183316469444179, 43.226753332466643 ], [ -112.183511869553556, 43.226995533087731 ], [ -112.183586202564555, 43.227304799896672 ], [ -112.18382846915344, 43.227521799819712 ], [ -112.184243269895092, 43.227631333306562 ], [ -112.184791202645954, 43.227457932890509 ], [ -112.185048269666112, 43.22721533247902 ], [ -112.185441603545129, 43.226594199193102 ], [ -112.185978069869563, 43.226181133342223 ], [ -112.186256869085568, 43.225887199231025 ], [ -112.186428402674878, 43.22555279931607 ], [ -112.186988202634154, 43.224014800017386 ], [ -112.187251069681082, 43.223636532618997 ], [ -112.187663869223016, 43.223384599544133 ], [ -112.187803402371898, 43.223348532721253 ], [ -112.188141670049021, 43.223314932781555 ], [ -112.18901527008461, 43.223386399134512 ], [ -112.18925900234656, 43.223367133189434 ], [ -112.18987540332617, 43.223156599824527 ], [ -112.191123003143062, 43.223046132514931 ], [ -112.19134266922309, 43.222969399541668 ], [ -112.19148540259576, 43.222822333208782 ], [ -112.191488469797605, 43.222360733288575 ], [ -112.191566669029953, 43.222120132744308 ], [ -112.191951603218484, 43.221758799431008 ], [ -112.192468203458276, 43.221558133205484 ], [ -112.192642603214011, 43.22143299916722 ], [ -112.192762802771497, 43.220874999796088 ], [ -112.192889003373196, 43.220608733220153 ], [ -112.193402002475125, 43.220346799810358 ], [ -112.194072802974148, 43.220273199904923 ], [ -112.194591269805244, 43.220056932534717 ], [ -112.194693802948905, 43.219895199430553 ], [ -112.194753869308997, 43.219435799140051 ], [ -112.194902469385198, 43.219133332923576 ], [ -112.19554900283417, 43.218545999714088 ], [ -112.196450469266097, 43.217579799207385 ], [ -112.196816269964728, 43.21729199929284 ], [ -112.197387869040512, 43.217013999160443 ], [ -112.19801600307639, 43.216572399692829 ], [ -112.198715669054025, 43.216256199400775 ], [ -112.199067869667303, 43.2159637324716 ], [ -112.199284669044758, 43.21568419978459 ], [ -112.199540002600045, 43.215187999142074 ], [ -112.19961180279995, 43.214620399221801 ], [ -112.200496269598631, 43.214021732678248 ], [ -112.200603669074653, 43.213823199132605 ], [ -112.200705202514996, 43.213224599161784 ], [ -112.200965202561449, 43.212925399879289 ], [ -112.2011480699814, 43.212806932949746 ], [ -112.201670203212302, 43.212714999208607 ], [ -112.202058202920739, 43.212702599818833 ], [ -112.202911470071967, 43.212846533120967 ], [ -112.203401602784083, 43.212883599936298 ], [ -112.203925602618369, 43.212791732932295 ], [ -112.204260069881357, 43.212647999762545 ], [ -112.204390802543855, 43.212499199565116 ], [ -112.204463669859422, 43.212222000041038 ], [ -112.204398002698284, 43.211903532599706 ], [ -112.203984669318501, 43.211183532476497 ], [ -112.203985402491725, 43.211040533137428 ], [ -112.204307402877447, 43.21056033279519 ], [ -112.20432266987963, 43.210418599848481 ], [ -112.20423066968236, 43.210216532928193 ], [ -112.203905002919583, 43.209908999161087 ], [ -112.203873403002376, 43.209805599750737 ], [ -112.203913403314488, 43.209487799959646 ], [ -112.204277470072299, 43.208789599969066 ], [ -112.204291869479107, 43.208471399822344 ], [ -112.204140869362078, 43.20820993312033 ], [ -112.203344602937449, 43.207492133324102 ], [ -112.203219669395565, 43.207261799945968 ], [ -112.203229869330485, 43.206977999437157 ], [ -112.203281069429408, 43.206840799340291 ], [ -112.203628469299531, 43.206453599849546 ], [ -112.20399386950524, 43.206352599416135 ], [ -112.204578470054571, 43.206089999599634 ], [ -112.205513003288218, 43.205514999918535 ], [ -112.205749870088269, 43.205288332891165 ], [ -112.205758203353184, 43.205006733167956 ], [ -112.205599069338376, 43.204632599913616 ], [ -112.205560069932375, 43.20438519944198 ], [ -112.205721002709907, 43.20409199996881 ], [ -112.206493069810747, 43.203597932645152 ], [ -112.20688040297189, 43.203107732778143 ], [ -112.207341403154658, 43.202903933071227 ], [ -112.207874070169837, 43.202813199179801 ], [ -112.208216869535377, 43.20280919919729 ], [ -112.208412869789854, 43.20282000002306 ], [ -112.209048202386569, 43.20299659936093 ], [ -112.20988060272802, 43.202960733129366 ], [ -112.211047069462282, 43.20306533320985 ], [ -112.211291670151994, 43.203052932848244 ], [ -112.211516403326826, 43.202984199863344 ], [ -112.211643203446627, 43.202877532698956 ], [ -112.211696470136701, 43.202667732609072 ], [ -112.211522402664073, 43.201687399694528 ], [ -112.211553269213482, 43.201333999615507 ], [ -112.211679669721505, 43.201066599575356 ], [ -112.211836669307985, 43.200931533256082 ], [ -112.212119669686416, 43.200793732523231 ], [ -112.213331002520647, 43.200516932917722 ], [ -112.213589803319152, 43.200355799833766 ], [ -112.213956203340359, 43.200025133278118 ], [ -112.214312669214124, 43.199841333082695 ], [ -112.21454460328988, 43.199615333172908 ], [ -112.214922069990976, 43.199037533192389 ], [ -112.215647803158433, 43.198414732580623 ], [ -112.215749069925621, 43.197927199924443 ], [ -112.216046403291031, 43.197521332979143 ], [ -112.216351069669287, 43.197344533339717 ], [ -112.216641603162017, 43.197275533165147 ], [ -112.217071803152734, 43.197341333220336 ], [ -112.217405269832483, 43.197474932534966 ], [ -112.21791586968385, 43.197589332645983 ], [ -112.218534069997617, 43.19759199937873 ], [ -112.218947069193646, 43.197525133129588 ], [ -112.219237203476141, 43.197317932607554 ], [ -112.219536002431127, 43.197198599754401 ], [ -112.219711669857588, 43.197028999889511 ], [ -112.219802269296537, 43.196538199867547 ], [ -112.219930469451171, 43.196388933137847 ], [ -112.220700203374051, 43.195957332659106 ], [ -112.221389269063565, 43.195814932494699 ], [ -112.221523669289596, 43.195711799481117 ], [ -112.221812003125677, 43.195222332627687 ], [ -112.222377802570932, 43.194887200026265 ], [ -112.222737603479871, 43.194553399292765 ], [ -112.223385002521667, 43.19412419982531 ], [ -112.223500069105725, 43.193928199620082 ], [ -112.223528003316858, 43.193716132600713 ], [ -112.223445403347668, 43.193152532671625 ], [ -112.223568870025773, 43.192962332977942 ], [ -112.223787669393204, 43.192890332805035 ], [ -112.224501669336391, 43.192937999776532 ], [ -112.225664603094899, 43.192630733003384 ], [ -112.226371602402722, 43.192326333115552 ], [ -112.226974603012906, 43.191966132950405 ], [ -112.227176602585331, 43.191605599992023 ], [ -112.227415669128021, 43.190769333174863 ], [ -112.227594869596473, 43.190601132669762 ], [ -112.229399868965899, 43.189415799308641 ], [ -112.230117803019681, 43.188882999892542 ], [ -112.230228803412118, 43.188430332622779 ], [ -112.230474803182418, 43.187930199357133 ], [ -112.230406869553661, 43.187257732912336 ], [ -112.230551603077402, 43.187034533248777 ], [ -112.2311160695441, 43.186829799813744 ], [ -112.232648602586835, 43.186644799768516 ], [ -112.232822202564293, 43.186583399693895 ], [ -112.233043669626127, 43.186395799459994 ], [ -112.233116602336665, 43.186153999560759 ], [ -112.233069002326943, 43.185766332844189 ], [ -112.233135003481237, 43.185559132844233 ], [ -112.233284269706417, 43.185418132576409 ], [ -112.233803802357897, 43.185099132973612 ], [ -112.234062869521225, 43.184803133208476 ], [ -112.234177069183474, 43.18449559918016 ], [ -112.234052470164713, 43.184230933424359 ], [ -112.233248002346286, 43.183512332783053 ], [ -112.233198603445004, 43.18319993309246 ], [ -112.233366203138388, 43.182758799745848 ], [ -112.233607469152147, 43.182493999443871 ], [ -112.233759802760332, 43.182404332907865 ], [ -112.234421470138003, 43.182274532861776 ], [ -112.234636869145817, 43.18219359964688 ], [ -112.235223203388813, 43.181584999735414 ], [ -112.235990069103522, 43.181072799443839 ], [ -112.236544802582287, 43.180363999880328 ], [ -112.237424269484819, 43.179985399858225 ], [ -112.237759269959454, 43.179787399824015 ], [ -112.238286270050239, 43.179468932982537 ], [ -112.238989070043658, 43.179321732631678 ], [ -112.239775602442421, 43.178896199797578 ], [ -112.240602402874401, 43.178682999976317 ], [ -112.240971869341195, 43.178307933230606 ], [ -112.241389669418282, 43.178229199314778 ], [ -112.241864269294666, 43.178298333265097 ], [ -112.242413469835185, 43.178531733232667 ], [ -112.24274580340024, 43.178738333088354 ], [ -112.243043002556362, 43.179021333303162 ], [ -112.243265269098274, 43.179335933145516 ], [ -112.243481202739886, 43.179846533262271 ], [ -112.243766802589192, 43.180128333216388 ], [ -112.244064669765208, 43.180246732777562 ], [ -112.244504669434392, 43.180294333227096 ], [ -112.244742869917303, 43.180259999740173 ], [ -112.245230203077085, 43.18001993296685 ], [ -112.245478602468907, 43.17971693313217 ], [ -112.245411868955941, 43.179509332871618 ], [ -112.245030003051411, 43.179098599900748 ], [ -112.244935869298004, 43.17889799955833 ], [ -112.244943269742649, 43.178759599989426 ], [ -112.245134269881461, 43.178514533171032 ], [ -112.245322669692641, 43.178401733341786 ], [ -112.245511402422252, 43.178362733159496 ], [ -112.246723402994618, 43.178252999935545 ], [ -112.246992202646851, 43.178104599402708 ], [ -112.247049003383012, 43.177788999271336 ], [ -112.246717469862503, 43.17735833277488 ], [ -112.246710069172082, 43.177225233147261 ], [ -112.246908403447989, 43.177128599318372 ], [ -112.247103668967199, 43.177125133067932 ], [ -112.247739002674365, 43.177307399501103 ], [ -112.2483622030297, 43.177394332864544 ], [ -112.248703269519595, 43.177374532903549 ], [ -112.248819669230585, 43.177263999717461 ], [ -112.248851603226925, 43.177125799869323 ], [ -112.248718603059643, 43.176828332795694 ], [ -112.24866706908638, 43.176518799768864 ], [ -112.248849802852192, 43.176269199517115 ], [ -112.249191070090319, 43.175969799448772 ], [ -112.249240469166551, 43.175834932845206 ], [ -112.249037602595749, 43.17574913336172 ], [ -112.248357869941131, 43.17578373303057 ], [ -112.248154269841152, 43.175686933410482 ], [ -112.248083469398168, 43.175594399802307 ], [ -112.248100202292918, 43.175452532964123 ], [ -112.24827440329581, 43.175240133011016 ], [ -112.24859600324055, 43.175022933044282 ], [ -112.249197869648057, 43.17487213317785 ], [ -112.249878602559235, 43.174815799627979 ], [ -112.250489269366255, 43.174692999354903 ], [ -112.251154469473605, 43.174340399931658 ], [ -112.251094870075505, 43.174025132904838 ], [ -112.250923869640076, 43.173851532663214 ], [ -112.250696202560448, 43.173714600053557 ], [ -112.250386402966228, 43.173605799691565 ], [ -112.249761870013799, 43.173522999986353 ], [ -112.249251669502954, 43.173256332740941 ], [ -112.248552269796136, 43.173006799534328 ], [ -112.248365068966336, 43.172802132941079 ], [ -112.248407602469626, 43.172528333048582 ], [ -112.248613468949117, 43.172446199857291 ], [ -112.249091402676939, 43.172511400037138 ], [ -112.2493760022857, 43.172646199727062 ], [ -112.249904869074243, 43.173059532591061 ], [ -112.250818068917468, 43.173305933220689 ], [ -112.251500270027719, 43.173361399306373 ], [ -112.251938469285932, 43.173343199608603 ], [ -112.252303469047632, 43.173165599719653 ], [ -112.252774402786727, 43.172756933211474 ], [ -112.252893670093542, 43.172375733250739 ], [ -112.252728402445854, 43.172007933066375 ], [ -112.252880402733112, 43.171832000061947 ], [ -112.253151670136461, 43.171755999230342 ], [ -112.253445002867977, 43.171783799617799 ], [ -112.254298668953638, 43.172055599887578 ], [ -112.254434003289489, 43.172024599738222 ], [ -112.254568669438044, 43.171920999988096 ], [ -112.254625203035403, 43.171784332648024 ], [ -112.254618069123879, 43.171606332679502 ], [ -112.254461669712498, 43.171196800022308 ], [ -112.254552402537641, 43.170959199477146 ], [ -112.254800802665258, 43.170848932823517 ], [ -112.255191002292818, 43.170992532907938 ], [ -112.255479803392006, 43.170971733438101 ], [ -112.255702202948044, 43.17089773297517 ], [ -112.255837202396592, 43.170753733379648 ], [ -112.256110602725499, 43.17026133278415 ], [ -112.256267470015615, 43.170177799342248 ], [ -112.256655069684626, 43.170215533350131 ], [ -112.257747869712773, 43.170531200099745 ], [ -112.258232269619171, 43.170582200057098 ], [ -112.258357203230489, 43.170637332855414 ], [ -112.258425670080769, 43.170731599458364 ], [ -112.25844867009755, 43.170908400088372 ], [ -112.258293203012855, 43.17120573300982 ], [ -112.257532603085949, 43.171763133255808 ], [ -112.257390002472235, 43.17194900002503 ], [ -112.257280669660773, 43.172185400048235 ], [ -112.257258269623165, 43.172397799254171 ], [ -112.257382669931033, 43.172585333223694 ], [ -112.257666602982454, 43.172725799329299 ], [ -112.257942469763009, 43.172800599591334 ], [ -112.258308402278274, 43.17271073316634 ], [ -112.258714002670004, 43.172455199624586 ], [ -112.258888803283142, 43.17220013338607 ], [ -112.258919602289396, 43.171917999913354 ], [ -112.258776803371106, 43.171654799635185 ], [ -112.258807202532154, 43.171552733024534 ], [ -112.259013003135635, 43.171400132971733 ], [ -112.25942560274197, 43.171291599958785 ], [ -112.259669070002772, 43.171284799953781 ], [ -112.259844269474996, 43.171346132874547 ], [ -112.260107402916788, 43.171556732586041 ], [ -112.26073646942551, 43.171563999258403 ], [ -112.261048269866194, 43.171734199549931 ], [ -112.261245869519314, 43.171937932927072 ], [ -112.26130306913457, 43.172106732747309 ], [ -112.260738802773972, 43.173037199337109 ], [ -112.260937469713397, 43.173237333215468 ], [ -112.261355869114553, 43.173423199548445 ], [ -112.2615402689175, 43.173400333142006 ], [ -112.261753003415095, 43.17329720011039 ], [ -112.262051002613703, 43.172584532554396 ], [ -112.262397468979159, 43.172072532906483 ], [ -112.262665069984521, 43.171865732953144 ], [ -112.263051802377078, 43.171825732770209 ], [ -112.263423869958174, 43.171995600051702 ], [ -112.263914869841358, 43.172438199306043 ], [ -112.264108002389733, 43.172562399304098 ], [ -112.264796269121234, 43.173005332977361 ], [ -112.265008202533991, 43.173095132954153 ], [ -112.26576480253442, 43.173242933239585 ], [ -112.265964202432031, 43.173525799698979 ], [ -112.266066702036639, 43.173968199975477 ], [ -112.266298468969211, 43.173978799783733 ], [ -112.266472268900102, 43.173912732927924 ], [ -112.266668202556914, 43.173752132925657 ], [ -112.266825269633472, 43.173418399417208 ], [ -112.26672640289263, 43.173106399254863 ], [ -112.266384669419907, 43.17259393280797 ], [ -112.266081402305048, 43.172269799584832 ], [ -112.265848002759057, 43.171801999236536 ], [ -112.265887002546364, 43.171594933001394 ], [ -112.266151802891102, 43.17138453278568 ], [ -112.266629069767063, 43.171314599316247 ], [ -112.267202602889554, 43.171399932599535 ], [ -112.267407403445887, 43.171303133148157 ], [ -112.267726669043512, 43.171033332732272 ], [ -112.268008602578277, 43.170985332610442 ], [ -112.268972402414747, 43.171311733281982 ], [ -112.27001786958968, 43.171511733262555 ], [ -112.270262669657015, 43.171495932603165 ], [ -112.270905003358905, 43.171233400102111 ], [ -112.271642468985831, 43.17071239950954 ], [ -112.271928069504241, 43.170658799263805 ], [ -112.272174268973842, 43.170667533238962 ], [ -112.272680203205908, 43.170800132713921 ], [ -112.273177402250539, 43.17068713306012 ], [ -112.273363003255014, 43.170730732788172 ], [ -112.273699469179206, 43.170688399754603 ], [ -112.273888202851495, 43.170719200014929 ], [ -112.274251602714031, 43.170411732924734 ], [ -112.274414669545095, 43.17048573340179 ], [ -112.274652603285162, 43.170796932663528 ], [ -112.274854603377634, 43.17095153334536 ], [ -112.275077803043871, 43.171023399875324 ], [ -112.275469269414202, 43.17103979934177 ], [ -112.275705269719126, 43.171119533125108 ], [ -112.2755596690414, 43.171602733020684 ], [ -112.275614802339732, 43.171739333058255 ], [ -112.275720203027689, 43.171806999223783 ], [ -112.276051069202992, 43.171740799247743 ], [ -112.27668880291381, 43.171348132825173 ], [ -112.277159402925022, 43.170983599703519 ], [ -112.277480469703363, 43.170818732740337 ], [ -112.277670869073873, 43.170852200083154 ], [ -112.27821526950278, 43.171095000050748 ], [ -112.278701269719164, 43.171063399848769 ], [ -112.279063203049617, 43.170890333365158 ], [ -112.279068203256188, 43.170747599959405 ], [ -112.27896386953995, 43.170548533239845 ], [ -112.278935802515903, 43.170335799719147 ], [ -112.279020402501189, 43.170058199755161 ], [ -112.279238202792897, 43.169922332775066 ], [ -112.279580069698369, 43.169920133035951 ], [ -112.279749002325858, 43.1699899333817 ], [ -112.27988646921699, 43.170138332894851 ], [ -112.279992069152087, 43.170484999796933 ], [ -112.280106803366621, 43.170641533178888 ], [ -112.280776002646078, 43.170929332872603 ], [ -112.281194002765204, 43.171528132661521 ], [ -112.281430269173455, 43.171558532588115 ], [ -112.281851869623793, 43.171458933173518 ], [ -112.283103403334408, 43.171050532776839 ], [ -112.283488269198671, 43.171074799953509 ], [ -112.284065602807587, 43.171033799701071 ], [ -112.284384402456496, 43.171190532847582 ], [ -112.284281469423661, 43.171568799247886 ], [ -112.284279402387753, 43.171852333388628 ], [ -112.284557402318271, 43.172140199675006 ], [ -112.285655402342357, 43.172764932992727 ], [ -112.285974869009735, 43.172857999583343 ], [ -112.286505202236867, 43.17292839933252 ], [ -112.287001802229284, 43.173083199871002 ], [ -112.28830340269846, 43.173898132600044 ], [ -112.288578470037081, 43.173976399331629 ], [ -112.289096869999938, 43.173961399330359 ], [ -112.289334202209119, 43.173847333423637 ], [ -112.289585203118037, 43.173540199473628 ], [ -112.289690869049451, 43.173302799552751 ], [ -112.289774002382231, 43.172593732682657 ], [ -112.289884868940788, 43.172320132746492 ], [ -112.290035469796365, 43.17213619978407 ], [ -112.290479469992093, 43.171990599272796 ], [ -112.291206803127665, 43.17192653254822 ], [ -112.291379003011784, 43.171800332626233 ], [ -112.291391402302665, 43.171409799292896 ], [ -112.291479669793887, 43.171170999542674 ], [ -112.291748402493099, 43.171018532993372 ], [ -112.29231786983263, 43.170864532939319 ], [ -112.293043269875895, 43.171190999264894 ], [ -112.293721602771456, 43.171220399943188 ], [ -112.294221802199431, 43.171148133290068 ], [ -112.294320002286383, 43.170556733019467 ], [ -112.294636802370974, 43.170173399843549 ], [ -112.295109669913757, 43.169966799635134 ], [ -112.295360269006167, 43.16948659976768 ], [ -112.295618802212644, 43.169337533342713 ], [ -112.296018002527035, 43.1693567330665 ], [ -112.296372602520776, 43.169546133185825 ], [ -112.296843603264605, 43.169608332762671 ], [ -112.297171402936968, 43.169428599927514 ], [ -112.29739486955657, 43.169062733134702 ], [ -112.297760602746294, 43.168791599622857 ], [ -112.297907669768051, 43.168556599876759 ], [ -112.297882203342326, 43.168299933013508 ], [ -112.29759007000942, 43.168128599369943 ], [ -112.297070803373316, 43.168061399929002 ], [ -112.296680669477652, 43.167819332767252 ], [ -112.296501869130751, 43.167272599811675 ], [ -112.296232714625006, 43.16665866672075 ], [ -112.296331202215967, 43.166539599463434 ], [ -112.296570269304951, 43.166415799407687 ], [ -112.29695466998642, 43.166395399358038 ], [ -112.297131602993687, 43.166561133296092 ], [ -112.297369603058939, 43.166594399444449 ], [ -112.29755180294957, 43.166544332952228 ], [ -112.298202802741216, 43.166177333301356 ], [ -112.298495269451436, 43.166173733243951 ], [ -112.298711402539311, 43.166088333287071 ], [ -112.299524002984739, 43.165941732834739 ], [ -112.299790269861901, 43.165784933334209 ], [ -112.300004202879592, 43.165428732636478 ], [ -112.300313669742408, 43.16516033288358 ], [ -112.301165268859265, 43.164890132588766 ], [ -112.301875069944359, 43.164766200001999 ], [ -112.302563202396854, 43.165011932944452 ], [ -112.303004468898891, 43.165021599636674 ], [ -112.303330069318264, 43.164941932711336 ], [ -112.303547469465883, 43.164800533033663 ], [ -112.303676269600359, 43.164609732806568 ], [ -112.30395946933065, 43.164370933188572 ], [ -112.304069468952122, 43.164302333018078 ], [ -112.304216069080354, 43.164289532821087 ], [ -112.304445469407995, 43.164411599401973 ], [ -112.304597803329429, 43.164670332826375 ], [ -112.304560003152176, 43.16480973329557 ], [ -112.304202869622785, 43.165100532848761 ], [ -112.304192603292037, 43.165206599459779 ], [ -112.304256602552329, 43.165299599297178 ], [ -112.304453270015713, 43.165404732829089 ], [ -112.304738803007282, 43.165450332939479 ], [ -112.305211469121716, 43.1653583329486 ], [ -112.305600603209797, 43.165396332557826 ], [ -112.305975603264514, 43.165477199384256 ], [ -112.306172069016753, 43.165632133056796 ], [ -112.306091669265143, 43.166047800013565 ], [ -112.305522069006258, 43.166314932877739 ], [ -112.305375802431655, 43.166455199355099 ], [ -112.305327870022936, 43.16673473300456 ], [ -112.305429668954787, 43.166855599449946 ], [ -112.305984269216495, 43.167081533217157 ], [ -112.306227603008793, 43.167089599410623 ], [ -112.306496202321057, 43.167007999776857 ], [ -112.30687260312493, 43.166537532836486 ], [ -112.30710360231302, 43.166409999360546 ], [ -112.307903202518645, 43.1662491997307 ], [ -112.308128002297224, 43.166114933392706 ], [ -112.308256869222916, 43.165924599947694 ], [ -112.308265069964961, 43.165785000012654 ], [ -112.308178003237089, 43.165658332609461 ], [ -112.307616003356458, 43.165451599459132 ], [ -112.307454403087903, 43.165322799476677 ], [ -112.307430203067852, 43.16515119964555 ], [ -112.307621402759466, 43.164907999518995 ], [ -112.308767869962097, 43.164370132567832 ], [ -112.310290603385624, 43.163984399328164 ], [ -112.310541202476713, 43.163815932614142 ], [ -112.310911002915262, 43.163402732596602 ], [ -112.311185803222216, 43.163255533144067 ], [ -112.311564802223984, 43.163184999939183 ], [ -112.311994803238349, 43.163249999533491 ], [ -112.312295669741147, 43.162814599805309 ], [ -112.31278920322805, 43.162526333366586 ], [ -112.313068869095517, 43.162477133099436 ], [ -112.313670402837658, 43.162598599738644 ], [ -112.314699869101773, 43.16218513268543 ], [ -112.315634268959769, 43.161729333335714 ], [ -112.316046268853981, 43.161252399245811 ], [ -112.316497803067776, 43.161119799851242 ], [ -112.316702602280373, 43.161107599744525 ], [ -112.316841002305594, 43.161144933425618 ], [ -112.317346802570299, 43.161423332833252 ], [ -112.317605669311035, 43.161799533099448 ], [ -112.318358269718914, 43.162190932774223 ], [ -112.318628002737, 43.162638199706826 ], [ -112.318776669378224, 43.162777132941557 ], [ -112.319337202678014, 43.163061132812942 ], [ -112.319693402472325, 43.163179599419884 ], [ -112.320166403105318, 43.16348893316809 ], [ -112.320290003171081, 43.163640932930221 ], [ -112.320316602763143, 43.163782333421729 ], [ -112.320231802694877, 43.164227599905615 ], [ -112.320494602663317, 43.164386399763096 ], [ -112.320722269966538, 43.164452999537303 ], [ -112.321533869001968, 43.164390533081679 ], [ -112.322349602940491, 43.165000799415154 ], [ -112.322965069221524, 43.165291532873702 ], [ -112.323172869492382, 43.165442399362448 ], [ -112.324066002357085, 43.165612533199237 ], [ -112.324398003068495, 43.165764932614827 ], [ -112.324909402764376, 43.166099533061541 ], [ -112.325054269021379, 43.166319199600636 ], [ -112.325054202359539, 43.166600533065875 ], [ -112.324651202343361, 43.166950999776127 ], [ -112.324584269439512, 43.167120532722549 ], [ -112.324644802329985, 43.167362732927209 ], [ -112.324863803287002, 43.167502800002048 ], [ -112.325203269423454, 43.167543800053323 ], [ -112.326086802381326, 43.167533599638325 ], [ -112.327201403218439, 43.167648933328678 ], [ -112.328124469338618, 43.167402532632778 ], [ -112.328513002737097, 43.167358199522738 ], [ -112.329442469344642, 43.167422933028107 ], [ -112.330354469106553, 43.167566199454107 ], [ -112.330843468912477, 43.167599400030184 ], [ -112.331374203126771, 43.167535599547726 ], [ -112.331903269965736, 43.167351599915726 ], [ -112.332189602289418, 43.167355133212716 ], [ -112.3323470694734, 43.167492133060165 ], [ -112.333820802599661, 43.168128999613231 ], [ -112.334159002966757, 43.168331732645576 ], [ -112.334942269384968, 43.168521599747791 ], [ -112.335160202138994, 43.168450999258638 ], [ -112.33548446920588, 43.168061533266624 ], [ -112.33581080315399, 43.167906933043945 ], [ -112.336138869338313, 43.167833599970862 ], [ -112.336670468971832, 43.167904133063644 ], [ -112.337996669308936, 43.167833333236679 ], [ -112.339065868855172, 43.167773999708103 ], [ -112.339975002974015, 43.167665399637386 ], [ -112.340581669646781, 43.167527333254831 ], [ -112.341041269614365, 43.167496599430329 ], [ -112.34143060328563, 43.167515199420237 ], [ -112.341806069828607, 43.167590932810583 ], [ -112.342918069263135, 43.168097399272014 ], [ -112.343812469704929, 43.167924532682378 ], [ -112.34400846985254, 43.167921932571424 ], [ -112.344189869637034, 43.167974533148239 ], [ -112.344445069048376, 43.16818733322377 ], [ -112.344534802313632, 43.168493533277356 ], [ -112.344464802915866, 43.168876999420569 ], [ -112.344183203042263, 43.16932793271463 ], [ -112.344278002858189, 43.169920199696058 ], [ -112.344550868897826, 43.170414399666413 ], [ -112.34553286929723, 43.171254332661427 ], [ -112.345804002283614, 43.17132400007015 ], [ -112.346535069715415, 43.171296599842954 ], [ -112.348321269193562, 43.171672399656345 ], [ -112.350172069431011, 43.172332799695731 ], [ -112.351207602975961, 43.172805399498742 ], [ -112.351752069834134, 43.172954532762525 ], [ -112.351967202354416, 43.173150533072061 ], [ -112.352326602145553, 43.173653533071601 ], [ -112.353183203030184, 43.174643199262199 ], [ -112.353528268956623, 43.174891199284978 ], [ -112.353828203026936, 43.175010332653649 ], [ -112.354750002272326, 43.175240399241723 ], [ -112.356183069847461, 43.175466332561008 ], [ -112.356587069002174, 43.175594199267422 ], [ -112.357324203027503, 43.175933999416294 ], [ -112.357939602524254, 43.176021133103546 ], [ -112.358571869388086, 43.176214399288313 ], [ -112.359648003078007, 43.175991133113484 ], [ -112.360183669540362, 43.176013732577253 ], [ -112.360407402150614, 43.176084799191926 ], [ -112.3606444022939, 43.176262999216739 ], [ -112.361048402861741, 43.176909599922467 ], [ -112.361195069370979, 43.177002599805753 ], [ -112.361576202683992, 43.176980399582554 ], [ -112.362171002595829, 43.176676333312699 ], [ -112.362491802857463, 43.176758799690553 ], [ -112.362745402835088, 43.177016800091366 ], [ -112.362911803120824, 43.177086799823094 ], [ -112.363540403291026, 43.17703413336551 ], [ -112.364278868911313, 43.177298133386856 ], [ -112.365096003202126, 43.177390799358726 ], [ -112.366109003158655, 43.177406799353598 ], [ -112.366955402647164, 43.177273799497264 ], [ -112.367895869284581, 43.177551199826198 ], [ -112.368140869164151, 43.177564333013464 ], [ -112.368329203137179, 43.177524132781699 ], [ -112.368698869535692, 43.177353532682325 ], [ -112.368978869112368, 43.177307799681948 ], [ -112.369289602245473, 43.177408399839017 ], [ -112.369946202189652, 43.177827933316507 ], [ -112.370396269538404, 43.177965799530767 ], [ -112.370729802405819, 43.177983732663179 ], [ -112.371065669806256, 43.177850199745926 ], [ -112.3714884031466, 43.177423133423439 ], [ -112.372509069921023, 43.177398732818233 ], [ -112.373042803258386, 43.177427132639174 ], [ -112.374404002134654, 43.177307399486175 ], [ -112.375321869249674, 43.176984799403563 ], [ -112.37566640214439, 43.176558599441442 ], [ -112.375778602651707, 43.176490799863899 ], [ -112.376507669460395, 43.17647179974584 ], [ -112.377154868860728, 43.176327799857695 ], [ -112.377347203086117, 43.176220000019342 ], [ -112.377562002535697, 43.175868200027864 ], [ -112.378056803209759, 43.175475932740689 ], [ -112.378297202882308, 43.175049199834191 ], [ -112.37867526984526, 43.174832399285386 ], [ -112.379108602948648, 43.17479613275237 ], [ -112.379535669131769, 43.17486473316621 ], [ -112.379857669241687, 43.174951400012439 ], [ -112.380569669329731, 43.17524333315896 ], [ -112.380903069937517, 43.175292133032904 ], [ -112.381369069565295, 43.175156332580777 ], [ -112.381753869134286, 43.174893999906203 ], [ -112.382676268886158, 43.173894199818555 ], [ -112.383200602205278, 43.173437533345236 ], [ -112.387714203180721, 43.170796133361939 ], [ -112.388626269061845, 43.170125199621452 ], [ -112.389163202079516, 43.169887533101736 ], [ -112.390108803237482, 43.169735199943091 ], [ -112.390216202841088, 43.169663333063781 ], [ -112.390260469891246, 43.16956213304011 ], [ -112.39023866896791, 43.16924399932519 ], [ -112.390302802357212, 43.169112733387522 ], [ -112.391289402056415, 43.168946133199036 ], [ -112.391410802538672, 43.168833999958892 ], [ -112.391768069865606, 43.168259333200204 ], [ -112.391795602657695, 43.168083732748173 ], [ -112.391733402931607, 43.167768799657139 ], [ -112.392101002309829, 43.167483600002775 ], [ -112.392491002183633, 43.16728619988303 ], [ -112.392858602630469, 43.167148999983723 ], [ -112.393061003072006, 43.167110733085778 ], [ -112.39339100253477, 43.167077932865233 ], [ -112.393728469679161, 43.166979199561943 ], [ -112.394013602218124, 43.166759800092947 ], [ -112.394148603180724, 43.166650133000374 ], [ -112.394651203000763, 43.166359399541349 ], [ -112.394801069415593, 43.166304599992479 ], [ -112.39518380326416, 43.166079732688182 ], [ -112.395641402521932, 43.165695599917505 ], [ -112.395933868792085, 43.165514732772095 ], [ -112.396061402605596, 43.16545433268189 ], [ -112.396324003228486, 43.165284199739638 ], [ -112.396473869009853, 43.165223999714883 ], [ -112.396804002205045, 43.164971599948984 ], [ -112.39702906881908, 43.164774132608933 ], [ -112.397126802875519, 43.164505199420475 ], [ -112.397089468896212, 43.164137399364627 ], [ -112.397217002089064, 43.164071599697671 ], [ -112.39735186918432, 43.164060599282003 ], [ -112.397629402280842, 43.164099199224658 ], [ -112.39775680241371, 43.164154132566459 ], [ -112.398184069144307, 43.16428040002895 ], [ -112.398326469026173, 43.164252999418387 ], [ -112.398446603224485, 43.164159800032628 ], [ -112.398506669285254, 43.164060999709619 ], [ -112.398574203183273, 43.163797599855918 ], [ -112.398522003223761, 43.163528732741653 ], [ -112.39828246956786, 43.162891933108334 ], [ -112.39827500254259, 43.162798599404866 ], [ -112.398380002330953, 43.162628532861227 ], [ -112.398725068943861, 43.162365199598696 ], [ -112.399092668767111, 43.162162199924481 ], [ -112.399220069229216, 43.162145799887561 ], [ -112.399497603136624, 43.162047132732596 ], [ -112.400142469829362, 43.161915533446248 ], [ -112.400577268711089, 43.161899199578016 ], [ -112.401094802212071, 43.161811599216009 ], [ -112.401334602844457, 43.161756800050732 ], [ -112.401619602323436, 43.161718399932433 ], [ -112.401747002226031, 43.161712999793622 ], [ -112.401889469368754, 43.161729532726156 ], [ -112.402286868939441, 43.161691199260794 ], [ -112.402819403087932, 43.16153219958359 ], [ -112.403344202083758, 43.161460999609112 ], [ -112.403471602232656, 43.161471999439023 ], [ -112.40368146875322, 43.161675133176502 ], [ -112.403748869863151, 43.161779399802974 ], [ -112.403741268919447, 43.161872799352267 ], [ -112.403621269381489, 43.162064799359477 ], [ -112.403336069405498, 43.162366599847019 ], [ -112.403306202518863, 43.162459932583644 ], [ -112.403343468905661, 43.162651999596733 ], [ -112.403433402670586, 43.162827599316103 ], [ -112.403523402376337, 43.162915532864908 ], [ -112.403770668957364, 43.163047333446116 ], [ -112.403905669029399, 43.163085799336294 ], [ -112.40404806954605, 43.163074799779992 ], [ -112.404310603204749, 43.163008999977585 ], [ -112.404805469125677, 43.162784132719771 ], [ -112.405000469179257, 43.162614132819598 ], [ -112.405053069219321, 43.162520799654182 ], [ -112.405045669438763, 43.162449399819884 ], [ -112.405038202223238, 43.162273799560644 ], [ -112.404873268836326, 43.161999332816279 ], [ -112.404746003139437, 43.161900399249674 ], [ -112.404476202169946, 43.161779733096907 ], [ -112.404371202992849, 43.161680799932647 ], [ -112.404363802648774, 43.161581999924422 ], [ -112.404551402620484, 43.161384533428993 ], [ -112.404798869123567, 43.161197999268502 ], [ -112.404911402280092, 43.161022332682272 ], [ -112.404963869733805, 43.16084120006623 ], [ -112.405211469415477, 43.16071513278272 ], [ -112.405721402625304, 43.160391400106143 ], [ -112.406314003151877, 43.159963399948992 ], [ -112.40651640244549, 43.15976039950575 ], [ -112.406831669509344, 43.159200733159778 ], [ -112.406809203219794, 43.159107399934264 ], [ -112.406741802037885, 43.159008533325157 ], [ -112.406532002658722, 43.158838399843212 ], [ -112.406457069130994, 43.15864633307136 ], [ -112.406487068845507, 43.158547532791374 ], [ -112.406577202947247, 43.158349933264709 ], [ -112.406779802487264, 43.15806453298147 ], [ -112.406899803123366, 43.157976732680801 ], [ -112.407027202741588, 43.157916399404463 ], [ -112.40752200210342, 43.157883599253687 ], [ -112.407649469778406, 43.157850732996522 ], [ -112.407769469474005, 43.157762999298193 ], [ -112.407934602514047, 43.157488532876904 ], [ -112.408009602503469, 43.157301933180854 ], [ -112.408167203012383, 43.157076932861642 ], [ -112.408362203145927, 43.156901399985919 ], [ -112.408662202604248, 43.156517199458669 ], [ -112.408774669220776, 43.156418532732744 ], [ -112.408834802782692, 43.156330733190686 ], [ -112.408939802598312, 43.156242932756015 ], [ -112.409329602940076, 43.156094799993006 ], [ -112.409704469023595, 43.156100332736621 ], [ -112.410094269246102, 43.156144333332598 ], [ -112.410236668814335, 43.156171933295717 ], [ -112.410491602880441, 43.156177399424571 ], [ -112.410626469704042, 43.156155399462683 ], [ -112.410866469388552, 43.156045799779726 ], [ -112.410964002670667, 43.15595253330001 ], [ -112.411091602767527, 43.155776932858203 ], [ -112.411339002198375, 43.155667133302053 ], [ -112.411601269351465, 43.155667199676714 ], [ -112.411721268970169, 43.155623333170027 ], [ -112.411826269810717, 43.155518999403178 ], [ -112.412081269043682, 43.155354399896495 ], [ -112.412193669503935, 43.155326999497568 ], [ -112.412568602568186, 43.155156999472297 ], [ -112.412741202690398, 43.154970399368551 ], [ -112.412876202057262, 43.1547015333826 ], [ -112.412771203146676, 43.154613733026309 ], [ -112.412711268927836, 43.15452593298459 ], [ -112.412666469763693, 43.154245933147415 ], [ -112.412651802245165, 43.153565400027325 ], [ -112.412696869389052, 43.15330733257759 ], [ -112.412756869188669, 43.153126199769225 ], [ -112.412861869058091, 43.153038533436536 ], [ -112.413101802899575, 43.153005599703043 ], [ -112.413469068904277, 43.153022132640679 ], [ -112.413708869645419, 43.153044199611081 ], [ -112.413836469570754, 43.153022199516251 ], [ -112.413963802702554, 43.152956399805511 ], [ -112.414211403216299, 43.152736933060226 ], [ -112.414698669643045, 43.15239119925937 ], [ -112.414908669568433, 43.152204733181854 ], [ -112.415163602581231, 43.152034599614211 ], [ -112.415531002601242, 43.151864399816127 ], [ -112.415785869532897, 43.151782199477566 ], [ -112.416213269216044, 43.15160113319714 ], [ -112.416333202684498, 43.151579199747601 ], [ -112.416573069236136, 43.151414599370568 ], [ -112.416648068981445, 43.151315799644522 ], [ -112.416670669554392, 43.151129199885553 ], [ -112.416655802716861, 43.151041333188665 ], [ -112.416693202412162, 43.150953600128766 ], [ -112.41681320293587, 43.150865800070413 ], [ -112.416933068964326, 43.150854799368204 ], [ -112.417053069140181, 43.150893199767921 ], [ -112.4174204028335, 43.150898800122839 ], [ -112.417652803054665, 43.150800133175579 ], [ -112.417772802882297, 43.150712199726925 ], [ -112.417832669208735, 43.150629933084922 ], [ -112.417945203009623, 43.150558599767535 ], [ -112.418387668310743, 43.15016346677649 ], [ -112.418717602536759, 43.149883599850334 ], [ -112.418920069221755, 43.149642199281701 ], [ -112.418965002850456, 43.149554399394589 ], [ -112.418950069797461, 43.149378733333712 ], [ -112.418725202325135, 43.149224999320879 ], [ -112.418590403039147, 43.149175599531674 ], [ -112.418500402721961, 43.149087800099963 ], [ -112.418522869085749, 43.148999999518836 ], [ -112.418770402178183, 43.148890199936531 ], [ -112.418882802768508, 43.148802399764079 ], [ -112.418882802899148, 43.148610399476659 ], [ -112.418807869447875, 43.148429200013965 ], [ -112.41871806942757, 43.14832493314637 ], [ -112.418485669246607, 43.148154733105876 ], [ -112.418500669160707, 43.14806693284131 ], [ -112.418620669317036, 43.148006532811273 ], [ -112.418875602501217, 43.147935332768618 ], [ -112.418995602822093, 43.147759599245887 ], [ -112.419122868902591, 43.147693799977866 ], [ -112.419235469565791, 43.147677333279034 ], [ -112.419497802821681, 43.147688399550582 ], [ -112.420134869007256, 43.147617133370467 ], [ -112.420254869390604, 43.147578732632674 ], [ -112.420374868715029, 43.147402999430177 ], [ -112.420554868674472, 43.147029933241008 ], [ -112.420772269377636, 43.146843333229 ], [ -112.420892202652041, 43.146804932688156 ], [ -112.421019668932956, 43.146727999826908 ], [ -112.421432002545288, 43.146579932921341 ], [ -112.421949202126214, 43.146311132745886 ], [ -112.422189202359434, 43.146228799352876 ], [ -112.422444002589074, 43.146184932945395 ], [ -112.422590235341389, 43.146143766892465 ], [ -112.423208602657624, 43.14602033287678 ], [ -112.423763269679995, 43.145965532660682 ], [ -112.424153068704996, 43.145965599388099 ], [ -112.424662669155353, 43.145998599475575 ], [ -112.424805203203888, 43.145971133326576 ], [ -112.425052469613817, 43.145976733270629 ], [ -112.425292402729639, 43.146009599516127 ], [ -112.425704602386432, 43.146026132633963 ], [ -112.425847002101847, 43.146042599649114 ], [ -112.425974468871189, 43.146026199402904 ], [ -112.42609440275757, 43.146042600106107 ], [ -112.426701602497047, 43.146026200005835 ], [ -112.426971269590311, 43.145998799344696 ], [ -112.427323669654541, 43.146009799375463 ], [ -112.428013269207398, 43.146114132781193 ], [ -112.428140669797529, 43.146108599605 ], [ -112.428538002412438, 43.146196532983893 ], [ -112.428770269196178, 43.146289799565665 ], [ -112.428893934936369, 43.146405066354319 ], [ -112.429010202254318, 43.146531399851398 ], [ -112.429399868777779, 43.146652133292591 ], [ -112.429639668905097, 43.146690532748387 ], [ -112.430037069389954, 43.146701533459044 ], [ -112.430674069316538, 43.146635732831278 ], [ -112.430794002478436, 43.146602799406935 ], [ -112.431041469089891, 43.146487533440563 ], [ -112.431288802685458, 43.146339399992144 ], [ -112.431528669031238, 43.146229599904835 ], [ -112.431656069776096, 43.146229733032484 ], [ -112.431783469571201, 43.146317533337083 ], [ -112.432090869846192, 43.146772999989331 ], [ -112.432345669581082, 43.146899333321997 ], [ -112.432480602005967, 43.146926733030909 ], [ -112.432600469117943, 43.146888332794745 ], [ -112.432960269620409, 43.146591932878628 ], [ -112.43345506959983, 43.146383400119639 ], [ -112.433634868946527, 43.146191333275581 ], [ -112.433679869162916, 43.146092532860351 ], [ -112.433829868683787, 43.145894933121582 ], [ -112.434077203153848, 43.145505333372107 ], [ -112.434189602288015, 43.14541740006738 ], [ -112.434392002033107, 43.14513753276244 ], [ -112.434444468670804, 43.144945399383928 ], [ -112.434422003205441, 43.144857599256028 ], [ -112.434309669066067, 43.144670999369417 ], [ -112.434174669527906, 43.144555732732677 ], [ -112.434017269704668, 43.144363600047257 ], [ -112.433972269679785, 43.144264800127686 ], [ -112.433972402144917, 43.144061799550023 ], [ -112.434114802868109, 43.143781800129013 ], [ -112.434302202331423, 43.143501932870905 ], [ -112.434414602391172, 43.143408600138812 ], [ -112.434654468734195, 43.143353733422998 ], [ -112.434789401995474, 43.143359199618558 ], [ -112.434916802330235, 43.143419599857729 ], [ -112.435081669187724, 43.143600800099279 ], [ -112.435126603145434, 43.143693999606214 ], [ -112.435231602183507, 43.143787399410435 ], [ -112.435359069689497, 43.143836733371103 ], [ -112.435621402931119, 43.143864199697113 ], [ -112.435883669063983, 43.143776399703995 ], [ -112.436026202770577, 43.143688600145396 ], [ -112.436340869483587, 43.143408600071886 ], [ -112.436648268765197, 43.142936600072254 ], [ -112.436685669843385, 43.142832333190526 ], [ -112.436745602436318, 43.142415199940373 ], [ -112.43673066949259, 43.142228599765311 ], [ -112.436813069015443, 43.142041999682171 ], [ -112.43698560318451, 43.141849933464002 ], [ -112.437277868975968, 43.14126273283965 ], [ -112.437525069805858, 43.141086999962077 ], [ -112.437787469510567, 43.141015733488551 ], [ -112.438154669145703, 43.141087000101884 ], [ -112.438634468736723, 43.141257132776438 ], [ -112.438776802371493, 43.141339532802832 ], [ -112.438881802328169, 43.141421799565059 ], [ -112.439009069336649, 43.141602933121881 ], [ -112.439069202679974, 43.14187179942121 ], [ -112.439031602481137, 43.141965132752965 ], [ -112.438904269676044, 43.142030999321378 ], [ -112.438784269229771, 43.142047533023856 ], [ -112.438656869482855, 43.142041999680565 ], [ -112.438394469485019, 43.141959732647891 ], [ -112.438162202610826, 43.141921199571932 ], [ -112.438034869464957, 43.141976132628322 ], [ -112.438004869612129, 43.142250599647063 ], [ -112.438094802068704, 43.142338400039257 ], [ -112.438349668872604, 43.142431733376554 ], [ -112.438484602232748, 43.142442733065472 ], [ -112.438754402734816, 43.142508599882753 ], [ -112.43888926868901, 43.142568932813347 ], [ -112.439136602767391, 43.142722599862495 ], [ -112.439211602945832, 43.14281040003258 ], [ -112.439286468954847, 43.142996999962854 ], [ -112.439421469526764, 43.143265932944843 ], [ -112.439612569263247, 43.143554099513707 ], [ -112.439967868689195, 43.143625333051688 ], [ -112.44069700264258, 43.143524400066269 ], [ -112.441463669560861, 43.143331999471371 ], [ -112.44206660265607, 43.143203599393523 ], [ -112.442356668867532, 43.143166933105697 ], [ -112.442511602289301, 43.143164599761192 ], [ -112.442863468965626, 43.143284733113724 ], [ -112.443263203062699, 43.143355399658965 ], [ -112.443573002692872, 43.143350799626539 ], [ -112.443851469106249, 43.143315533126035 ], [ -112.444188869774678, 43.143177533003787 ], [ -112.444864603095013, 43.142805999545232 ], [ -112.445258003101571, 43.142652199778155 ], [ -112.44582806876484, 43.142536732924491 ], [ -112.446312002021031, 43.142509999395095 ], [ -112.446689402962974, 43.142488199800226 ], [ -112.446929602918232, 43.14249253267721 ], [ -112.447352469131729, 43.142560199681967 ], [ -112.447559869485801, 43.142577332782629 ], [ -112.447764735481897, 43.142551366400447 ], [ -112.447903402702579, 43.142464399978508 ], [ -112.447940602928242, 43.142321132925254 ], [ -112.448008802300734, 43.142009199878615 ], [ -112.448348002875633, 43.141680333135611 ], [ -112.448661002808151, 43.141441333016623 ], [ -112.448921603080393, 43.1411831332071 ], [ -112.449134802176701, 43.141026132745971 ], [ -112.449324835351774, 43.140994466921747 ], [ -112.44959400306648, 43.141045932691227 ], [ -112.449779868845738, 43.141221599286304 ], [ -112.449905202921457, 43.141690999995291 ], [ -112.449949469477545, 43.142023332824841 ], [ -112.450065802321603, 43.142207799765522 ], [ -112.450305602326566, 43.142359400131816 ], [ -112.450551869413644, 43.14238879998635 ], [ -112.450791468736057, 43.142341199422937 ], [ -112.451067403062154, 43.1422455994242 ], [ -112.451326202677222, 43.142178133227176 ], [ -112.451569869405247, 43.142147199667036 ], [ -112.451700469502867, 43.142164599449366 ], [ -112.451903469347997, 43.142191599939103 ], [ -112.452264269187438, 43.142249932752719 ], [ -112.45262400244367, 43.142204332767726 ], [ -112.45305626972663, 43.142062933289552 ], [ -112.453221068810493, 43.14190339953263 ], [ -112.453326068821212, 43.141595532976268 ], [ -112.453307869473775, 43.141173199394785 ], [ -112.453262468718947, 43.140737133292198 ], [ -112.453360869626891, 43.140351999456257 ], [ -112.453512269552604, 43.14003820008184 ], [ -112.454028468732773, 43.139253600016538 ], [ -112.4542466691897, 43.139018000084391 ], [ -112.454652202716986, 43.138914732602444 ], [ -112.455306868844517, 43.138753733243419 ], [ -112.45559900232945, 43.138725332866329 ], [ -112.455846802669825, 43.138644733057703 ], [ -112.456208801963953, 43.138526799915233 ], [ -112.456412069697549, 43.13851133276507 ], [ -112.456549268649596, 43.138500933136655 ], [ -112.456792268711396, 43.138518400126856 ], [ -112.457072602301523, 43.138538599701349 ], [ -112.457577602124161, 43.138500599992419 ], [ -112.457996468642719, 43.138551399844438 ], [ -112.458752669383642, 43.138464333140938 ], [ -112.459433469507061, 43.138559932890722 ], [ -112.459647802367172, 43.138506732720501 ], [ -112.459910402254465, 43.138256799926502 ], [ -112.460163869210461, 43.138068733431744 ], [ -112.460215002499467, 43.137784999743069 ], [ -112.4603246020867, 43.13754579936402 ], [ -112.460546802885318, 43.137326999693194 ], [ -112.460816002285924, 43.137154333383663 ], [ -112.46115186953385, 43.137059733178944 ], [ -112.461649402073448, 43.137039933173511 ], [ -112.462001468997755, 43.137012599696618 ], [ -112.462161268765996, 43.136931733173412 ], [ -112.462204602742347, 43.136813600098087 ], [ -112.462149802653769, 43.13658659977186 ], [ -112.462116668653778, 43.136400133401914 ], [ -112.462122802439367, 43.13607879996308 ], [ -112.462098069737564, 43.13577859970399 ], [ -112.462107401958889, 43.135569533409196 ], [ -112.462247002469596, 43.135404532987558 ], [ -112.462589202243578, 43.135187799680658 ], [ -112.462893802930196, 43.135062599478744 ], [ -112.46320100241509, 43.134997599816735 ], [ -112.463525802351171, 43.134956400020528 ], [ -112.463705669776104, 43.135139799483774 ], [ -112.463844002556954, 43.135184732744371 ], [ -112.464046468810849, 43.135280332628561 ], [ -112.464214669382685, 43.135432332969401 ], [ -112.464320068663, 43.135494999420729 ], [ -112.464478669239313, 43.135485399824447 ], [ -112.464785269355289, 43.135368599359509 ], [ -112.464996403030327, 43.135203199419678 ], [ -112.465256602963692, 43.135092199887588 ], [ -112.465812868621427, 43.134969599854436 ], [ -112.46616040218683, 43.134873599725218 ], [ -112.46624480236855, 43.134628932872872 ], [ -112.466282802624747, 43.134390199267706 ], [ -112.466463202004377, 43.13424599931362 ], [ -112.466856469641016, 43.134092132937866 ], [ -112.467159869315154, 43.133862999509837 ], [ -112.467338269124738, 43.133710399726723 ], [ -112.467741069659667, 43.133546733061877 ], [ -112.468053202765702, 43.133403133359607 ], [ -112.468694469798692, 43.133087799659101 ], [ -112.469194468756413, 43.132781799962437 ], [ -112.46966520302901, 43.132453533338506 ], [ -112.469902469636565, 43.132198132680266 ], [ -112.470030602714445, 43.131887199871834 ], [ -112.470063402740706, 43.131527799406896 ], [ -112.470301802107514, 43.131376333197935 ], [ -112.470668402969153, 43.131260400159917 ], [ -112.471047469557959, 43.131047733306609 ], [ -112.471723468939885, 43.130727999406815 ], [ -112.472120803026698, 43.130590933086815 ], [ -112.472646402684035, 43.130489599399525 ], [ -112.473164403052522, 43.130406533195 ], [ -112.473977869406895, 43.130260000147224 ], [ -112.474810268780843, 43.130241000156111 ], [ -112.475394202575956, 43.130331533170654 ], [ -112.475804802025564, 43.130348733154982 ], [ -112.476313869154424, 43.130327399342498 ], [ -112.476558669218008, 43.130400399889623 ], [ -112.477082202819986, 43.130637199525076 ], [ -112.477473469596177, 43.130821532994034 ], [ -112.477840402095666, 43.130904933048534 ], [ -112.478110668723417, 43.130835933186511 ], [ -112.47858660273377, 43.130628199302684 ], [ -112.47899786946266, 43.130350733212808 ], [ -112.479338602801249, 43.130177533260884 ], [ -112.47972580259507, 43.129998399801927 ], [ -112.48009900305739, 43.129959599655606 ], [ -112.480645469729453, 43.129994332883143 ], [ -112.481108668749243, 43.130030799843375 ], [ -112.481612202704966, 43.130036199291666 ], [ -112.481885669345161, 43.130079399671132 ], [ -112.482111869461562, 43.130223999706253 ], [ -112.482307202829233, 43.130537132770577 ], [ -112.482573002981667, 43.13074599952192 ], [ -112.482845602942547, 43.130884732892426 ], [ -112.483128468757599, 43.131065399621981 ], [ -112.48333920272357, 43.1315412000911 ], [ -112.483557469444378, 43.132345399489161 ], [ -112.483608669146861, 43.132754800161003 ], [ -112.483706202991669, 43.133158333371668 ], [ -112.483534868611173, 43.133587332801973 ], [ -112.483442468937923, 43.133798399272564 ], [ -112.483485202314682, 43.133974933204925 ], [ -112.483728269569653, 43.134238599892889 ], [ -112.48412426880796, 43.134491599675229 ], [ -112.485100068767991, 43.134818333063798 ], [ -112.485717402364486, 43.134947933438823 ], [ -112.486010069600368, 43.134971399467915 ], [ -112.486395002997241, 43.134931199736052 ], [ -112.486867402250439, 43.134758532681204 ], [ -112.487264802011609, 43.134621399370907 ], [ -112.487574469770834, 43.134616799835428 ], [ -112.488338201984334, 43.134511133108916 ], [ -112.488745068674532, 43.134364132657083 ], [ -112.48920266890579, 43.134080732596537 ], [ -112.489595002620788, 43.133675599293042 ], [ -112.489748869385451, 43.133422133083954 ], [ -112.489859269649855, 43.133087533481287 ], [ -112.489866669592999, 43.132722599790007 ], [ -112.489768869271259, 43.132466399959249 ], [ -112.489514868672984, 43.132108733331293 ], [ -112.489066069337369, 43.13163719929554 ], [ -112.488728269407716, 43.131229533187259 ], [ -112.488717801989637, 43.130988199312945 ], [ -112.489029602972735, 43.130991933493618 ], [ -112.489543269152676, 43.131039333306354 ], [ -112.489731669622827, 43.130928732786828 ], [ -112.489744402109068, 43.130684532918785 ], [ -112.489872269093752, 43.130520932896488 ], [ -112.490260602174473, 43.13044559988402 ], [ -112.490789602008888, 43.130309132783545 ], [ -112.491079802773527, 43.130124933366282 ], [ -112.491235802356812, 43.129879799926776 ], [ -112.491163402584704, 43.129481800040509 ], [ -112.491057602865709, 43.129044599804132 ], [ -112.491111202493087, 43.128821200160814 ], [ -112.491260802844621, 43.128698200020658 ], [ -112.491504402531461, 43.128667200072577 ], [ -112.491866069271495, 43.128629999524165 ], [ -112.492319068864077, 43.128624399548116 ], [ -112.492650602023119, 43.128660333384964 ], [ -112.492994601903362, 43.128599333038252 ], [ -112.493273002191572, 43.128563933327484 ], [ -112.493571669590011, 43.1286126000644 ], [ -112.493845869091516, 43.128707733097414 ], [ -112.494249603039947, 43.128795132706912 ], [ -112.494428402832924, 43.128803132808272 ], [ -112.494551802805745, 43.128808733235893 ], [ -112.494942202883394, 43.128741732695872 ], [ -112.495416602991511, 43.128577533339005 ], [ -112.495759068760705, 43.128559933161036 ], [ -112.496309602482015, 43.128611333376519 ], [ -112.497086402771089, 43.128807199663449 ], [ -112.497500269452601, 43.128936599884788 ], [ -112.497780802688524, 43.128909599668269 ], [ -112.498130802598695, 43.128873800117169 ], [ -112.498490403034495, 43.128828133009222 ], [ -112.498732802617766, 43.128693332871151 ], [ -112.498888202191168, 43.128396332944867 ], [ -112.499057068752151, 43.128106199958395 ], [ -112.499365603052922, 43.127997599906223 ], [ -112.49968166863232, 43.127870799374776 ], [ -112.49995780206001, 43.127974332798722 ], [ -112.500152201956368, 43.128036333273322 ], [ -112.500497602873679, 43.127931733428802 ], [ -112.500684602277616, 43.127864599805903 ], [ -112.500815668575612, 43.127813333028818 ], [ -112.501474869268321, 43.127683332829939 ], [ -112.501731402152146, 43.127627533009708 ], [ -112.501943468669623, 43.127577332952548 ], [ -112.502122669309074, 43.127561200021397 ], [ -112.502237001976695, 43.127579799557033 ], [ -112.502838869505439, 43.127778599627092 ], [ -112.503242069429902, 43.127780399827316 ], [ -112.50359886916651, 43.127741733351144 ], [ -112.503899868617211, 43.127623799882969 ], [ -112.50406140194923, 43.12749713269428 ], [ -112.504079201922409, 43.127116732969412 ], [ -112.50418640215301, 43.127030132817573 ], [ -112.504455869292457, 43.127009133406219 ], [ -112.50476246875661, 43.126990133282369 ], [ -112.505069002064005, 43.127051266859588 ], [ -112.505287801877969, 43.127180733496594 ], [ -112.506222069452605, 43.127206800122885 ], [ -112.506678068938882, 43.127408733179301 ], [ -112.507217002797603, 43.127424333047855 ], [ -112.507800002183345, 43.127348999557981 ], [ -112.508895202811772, 43.127325599681527 ], [ -112.509179402599969, 43.127267400015597 ], [ -112.510359801872795, 43.12720779984592 ], [ -112.510753269311081, 43.12722939940577 ], [ -112.511089269003406, 43.127323999864053 ], [ -112.511529602768178, 43.127289533015535 ], [ -112.511808069625687, 43.127217599314122 ], [ -112.512349602351435, 43.127208133449237 ], [ -112.512776034776493, 43.127129495833252 ], [ -112.513243689707195, 43.127134996374863 ], [ -112.51493820188945, 43.126644999336158 ], [ -112.515651202378805, 43.126324800035114 ], [ -112.516937602846284, 43.125492600099541 ], [ -112.518248869667744, 43.124921732881411 ], [ -112.519160268688097, 43.124647733119332 ], [ -112.519985269427352, 43.124253999449714 ], [ -112.521460868773403, 43.123290332785189 ], [ -112.522051669288189, 43.122629932826129 ], [ -112.522599469452729, 43.122171733166503 ], [ -112.52280200211797, 43.121619399862695 ], [ -112.523267069321605, 43.120949799557636 ], [ -112.523578468711463, 43.120270533200404 ], [ -112.523876202298652, 43.119441200034203 ], [ -112.524043002307451, 43.118701133306338 ], [ -112.523850801880329, 43.117637399761293 ], [ -112.522702803008087, 43.115815733326393 ], [ -112.522453069640633, 43.115236732917467 ], [ -112.522296869182853, 43.115013599472725 ], [ -112.521957402816, 43.114010132925856 ], [ -112.521226802198314, 43.112641999853246 ], [ -112.520624802652335, 43.111998799515533 ], [ -112.520324468792282, 43.111617799972841 ], [ -112.519544225656887, 43.110955715211887 ], [ -112.519035837621956, 43.110174304971082 ], [ -112.518781644000825, 43.109665917277447 ], [ -112.518668669416158, 43.109101042164021 ], [ -112.518470963269621, 43.108592654814984 ], [ -112.518393002674443, 43.108276533296902 ], [ -112.518128602377942, 43.10744120005446 ], [ -112.518357988456216, 43.106898030412935 ], [ -112.518640425088535, 43.10642730038181 ], [ -112.519007594006368, 43.105900084028264 ], [ -112.519403006205536, 43.105344623058755 ], [ -112.519833601921306, 43.104909399363798 ], [ -112.520399402746946, 43.104696199779156 ], [ -112.521246202150948, 43.103605333049899 ], [ -112.523662669134922, 43.101213599346423 ], [ -112.524393069087012, 43.100787532914332 ], [ -112.524953069474918, 43.100550800032991 ], [ -112.52681680259586, 43.099814532797105 ], [ -112.527826299177633, 43.099322844487759 ], [ -112.528702569461515, 43.098871618440057 ], [ -112.529359299774043, 43.098628912976636 ], [ -112.53041578163652, 43.098400485382328 ], [ -112.531443708812063, 43.098500422700866 ], [ -112.532228930587166, 43.098943001967569 ], [ -112.532985599405706, 43.099456965723704 ], [ -112.533442602474821, 43.10040779940821 ], [ -112.535127113715959, 43.102412256096677 ], [ -112.536626174511568, 43.103040433701381 ], [ -112.537882529641536, 43.102626408388666 ], [ -112.538653475891138, 43.1020696141915 ], [ -112.539080469089924, 43.10096379986804 ], [ -112.539489269284644, 43.100392199515312 ], [ -112.539844269170302, 43.10000539952209 ], [ -112.539957401963406, 43.099768999508186 ], [ -112.539967868929139, 43.099556133298115 ], [ -112.540333601999521, 43.098784533360622 ], [ -112.54081280217622, 43.097685132865749 ], [ -112.541092802562957, 43.097188199654468 ], [ -112.541447869167854, 43.095816933204709 ], [ -112.541760669216131, 43.094988533071025 ], [ -112.541784601910535, 43.094774933168793 ], [ -112.541949669599845, 43.094514733296513 ], [ -112.542064669334664, 43.093769599359497 ], [ -112.542006401905113, 43.093381399817169 ], [ -112.54225746876395, 43.092992799907684 ], [ -112.542641002958803, 43.091665599569417 ], [ -112.542446402350933, 43.091298800217423 ], [ -112.54245826890309, 43.091017399951902 ], [ -112.542076469395866, 43.089445333550664 ], [ -112.541923602749549, 43.088884332763818 ], [ -112.541821602097173, 43.088196599712845 ], [ -112.541770402356534, 43.087949199844765 ], [ -112.541356363064637, 43.08784796100452 ], [ -112.541207669398091, 43.087451444523978 ], [ -112.541029237324921, 43.086232155247217 ], [ -112.541177930854047, 43.085082255733269 ], [ -112.541693402922718, 43.084309047635742 ], [ -112.542327829535282, 43.083753923445904 ], [ -112.543398424953779, 43.083040193561999 ], [ -112.544260850048104, 43.082861760249855 ], [ -112.545390923389348, 43.0823165495135 ], [ -112.545754707911584, 43.082268401581118 ], [ -112.546124669634196, 43.081920399473439 ], [ -112.54673280287831, 43.08161399983846 ], [ -112.548425153643649, 43.080717306427964 ], [ -112.549003090686156, 43.080443317669562 ], [ -112.549554774770726, 43.080155987573285 ], [ -112.550148411910868, 43.079946744482911 ], [ -112.551881975842377, 43.079408483768965 ], [ -112.553668581269534, 43.078045680034307 ], [ -112.555212795580999, 43.076356018955693 ], [ -112.556830799573675, 43.076022024734876 ], [ -112.558097094087174, 43.076115894937999 ], [ -112.558593553645068, 43.076368141073942 ], [ -112.559252002598754, 43.076263799968913 ], [ -112.5599699290334, 43.076275103690257 ], [ -112.559937032128914, 43.076059395390793 ], [ -112.560647238168215, 43.075600398041999 ], [ -112.560849716993644, 43.074385545219222 ], [ -112.560685572371995, 43.073751209966765 ], [ -112.560551886613524, 43.073234570983466 ], [ -112.560124842355862, 43.07200657811908 ], [ -112.56023396209487, 43.070483025708953 ], [ -112.560517098733342, 43.070302774495786 ], [ -112.560243623873717, 43.070076150895417 ], [ -112.561755161236889, 43.06960815107788 ], [ -112.561923827238701, 43.069756296318964 ], [ -112.566954692815528, 43.068592881000342 ], [ -112.567395068878696, 43.067419599602623 ], [ -112.567704069361483, 43.06571300003219 ], [ -112.567603268704815, 43.065256133477412 ], [ -112.567729869622795, 43.06451179997012 ], [ -112.567605668538235, 43.064165800089079 ], [ -112.567599802180808, 43.063665599450857 ], [ -112.567329400388132, 43.062491714777487 ], [ -112.567059170965948, 43.061021663589834 ], [ -112.567329400066413, 43.060470394209929 ], [ -112.569480430495645, 43.058654449747849 ], [ -112.570107364393948, 43.058330173757248 ], [ -112.570864007705396, 43.058211272490226 ], [ -112.57225839432985, 43.0581464178088 ], [ -112.573274458654296, 43.058622021646606 ], [ -112.574128384778234, 43.059227337208775 ], [ -112.574929002103374, 43.059663133369384 ], [ -112.57532280228078, 43.059652199746189 ], [ -112.575671069280702, 43.059737333009537 ], [ -112.576392201882697, 43.059512732925626 ], [ -112.57710880262087, 43.059387800124519 ], [ -112.577213669628918, 43.059228399937872 ], [ -112.577394202663115, 43.058492733351088 ], [ -112.577717402593336, 43.058092332874587 ], [ -112.578010202552605, 43.057858999829577 ], [ -112.578725402251493, 43.056251732759563 ], [ -112.57922100202741, 43.055806933226528 ], [ -112.579636268812635, 43.055239133535366 ], [ -112.580328068849127, 43.054456532958866 ], [ -112.581727802070105, 43.052489333164971 ], [ -112.582030760180771, 43.051971361549036 ], [ -112.582217166851478, 43.051396609463303 ], [ -112.582434640721232, 43.050029631460738 ], [ -112.582465708044396, 43.049392743450412 ], [ -112.582527844305901, 43.048553916323478 ], [ -112.582675069152955, 43.047750933178229 ], [ -112.583586928348666, 43.046436735131891 ], [ -112.584951122987249, 43.04552481752367 ], [ -112.58624043206953, 43.044856863421813 ], [ -112.587536833906498, 43.044556960952256 ], [ -112.588702769941818, 43.044461782133418 ], [ -112.590891874763713, 43.044890085127967 ], [ -112.591340468489832, 43.045089399726912 ], [ -112.591936001787815, 43.045310333278671 ], [ -112.593312975190187, 43.045556334456997 ], [ -112.594026813858122, 43.045544437342024 ], [ -112.594514603569309, 43.045413567384024 ], [ -112.595073776138435, 43.045139928574308 ], [ -112.595549669545179, 43.044794907420638 ], [ -112.596682802148834, 43.043861799761331 ], [ -112.597175002074479, 43.043398333046788 ], [ -112.597457868513033, 43.043200132850892 ], [ -112.598300602183869, 43.042847932931068 ], [ -112.598583402710645, 43.042789332865006 ], [ -112.598791868578871, 43.042704400294639 ], [ -112.599050469596833, 43.042446332889675 ], [ -112.599367668857397, 43.042278400195947 ], [ -112.599783069471414, 43.041844332778702 ], [ -112.600529649084805, 43.041354766675468 ], [ -112.600926299549499, 43.040898941425368 ], [ -112.601037281571706, 43.040694486470208 ], [ -112.601057063139322, 43.040532392695226 ], [ -112.601140541136218, 43.040423512800032 ], [ -112.602240596552974, 43.040031075270399 ], [ -112.602682391197732, 43.040029496895464 ], [ -112.603564551325576, 43.040228170971417 ], [ -112.604102926185519, 43.040260049877084 ], [ -112.606154767634678, 43.039969761390005 ], [ -112.606881244717442, 43.039995867153515 ], [ -112.606919002241369, 43.039535133097168 ], [ -112.606446268400319, 43.038949733333453 ], [ -112.606787850731692, 43.038339315924318 ], [ -112.606984915304153, 43.037722427730621 ], [ -112.607035070086212, 43.03726494745105 ], [ -112.607089803844772, 43.036560851312927 ], [ -112.607129846591533, 43.036327265874768 ], [ -112.607293749898787, 43.03577320529952 ], [ -112.607360469521623, 43.035339999895172 ], [ -112.607344001862984, 43.035230532847841 ], [ -112.6075984688826, 43.03488339954243 ], [ -112.607979402333413, 43.034303399864335 ], [ -112.608313269342702, 43.033910400161183 ], [ -112.609073468588079, 43.033208932771906 ], [ -112.610607068715098, 43.03238493335423 ], [ -112.610985459109102, 43.031776613623229 ], [ -112.611896519284699, 43.031084754688898 ], [ -112.612971981035656, 43.030317546662396 ], [ -112.613606018611762, 43.030259909078701 ], [ -112.613448576966519, 43.031748410441942 ], [ -112.613949766103602, 43.031786366766354 ], [ -112.614136827415507, 43.031810742082165 ], [ -112.614418570316488, 43.031905820709746 ], [ -112.614092102428586, 43.037801367807667 ], [ -112.614007501322902, 43.052316500247755 ], [ -112.61397860100918, 43.066769400068672 ], [ -112.613965200191757, 43.081219398695694 ], [ -112.613973699264449, 43.095673800930768 ], [ -112.633919199693537, 43.095709600028705 ], [ -112.633874999661032, 43.110264600765127 ], [ -112.633823544341467, 43.124805606176082 ], [ -112.633782127531234, 43.139328904927808 ], [ -112.633699181343104, 43.153880147321068 ], [ -112.672031194011808, 43.153931128234589 ], [ -112.691758702634459, 43.15398957493337 ], [ -112.711559936159901, 43.154002381185862 ], [ -112.731587035743516, 43.154089798365398 ], [ -112.751351212609393, 43.154037656695451 ], [ -112.771216767293609, 43.154095545390938 ], [ -112.771216318474757, 43.154604796529952 ], [ -112.791023064521227, 43.15469854747775 ], [ -112.810873868070075, 43.154750769746649 ], [ -112.830597057986282, 43.15484374391832 ], [ -112.850444527394842, 43.154909520852883 ], [ -112.870269859809923, 43.154971048758696 ], [ -112.88778556697298, 43.155050717824565 ], [ -112.887785544316117, 43.154169244179684 ], [ -112.927438150678796, 43.154179411299808 ], [ -112.947237675684235, 43.15419180036757 ], [ -112.967031727306093, 43.154179247085537 ], [ -112.986888948570112, 43.154241134431153 ], [ -113.007538697494823, 43.154344919653475 ], [ -113.007520564959378, 43.168751542495002 ], [ -113.007467762780152, 43.18322330338161 ], [ -113.007507001116224, 43.19766639980147 ], [ -113.00745638604117, 43.212139770661082 ], [ -113.007405752345534, 43.226613060627415 ], [ -113.007388923783068, 43.241093293271724 ], [ -113.007396765252651, 43.249892267591811 ], [ -113.007372158543618, 43.255573401614505 ], [ -113.007355420395712, 43.270053343920146 ], [ -113.007338183593873, 43.284962252124906 ], [ -113.000828079870516, 43.284955019659755 ], [ -112.986593621264973, 43.284939190946432 ], [ -112.966810966606218, 43.284917207524671 ], [ -112.947028312058734, 43.284895197289437 ], [ -112.946988729102912, 43.299342515112237 ], [ -112.946967341880423, 43.313792666385986 ], [ -112.946960261294691, 43.328247400893595 ], [ -112.946949817825995, 43.342709801122716 ], [ -112.946947124846758, 43.357186089662733 ], [ -112.947004888449484, 43.36734768348817 ], [ -112.936902239872282, 43.367347485990656 ], [ -112.936926245556137, 43.381875160962878 ], [ -112.936934724970698, 43.396380890453308 ], [ -112.936938452620893, 43.410876592994306 ], [ -112.936946568137529, 43.42535826836086 ], [ -112.936981158427002, 43.439826749598076 ], [ -112.937009726269324, 43.449364820428521 ], [ -112.916071971317365, 43.449332737117295 ], [ -112.89619710651877, 43.449317062212295 ], [ -112.876296212359961, 43.449309023055513 ], [ -112.856466321558656, 43.449244347680612 ], [ -112.836557926001902, 43.449224670616019 ], [ -112.817920649282541, 43.449209371158403 ], [ -112.816700366689162, 43.449207633069086 ], [ -112.816611294755063, 43.463684029349416 ], [ -112.816486586069288, 43.478169619897322 ], [ -112.816468572538071, 43.492683125570927 ], [ -112.816425866407926, 43.507197941133569 ], [ -112.816357663106331, 43.521691844924085 ], [ -112.816352738412448, 43.535962025810619 ], [ -112.798096275212487, 43.535941214229553 ], [ -112.778156239862511, 43.535933831047572 ], [ -112.758232425130231, 43.535919838574941 ], [ -112.758235129933752, 43.540077786510132 ], [ -112.738763112340763, 43.540077078568544 ], [ -112.718820050208066, 43.540069788779952 ], [ -112.698894181580442, 43.54005130595425 ], [ -112.698907778516187, 43.554532549745488 ], [ -112.698924322526537, 43.569011543838897 ], [ -112.698930533469124, 43.583489342737209 ], [ -112.698940882696746, 43.597971669345824 ], [ -112.698956202475046, 43.61245483155961 ], [ -112.69898730540406, 43.623127432174563 ], [ -112.697041154989662, 43.623126774301006 ], [ -112.679051704259621, 43.623131501755772 ], [ -112.65911249443964, 43.62314029645303 ], [ -112.63918067249152, 43.623147948583451 ], [ -112.639180686264396, 43.626587344584415 ], [ -112.619654514610119, 43.626574912682742 ], [ -112.59971569025538, 43.626580818005969 ], [ -112.579785504956277, 43.626579666470924 ], [ -112.559839678402227, 43.62657676517253 ], [ -112.539911436938084, 43.626574195150091 ], [ -112.519970862566595, 43.626555017158587 ], [ -112.519970504295529, 43.612368913062795 ], [ -112.519982202519202, 43.597889254236058 ], [ -112.519991179496174, 43.583423179483205 ], [ -112.51999743337916, 43.568950881801833 ], [ -112.520005797618197, 43.554480723673478 ], [ -112.520026246342042, 43.54001637104966 ], [ -112.520021388610814, 43.526851593643713 ], [ -112.520034893320911, 43.512366935272432 ], [ -112.520036466619118, 43.497883961799758 ], [ -112.520036694461339, 43.483415652931882 ], [ -112.520029087453878, 43.468939317963006 ], [ -112.520013369595162, 43.454457120583307 ], [ -112.520027678901798, 43.439697539454237 ] ] ] } },
{ "type": "Feature", "properties": { "name": "Jefferson Clark Ground Water District" }, "geometry": { "type": "Polygon", "coordinates": [ [ [ -111.817562326861179, 44.425462800832733 ], [ -111.800266678496371, 44.423221138045228 ], [ -111.785131705530546, 44.419312461270486 ], [ -111.776934593174857, 44.417170538120338 ], [ -111.770025249984826, 44.41483120895051 ], [ -111.762644575087705, 44.40916184113847 ], [ -111.756541960352266, 44.403523583845079 ], [ -111.749277971968681, 44.398771683719694 ], [ -111.741320866420736, 44.391943104820136 ], [ -111.734816825592461, 44.388008547932692 ], [ -111.728607900604871, 44.384539482825822 ], [ -111.725057797606524, 44.382164050739199 ], [ -111.72516183598114, 44.380107545664785 ], [ -111.726138565027142, 44.376585186863167 ], [ -111.728941515554837, 44.371620140347446 ], [ -111.733384973413109, 44.365779427174452 ], [ -111.737940395147916, 44.360856805426756 ], [ -111.739859981139915, 44.357585665079704 ], [ -111.742666011842232, 44.355709475266828 ], [ -111.745454794874306, 44.354175832533087 ], [ -111.748835158410571, 44.353571808570251 ], [ -111.753541388119672, 44.351969975760959 ], [ -111.756995694666443, 44.349879710131226 ], [ -111.759829822355456, 44.347430837960715 ], [ -111.760393994687163, 44.342525147647272 ], [ -111.762712308687014, 44.334458055604792 ], [ -111.7656928061987, 44.329038936776364 ], [ -111.766354366397252, 44.322189893905701 ], [ -111.765177859524215, 44.31701263776997 ], [ -111.763250213720738, 44.310902060139206 ], [ -111.759494316908473, 44.30634855713518 ], [ -111.756993307641778, 44.302168736748229 ], [ -111.752071295957577, 44.29541332658237 ], [ -111.746900537748573, 44.290482108103625 ], [ -111.743327630778197, 44.285474209437531 ], [ -111.735651598333419, 44.279680968794956 ], [ -111.728579720042617, 44.27458740073299 ], [ -111.720866255814599, 44.269591717774894 ], [ -111.714943656359921, 44.263839374015241 ], [ -111.709625218063536, 44.258787857887853 ], [ -111.703722837676295, 44.25269180344241 ], [ -111.698811083676233, 44.245933447694306 ], [ -111.693806238312007, 44.241003168953732 ], [ -111.690928305669416, 44.234982156766627 ], [ -111.68613288745496, 44.229141113187907 ], [ -111.679552566331836, 44.223942493051027 ], [ -111.677433405544747, 44.222975915691805 ], [ -111.67745675586319, 44.158855843030345 ], [ -111.677573971135359, 44.086211378229528 ], [ -111.677446750374315, 44.057392305992472 ], [ -111.69750634519265, 44.057414185844436 ], [ -111.717584357034809, 44.057440927921277 ], [ -111.737629450776097, 44.057447945190333 ], [ -111.757707555732182, 44.057445827418 ], [ -111.777763134417057, 44.057439459165096 ], [ -111.817847045796, 44.057419638020953 ], [ -111.857987432627525, 44.057416900035669 ], [ -111.898123039819936, 44.057398078773836 ], [ -111.916809113467579, 44.057387828051297 ], [ -111.916839121367019, 44.042841433467103 ], [ -111.916852714135132, 44.028404650402415 ], [ -111.916909723299128, 44.013960200342773 ], [ -111.916936337516688, 43.99948719889661 ], [ -111.917000181309007, 43.985013974732617 ], [ -111.916953186732769, 43.970592474050754 ], [ -111.936953637478823, 43.970697683553425 ], [ -111.956953700441673, 43.970802865931581 ], [ -111.976953652912712, 43.97090796516936 ], [ -111.996953631271055, 43.971013146767731 ], [ -112.016988346602261, 43.971083563630081 ], [ -112.017019309190275, 43.956532882443732 ], [ -112.032051674715689, 43.956548109295859 ], [ -112.036929959867251, 43.95655312916162 ], [ -112.036965430425482, 43.942201426993194 ], [ -112.036973620924698, 43.927753641932775 ], [ -112.036953588670301, 43.913300246226704 ], [ -112.03695330849348, 43.89890582229328 ], [ -112.036979415197237, 43.88443136997256 ], [ -112.057090341136629, 43.884422978592056 ], [ -112.077174482128569, 43.884416750425245 ], [ -112.097202721615673, 43.88444675211538 ], [ -112.117255288030989, 43.884454807088566 ], [ -112.137287017335623, 43.884427139000351 ], [ -112.147278579958993, 43.884462443483393 ], [ -112.15227473364537, 43.884457554057128 ], [ -112.156447782885607, 43.884453418455493 ], [ -112.156468809085069, 43.870161613851359 ], [ -112.156498134132491, 43.855659559349569 ], [ -112.156521766890847, 43.841162921526369 ], [ -112.156532952044074, 43.826674257388397 ], [ -112.196533698395143, 43.826698330400149 ], [ -112.275947091075082, 43.826693888424636 ], [ -112.275946501199343, 43.826811698968996 ], [ -112.276099253906423, 43.826811605328146 ], [ -112.276099554821684, 43.826693799426202 ], [ -112.276088794544719, 43.812227639013962 ], [ -112.276126801871428, 43.797704551287055 ], [ -112.282420317014029, 43.797713629681617 ], [ -112.282392458557354, 43.79425994865705 ], [ -112.282282675639166, 43.790554999684289 ], [ -112.28217289036381, 43.786850051094824 ], [ -112.282197081955786, 43.779587067846045 ], [ -112.282221270538344, 43.772324057194616 ], [ -112.282314961360655, 43.757878730227496 ], [ -112.282358473750875, 43.743374875444268 ], [ -112.302439564408658, 43.743457310559712 ], [ -112.30743876855577, 43.743459766313585 ], [ -112.322436375898519, 43.743467217764703 ], [ -112.327428941365142, 43.74347072948224 ], [ -112.342406575624082, 43.743481292988726 ], [ -112.362418720599962, 43.74348778347737 ], [ -112.38235322651002, 43.743455996742007 ], [ -112.40144507161294, 43.74346763085255 ], [ -112.40144803334303, 43.736219524561001 ], [ -112.40145099548748, 43.728971389053392 ], [ -112.40145180909802, 43.714477509657399 ], [ -112.416435593842152, 43.714506286767779 ], [ -112.421430190575848, 43.714515879316785 ], [ -112.441397404414587, 43.71454549778575 ], [ -112.45137831518862, 43.714558431610989 ], [ -112.456368772604918, 43.714564914076654 ], [ -112.461359226176526, 43.714571367525622 ], [ -112.461398700016844, 43.729050041248158 ], [ -112.461424559907144, 43.743528215688627 ], [ -112.461454306190831, 43.757992718095089 ], [ -112.46145932925964, 43.772471161341116 ], [ -112.461451554089919, 43.783337160484756 ], [ -112.481399436068472, 43.783356592886278 ], [ -112.496385451302643, 43.78339418153579 ], [ -112.496390357292057, 43.787011957783342 ], [ -112.496417909583215, 43.797741926283123 ], [ -112.501399033428584, 43.797736047425268 ], [ -112.515843651156786, 43.797723482191998 ], [ -112.51584565493711, 43.801239765509997 ], [ -112.515832276288364, 43.80485981528328 ], [ -112.515833296323422, 43.812088369918698 ], [ -112.515854313154591, 43.826721540474232 ], [ -112.535896762001499, 43.826736772769763 ], [ -112.5359692760332, 43.84123085417712 ], [ -112.515873900938928, 43.841207899943868 ], [ -112.497058001362461, 43.841239799660755 ], [ -112.515894646234059, 43.853095787939793 ], [ -112.515893698494622, 43.85207519943026 ], [ -112.520909384157406, 43.852090747697417 ], [ -112.52091076304653, 43.853170236300045 ], [ -112.520914011294664, 43.855713052331069 ], [ -112.535956286689114, 43.855729404851658 ], [ -112.555972309779236, 43.85574787748385 ], [ -112.575982695872696, 43.85579176709934 ], [ -112.591023969909969, 43.85582903819212 ], [ -112.591045756843371, 43.870324344527809 ], [ -112.591076513328304, 43.884739930744786 ], [ -112.591107434491278, 43.891992542358125 ], [ -112.586093631019054, 43.891992785588293 ], [ -112.586118856390399, 43.899244506640812 ], [ -112.57607986187395, 43.899244491605948 ], [ -112.576103341176221, 43.913747880495649 ], [ -112.576138573780341, 43.928245573921359 ], [ -112.596143231044948, 43.928366223758381 ], [ -112.596306125133736, 43.935482862758711 ], [ -112.616392280287684, 43.935518233160877 ], [ -112.616426448947522, 43.942755456806239 ], [ -112.626457553555696, 43.942742782783235 ], [ -112.626527061796963, 43.957242371114582 ], [ -112.626552619095875, 43.971705209544105 ], [ -112.626634293942928, 43.98619068785414 ], [ -112.626692078548302, 44.000687564841037 ], [ -112.626743000000971, 44.015187025525336 ], [ -112.634333863603374, 44.015198308967307 ], [ -112.65436518212104, 44.015196530318633 ], [ -112.674551727827776, 44.015154168638702 ], [ -112.694853030070206, 44.015130583418291 ], [ -112.694841182594374, 44.016270648647961 ], [ -112.71512405822979, 44.015609531601832 ], [ -112.734986924211753, 44.015236667307249 ], [ -112.749888325646552, 44.015528152489672 ], [ -112.747969978729344, 44.016168354926826 ], [ -112.736168662566186, 44.022496171973856 ], [ -112.722113051586533, 44.029700439416494 ], [ -112.714039471171986, 44.033685316519772 ], [ -112.706008594669996, 44.036411294116654 ], [ -112.698538791178862, 44.03674281413177 ], [ -112.688978674247394, 44.03784020573088 ], [ -112.681295498517159, 44.039655135259856 ], [ -112.674564776953503, 44.041485951503738 ], [ -112.664054259317069, 44.046913004650968 ], [ -112.652131622227188, 44.056205737903895 ], [ -112.643478853411949, 44.062807764606042 ], [ -112.637275545248201, 44.067506579180154 ], [ -112.627897478855587, 44.072149496326581 ], [ -112.616581156112687, 44.077673012834246 ], [ -112.609196358169399, 44.079831901342288 ], [ -112.594807597038198, 44.08243805503475 ], [ -112.578797557603082, 44.085930440332625 ], [ -112.566902165006823, 44.089722985610784 ], [ -112.558948554413206, 44.094271438219764 ], [ -112.552367827059157, 44.100331589977564 ], [ -112.550929645683127, 44.10476861033775 ], [ -112.548945309604036, 44.111026351998667 ], [ -112.547759465552772, 44.117495075491298 ], [ -112.544800209046812, 44.123038368037719 ], [ -112.543767870630916, 44.124253047285436 ], [ -112.53728383190635, 44.129466632248842 ], [ -112.526544338638089, 44.136022205703753 ], [ -112.514881365460255, 44.141759231092209 ], [ -112.503409579415901, 44.146582318511356 ], [ -112.491717172395823, 44.153002871974842 ], [ -112.480343168823552, 44.15931450242509 ], [ -112.473743511474851, 44.165484626123032 ], [ -112.466960433417356, 44.172223326597553 ], [ -112.460194749890135, 44.178503811168753 ], [ -112.454235358285743, 44.184456056299766 ], [ -112.446431456473604, 44.18877161483676 ], [ -112.437321774974279, 44.193861907721526 ], [ -112.423361109566457, 44.200920186000602 ], [ -112.405770517603287, 44.211110182415084 ], [ -112.40164400062956, 44.214806847666736 ], [ -112.400598419468849, 44.217074802486096 ], [ -112.40015280596036, 44.220270041208103 ], [ -112.400623216794486, 44.224397836870082 ], [ -112.402048701156062, 44.228542931905992 ], [ -112.404182984520375, 44.234876397448723 ], [ -112.404322186723078, 44.239341378818025 ], [ -112.403352810449192, 44.24366988662058 ], [ -112.398455529922771, 44.250669645189674 ], [ -112.38903199026015, 44.259296924172027 ], [ -112.384030782390852, 44.260916905122293 ], [ -112.380894358352151, 44.259712208095557 ], [ -112.374229557689446, 44.259125463206658 ], [ -112.368819956032524, 44.259019924066131 ], [ -112.361580073471643, 44.260824412871493 ], [ -112.349229388584632, 44.266875366551453 ], [ -112.338520061062042, 44.271698555374712 ], [ -112.330828709396116, 44.276694862765815 ], [ -112.322480370452141, 44.282135098352398 ], [ -112.311883038574521, 44.287988566543 ], [ -112.302469085409484, 44.292148047947855 ], [ -112.2947374198299, 44.294167470501044 ], [ -112.289594673706532, 44.295208374411651 ], [ -112.284012512355929, 44.29532469031345 ], [ -112.279227360804654, 44.29545808796243 ], [ -112.274363674499511, 44.293643453539509 ], [ -112.269255450792244, 44.290108402158246 ], [ -112.264151991644511, 44.286458682770409 ], [ -112.25583666581494, 44.283429622863672 ], [ -112.252165593067872, 44.283584518413008 ], [ -112.24910269545552, 44.28443707045227 ], [ -112.244543223721422, 44.286746706813112 ], [ -112.238015705779475, 44.290388376116169 ], [ -112.227952188099493, 44.298418450660726 ], [ -112.220861694702307, 44.303993372661907 ], [ -112.216633423655665, 44.305964925408155 ], [ -112.211921313227776, 44.308041563716451 ], [ -112.208753751855056, 44.311293801158932 ], [ -112.206167845874504, 44.315816364638614 ], [ -112.203263524208651, 44.32033188560812 ], [ -112.199398004684625, 44.324941336674485 ], [ -112.195540408852935, 44.329323168315149 ], [ -112.191081650350768, 44.332890413067759 ], [ -112.185826281056904, 44.336441730044342 ], [ -112.183953656923052, 44.339148323887855 ], [ -112.175200987457032, 44.342397284789818 ], [ -112.164819917229067, 44.346411675159949 ], [ -112.151519693681493, 44.347847476169029 ], [ -112.140496555647672, 44.348300649398254 ], [ -112.126280253458944, 44.348798304297887 ], [ -112.10922184470445, 44.348661956930982 ], [ -112.095426899004707, 44.350424291344162 ], [ -112.084920554750425, 44.352011533885332 ], [ -112.083469013852508, 44.351996061892024 ], [ -112.078933428249229, 44.351898186900385 ], [ -112.071310766126729, 44.351160555014829 ], [ -112.062064747302372, 44.351073471057589 ], [ -112.053162915392548, 44.350421223451725 ], [ -112.04192347650195, 44.348572734156342 ], [ -112.033371983628257, 44.347240723941745 ], [ -112.022702074796101, 44.346890429254202 ], [ -112.012937098546814, 44.347703054499725 ], [ -112.000158946737329, 44.348104513657098 ], [ -111.98816721560388, 44.348751944737181 ], [ -111.977263604614095, 44.349993869793813 ], [ -111.965110276025854, 44.354067275672421 ], [ -111.954740885131713, 44.357493599347414 ], [ -111.941569433969519, 44.362799070120694 ], [ -111.92763346169059, 44.370717724025631 ], [ -111.923426281354182, 44.375311565458382 ], [ -111.923098695438554, 44.378850517575167 ], [ -111.926079488816811, 44.383265782582228 ], [ -111.930843447144824, 44.387150049792041 ], [ -111.935127382658436, 44.391022902582264 ], [ -111.93707046558616, 44.39381207840519 ], [ -111.937430630597916, 44.396336590595276 ], [ -111.93773015733133, 44.400118162744278 ], [ -111.934759244310413, 44.405541327834975 ], [ -111.928752080197967, 44.411009811072184 ], [ -111.922156615651986, 44.415434466986063 ], [ -111.91336947142554, 44.418892534211231 ], [ -111.905125318864023, 44.420990603415348 ], [ -111.895766570954621, 44.423062194382638 ], [ -111.888835931211176, 44.424388782042442 ], [ -111.881425608562523, 44.425704359894986 ], [ -111.873109287812767, 44.425967813410956 ], [ -111.867350770152584, 44.426176621697891 ], [ -111.861174420069631, 44.425117472485447 ], [ -111.855118065392361, 44.424862061746374 ], [ -111.842604392919782, 44.426054654656113 ], [ -111.831103012044196, 44.426126806830844 ], [ -111.817562326861179, 44.425462800832733 ] ] ] } },
{ "type": "Feature", "properties": { "name": "Henrys Fork Ground Water District" }, "geometry": { "type": "MultiPolygon", "coordinates": [ [ [ [ -111.388634298583099, 43.897287918070006 ], [ -111.388650710563013, 43.900929517861194 ], [ -111.388667351532547, 43.90457155049944 ], [ -111.388667420325731, 43.90458671631572 ], [ -111.388666702744629, 43.904586382090542 ], [ -111.383668448176934, 43.904571823385382 ], [ -111.37867089159927, 43.904561293159013 ], [ -111.373690128308795, 43.904537065060694 ], [ -111.368709301625458, 43.904517209618454 ], [ -111.368718087220742, 43.90814573522912 ], [ -111.368727817836429, 43.91175944609062 ], [ -111.360443315067087, 43.911710924495623 ], [ -111.360442621079585, 43.911726615566494 ], [ -111.360442809100306, 43.911726616311263 ], [ -111.360580849533974, 43.940634704493313 ], [ -111.361954077899711, 43.940638209725726 ], [ -111.355188810395305, 43.944040801222741 ], [ -111.353187116456013, 43.942030912016612 ], [ -111.353781488363978, 43.94061558600513 ], [ -111.353749976783803, 43.935873140396048 ], [ -111.346578417161737, 43.934071120792503 ], [ -111.336545043038839, 43.936152219466479 ], [ -111.334819868833492, 43.933576926578873 ], [ -111.334053019509298, 43.926798229581664 ], [ -111.332450953423617, 43.926113985158999 ], [ -111.331852123881632, 43.923181569356132 ], [ -111.32868193198486, 43.918871456983744 ], [ -111.325051582105743, 43.918873251183591 ], [ -111.323682154975842, 43.915249383422413 ], [ -111.323422464719485, 43.913854531181805 ], [ -111.321718765370377, 43.913683680715273 ], [ -111.321851365850435, 43.914556249973586 ], [ -111.322058826784001, 43.915921394438911 ], [ -111.322763936733452, 43.91744969845751 ], [ -111.322700492993135, 43.918571160062761 ], [ -111.322648280759367, 43.919494053336287 ], [ -111.320772018337252, 43.922290162407577 ], [ -111.316952489775318, 43.919704994880405 ], [ -111.315880692189168, 43.919540650345247 ], [ -111.314713819348668, 43.918275802724722 ], [ -111.312984223546991, 43.917989984793763 ], [ -111.312735294455607, 43.916106325398992 ], [ -111.309443170203238, 43.915288956244993 ], [ -111.303865484093464, 43.915316643329582 ], [ -111.30386995613415, 43.91614165759627 ], [ -111.301536689635952, 43.916062577913813 ], [ -111.300340485432102, 43.916876355077747 ], [ -111.29887013119253, 43.916245681627579 ], [ -111.297441328126197, 43.917087742128928 ], [ -111.297791043227235, 43.918045168922106 ], [ -111.295721822652808, 43.920129971583293 ], [ -111.292595678702682, 43.920536160592036 ], [ -111.289914979965999, 43.915665738906981 ], [ -111.287247308288897, 43.914640020190774 ], [ -111.289224767695018, 43.913337056236074 ], [ -111.289674653005818, 43.911711455339152 ], [ -111.288481521800108, 43.906164242727954 ], [ -111.286567055705603, 43.905246757186035 ], [ -111.285109819874819, 43.905090708593747 ], [ -111.28394283266249, 43.904959573603939 ], [ -111.283422048642322, 43.904313727544405 ], [ -111.283417204638496, 43.90318253068196 ], [ -111.282439202618761, 43.90320682756559 ], [ -111.280115740849226, 43.903633813313839 ], [ -111.279097932639658, 43.904176770958401 ], [ -111.279042293611298, 43.904310133951263 ], [ -111.278368377482622, 43.904148940998695 ], [ -111.277776145089717, 43.903996083716926 ], [ -111.277701386605386, 43.901381194782353 ], [ -111.276688690874153, 43.900565030345732 ], [ -111.274866137964338, 43.899717198045515 ], [ -111.273622255791182, 43.897775662609199 ], [ -111.27277240380505, 43.897079493270631 ], [ -111.27406669526556, 43.89707879637735 ], [ -111.279042427814304, 43.897075563868519 ], [ -111.283997226677457, 43.897072696688745 ], [ -111.283971242951253, 43.893453213199187 ], [ -111.283944389251516, 43.889833527165564 ], [ -111.283918510547934, 43.886214132634514 ], [ -111.283892295390274, 43.882599229959041 ], [ -111.273991387981852, 43.882600900539423 ], [ -111.269040370964703, 43.882599104084619 ], [ -111.267480879441976, 43.882599881162506 ], [ -111.26585384200952, 43.881487294186023 ], [ -111.262368112480672, 43.88142313741529 ], [ -111.258575657077174, 43.882406605397762 ], [ -111.253987339315245, 43.882484348172802 ], [ -111.248697571406197, 43.88232172638206 ], [ -111.246873205437609, 43.881504013806257 ], [ -111.245303887432158, 43.879955776702836 ], [ -111.244089828761176, 43.877175530061741 ], [ -111.243526233574229, 43.875818726832435 ], [ -111.244209108711331, 43.874589334181316 ], [ -111.246317091702039, 43.874154729683298 ], [ -111.248201516495257, 43.87371469901543 ], [ -111.248896665155385, 43.873191971573945 ], [ -111.248891247575358, 43.871457807334039 ], [ -111.249264625492728, 43.870146109183423 ], [ -111.250131043586393, 43.868317970150954 ], [ -111.250474894672493, 43.867647041251736 ], [ -111.250922907262193, 43.866978618871855 ], [ -111.251256339587712, 43.866533869590086 ], [ -111.251857121182425, 43.865944568258726 ], [ -111.252299904197272, 43.865389275915575 ], [ -111.252874565638379, 43.864233303046674 ], [ -111.25260965672544, 43.862169675233019 ], [ -111.253202147809176, 43.859373546598285 ], [ -111.253201893137401, 43.857109478404517 ], [ -111.253660039190038, 43.855082868128854 ], [ -111.253751641327725, 43.851953178024139 ], [ -111.25340072396591, 43.850510870028934 ], [ -111.253188912139535, 43.849561507303683 ], [ -111.252789224581733, 43.847930214629059 ], [ -111.250987168247462, 43.845570923651508 ], [ -111.249674368978418, 43.844945994328519 ], [ -111.247294515057646, 43.844834632473585 ], [ -111.246277018294208, 43.844270711913829 ], [ -111.245304331997914, 43.84111868682615 ], [ -111.244321659210357, 43.839800479609529 ], [ -111.243926763957049, 43.838849201466552 ], [ -111.24318221081819, 43.838038846554888 ], [ -111.242385494784955, 43.837227227117694 ], [ -111.241427414953606, 43.83652487610226 ], [ -111.240813026687775, 43.836283599278723 ], [ -111.2402427603826, 43.835778867544271 ], [ -111.240285368866495, 43.832228261914558 ], [ -111.245282611912955, 43.832240066595219 ], [ -111.250250843331784, 43.832260767319788 ], [ -111.255232725045715, 43.832276807868091 ], [ -111.260215695771464, 43.83228815518801 ], [ -111.265213483919538, 43.832299189404559 ], [ -111.265168661843418, 43.835914308316426 ], [ -111.270145858141504, 43.835914460029628 ], [ -111.275161100751234, 43.835931328227197 ], [ -111.275208429208305, 43.832316173920752 ], [ -111.275256281806378, 43.828705531985925 ], [ -111.275304204334788, 43.825090337816611 ], [ -111.280304530341155, 43.825100730233821 ], [ -111.280344991589871, 43.821481172682731 ], [ -111.280371578223935, 43.817879289643216 ], [ -111.28537165301853, 43.817898495601625 ], [ -111.290373446497142, 43.817932018503186 ], [ -111.295372055243135, 43.817945349127093 ], [ -111.300371973892894, 43.817968305261786 ], [ -111.300340673708362, 43.821574585672799 ], [ -111.300309698301845, 43.82517610018305 ], [ -111.300269598428201, 43.828786580626613 ], [ -111.30022879593173, 43.832392991142775 ], [ -111.305278001910324, 43.832419960892267 ], [ -111.310327750518923, 43.832451581650638 ], [ -111.310320616344512, 43.836066531036167 ], [ -111.310312635065543, 43.83968623045164 ], [ -111.310114708461441, 43.843153349203192 ], [ -111.30991708370955, 43.846615791290439 ], [ -111.309710171276166, 43.85023142939103 ], [ -111.309656961247441, 43.851159860253198 ], [ -111.309598943209153, 43.852172989098165 ], [ -111.309502784402866, 43.853851285661911 ], [ -111.314366066907638, 43.853783982933372 ], [ -111.314360582793597, 43.857399411451652 ], [ -111.314354812366318, 43.861009879613192 ], [ -111.314341882718807, 43.864638184254687 ], [ -111.319028101041823, 43.864598391972919 ], [ -111.319020043506086, 43.868226810296555 ], [ -111.318983731159278, 43.872454274044564 ], [ -111.318946765036031, 43.876082820036594 ], [ -111.32578699465914, 43.876081778439648 ], [ -111.325823626304114, 43.872448629896823 ], [ -111.330830139141241, 43.872443223836193 ], [ -111.330866330912087, 43.868809970937278 ], [ -111.330893087641115, 43.865181447507439 ], [ -111.335901484020923, 43.865175951631855 ], [ -111.340908699532292, 43.865174619897189 ], [ -111.345904837713832, 43.865195769315733 ], [ -111.350900256010746, 43.865216413030176 ], [ -111.350925790286269, 43.861587801944673 ], [ -111.355917401926902, 43.861617410419434 ], [ -111.360910097627155, 43.861642323776472 ], [ -111.360892536021097, 43.865261939096328 ], [ -111.365863722848616, 43.865304685947955 ], [ -111.370834177256469, 43.865347289260946 ], [ -111.375805274582518, 43.865389600669715 ], [ -111.380775442338305, 43.865436265762206 ], [ -111.380758263130048, 43.86906025454347 ], [ -111.385755368328091, 43.869084272433973 ], [ -111.3907533778073, 43.8691076418432 ], [ -111.390712774630117, 43.876317482461737 ], [ -111.400728732838473, 43.87638887295136 ], [ -111.400718079462308, 43.88289407356941 ], [ -111.400860197448281, 43.882895148307007 ], [ -111.400858417772568, 43.883100658136733 ], [ -111.398834927100253, 43.883098742228405 ], [ -111.398715623602328, 43.897307966062215 ], [ -111.398616686040015, 43.897307344639906 ], [ -111.3936250566327, 43.897297515915753 ], [ -111.388634305949253, 43.897287578814044 ], [ -111.388634298583099, 43.897287918070006 ] ], [ [ -111.388634298583099, 43.897287918070006 ], [ -111.388633295140082, 43.897287915831669 ], [ -111.38863338796294, 43.897307345275465 ], [ -111.388634298583099, 43.897287918070006 ] ], [ [ -111.280129420698145, 43.864911279260035 ], [ -111.280449288191988, 43.861340837465775 ], [ -111.280495942305222, 43.858212247590714 ], [ -111.280502700345338, 43.857759029373725 ], [ -111.280507940129269, 43.857407577291553 ], [ -111.279041580827055, 43.85674112247213 ], [ -111.278753649067525, 43.856610255225696 ], [ -111.278524337000533, 43.856502429147888 ], [ -111.278299724147189, 43.856389542201555 ], [ -111.27808002593946, 43.856271700386401 ], [ -111.277865450018751, 43.856149016720117 ], [ -111.27765620137103, 43.856021607759246 ], [ -111.277452476153456, 43.855889592551669 ], [ -111.277254470107692, 43.85575309913925 ], [ -111.277058401100092, 43.85560925264209 ], [ -111.276868684412293, 43.8554610142101 ], [ -111.276685504923179, 43.855308531436485 ], [ -111.27650904742319, 43.855151953712998 ], [ -111.276339482697296, 43.854991437300008 ], [ -111.276176981442262, 43.854827140256241 ], [ -111.276021702917149, 43.854659225769232 ], [ -111.275976020637998, 43.854671334944648 ], [ -111.27589056817709, 43.854782299907818 ], [ -111.27583429502522, 43.854882025184395 ], [ -111.27580748773039, 43.855036843309421 ], [ -111.275779013239742, 43.855201297519926 ], [ -111.27575759739176, 43.855384640711051 ], [ -111.274872471517781, 43.864867449779361 ], [ -111.280129420698145, 43.864911279260035 ] ], [ [ -111.360367351483106, 43.911726352235483 ], [ -111.360349560617109, 43.91172594098969 ], [ -111.360349545182231, 43.911726289959965 ], [ -111.360367351483106, 43.911726352235483 ] ] ], [ [ [ -111.388864899886201, 43.924624699864424 ], [ -111.386874300130643, 43.924529300092473 ], [ -111.382361200300963, 43.92049530033254 ], [ -111.381103099861861, 43.920716999815141 ], [ -111.379953699575907, 43.921528398692679 ], [ -111.379935598999097, 43.923038300250134 ], [ -111.378909399654745, 43.923420399628917 ], [ -111.378895239747379, 43.922846851127559 ], [ -111.378775752029455, 43.922872824341717 ], [ -111.37873119855675, 43.922886404933209 ], [ -111.378699841515342, 43.922908624555767 ], [ -111.3786802253491, 43.922938392824278 ], [ -111.378649918952192, 43.922954815039269 ], [ -111.378625846004581, 43.922985629807251 ], [ -111.378564823943762, 43.923015114689683 ], [ -111.378500612317424, 43.923043906892474 ], [ -111.378432056612112, 43.923084020872381 ], [ -111.378399153304301, 43.923112623340643 ], [ -111.378389791168985, 43.923149925913016 ], [ -111.378363951218631, 43.923203144297148 ], [ -111.378319177998037, 43.923234869363043 ], [ -111.37827173749055, 43.923244153758162 ], [ -111.378209613874532, 43.923245861494898 ], [ -111.378168036932621, 43.92324286406776 ], [ -111.378117206579745, 43.923232971042765 ], [ -111.378118749236279, 43.923223435091572 ], [ -111.37808879335293, 43.923204978453327 ], [ -111.378038634237654, 43.923197158951552 ], [ -111.377961944738232, 43.92318060480688 ], [ -111.377816158962474, 43.923156429100658 ], [ -111.377700826974348, 43.92314839314573 ], [ -111.377605138832351, 43.923135307194762 ], [ -111.377554703327974, 43.923138510132397 ], [ -111.377502899294754, 43.923144083689785 ], [ -111.377515093035413, 43.922666898072102 ], [ -111.377516184769959, 43.922139121100201 ], [ -111.376637506760204, 43.922133049357605 ], [ -111.376653453941074, 43.920927979163046 ], [ -111.3756704263118, 43.920360893213633 ], [ -111.3741799364836, 43.919554078248439 ], [ -111.373374458895043, 43.919118049732916 ], [ -111.371500734238438, 43.918124555091296 ], [ -111.371267283164457, 43.917972066948131 ], [ -111.37111250662096, 43.917854003896565 ], [ -111.370961110716379, 43.917712682891022 ], [ -111.370789532134964, 43.917522034447657 ], [ -111.36994048815373, 43.916462235833514 ], [ -111.368827785187364, 43.914928566711367 ], [ -111.368766827152839, 43.914829914189035 ], [ -111.368694540253145, 43.914694693989894 ], [ -111.368659406133943, 43.914600242264129 ], [ -111.368637249431629, 43.914520087855273 ], [ -111.368620573706025, 43.914431127593282 ], [ -111.368611514671869, 43.914251796021318 ], [ -111.368727856333294, 43.911773430866766 ], [ -111.368727858671832, 43.911774281730267 ], [ -111.373709637873773, 43.911803252684415 ], [ -111.378691560596792, 43.911831919252165 ], [ -111.383695700680562, 43.911851063607223 ], [ -111.388700039310891, 43.911865761354228 ], [ -111.388711626369442, 43.911850962023777 ], [ -111.393704910118743, 43.911865495243113 ], [ -111.398709277014774, 43.91187966433192 ], [ -111.398751240068009, 43.91187970367681 ], [ -111.398751676644125, 43.912050528438968 ], [ -111.398913151235277, 43.91706417880782 ], [ -111.398746148528843, 43.917118111886097 ], [ -111.395421709532286, 43.916576833928282 ], [ -111.396720260685996, 43.91796258172505 ], [ -111.396722868597564, 43.920243524586127 ], [ -111.395905766646337, 43.921523619045814 ], [ -111.394656270927513, 43.92273553699718 ], [ -111.393813294006009, 43.922732312700987 ], [ -111.393818053806569, 43.92322536203654 ], [ -111.393106231577448, 43.923625138223407 ], [ -111.3924207619377, 43.924495451633142 ], [ -111.391817447640776, 43.925541207601967 ], [ -111.388864899886201, 43.924624699864424 ] ] ], [ [ [ -111.400738238394396, 43.872773840882395 ], [ -111.400747929965647, 43.869154179901486 ], [ -111.400978651396471, 43.869154618643421 ], [ -111.400978541241074, 43.869216510490986 ], [ -111.400916507973491, 43.876389515619131 ], [ -111.400728738759696, 43.876388822667479 ], [ -111.400738238394396, 43.872773840882395 ] ] ], [ [ [ -111.649661713685731, 44.210833698090354 ], [ -111.637612415952276, 44.203778125433352 ], [ -111.633721657420182, 44.201892056099844 ], [ -111.629936021917146, 44.203448401371617 ], [ -111.625496468890447, 44.197859449818488 ], [ -111.624686896833879, 44.197244094580931 ], [ -111.619846606281399, 44.193564609691663 ], [ -111.616625661281006, 44.191115755397803 ], [ -111.6136073317263, 44.187472302328395 ], [ -111.61004013426431, 44.183165641339251 ], [ -111.606991638384315, 44.17637851132551 ], [ -111.606191972955287, 44.174597889635159 ], [ -111.605312730230295, 44.172435046982507 ], [ -111.599986427948707, 44.165721650398112 ], [ -111.59001156608376, 44.15314445912415 ], [ -111.597352795504321, 44.150126781126936 ], [ -111.595743578383789, 44.146289646835378 ], [ -111.594379775003645, 44.138929803798028 ], [ -111.591815670642802, 44.133255517537464 ], [ -111.587008156859255, 44.12801064059952 ], [ -111.585799411064912, 44.126691756664634 ], [ -111.579903943702007, 44.12093151938295 ], [ -111.57151059675428, 44.114305338585325 ], [ -111.568543734994293, 44.111942585800797 ], [ -111.56011193958247, 44.115408082186732 ], [ -111.550153704018783, 44.102827692341677 ], [ -111.540199615879047, 44.090246504594987 ], [ -111.530249672663288, 44.077664521917171 ], [ -111.535052015679426, 44.075691175003556 ], [ -111.533173610450731, 44.073129974658919 ], [ -111.531007947934839, 44.066090733903152 ], [ -111.530012197639152, 44.060913986759076 ], [ -111.530384276189096, 44.053939432913197 ], [ -111.531027842826987, 44.049402050419175 ], [ -111.52780866697664, 44.045328296684538 ], [ -111.531840597604955, 44.043670680636318 ], [ -111.532163381458375, 44.041394114775237 ], [ -111.53266313023552, 44.034996253186137 ], [ -111.534710349368538, 44.029325055439884 ], [ -111.535900276935891, 44.026323548807319 ], [ -111.535308202709473, 44.025574178791601 ], [ -111.525369536373034, 44.012991915139544 ], [ -111.542802485564323, 44.005819390987128 ], [ -111.532865318623962, 43.99323777995577 ], [ -111.526028243236155, 43.984577752187171 ], [ -111.52293227387861, 43.980655375658444 ], [ -111.513003348850859, 43.968072181061189 ], [ -111.498224934003645, 43.974151896698793 ], [ -111.495578273127919, 43.975240372538188 ], [ -111.485656087577439, 43.962654946174872 ], [ -111.482296569922994, 43.958392330161466 ], [ -111.475738011899608, 43.950068731053662 ], [ -111.45831407778509, 43.957231274345958 ], [ -111.448402738719466, 43.944642834443869 ], [ -111.438915416845646, 43.948540766451579 ], [ -111.430977328917436, 43.951801170365194 ], [ -111.428255131245479, 43.948341330124627 ], [ -111.421072723753923, 43.939210507630008 ], [ -111.411172219661424, 43.926619063634732 ], [ -111.428592365461625, 43.919463601499068 ], [ -111.444170485339498, 43.913060996657073 ], [ -111.444668021574586, 43.913525634854054 ], [ -111.4451744714912, 43.914459531118588 ], [ -111.446029476516216, 43.914852301697323 ], [ -111.447863834781671, 43.915061012023394 ], [ -111.449668953171368, 43.915881267456498 ], [ -111.451408260105808, 43.915874248913518 ], [ -111.453751080209997, 43.915424029985729 ], [ -111.456447074192056, 43.915763516389298 ], [ -111.45761021017681, 43.916289392585128 ], [ -111.459477789545616, 43.916560835257286 ], [ -111.460712070854271, 43.916330575806853 ], [ -111.462294630225301, 43.916495189124703 ], [ -111.46650268610631, 43.916260876936725 ], [ -111.467230756706513, 43.916878849518092 ], [ -111.46758027434737, 43.917814228428895 ], [ -111.467644085565595, 43.918731733265886 ], [ -111.468088282033051, 43.920169740764308 ], [ -111.468564311252877, 43.921041521839307 ], [ -111.469387349022256, 43.921514720177754 ], [ -111.470684787786908, 43.921742671476515 ], [ -111.472552658130212, 43.922086214810648 ], [ -111.473502069082514, 43.922793453237837 ], [ -111.474073124373376, 43.923556180449815 ], [ -111.474706410766373, 43.924651433578646 ], [ -111.4759416, 43.925267061716347 ], [ -111.477620328606008, 43.927140844733501 ], [ -111.479993909481053, 43.927571685811479 ], [ -111.484015133036209, 43.928553398736888 ], [ -111.485311154387446, 43.927656580726023 ], [ -111.487430659296976, 43.926764651986915 ], [ -111.488729329568258, 43.927245081861813 ], [ -111.489900869079165, 43.927546292228286 ], [ -111.490693290788343, 43.928272162277516 ], [ -111.491485185235661, 43.928844395693396 ], [ -111.493924097923809, 43.929688566137145 ], [ -111.495790772840877, 43.929661721791099 ], [ -111.497371858220802, 43.929204305064268 ], [ -111.499523731552088, 43.929041568320145 ], [ -111.501405223120969, 43.928195928860973 ], [ -111.502101554447407, 43.927445877566541 ], [ -111.502513229586285, 43.926688190674312 ], [ -111.50289425569818, 43.925434929887153 ], [ -111.503654815941516, 43.924432491808567 ], [ -111.505395344901373, 43.923694827383514 ], [ -111.506282382949252, 43.9229430066924 ], [ -111.507199451710761, 43.922552530137594 ], [ -111.508877505181047, 43.92230187936007 ], [ -111.510586456220025, 43.921870123224522 ], [ -111.511820813928026, 43.921225426872141 ], [ -111.512897451564257, 43.920815309854639 ], [ -111.513941281065911, 43.920837191557041 ], [ -111.514827282977848, 43.920293482720943 ], [ -111.51679005776495, 43.920176364332946 ], [ -111.51897238840759, 43.920039784020254 ], [ -111.52093518311716, 43.919696948399114 ], [ -111.523751411640475, 43.919423228102538 ], [ -111.526821720466245, 43.91795862147665 ], [ -111.528086925052335, 43.917502642241828 ], [ -111.529827936846615, 43.917098300900776 ], [ -111.530555465607364, 43.916428934851879 ], [ -111.531694530577809, 43.915558285175599 ], [ -111.532676453712256, 43.913780799240016 ], [ -111.533307538012522, 43.912975968931761 ], [ -111.533973861472901, 43.91231623087824 ], [ -111.535206978054759, 43.911445607199191 ], [ -111.536725544877228, 43.910673410439777 ], [ -111.538561089513337, 43.911329993454473 ], [ -111.539699890138152, 43.909686374786531 ], [ -111.539636669587992, 43.90884094828958 ], [ -111.539732292585441, 43.907219869482667 ], [ -111.539733239396057, 43.906139485845941 ], [ -111.540680690401459, 43.905774432874395 ], [ -111.541725911866706, 43.905094952721029 ], [ -111.543781197491811, 43.904040194273293 ], [ -111.544763047435481, 43.903972677926269 ], [ -111.546375946880971, 43.903586429144383 ], [ -111.54757748243955, 43.903399810459668 ], [ -111.549728031910092, 43.903281371567658 ], [ -111.554158698449086, 43.903376613326955 ], [ -111.55570735146307, 43.903512179125329 ], [ -111.556848702914309, 43.903216977265231 ], [ -111.558630273995902, 43.903080913173469 ], [ -111.558646893958709, 43.901171144986286 ], [ -111.55874587820648, 43.897627615336887 ], [ -111.558793011098757, 43.883473598887178 ], [ -111.578364915298067, 43.883389677542638 ], [ -111.598506098571193, 43.883348976543829 ], [ -111.61848920565825, 43.883350379007275 ], [ -111.638187452164061, 43.883512330387695 ], [ -111.658265539878073, 43.883573722788697 ], [ -111.677868526346316, 43.883589567630565 ], [ -111.697598680920549, 43.883556496150426 ], [ -111.717644696888996, 43.883747471649315 ], [ -111.737785746012236, 43.883754204770021 ], [ -111.75081575452613, 43.883718884043546 ], [ -111.758024623360782, 43.883725285008467 ], [ -111.758083186386926, 43.869413437845886 ], [ -111.758077399316321, 43.869413372877212 ], [ -111.75806803254288, 43.869373962864373 ], [ -111.757956087231022, 43.869337847823836 ], [ -111.757956903506908, 43.869337851241568 ], [ -111.757939544373997, 43.865736384206997 ], [ -111.757922757119943, 43.862139429090043 ], [ -111.757905964360248, 43.858542471039328 ], [ -111.75789002376959, 43.854945797894224 ], [ -111.76291810261047, 43.854948139355834 ], [ -111.767947046493177, 43.854950635386714 ], [ -111.772975100871278, 43.854957034918904 ], [ -111.778003944038986, 43.854958995703349 ], [ -111.777982067295426, 43.851321780401662 ], [ -111.777960775272149, 43.847688715194131 ], [ -111.777938765081188, 43.844051401512154 ], [ -111.777917618725539, 43.840414103559191 ], [ -111.777924694115924, 43.836830564119126 ], [ -111.777931885529256, 43.833247025016263 ], [ -111.777938943175656, 43.829663480491128 ], [ -111.777945762402268, 43.826255689385469 ], [ -111.778067874738056, 43.826254755934507 ], [ -111.798062219168145, 43.826130132160394 ], [ -111.79808055323106, 43.811746437150745 ], [ -111.797909357306821, 43.79788633031545 ], [ -111.79800485797648, 43.797295903885043 ], [ -111.804951652725606, 43.797342655652962 ], [ -111.804805050613439, 43.786434496664576 ], [ -111.8046265013149, 43.777607514263778 ], [ -111.804696260158536, 43.771777032942538 ], [ -111.804807648048765, 43.757252912018096 ], [ -111.804879661339911, 43.749914059348207 ], [ -111.804959453271195, 43.742552889357761 ], [ -111.794959449998089, 43.742524076856533 ], [ -111.784834839938782, 43.742359730610026 ], [ -111.784845577261805, 43.735084451709831 ], [ -111.785044788526093, 43.728042129024402 ], [ -111.765586662910835, 43.728025627849945 ], [ -111.76486180977129, 43.728048588650417 ], [ -111.764893836389149, 43.72775097012024 ], [ -111.765076461738332, 43.713456195560966 ], [ -111.765165607085876, 43.698936720856608 ], [ -111.765285881709971, 43.684367458657555 ], [ -111.765110845503415, 43.676638580980132 ], [ -111.765008900577428, 43.669157812940632 ], [ -111.76613925993594, 43.669926364833678 ], [ -111.767329781842307, 43.670634196915998 ], [ -111.768582792935618, 43.671102990300852 ], [ -111.770691371480112, 43.671755086716807 ], [ -111.771421201592716, 43.672321917120215 ], [ -111.77155986912372, 43.672888234668214 ], [ -111.773026065575507, 43.674436016927416 ], [ -111.773223370218645, 43.674646275951304 ], [ -111.774153436306889, 43.675495359410085 ], [ -111.774942963662895, 43.67563407247205 ], [ -111.776123006903688, 43.675482002916922 ], [ -111.778098218962342, 43.675995307131636 ], [ -111.779289001594634, 43.676703011294485 ], [ -111.779921696386566, 43.677392002533281 ], [ -111.780171578057079, 43.678934479455918 ], [ -111.779851861376827, 43.679602954645475 ], [ -111.780384493409713, 43.680166570592071 ], [ -111.781110957319825, 43.680548779500796 ], [ -111.782034515376694, 43.680821588645742 ], [ -111.782962986041611, 43.681531047749388 ], [ -111.783502190119762, 43.682625837794582 ], [ -111.783579099086424, 43.683530210087618 ], [ -111.784907485488162, 43.684664600188476 ], [ -111.78511545896265, 43.685568070977226 ], [ -111.785518439343434, 43.686231595825959 ], [ -111.786441188655616, 43.686463855021401 ], [ -111.786966526068895, 43.686460239129552 ], [ -111.788022415800043, 43.68688065288422 ], [ -111.789140122893613, 43.687017004569057 ], [ -111.789875595839035, 43.688015866572023 ], [ -111.791004182382892, 43.689007502272069 ], [ -111.792327141637656, 43.68970965253024 ], [ -111.793192834760646, 43.690608545347615 ], [ -111.794056589939657, 43.691417405896559 ], [ -111.79413628610061, 43.692461310866435 ], [ -111.795003355632105, 43.693459224357667 ], [ -111.796527338123241, 43.69454259626491 ], [ -111.798510125895959, 43.695478677239684 ], [ -111.800561741459816, 43.696657349148659 ], [ -111.801631875710029, 43.698126496433112 ], [ -111.802233652633802, 43.698932630389898 ], [ -111.803105610893653, 43.700308611293565 ], [ -111.803707429831363, 43.701114737201209 ], [ -111.803850380115321, 43.701973605608281 ], [ -111.804777335000509, 43.70258385350089 ], [ -111.805961685891731, 43.702719571819813 ], [ -111.807007123245413, 43.702329527022471 ], [ -111.809175225121592, 43.702363721279205 ], [ -111.810948934474666, 43.702400672669036 ], [ -111.81253263146985, 43.70295667319602 ], [ -111.813915794776221, 43.703279977551489 ], [ -111.814449689852594, 43.703897445507103 ], [ -111.814845659199293, 43.704038686211312 ], [ -111.816948507511597, 43.704118218421861 ], [ -111.819314527778346, 43.70424084246585 ], [ -111.820299253097559, 43.704238280395124 ], [ -111.820698719353729, 43.704663100398101 ], [ -111.820460623678514, 43.706429580751703 ], [ -111.820599220790271, 43.706950813553931 ], [ -111.821198699721478, 43.7075632774864 ], [ -111.82199785588449, 43.708367886380614 ], [ -111.824969281405671, 43.709489975692499 ], [ -111.826027718159864, 43.710103603747818 ], [ -111.826954653280012, 43.710574109714614 ], [ -111.828340672371453, 43.711086299535062 ], [ -111.828878069731957, 43.711604630482995 ], [ -111.828766343317142, 43.713320688274464 ], [ -111.828659464231237, 43.715135753646585 ], [ -111.828870286018727, 43.716133658927227 ], [ -111.8300614787141, 43.716741781245737 ], [ -111.830979778364494, 43.716690089642796 ], [ -111.832807627424501, 43.715870935249441 ], [ -111.834176108761199, 43.71505060358934 ], [ -111.835095631218579, 43.715088907999892 ], [ -111.83640452003813, 43.714701173518314 ], [ -111.837248669917869, 43.71397918185594 ], [ -111.838232497421217, 43.713872927818485 ], [ -111.838888539354556, 43.713823095897787 ], [ -111.839746277502726, 43.71410492094482 ], [ -111.840679213006212, 43.715047976362129 ], [ -111.841801915169398, 43.715467399423282 ], [ -111.842605489304106, 43.716559956389574 ], [ -111.843541856911344, 43.717741563614638 ], [ -111.845586987514437, 43.71839724448121 ], [ -111.847695004488656, 43.718804811574934 ], [ -111.850519103500915, 43.718738812519796 ], [ -111.853599921326975, 43.718283658340731 ], [ -111.854581550911476, 43.717992698438586 ], [ -111.855570465052537, 43.718268923875108 ], [ -111.857277051111865, 43.718161596006766 ], [ -111.858071047005254, 43.718587824855803 ], [ -111.858411556690797, 43.719395620622457 ], [ -111.858686387255418, 43.72024892684194 ], [ -111.859288507485175, 43.721009732819411 ], [ -111.860543917645131, 43.721522513888956 ], [ -111.862058944498216, 43.721794720525267 ], [ -111.86287292115145, 43.723553342504736 ], [ -111.864010623304168, 43.725021388297982 ], [ -111.864913600971406, 43.726432670987201 ], [ -111.865555571733836, 43.727391227734671 ], [ -111.865963875662345, 43.728342547829143 ], [ -111.867502164193567, 43.730239706928153 ], [ -111.869292473138486, 43.731365096712189 ], [ -111.871015257082092, 43.732351410915697 ], [ -111.872547532470648, 43.733816360976711 ], [ -111.873291570408554, 43.735242294977851 ], [ -111.873433452581025, 43.736006539926528 ], [ -111.873118008861198, 43.736864319091545 ], [ -111.873187381646801, 43.737151913784459 ], [ -111.873978262323803, 43.737285427943554 ], [ -111.875615522018137, 43.736939753758904 ], [ -111.876605297202332, 43.737220290399755 ], [ -111.878315531059059, 43.737301700746194 ], [ -111.879442010158243, 43.737959325516108 ], [ -111.880243348250488, 43.73885804613932 ], [ -111.880650242498405, 43.739665260586818 ], [ -111.881246111030393, 43.739993810755927 ], [ -111.883610871138742, 43.739926031207773 ], [ -111.885261202391348, 43.740439986468267 ], [ -111.886265091441402, 43.741670238988341 ], [ -111.88687654048671, 43.742998069308761 ], [ -111.887409749818218, 43.743520655075343 ], [ -111.889391701396761, 43.744221055652233 ], [ -111.890972621400479, 43.744492364687673 ], [ -111.892951419742829, 43.744949624490985 ], [ -111.894598868720976, 43.745229366323279 ], [ -111.89697443822422, 43.745872530358177 ], [ -111.898817943606048, 43.746101152701499 ], [ -111.900934118826754, 43.746989378293179 ], [ -111.902054249983394, 43.747169623370077 ], [ -111.902591890628301, 43.747975727836206 ], [ -111.902545292676464, 43.749214123671933 ], [ -111.901768101856206, 43.749981085352672 ], [ -111.90099662978335, 43.751130658759521 ], [ -111.900878312696193, 43.752040980353989 ], [ -111.902610441715439, 43.753548966363248 ], [ -111.903541814080526, 43.754306932693346 ], [ -111.904344798315336, 43.755250487094855 ], [ -111.905022353310216, 43.756627215009793 ], [ -111.906156716986203, 43.757712193046203 ], [ -111.906561885795796, 43.758424785387071 ], [ -111.906641924853432, 43.759329035251099 ], [ -111.908233757375768, 43.760315823094935 ], [ -111.90922084122559, 43.760357496441813 ], [ -111.910324635047743, 43.759493345665945 ], [ -111.911570119657071, 43.759244815637352 ], [ -111.913020722031291, 43.759516857703304 ], [ -111.914724358698678, 43.759120571121493 ], [ -111.915567396115421, 43.758398015726385 ], [ -111.915218685449375, 43.757117762386962 ], [ -111.915333226656827, 43.755973355789124 ], [ -111.916635852656896, 43.755202090635578 ], [ -111.918085298693143, 43.755429058853849 ], [ -111.919278537058176, 43.756085751704916 ], [ -111.920817419288227, 43.757788595130116 ], [ -111.922747685987332, 43.75938921597271 ], [ -111.923938531013448, 43.759856798816237 ], [ -111.92513598490666, 43.760751996647556 ], [ -111.926272988421289, 43.76207985665355 ], [ -111.926428448171805, 43.76360024414916 ], [ -111.926583597178876, 43.765125136266427 ], [ -111.926926372794554, 43.766027240058172 ], [ -111.92851617520077, 43.766824679824389 ], [ -111.929901425196135, 43.767097037689794 ], [ -111.930954241278158, 43.767137986486247 ], [ -111.932723186750195, 43.76679042204082 ], [ -111.934356867101343, 43.766160314367234 ], [ -111.93513640737676, 43.765532675079186 ], [ -111.935648695961746, 43.764673118625694 ], [ -111.936556777047912, 43.763900355881653 ], [ -111.937202104484967, 43.763084719667674 ], [ -111.938042743873538, 43.762222460082015 ], [ -111.938428514263052, 43.761643047262673 ], [ -111.938736847533988, 43.760357468026712 ], [ -111.939769011460626, 43.759110959710192 ], [ -111.941133950768233, 43.758095799192219 ], [ -111.942250340829986, 43.758041581841539 ], [ -111.943839428636707, 43.758287639851588 ], [ -111.944292978043975, 43.758357864565184 ], [ -111.94554431905236, 43.758491580096148 ], [ -111.946658440909346, 43.758293276551434 ], [ -111.947178342742745, 43.757856784663502 ], [ -111.94730162114702, 43.757378560363279 ], [ -111.947049065535026, 43.757131577959534 ], [ -111.948055942584503, 43.757141980772801 ], [ -111.950680794607706, 43.757202318425087 ], [ -111.951228637151075, 43.757185696684886 ], [ -111.951654270164454, 43.757008215634571 ], [ -111.952085311114502, 43.756672158842925 ], [ -111.953791197784412, 43.755327589602778 ], [ -111.957150993644987, 43.75308700854761 ], [ -111.958066175214014, 43.752237671243172 ], [ -111.958072938923749, 43.753223465985641 ], [ -111.958190713030504, 43.753363750647537 ], [ -111.958458510645912, 43.75349684448198 ], [ -111.958724632353139, 43.753679257607871 ], [ -111.958946241438781, 43.753969443522834 ], [ -111.959152233711563, 43.754318569686042 ], [ -111.959305136004119, 43.7546272671295 ], [ -111.959364123963979, 43.754894806904069 ], [ -111.959432024910086, 43.755300683796833 ], [ -111.959368201295618, 43.755575901572072 ], [ -111.959463656215434, 43.755972401660536 ], [ -111.959521975323781, 43.756259669833973 ], [ -111.959677429061969, 43.756894118880197 ], [ -111.959860102157151, 43.757529052816331 ], [ -111.959994377921589, 43.757985466088464 ], [ -111.960009861591701, 43.758331187777827 ], [ -111.960000809437531, 43.758597513060359 ], [ -111.960034597224663, 43.758805382754723 ], [ -111.96006737817379, 43.759042844710535 ], [ -111.960087219400293, 43.759260337842179 ], [ -111.959917205069175, 43.759454697793629 ], [ -111.959551959004358, 43.759783752341598 ], [ -111.959394877462401, 43.759998082936256 ], [ -111.959264678041507, 43.76022276506761 ], [ -111.959076686789729, 43.760545113392467 ], [ -111.959026465852617, 43.760820572838981 ], [ -111.959045968259531, 43.761047928015017 ], [ -111.959199221258814, 43.761346762693528 ], [ -111.959258549719152, 43.761604436757835 ], [ -111.959304601751953, 43.76185200656073 ], [ -111.959359410395606, 43.762293224365841 ], [ -111.959301182039326, 43.762544288656407 ], [ -111.959322659742341, 43.762643709518287 ], [ -111.959381973377461, 43.762725811524525 ], [ -111.959490359114994, 43.762826783707979 ], [ -111.959685629508101, 43.7629293101622 ], [ -111.960399611078913, 43.763122119548498 ], [ -111.961102408859119, 43.763278731073044 ], [ -111.961409744122335, 43.763374255329886 ], [ -111.96169134621482, 43.76349631433682 ], [ -111.962349570199947, 43.763868215436148 ], [ -111.962765611176195, 43.764055696674461 ], [ -111.96302359619925, 43.764141337450482 ], [ -111.963307318279504, 43.764200404864383 ], [ -111.964003223781759, 43.764194811247798 ], [ -111.964585545375385, 43.764241199934325 ], [ -111.96488261666704, 43.764273505679157 ], [ -111.965091862500856, 43.764331260888213 ], [ -111.965251424492209, 43.764388111952606 ], [ -111.96538524881079, 43.764471536036801 ], [ -111.965505753970945, 43.764581718361526 ], [ -111.965694050152095, 43.764891202802517 ], [ -111.965938015239331, 43.765390737139342 ], [ -111.966028795420044, 43.765644457621718 ], [ -111.966095345424748, 43.765879730409011 ], [ -111.966081314937156, 43.766293649267936 ], [ -111.96612490354741, 43.766474504986654 ], [ -111.966268705355944, 43.766630130148037 ], [ -111.96671834553733, 43.766926249363742 ], [ -111.966789499178375, 43.767026552854361 ], [ -111.966811598257692, 43.767107968865915 ], [ -111.966794894184943, 43.767233725953503 ], [ -111.96672794228985, 43.767376600536934 ], [ -111.966610388151793, 43.767545571835747 ], [ -111.966416520866289, 43.767767210026015 ], [ -111.966275973732664, 43.767881760752694 ], [ -111.965908572300194, 43.768091313327467 ], [ -111.965792845113413, 43.76820628734108 ], [ -111.965753175492637, 43.768277605495406 ], [ -111.965750124504751, 43.768367591909772 ], [ -111.965793383718008, 43.76855743825368 ], [ -111.965875115081616, 43.768711960471236 ], [ -111.965982277429504, 43.768848917343021 ], [ -111.966163643624654, 43.768996213143751 ], [ -111.966370772734365, 43.76911693476579 ], [ -111.966616375141072, 43.769202348786102 ], [ -111.967087618761539, 43.769228731479295 ], [ -111.967186335746945, 43.769248503349338 ], [ -111.967247192449065, 43.769285599751669 ], [ -111.967330453870986, 43.769395135430393 ], [ -111.967465452020619, 43.769811685834689 ], [ -111.967496583920195, 43.769992319329269 ], [ -111.967466276126757, 43.770153845329425 ], [ -111.967438384525167, 43.770243388033087 ], [ -111.967268439562218, 43.770492466730587 ], [ -111.967238106019536, 43.770653992198191 ], [ -111.967430608150764, 43.77120663531111 ], [ -111.967740868608274, 43.771950450643409 ], [ -111.967762360665645, 43.772049870057572 ], [ -111.967721751176612, 43.772148187493755 ], [ -111.967515766935335, 43.772360613617636 ], [ -111.967433019447668, 43.772602246387471 ], [ -111.967406345326765, 43.772655780929249 ], [ -111.967343047417486, 43.772690666535404 ], [ -111.96707861536099, 43.772794015730575 ], [ -111.966862323645984, 43.77294323461215 ], [ -111.966720241450972, 43.773102767541637 ], [ -111.966470891665793, 43.773494483275591 ], [ -111.966440859110833, 43.773647012892816 ], [ -111.966496864402814, 43.773828071281244 ], [ -111.966603121059947, 43.773992045616971 ], [ -111.966759988302201, 43.774129887218002 ], [ -111.966992871432723, 43.774224071345529 ], [ -111.967608891324076, 43.774379080540569 ], [ -111.968454623762796, 43.774553844007379 ], [ -111.969325553571579, 43.774688722789143 ], [ -111.970068818786004, 43.774755940602468 ], [ -111.970204499646272, 43.77478536664298 ], [ -111.970339880179893, 43.774823782699443 ], [ -111.970437418303618, 43.774879543477084 ], [ -111.970484954862812, 43.774943413251783 ], [ -111.970569987026508, 43.775368090983747 ], [ -111.970675978191863, 43.775541053207881 ], [ -111.970783163265168, 43.775678006770669 ], [ -111.970879459643967, 43.775769755968057 ], [ -111.970989411338593, 43.775825717836931 ], [ -111.971063319901631, 43.775845046655917 ], [ -111.971158804357444, 43.775854026274544 ], [ -111.97122607708269, 43.775860365578438 ], [ -111.971284375355282, 43.775873995071464 ], [ -111.971311756531847, 43.775909423412898 ], [ -111.971334652846892, 43.776022458897828 ], [ -111.971340088583091, 43.776284653331899 ], [ -111.971347302885974, 43.776633395060578 ], [ -111.971428754834363, 43.77679690550049 ], [ -111.971598052286595, 43.776934979141785 ], [ -111.972268894813681, 43.777307028644692 ], [ -111.972575406200306, 43.777429522596144 ], [ -111.972798031036149, 43.777460467725511 ], [ -111.973330815254002, 43.777505950924123 ], [ -111.974337345334277, 43.777505787345241 ], [ -111.974721423228985, 43.777539608382114 ], [ -111.974918590624952, 43.77758811521413 ], [ -111.975077916631136, 43.777653964534466 ], [ -111.975248438044247, 43.777756026497286 ], [ -111.975405615113559, 43.77788486256528 ], [ -111.975549796076976, 43.778031484353868 ], [ -111.975680632131258, 43.778204865033494 ], [ -111.975939267821119, 43.778641630766693 ], [ -111.976169743435875, 43.779176915165131 ], [ -111.97626692741008, 43.779610818131054 ], [ -111.976335982369207, 43.779774106324837 ], [ -111.976504693899301, 43.779930160495887 ], [ -111.976894825542942, 43.780153142864897 ], [ -111.977040509884617, 43.78025475870156 ], [ -111.977195898324709, 43.780437591262753 ], [ -111.977314635585387, 43.780601756695901 ], [ -111.977348559299543, 43.780701396101584 ], [ -111.977345221145754, 43.780800374003682 ], [ -111.977221899494523, 43.781140333151519 ], [ -111.977204631701468, 43.781284076151628 ], [ -111.977238251651201, 43.781392726415135 ], [ -111.977353323140022, 43.78166486387903 ], [ -111.977430852554448, 43.781945353705261 ], [ -111.977450542653642, 43.782098767221072 ], [ -111.977396922691199, 43.782214852240664 ], [ -111.977361095163246, 43.782225244664502 ], [ -111.977392347168305, 43.78225921034042 ], [ -111.977491463600785, 43.782366807858168 ], [ -111.977641769572884, 43.78246065087388 ], [ -111.97793816983021, 43.782601021641561 ], [ -111.978383043738319, 43.782760557748837 ], [ -111.978559936740695, 43.782860771880742 ], [ -111.978800567183313, 43.783080752100098 ], [ -111.979121950015823, 43.783489059810634 ], [ -111.979465183934551, 43.784050341657831 ], [ -111.979606060456305, 43.784368348229215 ], [ -111.979661759383646, 43.784655809025537 ], [ -111.979747633753277, 43.785575977919912 ], [ -111.979715949336949, 43.785775336331049 ], [ -111.979542869795523, 43.786259572992869 ], [ -111.979566565986929, 43.786646333924033 ], [ -111.979542566590879, 43.78677990829361 ], [ -111.979276920452691, 43.787121926043753 ], [ -111.97902904700284, 43.787733268018584 ], [ -111.978698338414048, 43.788213350657337 ], [ -111.978478004363751, 43.788614547473188 ], [ -111.977932888358779, 43.789193465763844 ], [ -111.977775118930509, 43.789324228994893 ], [ -111.977544434271394, 43.7894735433498 ], [ -111.977446213078579, 43.789555628905795 ], [ -111.977183054064298, 43.789875245965099 ], [ -111.976917420435015, 43.790150396633223 ], [ -111.976793256271492, 43.790220536318309 ], [ -111.976642353213947, 43.790271392892066 ], [ -111.976562059551554, 43.790280740004299 ], [ -111.976387773058676, 43.790267952530549 ], [ -111.976284324723451, 43.790287675614728 ], [ -111.976213827942289, 43.790317477522287 ], [ -111.976178223097861, 43.790363279238555 ], [ -111.976168711021103, 43.790460340563428 ], [ -111.976206377004644, 43.790564638290945 ], [ -111.976271523432132, 43.790630679425263 ], [ -111.976448138059325, 43.790706495667187 ], [ -111.97655081272795, 43.790810836380807 ], [ -111.976634429611195, 43.790974528806871 ], [ -111.976638722235904, 43.791174653006593 ], [ -111.976658023181528, 43.791246908351788 ], [ -111.976912856775627, 43.791545345474937 ], [ -111.976957244842325, 43.791736315328578 ], [ -111.976932235648945, 43.792035437335635 ], [ -111.976979838848735, 43.79218245003473 ], [ -111.977092596725328, 43.792282268018134 ], [ -111.977253900869357, 43.792348057409043 ], [ -111.977587139446044, 43.792390853783218 ], [ -111.977855689531566, 43.792378809476524 ], [ -111.97797418678563, 43.792344046124725 ], [ -111.978203908841635, 43.79220467192259 ], [ -111.978318626313268, 43.792163407352 ], [ -111.978493643604054, 43.792147142113905 ], [ -111.978734021469663, 43.792199061170813 ], [ -111.978929714315015, 43.792173592044286 ], [ -111.979192813847419, 43.792062593203632 ], [ -111.979523120846864, 43.79198927754318 ], [ -111.979801527463991, 43.791824428299762 ], [ -111.980053590003848, 43.791757710053496 ], [ -111.980245579957582, 43.79158440079302 ], [ -111.980365680738771, 43.791571385372187 ], [ -111.980473752256756, 43.791591328226843 ], [ -111.980911919838235, 43.791907562241995 ], [ -111.981596378884277, 43.792516891429848 ], [ -111.981793388030823, 43.792646662611865 ], [ -111.982101398638392, 43.792805370691262 ], [ -111.982299992121739, 43.793039352263172 ], [ -111.982414123167246, 43.793135685046529 ], [ -111.982516059519881, 43.793199607316048 ], [ -111.982711549843003, 43.793267892457692 ], [ -111.982820957043629, 43.793326157061387 ], [ -111.982954467275903, 43.793421632194537 ], [ -111.983078619400004, 43.79354401216186 ], [ -111.983249664356919, 43.793758586458118 ], [ -111.983288691247694, 43.793903802861308 ], [ -111.983262783854627, 43.794123788581551 ], [ -111.983137630088407, 43.794444968410481 ], [ -111.98314419450675, 43.794580502818988 ], [ -111.983193066420768, 43.794685732519923 ], [ -111.98327624760303, 43.794797302243531 ], [ -111.983378506781719, 43.794888537323459 ], [ -111.983384587738342, 43.797145205337003 ], [ -111.983353599651934, 43.797145707253897 ], [ -111.983353698785294, 43.797314221957045 ], [ -111.987369362438344, 43.797338307677954 ], [ -111.98746943391717, 43.797341781269367 ], [ -111.988325579323345, 43.797343354588492 ], [ -111.992467812402424, 43.797348151075774 ], [ -111.993297480363651, 43.797349762046451 ], [ -111.997336242048789, 43.797359857248175 ], [ -111.997465189009262, 43.797358516131183 ], [ -111.998269240091375, 43.797360452259639 ], [ -112.002464184289764, 43.797368870773226 ], [ -112.003241009453546, 43.797370926091531 ], [ -112.007287498281926, 43.797380534142818 ], [ -112.007462316619737, 43.79737908147289 ], [ -112.008258665535109, 43.797380902938798 ], [ -112.012460740935211, 43.797384306496376 ], [ -112.013276359135375, 43.797386068041462 ], [ -112.017233739430722, 43.797391522973562 ], [ -112.01745829843594, 43.797389477673448 ], [ -112.018294328582584, 43.797386695636092 ], [ -112.021606461151208, 43.797371365288349 ], [ -112.022459864086855, 43.797367398603882 ], [ -112.023315423197829, 43.797364197538784 ], [ -112.027223555026396, 43.797351527260879 ], [ -112.027461413038338, 43.797349511853334 ], [ -112.028289319174434, 43.797355609977728 ], [ -112.030133583410489, 43.797362911969792 ], [ -112.032462252882013, 43.797372090008011 ], [ -112.03326245992281, 43.797373803481655 ], [ -112.037175930063967, 43.797387895162849 ], [ -112.037179773318556, 43.801043511972445 ], [ -112.037182889663953, 43.804694522389767 ], [ -112.037186877083172, 43.808345275597915 ], [ -112.037189952263006, 43.812000872999306 ], [ -112.037180263248302, 43.815620774941763 ], [ -112.037170305323144, 43.819244811870767 ], [ -112.037159612885887, 43.822864422392968 ], [ -112.037148891104863, 43.826488442119846 ], [ -112.037139045251024, 43.830085464191981 ], [ -112.037128432852313, 43.833682831225637 ], [ -112.037118569167546, 43.837279848971441 ], [ -112.03710794769664, 43.840876941722335 ], [ -112.037099120499306, 43.844510077431451 ], [ -112.037089541286733, 43.848143108133762 ], [ -112.037080823469466, 43.851776151586968 ], [ -112.037072093776501, 43.855409282821441 ], [ -112.037063358111951, 43.859042321868152 ], [ -112.037054489153363, 43.862675356574556 ], [ -112.037044986417712, 43.866308468375671 ], [ -112.037035939997551, 43.86994635782213 ], [ -112.037010258159341, 43.873552357090901 ], [ -112.036984281492721, 43.877163211149785 ], [ -112.036958178379152, 43.88077379089799 ], [ -112.036939919596676, 43.88331002545555 ], [ -112.036909662474812, 43.884408383781953 ], [ -112.036978891436704, 43.884743912230057 ], [ -112.036973895107948, 43.887727253391766 ], [ -112.036973596980332, 43.888053141614492 ], [ -112.036968105029231, 43.891352666467718 ], [ -112.036967805291994, 43.891674943188107 ], [ -112.036960952141939, 43.894978104503203 ], [ -112.036960569700582, 43.895290410085671 ], [ -112.036953690822571, 43.898603544036476 ], [ -112.03695330849348, 43.89890582229328 ], [ -112.036950093307752, 43.902223401126165 ], [ -112.036949767653269, 43.902505788857134 ], [ -112.03694652645909, 43.905843284619863 ], [ -112.036946197090003, 43.906105727689194 ], [ -112.036949708301265, 43.909463140702762 ], [ -112.03694990758008, 43.909702973358463 ], [ -112.036953418225025, 43.913082995725219 ], [ -112.036953588670301, 43.913300246226704 ], [ -112.036961739122404, 43.916706296139985 ], [ -112.036962242327732, 43.91691265808344 ], [ -112.036970393151265, 43.920329597542576 ], [ -112.036970869637287, 43.920525096274538 ], [ -112.036972159325856, 43.923952897385504 ], [ -112.036972244746423, 43.92413936965756 ], [ -112.036973534452272, 43.927576225385565 ], [ -112.036973620924698, 43.927753641932775 ], [ -112.03697379917908, 43.931197664058054 ], [ -112.036973718865951, 43.931353331695277 ], [ -112.036973925171793, 43.934819104613979 ], [ -112.036973873228177, 43.934953077138438 ], [ -112.036969857232208, 43.938440570998132 ], [ -112.036969639051009, 43.938577238010012 ], [ -112.036965622618695, 43.942062038784584 ], [ -112.036965430425482, 43.942201426993194 ], [ -112.036966721486309, 43.945684838663162 ], [ -112.03696650368839, 43.945824200243507 ], [ -112.036967792294078, 43.949307611714154 ], [ -112.036967599480832, 43.949446999755367 ], [ -112.036949251489119, 43.952930384213317 ], [ -112.036948280804694, 43.953066134045606 ], [ -112.036929959867251, 43.95655312916162 ], [ -112.032051674715689, 43.956548109295859 ], [ -112.027040637345564, 43.956542978377655 ], [ -112.022029960052748, 43.956537931685851 ], [ -112.017019309190275, 43.956532882443732 ], [ -112.017012879936289, 43.960152241419678 ], [ -112.017006478491865, 43.963771625860026 ], [ -112.016997467435729, 43.967391400529536 ], [ -112.016988346602261, 43.971083563630081 ], [ -112.011979058426235, 43.971064905526781 ], [ -112.006969770130567, 43.971046249932364 ], [ -112.001961732498401, 43.971029703901273 ], [ -111.996953631271055, 43.971013146767731 ], [ -111.991953650260484, 43.970986864631726 ], [ -111.986953640265654, 43.970960554696873 ], [ -111.981953660454622, 43.970934273824071 ], [ -111.976953652912712, 43.97090796516936 ], [ -111.971953670660639, 43.97088168278885 ], [ -111.966953689635048, 43.970855401046776 ], [ -111.961953679936016, 43.970829119408357 ], [ -111.956953700441673, 43.970802865931581 ], [ -111.951953690421391, 43.970776557599656 ], [ -111.946953654606148, 43.970750274621885 ], [ -111.941953645874577, 43.970723965726918 ], [ -111.936953637478823, 43.970697683553425 ], [ -111.931953516606285, 43.970671373838037 ], [ -111.926953425937782, 43.970645092273884 ], [ -111.921953306304019, 43.970618783766959 ], [ -111.916953186732769, 43.970592474050754 ], [ -111.916964934525424, 43.974197856230951 ], [ -111.916976684181492, 43.977803238263263 ], [ -111.916988431630344, 43.981408593963906 ], [ -111.917000181309007, 43.985013974732617 ], [ -111.917002013659072, 43.988639968492883 ], [ -111.917003845366381, 43.992265961135985 ], [ -111.916970092199634, 43.995876593186914 ], [ -111.916936337516688, 43.99948719889661 ], [ -111.916929700496624, 44.003104549978502 ], [ -111.916923032983632, 44.006721904808522 ], [ -111.916916391341488, 44.010341038060673 ], [ -111.916909723299128, 44.013960200342773 ], [ -111.916895441591791, 44.017574916394409 ], [ -111.916881163508251, 44.02118963321535 ], [ -111.916866937746121, 44.024797155388718 ], [ -111.916852714135132, 44.028404650402415 ], [ -111.916849349870645, 44.032006200384046 ], [ -111.916845985664466, 44.035607750187573 ], [ -111.916842539348622, 44.039224604721639 ], [ -111.916839121367019, 44.042841433467103 ], [ -111.916826284868804, 44.046446566085692 ], [ -111.916813449696065, 44.050051700343126 ], [ -111.916811394140865, 44.053667415355974 ], [ -111.916811393306375, 44.053675555151585 ], [ -111.916809113467579, 44.057387828051297 ], [ -111.913592494581323, 44.057390676742997 ], [ -111.912699176452676, 44.057390763425921 ], [ -111.908153301829273, 44.057393201413277 ], [ -111.907684030264349, 44.057393203051276 ], [ -111.903138158267438, 44.05739564024411 ], [ -111.902668885714618, 44.057395670754794 ], [ -111.898123039819936, 44.057398078773836 ], [ -111.897653741321491, 44.057398137697632 ], [ -111.893107005750011, 44.057400324086522 ], [ -111.892623399699417, 44.057400354057187 ], [ -111.888090942608372, 44.057402513997786 ], [ -111.887592809504994, 44.057402543907351 ], [ -111.883074882108417, 44.057404704910041 ], [ -111.882562441712267, 44.057404733952445 ], [ -111.878058791909183, 44.057406893520259 ], [ -111.877531794451912, 44.057406923896366 ], [ -111.873040979029071, 44.057409360703588 ], [ -111.872533485091267, 44.057409390009433 ], [ -111.868023111641179, 44.057411854672537 ], [ -111.867534950072866, 44.057411885925717 ], [ -111.863005272083228, 44.057414376959066 ], [ -111.862536694919456, 44.057414379660862 ], [ -111.857987432627525, 44.057416900035669 ], [ -111.857538189149423, 44.05741690271293 ], [ -111.852970676123746, 44.057417477959426 ], [ -111.852508376285115, 44.057417480961931 ], [ -111.847953863637699, 44.057418028699402 ], [ -111.847478285482737, 44.057418059105096 ], [ -111.842937079301947, 44.05741860785502 ], [ -111.842448445821333, 44.057418610186588 ], [ -111.837920266471187, 44.057419159436527 ], [ -111.837418327015314, 44.057419160209115 ], [ -111.832901954992863, 44.05741929271192 ], [ -111.832422073324324, 44.057419294832151 ], [ -111.827883642620307, 44.057419396997773 ], [ -111.82742559399847, 44.057419400827172 ], [ -111.822865329455439, 44.057419503805455 ], [ -111.822429366180501, 44.057419506167818 ], [ -111.817847045796, 44.057419638020953 ], [ -111.817432943127898, 44.057419639260708 ], [ -111.812830568046962, 44.057420549422318 ], [ -111.81239463108146, 44.057420551754902 ], [ -111.807814060738352, 44.057421461149104 ], [ -111.807356069811519, 44.057421462933917 ], [ -111.802797554911663, 44.057422344082632 ], [ -111.802317698665476, 44.057422375816181 ], [ -111.797780992233172, 44.057423256517616 ], [ -111.797279274334485, 44.057423286632577 ], [ -111.792837183817412, 44.05742672390825 ], [ -111.792774458751893, 44.057426724313146 ], [ -111.787833400474085, 44.057430967944171 ], [ -111.787770674165543, 44.057430968274659 ], [ -111.782829644426627, 44.057435212708754 ], [ -111.782766919370189, 44.057435213013186 ], [ -111.777825860750127, 44.057439458035546 ], [ -111.777763134417057, 44.057439459165096 ], [ -111.772810716325708, 44.057441063735681 ], [ -111.772749240951967, 44.057441064897922 ], [ -111.767795569477002, 44.057442642475962 ], [ -111.767735345125899, 44.057442641981488 ], [ -111.762780423101049, 44.057444250131041 ], [ -111.762721448290179, 44.057444221051171 ], [ -111.757765306879378, 44.057445827861088 ], [ -111.757707555732182, 44.057445827418 ], [ -111.752773329905253, 44.057446349399982 ], [ -111.752687992766667, 44.057446350954692 ], [ -111.747781391605173, 44.057446884628796 ], [ -111.747668442374533, 44.057446885245461 ], [ -111.742789507152182, 44.057447428449031 ], [ -111.74264894828589, 44.057447429354141 ], [ -111.737797594298058, 44.057447944124434 ], [ -111.737629450776097, 44.057447945190333 ], [ -111.732780766162989, 44.057446211645285 ], [ -111.732618150809685, 44.057446213343255 ], [ -111.72776371535916, 44.057444448563366 ], [ -111.7276068766148, 44.057444450920883 ], [ -111.722746942708667, 44.057442715252705 ], [ -111.722595630769831, 44.05744268858723 ], [ -111.717729944799231, 44.057440953970534 ], [ -111.717584357034809, 44.057440927921277 ], [ -111.712717450245847, 44.057434219421886 ], [ -111.712564861343481, 44.057434221397195 ], [ -111.707704731577778, 44.057427513998974 ], [ -111.707545337418168, 44.057427514903601 ], [ -111.702692234559933, 44.057420835834478 ], [ -111.702525840353104, 44.057420836553113 ], [ -111.69767951722865, 44.057414185048515 ], [ -111.69750634519265, 44.057414185844436 ], [ -111.692665383164751, 44.057408728555515 ], [ -111.692491460690178, 44.057408701172996 ], [ -111.687650997006259, 44.057403244611642 ], [ -111.687476576553195, 44.057403246315239 ], [ -111.682636863514276, 44.0573977875409 ], [ -111.68246169154439, 44.057397788833022 ], [ -111.677622479340357, 44.057392330932444 ], [ -111.677446750374315, 44.057392305992472 ], [ -111.677462305526845, 44.060996105938628 ], [ -111.677477889523999, 44.064599906363995 ], [ -111.677493444751036, 44.068203679987569 ], [ -111.677508999108369, 44.07180747959513 ], [ -111.677525248885885, 44.075408447345907 ], [ -111.67754149782165, 44.079009442884661 ], [ -111.677557721856175, 44.082610410802879 ], [ -111.677573971135359, 44.086211378229528 ], [ -111.677560718535929, 44.089810622841753 ], [ -111.677560664085163, 44.089822733634975 ], [ -111.677547441516651, 44.093409895660223 ], [ -111.67754744120866, 44.093434340919167 ], [ -111.677547301857771, 44.097045613679143 ], [ -111.677547300377938, 44.097160142247546 ], [ -111.677547162264503, 44.100657803734819 ], [ -111.677547160927134, 44.100911110651992 ], [ -111.677543715926518, 44.104266298167119 ], [ -111.677543687352895, 44.104529660862042 ], [ -111.677540269283625, 44.107874904117828 ], [ -111.677540241475114, 44.10814821241123 ], [ -111.677536825387094, 44.111483511811088 ], [ -111.677536797113902, 44.111766763866775 ], [ -111.677533408139027, 44.115092117231477 ], [ -111.677533353056617, 44.11538531430368 ], [ -111.677528378355547, 44.118718724718384 ], [ -111.677528351341806, 44.119005254521269 ], [ -111.677523349957127, 44.122345552675419 ], [ -111.677523322380509, 44.122625221967837 ], [ -111.677518294289698, 44.125972216088172 ], [ -111.67751826460777, 44.126245160792479 ], [ -111.677513237229988, 44.129599043194908 ], [ -111.677513154614033, 44.129865157848819 ], [ -111.677501763693968, 44.133222873081863 ], [ -111.677501680412206, 44.133488985779792 ], [ -111.677490291952878, 44.136846701972537 ], [ -111.677490207899439, 44.137112815413261 ], [ -111.677478818259843, 44.140470529790704 ], [ -111.67747873346994, 44.140736643074625 ], [ -111.677465454805542, 44.144361027205676 ], [ -111.677463288151429, 44.147984717116017 ], [ -111.677461093283469, 44.151608435132466 ], [ -111.677458925126487, 44.155232151761808 ], [ -111.67745675586319, 44.158855843030345 ], [ -111.677456728548592, 44.162479810916516 ], [ -111.677456700685994, 44.166103777761521 ], [ -111.677456672205238, 44.169727745364533 ], [ -111.677456670485128, 44.173351685472809 ], [ -111.677455280377544, 44.176974235955377 ], [ -111.677453919565707, 44.180596786005111 ], [ -111.677452529038547, 44.184219309213233 ], [ -111.677451167895725, 44.187841861700193 ], [ -111.677447945432604, 44.191462023716042 ], [ -111.677444749751373, 44.195082212259017 ], [ -111.67744160951132, 44.198702430612968 ], [ -111.67743849591281, 44.202322647581894 ], [ -111.677437412418556, 44.205942394351773 ], [ -111.677436329596091, 44.209562138308932 ], [ -111.677435272438231, 44.213181912372441 ], [ -111.677434189464307, 44.216801656975818 ], [ -111.677433577043217, 44.220423679768992 ], [ -111.677433182477031, 44.222865802419626 ], [ -111.677554774556185, 44.223030543995954 ], [ -111.679552566367192, 44.223942492151451 ], [ -111.679850900878606, 44.224178212001043 ], [ -111.680770849650287, 44.224905063322524 ], [ -111.681713430771779, 44.225649770305253 ], [ -111.682762657248659, 44.22647870473088 ], [ -111.683748902521558, 44.227257852020657 ], [ -111.684904816252214, 44.228171001709903 ], [ -111.686132887490231, 44.229141112288296 ], [ -111.686540867416113, 44.229638085303456 ], [ -111.686897135384527, 44.230072058177548 ], [ -111.677409179651875, 44.233976190543331 ], [ -111.667406633030751, 44.221405296234664 ], [ -111.663788281305941, 44.2168563678051 ], [ -111.659788848888226, 44.215093949180719 ], [ -111.649661713685731, 44.210833698090354 ] ] ] ] } }
]
}
