Variable,Value,Year,Date,DOY
ETo,0.1629,1980,19800101,1
ETo,0.1744,1980,19800106,6
ETo,0.1119,1980,19800111,11
ETo,0.1058,1980,19800116,16
ETo,0.0796,1980,19800121,21
ETo,0.0812,1980,19800126,26
ETo,0.1446,1980,19800131,31
ETo,0.1745,1980,19800205,36
ETo,0.1902,1980,19800210,41
ETo,0.2401,1980,19800215,46
ETo,0.2597,1980,19800220,51
ETo,0.3611,1980,19800225,56
ETo,0.3284,1980,19800301,61
ETo,0.3579,1980,19800306,66
ETo,0.465,1980,19800311,71
ETo,0.3902,1980,19800316,76
ETo,0.3817,1980,19800321,81
ETo,0.4441,1980,19800326,86
ETo,0.3378,1980,19800331,91
ETo,0.5956,1980,19800405,96
ETo,0.638,1980,19800410,101
ETo,0.9896,1980,19800415,106
ETo,0.9899,1980,19800420,111
ETo,0.8977,1980,19800425,116
ETo,0.7651,1980,19800430,121
ETo,0.7167,1980,19800505,126
ETo,0.6387,1980,19800510,131
ETo,0.69,1980,19800515,136
ETo,0.9538,1980,19800520,141
ETo,0.6319,1980,19800525,146
ETo,0.664,1980,19800530,151
ETo,0.8147,1980,19800604,156
ETo,1.1425,1980,19800609,161
ETo,1.0477,1980,19800614,166
ETo,1.2909,1980,19800619,171
ETo,1.3036,1980,19800624,176
ETo,0.948,1980,19800629,181
ETo,1.2138,1980,19800704,186
ETo,1.3625,1980,19800709,191
ETo,1.2613,1980,19800714,196
ETo,1.3108,1980,19800719,201
ETo,1.4149,1980,19800724,206
ETo,1.3209,1980,19800729,211
ETo,1.319,1980,19800803,216
ETo,1.3149,1980,19800808,221
ETo,1.0435,1980,19800813,226
ETo,0.9145,1980,19800818,231
ETo,1.1135,1980,19800823,236
ETo,0.9142,1980,19800828,241
ETo,1.0726,1980,19800902,246
ETo,0.6599,1980,19800907,251
ETo,0.8334,1980,19800912,256
ETo,0.8678,1980,19800917,261
ETo,0.6583,1980,19800922,266
ETo,0.8465,1980,19800927,271
ETo,0.6543,1980,19801002,276
ETo,0.7444,1980,19801007,281
ETo,0.4061,1980,19801012,286
ETo,0.3351,1980,19801017,291
ETo,0.3633,1980,19801022,296
ETo,0.3097,1980,19801027,301
ETo,0.4181,1980,19801101,306
ETo,0.3375,1980,19801106,311
ETo,0.1537,1980,19801111,316
ETo,0.1505,1980,19801116,321
ETo,0.1073,1980,19801121,326
ETo,0.1507,1980,19801126,331
ETo,0.2347,1980,19801201,336
ETo,0.0844,1980,19801206,341
ETo,0.0896,1980,19801211,346
ETo,0.1061,1980,19801216,351
ETo,0.1405,1980,19801221,356
ETo,0.1748,1980,19801226,361
ETo,0.0342,1980,19801231,366
ETo,0.1041,1981,19810101,1
ETo,0.056,1981,19810106,6
ETo,0.0947,1981,19810111,11
ETo,0.1291,1981,19810116,16
ETo,0.2219,1981,19810121,21
ETo,0.1426,1981,19810126,26
ETo,0.1022,1981,19810131,31
ETo,0.1469,1981,19810205,36
ETo,0.2339,1981,19810210,41
ETo,0.2947,1981,19810215,46
ETo,0.3756,1981,19810220,51
ETo,0.3642,1981,19810225,56
ETo,0.3392,1981,19810302,61
ETo,0.383,1981,19810307,66
ETo,0.444,1981,19810312,71
ETo,0.3436,1981,19810317,76
ETo,0.4654,1981,19810322,81
ETo,0.4617,1981,19810327,86
ETo,0.5496,1981,19810401,91
ETo,0.5851,1981,19810406,96
ETo,0.82,1981,19810411,101
ETo,0.7821,1981,19810416,106
ETo,0.7361,1981,19810421,111
ETo,0.8129,1981,19810426,116
ETo,0.9236,1981,19810501,121
ETo,0.7034,1981,19810506,126
ETo,0.6578,1981,19810511,131
ETo,0.775,1981,19810516,136
ETo,0.6764,1981,19810521,141
ETo,0.9144,1981,19810526,146
ETo,1.0487,1981,19810531,151
ETo,0.9007,1981,19810605,156
ETo,0.9593,1981,19810610,161
ETo,1.1652,1981,19810615,166
ETo,1.3694,1981,19810620,171
ETo,1.4682,1981,19810625,176
ETo,1.3133,1981,19810630,181
ETo,1.3925,1981,19810705,186
ETo,1.5189,1981,19810710,191
ETo,1.3223,1981,19810715,196
ETo,1.4209,1981,19810720,201
ETo,1.3124,1981,19810725,206
ETo,1.4354,1981,19810730,211
ETo,1.2841,1981,19810804,216
ETo,1.1224,1981,19810809,221
ETo,1.1835,1981,19810814,226
ETo,1.2075,1981,19810819,231
ETo,1.2755,1981,19810824,236
ETo,1.2106,1981,19810829,241
ETo,0.9881,1981,19810903,246
ETo,0.959,1981,19810908,251
ETo,1.0139,1981,19810913,256
ETo,0.9909,1981,19810918,261
ETo,0.6359,1981,19810923,266
ETo,0.6669,1981,19810928,271
ETo,0.5316,1981,19811003,276
ETo,0.3415,1981,19811008,281
ETo,0.3059,1981,19811013,286
ETo,0.3937,1981,19811018,291
ETo,0.4545,1981,19811023,296
ETo,0.3347,1981,19811028,301
ETo,0.3212,1981,19811102,306
ETo,0.2651,1981,19811107,311
ETo,0.2166,1981,19811112,316
ETo,0.2409,1981,19811117,321
ETo,0.1317,1981,19811122,326
ETo,0.0679,1981,19811127,331
ETo,0.2035,1981,19811202,336
ETo,0.2436,1981,19811207,341
ETo,0.1544,1981,19811212,346
ETo,0.117,1981,19811217,351
ETo,0.0625,1981,19811222,356
ETo,0.0841,1981,19811227,361
ETo,0.0997,1982,19820101,1
ETo,0.0869,1982,19820106,6
ETo,0.0933,1982,19820111,11
ETo,0.1367,1982,19820116,16
ETo,0.1261,1982,19820121,21
ETo,0.1681,1982,19820126,26
ETo,0.119,1982,19820131,31
ETo,0.0862,1982,19820205,36
ETo,0.1569,1982,19820210,41
ETo,0.2406,1982,19820215,46
ETo,0.3139,1982,19820220,51
ETo,0.3683,1982,19820225,56
ETo,0.2565,1982,19820302,61
ETo,0.3913,1982,19820307,66
ETo,0.3398,1982,19820312,71
ETo,0.2776,1982,19820317,76
ETo,0.423,1982,19820322,81
ETo,0.429,1982,19820327,86
ETo,0.4164,1982,19820401,91
ETo,0.4234,1982,19820406,96
ETo,0.6355,1982,19820411,101
ETo,0.5663,1982,19820416,106
ETo,0.8557,1982,19820421,111
ETo,0.7944,1982,19820426,116
ETo,0.9718,1982,19820501,121
ETo,0.7207,1982,19820506,126
ETo,0.7711,1982,19820511,131
ETo,0.8675,1982,19820516,136
ETo,1.0197,1982,19820521,141
ETo,0.8303,1982,19820526,146
ETo,0.8367,1982,19820531,151
ETo,0.7517,1982,19820605,156
ETo,0.9956,1982,19820610,161
ETo,1.0784,1982,19820615,166
ETo,1.0915,1982,19820620,171
ETo,1.2759,1982,19820625,176
ETo,1.0091,1982,19820630,181
ETo,0.9779,1982,19820705,186
ETo,1.2224,1982,19820710,191
ETo,1.2915,1982,19820715,196
ETo,1.3317,1982,19820720,201
ETo,0.9909,1982,19820725,206
ETo,1.238,1982,19820730,211
ETo,1.1413,1982,19820804,216
ETo,1.192,1982,19820809,221
ETo,1.2097,1982,19820814,226
ETo,1.1518,1982,19820819,231
ETo,1.065,1982,19820824,236
ETo,0.9611,1982,19820829,241
ETo,0.964,1982,19820903,246
ETo,0.8983,1982,19820908,251
ETo,0.4718,1982,19820913,256
ETo,0.6895,1982,19820918,261
ETo,0.476,1982,19820923,266
ETo,0.3516,1982,19820928,271
ETo,0.5252,1982,19821003,276
ETo,0.4056,1982,19821008,281
ETo,0.5123,1982,19821013,286
ETo,0.3857,1982,19821018,291
ETo,0.3154,1982,19821023,296
ETo,0.1816,1982,19821028,301
ETo,0.2701,1982,19821102,306
ETo,0.233,1982,19821107,311
ETo,0.1622,1982,19821112,316
ETo,0.1662,1982,19821117,321
ETo,0.1012,1982,19821122,326
ETo,0.0818,1982,19821127,331
ETo,0.0657,1982,19821202,336
ETo,0.0869,1982,19821207,341
ETo,0.0824,1982,19821212,346
ETo,0.1665,1982,19821217,351
ETo,0.1043,1982,19821222,356
ETo,0.053,1982,19821227,361
ETo,0.0945,1983,19830101,1
ETo,0.1623,1983,19830106,6
ETo,0.202,1983,19830111,11
ETo,0.1147,1983,19830116,16
ETo,0.1044,1983,19830121,21
ETo,0.1619,1983,19830126,26
ETo,0.1099,1983,19830131,31
ETo,0.1418,1983,19830205,36
ETo,0.1805,1983,19830210,41
ETo,0.2601,1983,19830215,46
ETo,0.3094,1983,19830220,51
ETo,0.29,1983,19830225,56
ETo,0.365,1983,19830302,61
ETo,0.4025,1983,19830307,66
ETo,0.3441,1983,19830312,71
ETo,0.2901,1983,19830317,76
ETo,0.3285,1983,19830322,81
ETo,0.395,1983,19830327,86
ETo,0.383,1983,19830401,91
ETo,0.4652,1983,19830406,96
ETo,0.4351,1983,19830411,101
ETo,0.7072,1983,19830416,106
ETo,0.6342,1983,19830421,111
ETo,0.558,1983,19830426,116
ETo,0.6658,1983,19830501,121
ETo,0.6982,1983,19830506,126
ETo,0.5125,1983,19830511,131
ETo,0.7089,1983,19830516,136
ETo,1.0745,1983,19830521,141
ETo,1.1996,1983,19830526,146
ETo,0.8101,1983,19830531,151
ETo,0.9895,1983,19830605,156
ETo,0.913,1983,19830610,161
ETo,1.1253,1983,19830615,166
ETo,1.1749,1983,19830620,171
ETo,1.1004,1983,19830625,176
ETo,0.9513,1983,19830630,181
ETo,1.5208,1983,19830705,186
ETo,1.1411,1983,19830710,191
ETo,1.2038,1983,19830715,196
ETo,1.239,1983,19830720,201
ETo,1.2937,1983,19830725,206
ETo,1.2084,1983,19830730,211
ETo,1.2217,1983,19830804,216
ETo,1.0636,1983,19830809,221
ETo,0.8961,1983,19830814,226
ETo,0.712,1983,19830819,231
ETo,1.1408,1983,19830824,236
ETo,1.1685,1983,19830829,241
ETo,1.0703,1983,19830903,246
ETo,0.9452,1983,19830908,251
ETo,1.0771,1983,19830913,256
ETo,0.7549,1983,19830918,261
ETo,0.7129,1983,19830923,266
ETo,0.4196,1983,19830928,271
ETo,0.5901,1983,19831003,276
ETo,0.4749,1983,19831008,281
ETo,0.3529,1983,19831013,286
ETo,0.462,1983,19831018,291
ETo,0.3869,1983,19831023,296
ETo,0.3555,1983,19831028,301
ETo,0.2827,1983,19831102,306
ETo,0.2383,1983,19831107,311
ETo,0.2629,1983,19831112,316
ETo,0.1421,1983,19831117,321
ETo,0.0721,1983,19831122,326
ETo,0.0663,1983,19831127,331
ETo,0.106,1983,19831202,336
ETo,0.1652,1983,19831207,341
ETo,0.1167,1983,19831212,346
ETo,0.0855,1983,19831217,351
ETo,0.0755,1983,19831222,356
ETo,0.076,1983,19831227,361
ETo,0.0598,1984,19840101,1
ETo,0.0626,1984,19840106,6
ETo,0.0638,1984,19840111,11
ETo,0.0557,1984,19840116,16
ETo,0.0697,1984,19840121,21
ETo,0.1158,1984,19840126,26
ETo,0.1161,1984,19840131,31
ETo,0.1232,1984,19840205,36
ETo,0.1045,1984,19840210,41
ETo,0.1186,1984,19840215,46
ETo,0.1365,1984,19840220,51
ETo,0.1748,1984,19840225,56
ETo,0.1812,1984,19840301,61
ETo,0.209,1984,19840306,66
ETo,0.2877,1984,19840311,71
ETo,0.2805,1984,19840316,76
ETo,0.3954,1984,19840321,81
ETo,0.3909,1984,19840326,86
ETo,0.4711,1984,19840331,91
ETo,0.5725,1984,19840405,96
ETo,0.4919,1984,19840410,101
ETo,0.7623,1984,19840415,106
ETo,0.5877,1984,19840420,111
ETo,0.4946,1984,19840425,116
ETo,0.5809,1984,19840430,121
ETo,0.7932,1984,19840505,126
ETo,1.0073,1984,19840510,131
ETo,0.8958,1984,19840515,136
ETo,1.0683,1984,19840520,141
ETo,1.0027,1984,19840525,146
ETo,1.0532,1984,19840530,151
ETo,0.6186,1984,19840604,156
ETo,0.7636,1984,19840609,161
ETo,1.0545,1984,19840614,166
ETo,1.0942,1984,19840619,171
ETo,1.3317,1984,19840624,176
ETo,1.3108,1984,19840629,181
ETo,1.3736,1984,19840704,186
ETo,1.2996,1984,19840709,191
ETo,1.3341,1984,19840714,196
ETo,1.0325,1984,19840719,201
ETo,1.0953,1984,19840724,206
ETo,0.9321,1984,19840729,211
ETo,1.1654,1984,19840803,216
ETo,1.0802,1984,19840808,221
ETo,0.9983,1984,19840813,226
ETo,1.0288,1984,19840818,231
ETo,1.0891,1984,19840823,236
ETo,1.0675,1984,19840828,241
ETo,1.046,1984,19840902,246
ETo,0.8644,1984,19840907,251
ETo,0.8907,1984,19840912,256
ETo,0.8078,1984,19840917,261
ETo,0.5366,1984,19840922,266
ETo,0.6642,1984,19840927,271
ETo,0.6103,1984,19841002,276
ETo,0.633,1984,19841007,281
ETo,0.3765,1984,19841012,286
ETo,0.1577,1984,19841017,291
ETo,0.1943,1984,19841022,296
ETo,0.2515,1984,19841027,301
ETo,0.2841,1984,19841101,306
ETo,0.2155,1984,19841106,311
ETo,0.3073,1984,19841111,316
ETo,0.179,1984,19841116,321
ETo,0.1795,1984,19841121,326
ETo,0.0627,1984,19841126,331
ETo,0.0962,1984,19841201,336
ETo,0.1289,1984,19841206,341
ETo,0.0917,1984,19841211,346
ETo,0.0683,1984,19841216,351
ETo,0.0846,1984,19841221,356
ETo,0.0936,1984,19841226,361
ETo,0.0121,1984,19841231,366
ETo,0.0771,1985,19850101,1
ETo,0.0698,1985,19850106,6
ETo,0.0748,1985,19850111,11
ETo,0.0859,1985,19850116,16
ETo,0.0836,1985,19850121,21
ETo,0.0883,1985,19850126,26
ETo,0.0742,1985,19850131,31
ETo,0.1332,1985,19850205,36
ETo,0.1487,1985,19850210,41
ETo,0.1716,1985,19850215,46
ETo,0.1592,1985,19850220,51
ETo,0.1774,1985,19850225,56
ETo,0.1609,1985,19850302,61
ETo,0.2175,1985,19850307,66
ETo,0.274,1985,19850312,71
ETo,0.3249,1985,19850317,76
ETo,0.3444,1985,19850322,81
ETo,0.2898,1985,19850327,86
ETo,0.6229,1985,19850401,91
ETo,0.6999,1985,19850406,96
ETo,0.8354,1985,19850411,101
ETo,0.89,1985,19850416,106
ETo,0.5893,1985,19850421,111
ETo,0.9152,1985,19850426,116
ETo,1.1841,1985,19850501,121
ETo,0.9966,1985,19850506,126
ETo,0.7067,1985,19850511,131
ETo,0.9742,1985,19850516,136
ETo,1.0572,1985,19850521,141
ETo,0.9381,1985,19850526,146
ETo,0.8501,1985,19850531,151
ETo,1.2352,1985,19850605,156
ETo,1.2395,1985,19850610,161
ETo,1.3542,1985,19850615,166
ETo,1.5018,1985,19850620,171
ETo,1.1364,1985,19850625,176
ETo,1.3613,1985,19850630,181
ETo,1.3659,1985,19850705,186
ETo,1.2525,1985,19850710,191
ETo,1.2966,1985,19850715,196
ETo,1.1036,1985,19850720,201
ETo,1.1955,1985,19850725,206
ETo,1.1401,1985,19850730,211
ETo,1.366,1985,19850804,216
ETo,1.1232,1985,19850809,221
ETo,1.2321,1985,19850814,226
ETo,1.1922,1985,19850819,231
ETo,1.2643,1985,19850824,236
ETo,1.0564,1985,19850829,241
ETo,0.8933,1985,19850903,246
ETo,0.7221,1985,19850908,251
ETo,0.7505,1985,19850913,256
ETo,0.5458,1985,19850918,261
ETo,0.7068,1985,19850923,266
ETo,0.5481,1985,19850928,271
ETo,0.6186,1985,19851003,276
ETo,0.334,1985,19851008,281
ETo,0.4961,1985,19851013,286
ETo,0.5574,1985,19851018,291
ETo,0.3681,1985,19851023,296
ETo,0.4185,1985,19851028,301
ETo,0.4191,1985,19851102,306
ETo,0.2106,1985,19851107,311
ETo,0.0722,1985,19851112,316
ETo,0.0737,1985,19851117,321
ETo,0.0748,1985,19851122,326
ETo,0.061,1985,19851127,331
ETo,0.0623,1985,19851202,336
ETo,0.0408,1985,19851207,341
ETo,0.0379,1985,19851212,346
ETo,0.0528,1985,19851217,351
ETo,0.0461,1985,19851222,356
ETo,0.0365,1985,19851227,361
ETo,0.0737,1986,19860101,1
ETo,0.0961,1986,19860106,6
ETo,0.1379,1986,19860111,11
ETo,0.1044,1986,19860116,16
ETo,0.1106,1986,19860121,21
ETo,0.1586,1986,19860126,26
ETo,0.1708,1986,19860131,31
ETo,0.1363,1986,19860205,36
ETo,0.1524,1986,19860210,41
ETo,0.2637,1986,19860215,46
ETo,0.2842,1986,19860220,51
ETo,0.4439,1986,19860225,56
ETo,0.4116,1986,19860302,61
ETo,0.3705,1986,19860307,66
ETo,0.3142,1986,19860312,71
ETo,0.4115,1986,19860317,76
ETo,0.5844,1986,19860322,81
ETo,0.8134,1986,19860327,86
ETo,0.5138,1986,19860401,91
ETo,0.5497,1986,19860406,96
ETo,0.5284,1986,19860411,101
ETo,0.6271,1986,19860416,106
ETo,0.7733,1986,19860421,111
ETo,0.53,1986,19860426,116
ETo,1.0437,1986,19860501,121
ETo,0.5722,1986,19860506,126
ETo,0.6713,1986,19860511,131
ETo,1.0138,1986,19860516,136
ETo,0.8888,1986,19860521,141
ETo,1.1972,1986,19860526,146
ETo,1.167,1986,19860531,151
ETo,0.937,1986,19860605,156
ETo,1.1688,1986,19860610,161
ETo,1.3848,1986,19860615,166
ETo,1.1778,1986,19860620,171
ETo,1.5051,1986,19860625,176
ETo,1.3923,1986,19860630,181
ETo,1.0926,1986,19860705,186
ETo,1.1888,1986,19860710,191
ETo,1.249,1986,19860715,196
ETo,1.2259,1986,19860720,201
ETo,1.1869,1986,19860725,206
ETo,1.2079,1986,19860730,211
ETo,1.2282,1986,19860804,216
ETo,1.2167,1986,19860809,221
ETo,1.2242,1986,19860814,226
ETo,1.0082,1986,19860819,231
ETo,1.0267,1986,19860824,236
ETo,0.8483,1986,19860829,241
ETo,0.8901,1986,19860903,246
ETo,0.7569,1986,19860908,251
ETo,0.765,1986,19860913,256
ETo,0.4492,1986,19860918,261
ETo,0.4493,1986,19860923,266
ETo,0.3456,1986,19860928,271
ETo,0.4813,1986,19861003,276
ETo,0.5423,1986,19861008,281
ETo,0.5196,1986,19861013,286
ETo,0.3045,1986,19861018,291
ETo,0.4069,1986,19861023,296
ETo,0.3098,1986,19861028,301
ETo,0.3211,1986,19861102,306
ETo,0.0931,1986,19861107,311
ETo,0.223,1986,19861112,316
ETo,0.2905,1986,19861117,321
ETo,0.1858,1986,19861122,326
ETo,0.2815,1986,19861127,331
ETo,0.1878,1986,19861202,336
ETo,0.0668,1986,19861207,341
ETo,0.1374,1986,19861212,346
ETo,0.1062,1986,19861217,351
ETo,0.0941,1986,19861222,356
ETo,0.0843,1986,19861227,361
ETo,0.1189,1987,19870101,1
ETo,0.0658,1987,19870106,6
ETo,0.1032,1987,19870111,11
ETo,0.0748,1987,19870116,16
ETo,0.1095,1987,19870121,21
ETo,0.23,1987,19870126,26
ETo,0.1969,1987,19870131,31
ETo,0.2513,1987,19870205,36
ETo,0.2517,1987,19870210,41
ETo,0.1887,1987,19870215,46
ETo,0.1866,1987,19870220,51
ETo,0.203,1987,19870225,56
ETo,0.502,1987,19870302,61
ETo,0.3623,1987,19870307,66
ETo,0.4037,1987,19870312,71
ETo,0.3992,1987,19870317,76
ETo,0.4741,1987,19870322,81
ETo,0.4647,1987,19870327,86
ETo,0.7511,1987,19870401,91
ETo,0.7802,1987,19870406,96
ETo,0.8206,1987,19870411,101
ETo,0.8959,1987,19870416,106
ETo,1.0595,1987,19870421,111
ETo,1.037,1987,19870426,116
ETo,0.8305,1987,19870501,121
ETo,1.1115,1987,19870506,126
ETo,1.1241,1987,19870511,131
ETo,0.561,1987,19870516,136
ETo,0.8001,1987,19870521,141
ETo,0.8413,1987,19870526,146
ETo,1.0611,1987,19870531,151
ETo,1.0189,1987,19870605,156
ETo,1.2209,1987,19870610,161
ETo,1.2903,1987,19870615,166
ETo,1.233,1987,19870620,171
ETo,1.2168,1987,19870625,176
ETo,1.1755,1987,19870630,181
ETo,1.218,1987,19870705,186
ETo,1.0141,1987,19870710,191
ETo,1.2656,1987,19870715,196
ETo,1.0681,1987,19870720,201
ETo,1.2735,1987,19870725,206
ETo,1.3773,1987,19870730,211
ETo,1.2657,1987,19870804,216
ETo,1.2834,1987,19870809,221
ETo,1.04,1987,19870814,226
ETo,1.1209,1987,19870819,231
ETo,0.9474,1987,19870824,236
ETo,1.131,1987,19870829,241
ETo,0.9499,1987,19870903,246
ETo,0.9787,1987,19870908,251
ETo,0.9186,1987,19870913,256
ETo,0.8155,1987,19870918,261
ETo,0.7968,1987,19870923,266
ETo,0.6063,1987,19870928,271
ETo,0.7904,1987,19871003,276
ETo,0.6851,1987,19871008,281
ETo,0.5084,1987,19871013,286
ETo,0.4634,1987,19871018,291
ETo,0.3688,1987,19871023,296
ETo,0.2842,1987,19871028,301
ETo,0.2403,1987,19871102,306
ETo,0.2098,1987,19871107,311
ETo,0.1661,1987,19871112,316
ETo,0.1953,1987,19871117,321
ETo,0.1435,1987,19871122,326
ETo,0.1375,1987,19871127,331
ETo,0.2764,1987,19871202,336
ETo,0.2097,1987,19871207,341
ETo,0.133,1987,19871212,346
ETo,0.066,1987,19871217,351
ETo,0.0626,1987,19871222,356
ETo,0.0622,1987,19871227,361
ETo,0.076,1988,19880101,1
ETo,0.0761,1988,19880106,6
ETo,0.1528,1988,19880111,11
ETo,0.1019,1988,19880116,16
ETo,0.1034,1988,19880121,21
ETo,0.1735,1988,19880126,26
ETo,0.1553,1988,19880131,31
ETo,0.169,1988,19880205,36
ETo,0.2722,1988,19880210,41
ETo,0.3269,1988,19880215,46
ETo,0.2507,1988,19880220,51
ETo,0.2882,1988,19880225,56
ETo,0.3167,1988,19880301,61
ETo,0.3301,1988,19880306,66
ETo,0.3151,1988,19880311,71
ETo,0.5157,1988,19880316,76
ETo,0.55,1988,19880321,81
ETo,0.5106,1988,19880326,86
ETo,0.5471,1988,19880331,91
ETo,0.6798,1988,19880405,96
ETo,0.9172,1988,19880410,101
ETo,0.7584,1988,19880415,106
ETo,0.6713,1988,19880420,111
ETo,0.7947,1988,19880425,116
ETo,0.682,1988,19880430,121
ETo,0.7419,1988,19880505,126
ETo,1.0244,1988,19880510,131
ETo,1.0396,1988,19880515,136
ETo,1.1383,1988,19880520,141
ETo,1.1612,1988,19880525,146
ETo,0.7682,1988,19880530,151
ETo,1.4293,1988,19880604,156
ETo,1.2431,1988,19880609,161
ETo,1.412,1988,19880614,166
ETo,1.5244,1988,19880619,171
ETo,1.3895,1988,19880624,176
ETo,1.3653,1988,19880629,181
ETo,1.4169,1988,19880704,186
ETo,1.5047,1988,19880709,191
ETo,1.5439,1988,19880714,196
ETo,1.506,1988,19880719,201
ETo,1.4051,1988,19880724,206
ETo,1.5147,1988,19880729,211
ETo,1.1796,1988,19880803,216
ETo,1.2697,1988,19880808,221
ETo,1.376,1988,19880813,226
ETo,1.3567,1988,19880818,231
ETo,1.158,1988,19880823,236
ETo,1.1353,1988,19880828,241
ETo,1.1741,1988,19880902,246
ETo,1.0659,1988,19880907,251
ETo,0.7657,1988,19880912,256
ETo,0.6317,1988,19880917,261
ETo,0.8617,1988,19880922,266
ETo,0.6317,1988,19880927,271
ETo,0.6823,1988,19881002,276
ETo,0.6792,1988,19881007,281
ETo,0.6596,1988,19881012,286
ETo,0.4832,1988,19881017,291
ETo,0.5636,1988,19881022,296
ETo,0.4578,1988,19881027,301
ETo,0.3245,1988,19881101,306
ETo,0.2561,1988,19881106,311
ETo,0.1308,1988,19881111,316
ETo,0.1002,1988,19881116,321
ETo,0.1491,1988,19881121,326
ETo,0.0538,1988,19881126,331
ETo,0.1138,1988,19881201,336
ETo,0.0604,1988,19881206,341
ETo,0.0869,1988,19881211,346
ETo,0.0967,1988,19881216,351
ETo,0.0671,1988,19881221,356
ETo,0.0493,1988,19881226,361
ETo,0.0118,1988,19881231,366
ETo,0.083,1989,19890101,1
ETo,0.0569,1989,19890106,6
ETo,0.0707,1989,19890111,11
ETo,0.1231,1989,19890116,16
ETo,0.0988,1989,19890121,21
ETo,0.0921,1989,19890126,26
ETo,0.1276,1989,19890131,31
ETo,0.0954,1989,19890205,36
ETo,0.1288,1989,19890210,41
ETo,0.1686,1989,19890215,46
ETo,0.2465,1989,19890220,51
ETo,0.2863,1989,19890225,56
ETo,0.2247,1989,19890302,61
ETo,0.4477,1989,19890307,66
ETo,0.3467,1989,19890312,71
ETo,0.3451,1989,19890317,76
ETo,0.4467,1989,19890322,81
ETo,0.4539,1989,19890327,86
ETo,0.4893,1989,19890401,91
ETo,0.7655,1989,19890406,96
ETo,0.7515,1989,19890411,101
ETo,0.9279,1989,19890416,106
ETo,0.9447,1989,19890421,111
ETo,0.6412,1989,19890426,116
ETo,0.8711,1989,19890501,121
ETo,1.0635,1989,19890506,126
ETo,0.6961,1989,19890511,131
ETo,0.8528,1989,19890516,136
ETo,0.9635,1989,19890521,141
ETo,0.9502,1989,19890526,146
ETo,0.8772,1989,19890531,151
ETo,1.07,1989,19890605,156
ETo,1.1172,1989,19890610,161
ETo,1.3792,1989,19890615,166
ETo,0.8956,1989,19890620,171
ETo,1.395,1989,19890625,176
ETo,1.4441,1989,19890630,181
ETo,1.5678,1989,19890705,186
ETo,1.251,1989,19890710,191
ETo,1.3095,1989,19890715,196
ETo,1.2878,1989,19890720,201
ETo,1.3246,1989,19890725,206
ETo,1.4042,1989,19890730,211
ETo,1.1831,1989,19890804,216
ETo,1.0324,1989,19890809,221
ETo,1.1682,1989,19890814,226
ETo,1.0148,1989,19890819,231
ETo,0.7753,1989,19890824,236
ETo,1.1484,1989,19890829,241
ETo,1.0101,1989,19890903,246
ETo,0.7687,1989,19890908,251
ETo,0.9567,1989,19890913,256
ETo,0.6518,1989,19890918,261
ETo,0.853,1989,19890923,266
ETo,0.6908,1989,19890928,271
ETo,0.3787,1989,19891003,276
ETo,0.7044,1989,19891008,281
ETo,0.5028,1989,19891013,286
ETo,0.5987,1989,19891018,291
ETo,0.3299,1989,19891023,296
ETo,0.1844,1989,19891028,301
ETo,0.2785,1989,19891102,306
ETo,0.3551,1989,19891107,311
ETo,0.3398,1989,19891112,316
ETo,0.2188,1989,19891117,321
ETo,0.1778,1989,19891122,326
ETo,0.1211,1989,19891127,331
ETo,0.1585,1989,19891202,336
ETo,0.1888,1989,19891207,341
ETo,0.112,1989,19891212,346
ETo,0.0978,1989,19891217,351
ETo,0.0849,1989,19891222,356
ETo,0.0831,1989,19891227,361
ETo,0.0783,1990,19900101,1
ETo,0.1713,1990,19900106,6
ETo,0.1716,1990,19900111,11
ETo,0.1162,1990,19900116,16
ETo,0.1755,1990,19900121,21
ETo,0.289,1990,19900126,26
ETo,0.1951,1990,19900131,31
ETo,0.2236,1990,19900205,36
ETo,0.2556,1990,19900210,41
ETo,0.2229,1990,19900215,46
ETo,0.2466,1990,19900220,51
ETo,0.2352,1990,19900225,56
ETo,0.2556,1990,19900302,61
ETo,0.4063,1990,19900307,66
ETo,0.3619,1990,19900312,71
ETo,0.5837,1990,19900317,76
ETo,0.5588,1990,19900322,81
ETo,0.5534,1990,19900327,86
ETo,0.7553,1990,19900401,91
ETo,0.6243,1990,19900406,96
ETo,0.8154,1990,19900411,101
ETo,0.8637,1990,19900416,106
ETo,0.6446,1990,19900421,111
ETo,0.4543,1990,19900426,116
ETo,0.7879,1990,19900501,121
ETo,0.9322,1990,19900506,126
ETo,0.8673,1990,19900511,131
ETo,0.9482,1990,19900516,136
ETo,0.9089,1990,19900521,141
ETo,0.7468,1990,19900526,146
ETo,0.8729,1990,19900531,151
ETo,1.0742,1990,19900605,156
ETo,0.8662,1990,19900610,161
ETo,1.0654,1990,19900615,166
ETo,1.3948,1990,19900620,171
ETo,1.5845,1990,19900625,176
ETo,1.4255,1990,19900630,181
ETo,1.3749,1990,19900705,186
ETo,1.3133,1990,19900710,191
ETo,1.4023,1990,19900715,196
ETo,1.2284,1990,19900720,201
ETo,1.1434,1990,19900725,206
ETo,1.3308,1990,19900730,211
ETo,1.1745,1990,19900804,216
ETo,1.0894,1990,19900809,221
ETo,1.0365,1990,19900814,226
ETo,0.9195,1990,19900819,231
ETo,1.042,1990,19900824,236
ETo,1.1582,1990,19900829,241
ETo,0.9272,1990,19900903,246
ETo,1.0657,1990,19900908,251
ETo,1.0994,1990,19900913,256
ETo,0.6485,1990,19900918,261
ETo,0.7312,1990,19900923,266
ETo,0.8028,1990,19900928,271
ETo,0.6269,1990,19901003,276
ETo,0.5903,1990,19901008,281
ETo,0.5009,1990,19901013,286
ETo,0.4436,1990,19901018,291
ETo,0.4887,1990,19901023,296
ETo,0.5422,1990,19901028,301
ETo,0.221,1990,19901102,306
ETo,0.2441,1990,19901107,311
ETo,0.392,1990,19901112,316
ETo,0.1756,1990,19901117,321
ETo,0.2797,1990,19901122,326
ETo,0.1573,1990,19901127,331
ETo,0.2061,1990,19901202,336
ETo,0.2556,1990,19901207,341
ETo,0.0776,1990,19901212,346
ETo,0.0538,1990,19901217,351
ETo,0.0283,1990,19901222,356
ETo,0.0592,1990,19901227,361
ETo,0.0992,1991,19910101,1
ETo,0.0881,1991,19910106,6
ETo,0.1223,1991,19910111,11
ETo,0.1207,1991,19910116,16
ETo,0.1186,1991,19910121,21
ETo,0.1598,1991,19910126,26
ETo,0.1934,1991,19910131,31
ETo,0.211,1991,19910205,36
ETo,0.2568,1991,19910210,41
ETo,0.2744,1991,19910215,46
ETo,0.4086,1991,19910220,51
ETo,0.3664,1991,19910225,56
ETo,0.3364,1991,19910302,61
ETo,0.3544,1991,19910307,66
ETo,0.3162,1991,19910312,71
ETo,0.4559,1991,19910317,76
ETo,0.4916,1991,19910322,81
ETo,0.5691,1991,19910327,86
ETo,0.7943,1991,19910401,91
ETo,0.5585,1991,19910406,96
ETo,0.5231,1991,19910411,101
ETo,0.5397,1991,19910416,106
ETo,0.6158,1991,19910421,111
ETo,0.558,1991,19910426,116
ETo,0.647,1991,19910501,121
ETo,0.4716,1991,19910506,126
ETo,0.6919,1991,19910511,131
ETo,0.9054,1991,19910516,136
ETo,1.0155,1991,19910521,141
ETo,0.8469,1991,19910526,146
ETo,0.8903,1991,19910531,151
ETo,0.9486,1991,19910605,156
ETo,1.2644,1991,19910610,161
ETo,1.2499,1991,19910615,166
ETo,1.2249,1991,19910620,171
ETo,1.0758,1991,19910625,176
ETo,1.1484,1991,19910630,181
ETo,1.3783,1991,19910705,186
ETo,1.3907,1991,19910710,191
ETo,1.4477,1991,19910715,196
ETo,1.1141,1991,19910720,201
ETo,1.3167,1991,19910725,206
ETo,1.2135,1991,19910730,211
ETo,1.2139,1991,19910804,216
ETo,1.2973,1991,19910809,221
ETo,1.0248,1991,19910814,226
ETo,1.1217,1991,19910819,231
ETo,1.2,1991,19910824,236
ETo,1.1562,1991,19910829,241
ETo,0.9374,1991,19910903,246
ETo,0.608,1991,19910908,251
ETo,0.7059,1991,19910913,256
ETo,0.7784,1991,19910918,261
ETo,0.6849,1991,19910923,266
ETo,0.7187,1991,19910928,271
ETo,0.6856,1991,19911003,276
ETo,0.6199,1991,19911008,281
ETo,0.766,1991,19911013,286
ETo,0.5051,1991,19911018,291
ETo,0.26,1991,19911023,296
ETo,0.1184,1991,19911028,301
ETo,0.1095,1991,19911102,306
ETo,0.1819,1991,19911107,311
ETo,0.176,1991,19911112,316
ETo,0.1941,1991,19911117,321
ETo,0.1329,1991,19911122,326
ETo,0.1268,1991,19911127,331
ETo,0.1299,1991,19911202,336
ETo,0.1378,1991,19911207,341
ETo,0.1513,1991,19911212,346
ETo,0.1454,1991,19911217,351
ETo,0.1084,1991,19911222,356
ETo,0.1193,1991,19911227,361
ETo,0.1234,1992,19920101,1
ETo,0.1183,1992,19920106,6
ETo,0.0832,1992,19920111,11
ETo,0.1126,1992,19920116,16
ETo,0.1639,1992,19920121,21
ETo,0.2644,1992,19920126,26
ETo,0.2852,1992,19920131,31
ETo,0.2525,1992,19920205,36
ETo,0.2082,1992,19920210,41
ETo,0.2562,1992,19920215,46
ETo,0.2987,1992,19920220,51
ETo,0.3619,1992,19920225,56
ETo,0.4604,1992,19920301,61
ETo,0.3821,1992,19920306,66
ETo,0.5498,1992,19920311,71
ETo,0.4802,1992,19920316,76
ETo,0.4944,1992,19920321,81
ETo,0.5358,1992,19920326,86
ETo,0.7947,1992,19920331,91
ETo,0.7142,1992,19920405,96
ETo,0.762,1992,19920410,101
ETo,0.6821,1992,19920415,106
ETo,0.6437,1992,19920420,111
ETo,1.1408,1992,19920425,116
ETo,0.9249,1992,19920430,121
ETo,1.0553,1992,19920505,126
ETo,0.9485,1992,19920510,131
ETo,1.2728,1992,19920515,136
ETo,1.0014,1992,19920520,141
ETo,1.0958,1992,19920525,146
ETo,1.1825,1992,19920530,151
ETo,1.1371,1992,19920604,156
ETo,1.2897,1992,19920609,161
ETo,0.6493,1992,19920614,166
ETo,1.2026,1992,19920619,171
ETo,1.1399,1992,19920624,176
ETo,0.9605,1992,19920629,181
ETo,1.3705,1992,19920704,186
ETo,1.1841,1992,19920709,191
ETo,1.3211,1992,19920714,196
ETo,1.3041,1992,19920719,201
ETo,1.3257,1992,19920724,206
ETo,1.4046,1992,19920729,211
ETo,1.4806,1992,19920803,216
ETo,1.3391,1992,19920808,221
ETo,1.0414,1992,19920813,226
ETo,1.2707,1992,19920818,231
ETo,0.9567,1992,19920823,236
ETo,1.0341,1992,19920828,241
ETo,0.9076,1992,19920902,246
ETo,0.8478,1992,19920907,251
ETo,1.001,1992,19920912,256
ETo,0.9324,1992,19920917,261
ETo,0.8955,1992,19920922,266
ETo,0.8981,1992,19920927,271
ETo,0.5804,1992,19921002,276
ETo,0.544,1992,19921007,281
ETo,0.621,1992,19921012,286
ETo,0.6067,1992,19921017,291
ETo,0.4361,1992,19921022,296
ETo,0.2704,1992,19921027,301
ETo,0.2051,1992,19921101,306
ETo,0.2037,1992,19921106,311
ETo,0.1597,1992,19921111,316
ETo,0.1449,1992,19921116,321
ETo,0.0588,1992,19921121,326
ETo,0.0673,1992,19921126,331
ETo,0.0761,1992,19921201,336
ETo,0.0886,1992,19921206,341
ETo,0.0747,1992,19921211,346
ETo,0.0709,1992,19921216,351
ETo,0.1069,1992,19921221,356
ETo,0.1402,1992,19921226,361
ETo,0.0379,1992,19921231,366
ETo,0.0931,1993,19930101,1
ETo,0.067,1993,19930106,6
ETo,0.0725,1993,19930111,11
ETo,0.0914,1993,19930116,16
ETo,0.1259,1993,19930121,21
ETo,0.1231,1993,19930126,26
ETo,0.1296,1993,19930131,31
ETo,0.1506,1993,19930205,36
ETo,0.1389,1993,19930210,41
ETo,0.1491,1993,19930215,46
ETo,0.184,1993,19930220,51
ETo,0.1761,1993,19930225,56
ETo,0.2152,1993,19930302,61
ETo,0.2201,1993,19930307,66
ETo,0.2291,1993,19930312,71
ETo,0.4034,1993,19930317,76
ETo,0.5599,1993,19930322,81
ETo,0.5322,1993,19930327,86
ETo,0.4688,1993,19930401,91
ETo,0.5064,1993,19930406,96
ETo,0.4529,1993,19930411,101
ETo,0.6183,1993,19930416,106
ETo,0.6892,1993,19930421,111
ETo,0.6885,1993,19930426,116
ETo,0.6029,1993,19930501,121
ETo,0.7336,1993,19930506,126
ETo,1.1545,1993,19930511,131
ETo,0.997,1993,19930516,136
ETo,1.0519,1993,19930521,141
ETo,1.1993,1993,19930526,146
ETo,0.7719,1993,19930531,151
ETo,0.6419,1993,19930605,156
ETo,0.9709,1993,19930610,161
ETo,1.0485,1993,19930615,166
ETo,1.0819,1993,19930620,171
ETo,1.1638,1993,19930625,176
ETo,0.9907,1993,19930630,181
ETo,1.1302,1993,19930705,186
ETo,1.248,1993,19930710,191
ETo,1.1434,1993,19930715,196
ETo,0.8362,1993,19930720,201
ETo,1.1287,1993,19930725,206
ETo,1.1912,1993,19930730,211
ETo,1.1436,1993,19930804,216
ETo,1.1161,1993,19930809,221
ETo,0.9885,1993,19930814,226
ETo,1.06,1993,19930819,231
ETo,1.0152,1993,19930824,236
ETo,0.9464,1993,19930829,241
ETo,0.9558,1993,19930903,246
ETo,1.0812,1993,19930908,251
ETo,0.6853,1993,19930913,256
ETo,0.6613,1993,19930918,261
ETo,0.758,1993,19930923,266
ETo,0.8296,1993,19930928,271
ETo,0.687,1993,19931003,276
ETo,0.2785,1993,19931008,281
ETo,0.31,1993,19931013,286
ETo,0.3627,1993,19931018,291
ETo,0.4281,1993,19931023,296
ETo,0.3622,1993,19931028,301
ETo,0.3501,1993,19931102,306
ETo,0.3002,1993,19931107,311
ETo,0.2684,1993,19931112,316
ETo,0.2652,1993,19931117,321
ETo,0.1179,1993,19931122,326
ETo,0.1271,1993,19931127,331
ETo,0.1377,1993,19931202,336
ETo,0.2182,1993,19931207,341
ETo,0.1342,1993,19931212,346
ETo,0.0834,1993,19931217,351
ETo,0.0742,1993,19931222,356
ETo,0.0631,1993,19931227,361
ETo,0.1603,1994,19940101,1
ETo,0.1557,1994,19940106,6
ETo,0.1214,1994,19940111,11
ETo,0.1336,1994,19940116,16
ETo,0.201,1994,19940121,21
ETo,0.1541,1994,19940126,26
ETo,0.1734,1994,19940131,31
ETo,0.173,1994,19940205,36
ETo,0.1807,1994,19940210,41
ETo,0.2773,1994,19940215,46
ETo,0.2503,1994,19940220,51
ETo,0.2994,1994,19940225,56
ETo,0.4113,1994,19940302,61
ETo,0.4197,1994,19940307,66
ETo,0.7151,1994,19940312,71
ETo,0.6269,1994,19940317,76
ETo,0.5058,1994,19940322,81
ETo,0.6715,1994,19940327,86
ETo,0.5212,1994,19940401,91
ETo,0.4494,1994,19940406,96
ETo,0.7102,1994,19940411,101
ETo,0.9309,1994,19940416,106
ETo,0.9057,1994,19940421,111
ETo,0.54,1994,19940426,116
ETo,0.7618,1994,19940501,121
ETo,0.9984,1994,19940506,126
ETo,1.079,1994,19940511,131
ETo,0.8261,1994,19940516,136
ETo,1.0722,1994,19940521,141
ETo,1.1095,1994,19940526,146
ETo,1.041,1994,19940531,151
ETo,1.0743,1994,19940605,156
ETo,1.2381,1994,19940610,161
ETo,1.1758,1994,19940615,166
ETo,1.4885,1994,19940620,171
ETo,1.5142,1994,19940625,176
ETo,1.501,1994,19940630,181
ETo,1.2026,1994,19940705,186
ETo,1.4719,1994,19940710,191
ETo,1.4469,1994,19940715,196
ETo,1.252,1994,19940720,201
ETo,1.2881,1994,19940725,206
ETo,1.1528,1994,19940730,211
ETo,1.4613,1994,19940804,216
ETo,1.1425,1994,19940809,221
ETo,1.3324,1994,19940814,226
ETo,1.238,1994,19940819,231
ETo,1.1832,1994,19940824,236
ETo,1.1625,1994,19940829,241
ETo,1.0327,1994,19940903,246
ETo,1.0817,1994,19940908,251
ETo,0.7728,1994,19940913,256
ETo,0.7567,1994,19940918,261
ETo,0.8591,1994,19940923,266
ETo,0.5088,1994,19940928,271
ETo,0.3348,1994,19941003,276
ETo,0.577,1994,19941008,281
ETo,0.3303,1994,19941013,286
ETo,0.3907,1994,19941018,291
ETo,0.4246,1994,19941023,296
ETo,0.386,1994,19941028,301
ETo,0.183,1994,19941102,306
ETo,0.2371,1994,19941107,311
ETo,0.1835,1994,19941112,316
ETo,0.0551,1994,19941117,321
ETo,0.1001,1994,19941122,326
ETo,0.0807,1994,19941127,331
ETo,0.1023,1994,19941202,336
ETo,0.0743,1994,19941207,341
ETo,0.0605,1994,19941212,346
ETo,0.1116,1994,19941217,351
ETo,0.0922,1994,19941222,356
ETo,0.0957,1994,19941227,361
ETo,0.0878,1995,19950101,1
ETo,0.1307,1995,19950106,6
ETo,0.1707,1995,19950111,11
ETo,0.1277,1995,19950116,16
ETo,0.1805,1995,19950121,21
ETo,0.1427,1995,19950126,26
ETo,0.1519,1995,19950131,31
ETo,0.2459,1995,19950205,36
ETo,0.134,1995,19950210,41
ETo,0.2346,1995,19950215,46
ETo,0.3793,1995,19950220,51
ETo,0.3872,1995,19950225,56
ETo,0.2868,1995,19950302,61
ETo,0.3913,1995,19950307,66
ETo,0.4101,1995,19950312,71
ETo,0.4158,1995,19950317,76
ETo,0.3593,1995,19950322,81
ETo,0.3916,1995,19950327,86
ETo,0.6351,1995,19950401,91
ETo,0.5162,1995,19950406,96
ETo,0.584,1995,19950411,101
ETo,0.5086,1995,19950416,106
ETo,0.6248,1995,19950421,111
ETo,0.6262,1995,19950426,116
ETo,0.544,1995,19950501,121
ETo,0.6208,1995,19950506,126
ETo,0.6645,1995,19950511,131
ETo,0.8603,1995,19950516,136
ETo,0.7501,1995,19950521,141
ETo,0.8275,1995,19950526,146
ETo,0.7581,1995,19950531,151
ETo,0.5935,1995,19950605,156
ETo,1.1241,1995,19950610,161
ETo,0.9994,1995,19950615,166
ETo,0.7786,1995,19950620,171
ETo,1.1197,1995,19950625,176
ETo,1.0001,1995,19950630,181
ETo,1.3531,1995,19950705,186
ETo,1.2292,1995,19950710,191
ETo,1.1219,1995,19950715,196
ETo,1.2219,1995,19950720,201
ETo,1.5193,1995,19950725,206
ETo,1.1896,1995,19950730,211
ETo,1.3721,1995,19950804,216
ETo,1.2692,1995,19950809,221
ETo,1.1933,1995,19950814,226
ETo,1.0646,1995,19950819,231
ETo,1.1934,1995,19950824,236
ETo,1.1525,1995,19950829,241
ETo,0.9695,1995,19950903,246
ETo,0.8131,1995,19950908,251
ETo,0.9214,1995,19950913,256
ETo,0.6701,1995,19950918,261
ETo,0.6467,1995,19950923,266
ETo,0.5712,1995,19950928,271
ETo,0.5152,1995,19951003,276
ETo,0.752,1995,19951008,281
ETo,0.5747,1995,19951013,286
ETo,0.492,1995,19951018,291
ETo,0.4202,1995,19951023,296
ETo,0.3582,1995,19951028,301
ETo,0.2518,1995,19951102,306
ETo,0.2799,1995,19951107,311
ETo,0.2416,1995,19951112,316
ETo,0.2689,1995,19951117,321
ETo,0.2476,1995,19951122,326
ETo,0.2185,1995,19951127,331
ETo,0.2227,1995,19951202,336
ETo,0.1422,1995,19951207,341
ETo,0.1677,1995,19951212,346
ETo,0.0712,1995,19951217,351
ETo,0.0906,1995,19951222,356
ETo,0.0608,1995,19951227,361
ETo,0.0956,1996,19960101,1
ETo,0.1309,1996,19960106,6
ETo,0.1427,1996,19960111,11
ETo,0.1103,1996,19960116,16
ETo,0.1113,1996,19960121,21
ETo,0.1333,1996,19960126,26
ETo,0.1136,1996,19960131,31
ETo,0.253,1996,19960205,36
ETo,0.2145,1996,19960210,41
ETo,0.2758,1996,19960215,46
ETo,0.3295,1996,19960220,51
ETo,0.2114,1996,19960225,56
ETo,0.2783,1996,19960301,61
ETo,0.3402,1996,19960306,66
ETo,0.4857,1996,19960311,71
ETo,0.5894,1996,19960316,76
ETo,0.4978,1996,19960321,81
ETo,0.4336,1996,19960326,86
ETo,0.5539,1996,19960331,91
ETo,0.783,1996,19960405,96
ETo,0.6915,1996,19960410,101
ETo,0.6973,1996,19960415,106
ETo,0.5192,1996,19960420,111
ETo,0.6639,1996,19960425,116
ETo,0.7263,1996,19960430,121
ETo,0.7911,1996,19960505,126
ETo,0.9667,1996,19960510,131
ETo,0.6312,1996,19960515,136
ETo,0.74,1996,19960520,141
ETo,0.6583,1996,19960525,146
ETo,0.977,1996,19960530,151
ETo,1.2624,1996,19960604,156
ETo,1.2309,1996,19960609,161
ETo,1.3428,1996,19960614,166
ETo,1.088,1996,19960619,171
ETo,1.192,1996,19960624,176
ETo,1.2963,1996,19960629,181
ETo,1.2819,1996,19960704,186
ETo,1.3526,1996,19960709,191
ETo,1.2272,1996,19960714,196
ETo,1.3125,1996,19960719,201
ETo,1.2489,1996,19960724,206
ETo,1.1933,1996,19960729,211
ETo,1.11,1996,19960803,216
ETo,1.2456,1996,19960808,221
ETo,1.1126,1996,19960813,226
ETo,1.1279,1996,19960818,231
ETo,1.1284,1996,19960823,236
ETo,1.1243,1996,19960828,241
ETo,1.042,1996,19960902,246
ETo,0.942,1996,19960907,251
ETo,0.7657,1996,19960912,256
ETo,0.5135,1996,19960917,261
ETo,0.6263,1996,19960922,266
ETo,0.794,1996,19960927,271
ETo,0.7388,1996,19961002,276
ETo,0.7016,1996,19961007,281
ETo,0.5883,1996,19961012,286
ETo,0.3649,1996,19961017,291
ETo,0.1826,1996,19961022,296
ETo,0.1656,1996,19961027,301
ETo,0.2734,1996,19961101,306
ETo,0.2206,1996,19961106,311
ETo,0.246,1996,19961111,316
ETo,0.1601,1996,19961116,321
ETo,0.1628,1996,19961121,326
ETo,0.0823,1996,19961126,331
ETo,0.1067,1996,19961201,336
ETo,0.1336,1996,19961206,341
ETo,0.1166,1996,19961211,346
ETo,0.0797,1996,19961216,351
ETo,0.0791,1996,19961221,356
ETo,0.1392,1996,19961226,361
ETo,0.0548,1996,19961231,366
ETo,0.1552,1997,19970101,1
ETo,0.0945,1997,19970106,6
ETo,0.0927,1997,19970111,11
ETo,0.1389,1997,19970116,16
ETo,0.1237,1997,19970121,21
ETo,0.1224,1997,19970126,26
ETo,0.1832,1997,19970131,31
ETo,0.1452,1997,19970205,36
ETo,0.1674,1997,19970210,41
ETo,0.2643,1997,19970215,46
ETo,0.2302,1997,19970220,51
ETo,0.2042,1997,19970225,56
ETo,0.2214,1997,19970302,61
ETo,0.3907,1997,19970307,66
ETo,0.4082,1997,19970312,71
ETo,0.6438,1997,19970317,76
ETo,0.5752,1997,19970322,81
ETo,0.5388,1997,19970327,86
ETo,0.3897,1997,19970401,91
ETo,0.431,1997,19970406,96
ETo,0.4906,1997,19970411,101
ETo,0.8367,1997,19970416,106
ETo,0.5954,1997,19970421,111
ETo,0.6707,1997,19970426,116
ETo,0.7765,1997,19970501,121
ETo,0.9226,1997,19970506,126
ETo,1.0243,1997,19970511,131
ETo,1.1068,1997,19970516,136
ETo,0.9,1997,19970521,141
ETo,0.7863,1997,19970526,146
ETo,1.0821,1997,19970531,151
ETo,0.8563,1997,19970605,156
ETo,0.753,1997,19970610,161
ETo,1.0748,1997,19970615,166
ETo,1.0988,1997,19970620,171
ETo,1.2527,1997,19970625,176
ETo,1.0003,1997,19970630,181
ETo,1.2613,1997,19970705,186
ETo,0.948,1997,19970710,191
ETo,1.2038,1997,19970715,196
ETo,1.1919,1997,19970720,201
ETo,1.1024,1997,19970725,206
ETo,1.1915,1997,19970730,211
ETo,1.0466,1997,19970804,216
ETo,0.8955,1997,19970809,221
ETo,1.1371,1997,19970814,226
ETo,1.1071,1997,19970819,231
ETo,1.2349,1997,19970824,236
ETo,1.0594,1997,19970829,241
ETo,0.8248,1997,19970903,246
ETo,0.8484,1997,19970908,251
ETo,0.9409,1997,19970913,256
ETo,0.3901,1997,19970918,261
ETo,0.7062,1997,19970923,266
ETo,0.7376,1997,19970928,271
ETo,0.641,1997,19971003,276
ETo,0.4042,1997,19971008,281
ETo,0.4235,1997,19971013,286
ETo,0.4351,1997,19971018,291
ETo,0.2747,1997,19971023,296
ETo,0.3453,1997,19971028,301
ETo,0.335,1997,19971102,306
ETo,0.256,1997,19971107,311
ETo,0.17,1997,19971112,316
ETo,0.1337,1997,19971117,321
ETo,0.1546,1997,19971122,326
ETo,0.0747,1997,19971127,331
ETo,0.101,1997,19971202,336
ETo,0.0741,1997,19971207,341
ETo,0.1079,1997,19971212,346
ETo,0.083,1997,19971217,351
ETo,0.0594,1997,19971222,356
ETo,0.0878,1997,19971227,361
ETo,0.137,1998,19980101,1
ETo,0.0862,1998,19980106,6
ETo,0.1024,1998,19980111,11
ETo,0.129,1998,19980116,16
ETo,0.1235,1998,19980121,21
ETo,0.1981,1998,19980126,26
ETo,0.1418,1998,19980131,31
ETo,0.1914,1998,19980205,36
ETo,0.1487,1998,19980210,41
ETo,0.1649,1998,19980215,46
ETo,0.2118,1998,19980220,51
ETo,0.1822,1998,19980225,56
ETo,0.2075,1998,19980302,61
ETo,0.2446,1998,19980307,66
ETo,0.4579,1998,19980312,71
ETo,0.4197,1998,19980317,76
ETo,0.4709,1998,19980322,81
ETo,0.3983,1998,19980327,86
ETo,0.4346,1998,19980401,91
ETo,0.4782,1998,19980406,96
ETo,0.5082,1998,19980411,101
ETo,0.5104,1998,19980416,106
ETo,0.836,1998,19980421,111
ETo,0.7756,1998,19980426,116
ETo,0.9157,1998,19980501,121
ETo,0.6894,1998,19980506,126
ETo,0.5703,1998,19980511,131
ETo,0.8267,1998,19980516,136
ETo,0.6892,1998,19980521,141
ETo,0.8217,1998,19980526,146
ETo,0.8216,1998,19980531,151
ETo,0.755,1998,19980605,156
ETo,0.8835,1998,19980610,161
ETo,0.7729,1998,19980615,166
ETo,0.9436,1998,19980620,171
ETo,0.9915,1998,19980625,176
ETo,1.304,1998,19980630,181
ETo,1.1963,1998,19980705,186
ETo,1.2913,1998,19980710,191
ETo,1.3592,1998,19980715,196
ETo,1.1512,1998,19980720,201
ETo,1.0289,1998,19980725,206
ETo,1.0675,1998,19980730,211
ETo,1.208,1998,19980804,216
ETo,1.1301,1998,19980809,221
ETo,1.1815,1998,19980814,226
ETo,1.2329,1998,19980819,231
ETo,0.9756,1998,19980824,236
ETo,1.0056,1998,19980829,241
ETo,0.9452,1998,19980903,246
ETo,0.7212,1998,19980908,251
ETo,0.8163,1998,19980913,256
ETo,0.6397,1998,19980918,261
ETo,0.5423,1998,19980923,266
ETo,0.5957,1998,19980928,271
ETo,0.4907,1998,19981003,276
ETo,0.581,1998,19981008,281
ETo,0.4785,1998,19981013,286
ETo,0.4215,1998,19981018,291
ETo,0.3536,1998,19981023,296
ETo,0.2345,1998,19981028,301
ETo,0.181,1998,19981102,306
ETo,0.1228,1998,19981107,311
ETo,0.2098,1998,19981112,316
ETo,0.2016,1998,19981117,321
ETo,0.2296,1998,19981122,326
ETo,0.2358,1998,19981127,331
ETo,0.1717,1998,19981202,336
ETo,0.0901,1998,19981207,341
ETo,0.1283,1998,19981212,346
ETo,0.0786,1998,19981217,351
ETo,0.0615,1998,19981222,356
ETo,0.1264,1998,19981227,361
ETo,0.0886,1999,19990101,1
ETo,0.1047,1999,19990106,6
ETo,0.1118,1999,19990111,11
ETo,0.1387,1999,19990116,16
ETo,0.1117,1999,19990121,21
ETo,0.1323,1999,19990126,26
ETo,0.1607,1999,19990131,31
ETo,0.1844,1999,19990205,36
ETo,0.2119,1999,19990210,41
ETo,0.1777,1999,19990215,46
ETo,0.2047,1999,19990220,51
ETo,0.2765,1999,19990225,56
ETo,0.2724,1999,19990302,61
ETo,0.2602,1999,19990307,66
ETo,0.4362,1999,19990312,71
ETo,0.6227,1999,19990317,76
ETo,0.5844,1999,19990322,81
ETo,0.4417,1999,19990327,86
ETo,0.3656,1999,19990401,91
ETo,0.4619,1999,19990406,96
ETo,0.6185,1999,19990411,101
ETo,0.7609,1999,19990416,106
ETo,0.5825,1999,19990421,111
ETo,0.5608,1999,19990426,116
ETo,0.5179,1999,19990501,121
ETo,0.7059,1999,19990506,126
ETo,0.6198,1999,19990511,131
ETo,0.8504,1999,19990516,136
ETo,1.0767,1999,19990521,141
ETo,1.02,1999,19990526,146
ETo,0.7502,1999,19990531,151
ETo,0.7527,1999,19990605,156
ETo,1.008,1999,19990610,161
ETo,1.2437,1999,19990615,166
ETo,1.2401,1999,19990620,171
ETo,1.1548,1999,19990625,176
ETo,1.2403,1999,19990630,181
ETo,1.2488,1999,19990705,186
ETo,1.2975,1999,19990710,191
ETo,1.2146,1999,19990715,196
ETo,1.4656,1999,19990720,201
ETo,1.3132,1999,19990725,206
ETo,1.2528,1999,19990730,211
ETo,1.0979,1999,19990804,216
ETo,1.0734,1999,19990809,221
ETo,1.1383,1999,19990814,226
ETo,1.0769,1999,19990819,231
ETo,1.0022,1999,19990824,236
ETo,0.9564,1999,19990829,241
ETo,0.9099,1999,19990903,246
ETo,0.894,1999,19990908,251
ETo,0.837,1999,19990913,256
ETo,0.7711,1999,19990918,261
ETo,0.8277,1999,19990923,266
ETo,0.6856,1999,19990928,271
ETo,0.6843,1999,19991003,276
ETo,0.7209,1999,19991008,281
ETo,0.6237,1999,19991013,286
ETo,0.4395,1999,19991018,291
ETo,0.604,1999,19991023,296
ETo,0.4086,1999,19991028,301
ETo,0.4689,1999,19991102,306
ETo,0.5368,1999,19991107,311
ETo,0.5038,1999,19991112,316
ETo,0.2618,1999,19991117,321
ETo,0.0832,1999,19991122,326
ETo,0.3062,1999,19991127,331
ETo,0.1284,1999,19991202,336
ETo,0.0902,1999,19991207,341
ETo,0.0854,1999,19991212,346
ETo,0.0914,1999,19991217,351
ETo,0.0788,1999,19991222,356
ETo,0.0625,1999,19991227,361
ETo,0.0472,2000,20000101,1
ETo,0.0619,2000,20000106,6
ETo,0.1613,2000,20000111,11
ETo,0.1538,2000,20000116,16
ETo,0.1336,2000,20000121,21
ETo,0.1508,2000,20000126,26
ETo,0.2085,2000,20000131,31
ETo,0.1943,2000,20000205,36
ETo,0.1709,2000,20000210,41
ETo,0.2506,2000,20000215,46
ETo,0.2687,2000,20000220,51
ETo,0.2685,2000,20000225,56
ETo,0.3556,2000,20000301,61
ETo,0.3051,2000,20000306,66
ETo,0.3996,2000,20000311,71
ETo,0.4205,2000,20000316,76
ETo,0.4903,2000,20000321,81
ETo,0.5354,2000,20000326,86
ETo,0.6938,2000,20000331,91
ETo,0.7379,2000,20000405,96
ETo,0.7592,2000,20000410,101
ETo,0.685,2000,20000415,106
ETo,0.7456,2000,20000420,111
ETo,0.8901,2000,20000425,116
ETo,1.0014,2000,20000430,121
ETo,0.6353,2000,20000505,126
ETo,0.713,2000,20000510,131
ETo,0.9302,2000,20000515,136
ETo,1.147,2000,20000520,141
ETo,1.1053,2000,20000525,146
ETo,1.1326,2000,20000530,151
ETo,1.5234,2000,20000604,156
ETo,1.0041,2000,20000609,161
ETo,1.2041,2000,20000614,166
ETo,1.3186,2000,20000619,171
ETo,1.3336,2000,20000624,176
ETo,1.4177,2000,20000629,181
ETo,1.3023,2000,20000704,186
ETo,1.4213,2000,20000709,191
ETo,1.3211,2000,20000714,196
ETo,1.437,2000,20000719,201
ETo,1.3262,2000,20000724,206
ETo,1.3201,2000,20000729,211
ETo,1.2466,2000,20000803,216
ETo,1.3168,2000,20000808,221
ETo,1.2608,2000,20000813,226
ETo,1.1646,2000,20000818,231
ETo,1.1425,2000,20000823,236
ETo,0.9033,2000,20000828,241
ETo,0.8424,2000,20000902,246
ETo,1.0035,2000,20000907,251
ETo,1.0622,2000,20000912,256
ETo,0.8411,2000,20000917,261
ETo,0.4986,2000,20000922,266
ETo,0.8427,2000,20000927,271
ETo,0.5745,2000,20001002,276
ETo,0.6372,2000,20001007,281
ETo,0.3016,2000,20001012,286
ETo,0.4835,2000,20001017,291
ETo,0.3007,2000,20001022,296
ETo,0.2373,2000,20001027,301
ETo,0.2568,2000,20001101,306
ETo,0.1332,2000,20001106,311
ETo,0.0914,2000,20001111,316
ETo,0.089,2000,20001116,321
ETo,0.1219,2000,20001121,326
ETo,0.1427,2000,20001126,331
ETo,0.1269,2000,20001201,336
ETo,0.082,2000,20001206,341
ETo,0.0837,2000,20001211,346
ETo,0.094,2000,20001216,351
ETo,0.0829,2000,20001221,356
ETo,0.0706,2000,20001226,361
ETo,0.0131,2000,20001231,366
ETo,0.1037,2001,20010101,1
ETo,0.1193,2001,20010106,6
ETo,0.0791,2001,20010111,11
ETo,0.0693,2001,20010116,16
ETo,0.1266,2001,20010121,21
ETo,0.0967,2001,20010126,26
ETo,0.1271,2001,20010131,31
ETo,0.1343,2001,20010205,36
ETo,0.1465,2001,20010210,41
ETo,0.1707,2001,20010215,46
ETo,0.1929,2001,20010220,51
ETo,0.193,2001,20010225,56
ETo,0.2558,2001,20010302,61
ETo,0.3441,2001,20010307,66
ETo,0.3585,2001,20010312,71
ETo,0.4042,2001,20010317,76
ETo,0.6106,2001,20010322,81
ETo,0.5814,2001,20010327,86
ETo,0.492,2001,20010401,91
ETo,0.4679,2001,20010406,96
ETo,0.4325,2001,20010411,101
ETo,0.7725,2001,20010416,106
ETo,0.6634,2001,20010421,111
ETo,1.0457,2001,20010426,116
ETo,0.876,2001,20010501,121
ETo,1.0917,2001,20010506,126
ETo,1.1495,2001,20010511,131
ETo,0.9908,2001,20010516,136
ETo,1.0634,2001,20010521,141
ETo,1.1651,2001,20010526,146
ETo,1.0024,2001,20010531,151
ETo,1.079,2001,20010605,156
ETo,0.9802,2001,20010610,161
ETo,1.2626,2001,20010615,166
ETo,1.4698,2001,20010620,171
ETo,1.3489,2001,20010625,176
ETo,1.4371,2001,20010630,181
ETo,1.0568,2001,20010705,186
ETo,1.2057,2001,20010710,191
ETo,1.1523,2001,20010715,196
ETo,1.3829,2001,20010720,201
ETo,1.4685,2001,20010725,206
ETo,1.3079,2001,20010730,211
ETo,1.2536,2001,20010804,216
ETo,1.079,2001,20010809,221
ETo,1.2379,2001,20010814,226
ETo,1.2098,2001,20010819,231
ETo,1.1728,2001,20010824,236
ETo,1.1131,2001,20010829,241
ETo,1.0525,2001,20010903,246
ETo,0.9373,2001,20010908,251
ETo,0.6498,2001,20010913,256
ETo,0.8693,2001,20010918,261
ETo,1.0286,2001,20010923,266
ETo,0.8413,2001,20010928,271
ETo,0.7976,2001,20011003,276
ETo,0.4757,2001,20011008,281
ETo,0.6098,2001,20011013,286
ETo,0.5592,2001,20011018,291
ETo,0.4611,2001,20011023,296
ETo,0.3927,2001,20011028,301
ETo,0.3468,2001,20011102,306
ETo,0.2668,2001,20011107,311
ETo,0.2968,2001,20011112,316
ETo,0.2136,2001,20011117,321
ETo,0.1116,2001,20011122,326
ETo,0.0469,2001,20011127,331
ETo,0.0812,2001,20011202,336
ETo,0.0734,2001,20011207,341
ETo,0.068,2001,20011212,346
ETo,0.089,2001,20011217,351
ETo,0.0614,2001,20011222,356
ETo,0.0657,2001,20011227,361
ETo,0.0815,2002,20020101,1
ETo,0.105,2002,20020106,6
ETo,0.0985,2002,20020111,11
ETo,0.0786,2002,20020116,16
ETo,0.1332,2002,20020121,21
ETo,0.1105,2002,20020126,26
ETo,0.1113,2002,20020131,31
ETo,0.1669,2002,20020205,36
ETo,0.1691,2002,20020210,41
ETo,0.1993,2002,20020215,46
ETo,0.2419,2002,20020220,51
ETo,0.1914,2002,20020225,56
ETo,0.231,2002,20020302,61
ETo,0.2842,2002,20020307,66
ETo,0.31,2002,20020312,71
ETo,0.312,2002,20020317,76
ETo,0.4757,2002,20020322,81
ETo,0.6206,2002,20020327,86
ETo,0.6602,2002,20020401,91
ETo,0.7272,2002,20020406,96
ETo,0.7086,2002,20020411,101
ETo,0.4902,2002,20020416,106
ETo,0.7191,2002,20020421,111
ETo,0.764,2002,20020426,116
ETo,0.8901,2002,20020501,121
ETo,0.7318,2002,20020506,126
ETo,0.9827,2002,20020511,131
ETo,1.2454,2002,20020516,136
ETo,0.8386,2002,20020521,141
ETo,1.0917,2002,20020526,146
ETo,0.9877,2002,20020531,151
ETo,0.9774,2002,20020605,156
ETo,0.9366,2002,20020610,161
ETo,1.1924,2002,20020615,166
ETo,1.2224,2002,20020620,171
ETo,1.4758,2002,20020625,176
ETo,1.3886,2002,20020630,181
ETo,1.3745,2002,20020705,186
ETo,1.4514,2002,20020710,191
ETo,1.1801,2002,20020715,196
ETo,1.3949,2002,20020720,201
ETo,1.3066,2002,20020725,206
ETo,1.3804,2002,20020730,211
ETo,1.346,2002,20020804,216
ETo,1.2068,2002,20020809,221
ETo,1.4625,2002,20020814,226
ETo,1.0356,2002,20020819,231
ETo,0.9697,2002,20020824,236
ETo,1.0758,2002,20020829,241
ETo,0.8887,2002,20020903,246
ETo,0.6932,2002,20020908,251
ETo,0.907,2002,20020913,256
ETo,0.7101,2002,20020918,261
ETo,0.7672,2002,20020923,266
ETo,0.4365,2002,20020928,271
ETo,0.4769,2002,20021003,276
ETo,0.614,2002,20021008,281
ETo,0.4457,2002,20021013,286
ETo,0.4165,2002,20021018,291
ETo,0.3018,2002,20021023,296
ETo,0.1578,2002,20021028,301
ETo,0.17,2002,20021102,306
ETo,0.2806,2002,20021107,311
ETo,0.1852,2002,20021112,316
ETo,0.2415,2002,20021117,321
ETo,0.197,2002,20021122,326
ETo,0.1514,2002,20021127,331
ETo,0.0985,2002,20021202,336
ETo,0.1099,2002,20021207,341
ETo,0.1783,2002,20021212,346
ETo,0.0809,2002,20021217,351
ETo,0.0427,2002,20021222,356
ETo,0.1275,2002,20021227,361
ETo,0.1591,2003,20030101,1
ETo,0.1404,2003,20030106,6
ETo,0.1352,2003,20030111,11
ETo,0.1115,2003,20030116,16
ETo,0.1288,2003,20030121,21
ETo,0.1838,2003,20030126,26
ETo,0.2942,2003,20030131,31
ETo,0.1249,2003,20030205,36
ETo,0.1859,2003,20030210,41
ETo,0.2931,2003,20030215,46
ETo,0.2668,2003,20030220,51
ETo,0.2058,2003,20030225,56
ETo,0.2519,2003,20030302,61
ETo,0.4777,2003,20030307,66
ETo,0.6127,2003,20030312,71
ETo,0.5528,2003,20030317,76
ETo,0.5619,2003,20030322,81
ETo,0.5394,2003,20030327,86
ETo,0.4439,2003,20030401,91
ETo,0.5722,2003,20030406,96
ETo,0.766,2003,20030411,101
ETo,0.6398,2003,20030416,106
ETo,0.6001,2003,20030421,111
ETo,0.5838,2003,20030426,116
ETo,0.6175,2003,20030501,121
ETo,0.6196,2003,20030506,126
ETo,0.8763,2003,20030511,131
ETo,0.8623,2003,20030516,136
ETo,1.125,2003,20030521,141
ETo,1.3563,2003,20030526,146
ETo,1.1722,2003,20030531,151
ETo,1.1526,2003,20030605,156
ETo,1.2517,2003,20030610,161
ETo,1.3881,2003,20030615,166
ETo,0.893,2003,20030620,171
ETo,1.2197,2003,20030625,176
ETo,1.4324,2003,20030630,181
ETo,1.3648,2003,20030705,186
ETo,1.5923,2003,20030710,191
ETo,1.4269,2003,20030715,196
ETo,1.4533,2003,20030720,201
ETo,1.2045,2003,20030725,206
ETo,1.2933,2003,20030730,211
ETo,1.3317,2003,20030804,216
ETo,1.4513,2003,20030809,221
ETo,1.1881,2003,20030814,226
ETo,1.0572,2003,20030819,231
ETo,1.0389,2003,20030824,236
ETo,0.7375,2003,20030829,241
ETo,0.8528,2003,20030903,246
ETo,0.6854,2003,20030908,251
ETo,0.8635,2003,20030913,256
ETo,0.7416,2003,20030918,261
ETo,1.0042,2003,20030923,266
ETo,0.7312,2003,20030928,271
ETo,0.5846,2003,20031003,276
ETo,0.6616,2003,20031008,281
ETo,0.5897,2003,20031013,286
ETo,0.7265,2003,20031018,291
ETo,0.5614,2003,20031023,296
ETo,0.2881,2003,20031028,301
ETo,0.1743,2003,20031102,306
ETo,0.2946,2003,20031107,311
ETo,0.2377,2003,20031112,316
ETo,0.2842,2003,20031117,321
ETo,0.1321,2003,20031122,326
ETo,0.1616,2003,20031127,331
ETo,0.1835,2003,20031202,336
ETo,0.107,2003,20031207,341
ETo,0.1108,2003,20031212,346
ETo,0.1179,2003,20031217,351
ETo,0.074,2003,20031222,356
ETo,0.0445,2003,20031227,361
ETo,0.0859,2004,20040101,1
ETo,0.0883,2004,20040106,6
ETo,0.1108,2004,20040111,11
ETo,0.0682,2004,20040116,16
ETo,0.0856,2004,20040121,21
ETo,0.1034,2004,20040126,26
ETo,0.119,2004,20040131,31
ETo,0.1214,2004,20040205,36
ETo,0.1214,2004,20040210,41
ETo,0.192,2004,20040215,46
ETo,0.1724,2004,20040220,51
ETo,0.2006,2004,20040225,56
ETo,0.1928,2004,20040301,61
ETo,0.3173,2004,20040306,66
ETo,0.402,2004,20040311,71
ETo,0.6667,2004,20040316,76
ETo,0.7041,2004,20040321,81
ETo,0.6231,2004,20040326,86
ETo,0.6757,2004,20040331,91
ETo,0.598,2004,20040405,96
ETo,0.759,2004,20040410,101
ETo,0.6041,2004,20040415,106
ETo,0.6471,2004,20040420,111
ETo,0.8036,2004,20040425,116
ETo,1.0411,2004,20040430,121
ETo,1.1391,2004,20040505,126
ETo,0.743,2004,20040510,131
ETo,0.8114,2004,20040515,136
ETo,0.7572,2004,20040520,141
ETo,0.6887,2004,20040525,146
ETo,0.973,2004,20040530,151
ETo,1.2102,2004,20040604,156
ETo,0.9411,2004,20040609,161
ETo,1.0505,2004,20040614,166
ETo,1.1232,2004,20040619,171
ETo,1.1342,2004,20040624,176
ETo,1.1247,2004,20040629,181
ETo,1.2341,2004,20040704,186
ETo,1.3599,2004,20040709,191
ETo,1.2085,2004,20040714,196
ETo,1.1367,2004,20040719,201
ETo,1.2248,2004,20040724,206
ETo,1.3329,2004,20040729,211
ETo,1.4185,2004,20040803,216
ETo,1.2426,2004,20040808,221
ETo,1.0252,2004,20040813,226
ETo,0.9065,2004,20040818,231
ETo,0.6444,2004,20040823,236
ETo,1.0066,2004,20040828,241
ETo,0.8382,2004,20040902,246
ETo,1.0783,2004,20040907,251
ETo,0.6377,2004,20040912,256
ETo,0.7082,2004,20040917,261
ETo,0.5535,2004,20040922,266
ETo,0.5642,2004,20040927,271
ETo,0.6073,2004,20041002,276
ETo,0.6437,2004,20041007,281
ETo,0.5852,2004,20041012,286
ETo,0.3572,2004,20041017,291
ETo,0.1639,2004,20041022,296
ETo,0.2015,2004,20041027,301
ETo,0.209,2004,20041101,306
ETo,0.3223,2004,20041106,311
ETo,0.1797,2004,20041111,316
ETo,0.1621,2004,20041116,321
ETo,0.0908,2004,20041121,326
ETo,0.0703,2004,20041126,331
ETo,0.0905,2004,20041201,336
ETo,0.111,2004,20041206,341
ETo,0.1987,2004,20041211,346
ETo,0.0895,2004,20041216,351
ETo,0.0829,2004,20041221,356
ETo,0.1442,2004,20041226,361
ETo,0.0145,2004,20041231,366
ETo,0.0695,2005,20050101,1
ETo,0.0787,2005,20050106,6
ETo,0.0813,2005,20050111,11
ETo,0.0987,2005,20050116,16
ETo,0.1087,2005,20050121,21
ETo,0.0912,2005,20050126,26
ETo,0.1442,2005,20050131,31
ETo,0.1441,2005,20050205,36
ETo,0.1756,2005,20050210,41
ETo,0.1736,2005,20050215,46
ETo,0.2435,2005,20050220,51
ETo,0.2697,2005,20050225,56
ETo,0.2837,2005,20050302,61
ETo,0.5097,2005,20050307,66
ETo,0.4186,2005,20050312,71
ETo,0.3942,2005,20050317,76
ETo,0.3777,2005,20050322,81
ETo,0.3992,2005,20050327,86
ETo,0.5245,2005,20050401,91
ETo,0.6075,2005,20050406,96
ETo,0.7239,2005,20050411,101
ETo,0.6149,2005,20050416,106
ETo,0.6755,2005,20050421,111
ETo,0.6251,2005,20050426,116
ETo,0.7464,2005,20050501,121
ETo,0.6798,2005,20050506,126
ETo,0.6912,2005,20050511,131
ETo,0.6944,2005,20050516,136
ETo,0.9588,2005,20050521,141
ETo,0.9952,2005,20050526,146
ETo,0.7706,2005,20050531,151
ETo,0.7421,2005,20050605,156
ETo,0.8945,2005,20050610,161
ETo,1.0988,2005,20050615,166
ETo,1.3399,2005,20050620,171
ETo,1.1377,2005,20050625,176
ETo,1.2142,2005,20050630,181
ETo,1.3384,2005,20050705,186
ETo,1.3386,2005,20050710,191
ETo,1.4296,2005,20050715,196
ETo,1.379,2005,20050720,201
ETo,1.2622,2005,20050725,206
ETo,1.1348,2005,20050730,211
ETo,1.1622,2005,20050804,216
ETo,1.2218,2005,20050809,221
ETo,0.9131,2005,20050814,226
ETo,1.0482,2005,20050819,231
ETo,1.1161,2005,20050824,236
ETo,1.1139,2005,20050829,241
ETo,1.1269,2005,20050903,246
ETo,0.8872,2005,20050908,251
ETo,0.7554,2005,20050913,256
ETo,0.6532,2005,20050918,261
ETo,0.5827,2005,20050923,266
ETo,0.7577,2005,20050928,271
ETo,0.4036,2005,20051003,276
ETo,0.3856,2005,20051008,281
ETo,0.5768,2005,20051013,286
ETo,0.3975,2005,20051018,291
ETo,0.4262,2005,20051023,296
ETo,0.3148,2005,20051028,301
ETo,0.389,2005,20051102,306
ETo,0.3104,2005,20051107,311
ETo,0.1892,2005,20051112,316
ETo,0.1152,2005,20051117,321
ETo,0.1377,2005,20051122,326
ETo,0.0801,2005,20051127,331
ETo,0.1278,2005,20051202,336
ETo,0.0725,2005,20051207,341
ETo,0.0777,2005,20051212,346
ETo,0.0857,2005,20051217,351
ETo,0.1791,2005,20051222,356
ETo,0.1351,2005,20051227,361
ETo,0.1369,2006,20060101,1
ETo,0.1298,2006,20060106,6
ETo,0.1351,2006,20060111,11
ETo,0.0935,2006,20060116,16
ETo,0.1056,2006,20060121,21
ETo,0.1216,2006,20060126,26
ETo,0.2137,2006,20060131,31
ETo,0.1985,2006,20060205,36
ETo,0.1697,2006,20060210,41
ETo,0.1484,2006,20060215,46
ETo,0.2249,2006,20060220,51
ETo,0.4039,2006,20060225,56
ETo,0.3619,2006,20060302,61
ETo,0.2979,2006,20060307,66
ETo,0.3259,2006,20060312,71
ETo,0.315,2006,20060317,76
ETo,0.3892,2006,20060322,81
ETo,0.3684,2006,20060327,86
ETo,0.4843,2006,20060401,91
ETo,0.5272,2006,20060406,96
ETo,0.7425,2006,20060411,101
ETo,0.4829,2006,20060416,106
ETo,0.6726,2006,20060421,111
ETo,0.9084,2006,20060426,116
ETo,0.8135,2006,20060501,121
ETo,0.7701,2006,20060506,126
ETo,1.0944,2006,20060511,131
ETo,1.1915,2006,20060516,136
ETo,1.2077,2006,20060521,141
ETo,0.7614,2006,20060526,146
ETo,1.1276,2006,20060531,151
ETo,1.1251,2006,20060605,156
ETo,1.1641,2006,20060610,161
ETo,1.107,2006,20060615,166
ETo,1.2171,2006,20060620,171
ETo,1.1722,2006,20060625,176
ETo,1.1815,2006,20060630,181
ETo,1.1263,2006,20060705,186
ETo,1.3721,2006,20060710,191
ETo,1.4254,2006,20060715,196
ETo,1.2404,2006,20060720,201
ETo,1.4107,2006,20060725,206
ETo,1.0601,2006,20060730,211
ETo,1.2569,2006,20060804,216
ETo,1.213,2006,20060809,221
ETo,1.1787,2006,20060814,226
ETo,1.3011,2006,20060819,231
ETo,0.9645,2006,20060824,236
ETo,1.1603,2006,20060829,241
ETo,0.9791,2006,20060903,246
ETo,0.8705,2006,20060908,251
ETo,0.6394,2006,20060913,256
ETo,0.4505,2006,20060918,261
ETo,0.5437,2006,20060923,266
ETo,0.7267,2006,20060928,271
ETo,0.5026,2006,20061003,276
ETo,0.3971,2006,20061008,281
ETo,0.4134,2006,20061013,286
ETo,0.2742,2006,20061018,291
ETo,0.3328,2006,20061023,296
ETo,0.3449,2006,20061028,301
ETo,0.2545,2006,20061102,306
ETo,0.3199,2006,20061107,311
ETo,0.1994,2006,20061112,316
ETo,0.2163,2006,20061117,321
ETo,0.2464,2006,20061122,326
ETo,0.1194,2006,20061127,331
ETo,0.1055,2006,20061202,336
ETo,0.2243,2006,20061207,341
ETo,0.1566,2006,20061212,346
ETo,0.0769,2006,20061217,351
ETo,0.1162,2006,20061222,356
ETo,0.0873,2006,20061227,361
ETo,0.1404,2007,20070101,1
ETo,0.1668,2007,20070106,6
ETo,0.0992,2007,20070111,11
ETo,0.1077,2007,20070116,16
ETo,0.1382,2007,20070121,21
ETo,0.1375,2007,20070126,26
ETo,0.1515,2007,20070131,31
ETo,0.2363,2007,20070205,36
ETo,0.2159,2007,20070210,41
ETo,0.2707,2007,20070215,46
ETo,0.3364,2007,20070220,51
ETo,0.2587,2007,20070225,56
ETo,0.2502,2007,20070302,61
ETo,0.4412,2007,20070307,66
ETo,0.5979,2007,20070312,71
ETo,0.6532,2007,20070317,76
ETo,0.5365,2007,20070322,81
ETo,0.5853,2007,20070327,86
ETo,0.5225,2007,20070401,91
ETo,0.5719,2007,20070406,96
ETo,0.641,2007,20070411,101
ETo,0.6105,2007,20070416,106
ETo,0.6266,2007,20070421,111
ETo,0.9897,2007,20070426,116
ETo,0.7652,2007,20070501,121
ETo,0.964,2007,20070506,126
ETo,1.1712,2007,20070511,131
ETo,1.2772,2007,20070516,136
ETo,0.7767,2007,20070521,141
ETo,1.0476,2007,20070526,146
ETo,1.108,2007,20070531,151
ETo,0.7183,2007,20070605,156
ETo,1.0988,2007,20070610,161
ETo,1.2358,2007,20070615,166
ETo,1.4489,2007,20070620,171
ETo,1.4691,2007,20070625,176
ETo,1.3184,2007,20070630,181
ETo,1.4881,2007,20070705,186
ETo,1.3812,2007,20070710,191
ETo,1.4058,2007,20070715,196
ETo,1.4128,2007,20070720,201
ETo,1.0607,2007,20070725,206
ETo,0.9687,2007,20070730,211
ETo,1.2511,2007,20070804,216
ETo,1.5316,2007,20070809,221
ETo,1.2403,2007,20070814,226
ETo,1.067,2007,20070819,231
ETo,1.148,2007,20070824,236
ETo,1.0798,2007,20070829,241
ETo,0.8723,2007,20070903,246
ETo,0.8806,2007,20070908,251
ETo,0.9796,2007,20070913,256
ETo,0.7222,2007,20070918,261
ETo,0.5232,2007,20070923,266
ETo,0.6029,2007,20070928,271
ETo,0.4106,2007,20071003,276
ETo,0.6212,2007,20071008,281
ETo,0.3632,2007,20071013,286
ETo,0.2617,2007,20071018,291
ETo,0.3681,2007,20071023,296
ETo,0.3039,2007,20071028,301
ETo,0.3567,2007,20071102,306
ETo,0.3769,2007,20071107,311
ETo,0.2834,2007,20071112,316
ETo,0.2924,2007,20071117,321
ETo,0.1073,2007,20071122,326
ETo,0.0812,2007,20071127,331
ETo,0.1537,2007,20071202,336
ETo,0.0797,2007,20071207,341
ETo,0.0752,2007,20071212,346
ETo,0.1046,2007,20071217,351
ETo,0.08,2007,20071222,356
ETo,0.0968,2007,20071227,361
ETo,0.1523,2008,20080101,1
ETo,0.1073,2008,20080106,6
ETo,0.1095,2008,20080111,11
ETo,0.0944,2008,20080116,16
ETo,0.0922,2008,20080121,21
ETo,0.1679,2008,20080126,26
ETo,0.1444,2008,20080131,31
ETo,0.1646,2008,20080205,36
ETo,0.2103,2008,20080210,41
ETo,0.1852,2008,20080215,46
ETo,0.1855,2008,20080220,51
ETo,0.2215,2008,20080225,56
ETo,0.2972,2008,20080301,61
ETo,0.2809,2008,20080306,66
ETo,0.365,2008,20080311,71
ETo,0.323,2008,20080316,76
ETo,0.3894,2008,20080321,81
ETo,0.4137,2008,20080326,86
ETo,0.4484,2008,20080331,91
ETo,0.4182,2008,20080405,96
ETo,0.6906,2008,20080410,101
ETo,0.7799,2008,20080415,106
ETo,0.6792,2008,20080420,111
ETo,0.9254,2008,20080425,116
ETo,0.7147,2008,20080430,121
ETo,0.827,2008,20080505,126
ETo,0.7708,2008,20080510,131
ETo,1.204,2008,20080515,136
ETo,0.9134,2008,20080520,141
ETo,0.8272,2008,20080525,146
ETo,0.9055,2008,20080530,151
ETo,0.79,2008,20080604,156
ETo,0.9102,2008,20080609,161
ETo,1.3311,2008,20080614,166
ETo,1.3251,2008,20080619,171
ETo,1.3094,2008,20080624,176
ETo,1.3875,2008,20080629,181
ETo,1.3296,2008,20080704,186
ETo,1.3763,2008,20080709,191
ETo,1.4405,2008,20080714,196
ETo,1.223,2008,20080719,201
ETo,1.4895,2008,20080724,206
ETo,1.4578,2008,20080729,211
ETo,1.1229,2008,20080803,216
ETo,1.2215,2008,20080808,221
ETo,1.1296,2008,20080813,226
ETo,1.2907,2008,20080818,231
ETo,1.3114,2008,20080823,236
ETo,1.1152,2008,20080828,241
ETo,0.8269,2008,20080902,246
ETo,0.8747,2008,20080907,251
ETo,0.876,2008,20080912,256
ETo,0.86,2008,20080917,261
ETo,0.7786,2008,20080922,266
ETo,0.763,2008,20080927,271
ETo,0.5859,2008,20081002,276
ETo,0.4816,2008,20081007,281
ETo,0.2415,2008,20081012,286
ETo,0.5369,2008,20081017,291
ETo,0.4429,2008,20081022,296
ETo,0.5822,2008,20081027,301
ETo,0.2666,2008,20081101,306
ETo,0.1554,2008,20081106,311
ETo,0.2272,2008,20081111,316
ETo,0.3108,2008,20081116,321
ETo,0.2209,2008,20081121,326
ETo,0.164,2008,20081126,331
ETo,0.2195,2008,20081201,336
ETo,0.1324,2008,20081206,341
ETo,0.1141,2008,20081211,346
ETo,0.0787,2008,20081216,351
ETo,0.0697,2008,20081221,356
ETo,0.0997,2008,20081226,361
ETo,0.0359,2008,20081231,366
ETo,0.1306,2009,20090101,1
ETo,0.1379,2009,20090106,6
ETo,0.1283,2009,20090111,11
ETo,0.1501,2009,20090116,16
ETo,0.1202,2009,20090121,21
ETo,0.13,2009,20090126,26
ETo,0.1981,2009,20090131,31
ETo,0.1653,2009,20090205,36
ETo,0.1374,2009,20090210,41
ETo,0.1785,2009,20090215,46
ETo,0.2163,2009,20090220,51
ETo,0.2652,2009,20090225,56
ETo,0.3365,2009,20090302,61
ETo,0.2158,2009,20090307,66
ETo,0.3658,2009,20090312,71
ETo,0.5902,2009,20090317,76
ETo,0.386,2009,20090322,81
ETo,0.3842,2009,20090327,86
ETo,0.3447,2009,20090401,91
ETo,0.6283,2009,20090406,96
ETo,0.6075,2009,20090411,101
ETo,0.6858,2009,20090416,106
ETo,0.9002,2009,20090421,111
ETo,0.5648,2009,20090426,116
ETo,0.6145,2009,20090501,121
ETo,0.7336,2009,20090506,126
ETo,0.8652,2009,20090511,131
ETo,1.1999,2009,20090516,136
ETo,0.9768,2009,20090521,141
ETo,1.1361,2009,20090526,146
ETo,0.8805,2009,20090531,151
ETo,0.7843,2009,20090605,156
ETo,0.639,2009,20090610,161
ETo,0.8493,2009,20090615,166
ETo,0.8597,2009,20090620,171
ETo,1.1684,2009,20090625,176
ETo,1.0787,2009,20090630,181
ETo,1.189,2009,20090705,186
ETo,1.2329,2009,20090710,191
ETo,1.3253,2009,20090715,196
ETo,1.2612,2009,20090720,201
ETo,1.2023,2009,20090725,206
ETo,1.2069,2009,20090730,211
ETo,1.0657,2009,20090804,216
ETo,1.1399,2009,20090809,221
ETo,0.976,2009,20090814,226
ETo,1.0641,2009,20090819,231
ETo,1.0118,2009,20090824,236
ETo,1.0098,2009,20090829,241
ETo,1.0033,2009,20090903,246
ETo,0.8793,2009,20090908,251
ETo,0.8553,2009,20090913,256
ETo,0.8108,2009,20090918,261
ETo,0.8941,2009,20090923,266
ETo,0.7196,2009,20090928,271
ETo,0.3874,2009,20091003,276
ETo,0.4195,2009,20091008,281
ETo,0.4911,2009,20091013,286
ETo,0.3831,2009,20091018,291
ETo,0.381,2009,20091023,296
ETo,0.1859,2009,20091028,301
ETo,0.4247,2009,20091102,306
ETo,0.3427,2009,20091107,311
ETo,0.1505,2009,20091112,316
ETo,0.2792,2009,20091117,321
ETo,0.0831,2009,20091122,326
ETo,0.1526,2009,20091127,331
ETo,0.0955,2009,20091202,336
ETo,0.0762,2009,20091207,341
ETo,0.1089,2009,20091212,346
ETo,0.1036,2009,20091217,351
ETo,0.0801,2009,20091222,356
ETo,0.0858,2009,20091227,361
ETo,0.0842,2010,20100101,1
ETo,0.0895,2010,20100106,6
ETo,0.1239,2010,20100111,11
ETo,0.1528,2010,20100116,16
ETo,0.1312,2010,20100121,21
ETo,0.1167,2010,20100126,26
ETo,0.1358,2010,20100131,31
ETo,0.1541,2010,20100205,36
ETo,0.1724,2010,20100210,41
ETo,0.1635,2010,20100215,46
ETo,0.1703,2010,20100220,51
ETo,0.2633,2010,20100225,56
ETo,0.2781,2010,20100302,61
ETo,0.2565,2010,20100307,66
ETo,0.3493,2010,20100312,71
ETo,0.4863,2010,20100317,76
ETo,0.461,2010,20100322,81
ETo,0.5343,2010,20100327,86
ETo,0.414,2010,20100401,91
ETo,0.5558,2010,20100406,96
ETo,0.763,2010,20100411,101
ETo,0.9775,2010,20100416,106
ETo,0.574,2010,20100421,111
ETo,0.633,2010,20100426,116
ETo,0.6503,2010,20100501,121
ETo,0.7046,2010,20100506,126
ETo,0.7223,2010,20100511,131
ETo,0.9231,2010,20100516,136
ETo,0.7232,2010,20100521,141
ETo,0.7666,2010,20100526,146
ETo,0.6685,2010,20100531,151
ETo,0.854,2010,20100605,156
ETo,0.8537,2010,20100610,161
ETo,0.9713,2010,20100615,166
ETo,1.1752,2010,20100620,171
ETo,1.305,2010,20100625,176
ETo,1.2523,2010,20100630,181
ETo,1.2329,2010,20100705,186
ETo,1.432,2010,20100710,191
ETo,1.5413,2010,20100715,196
ETo,1.355,2010,20100720,201
ETo,1.2078,2010,20100725,206
ETo,1.2828,2010,20100730,211
ETo,1.2931,2010,20100804,216
ETo,1.1874,2010,20100809,221
ETo,1.3066,2010,20100814,226
ETo,1.2054,2010,20100819,231
ETo,1.2025,2010,20100824,236
ETo,0.7848,2010,20100829,241
ETo,1.0787,2010,20100903,246
ETo,0.7962,2010,20100908,251
ETo,0.9338,2010,20100913,256
ETo,0.9459,2010,20100918,261
ETo,0.9149,2010,20100923,266
ETo,0.8836,2010,20100928,271
ETo,0.6804,2010,20101003,276
ETo,0.4272,2010,20101008,281
ETo,0.6188,2010,20101013,286
ETo,0.4804,2010,20101018,291
ETo,0.2567,2010,20101023,296
ETo,0.3715,2010,20101028,301
ETo,0.429,2010,20101102,306
ETo,0.1999,2010,20101107,311
ETo,0.2129,2010,20101112,316
ETo,0.2099,2010,20101117,321
ETo,0.0609,2010,20101122,326
ETo,0.0517,2010,20101127,331
ETo,0.0798,2010,20101202,336
ETo,0.0936,2010,20101207,341
ETo,0.0967,2010,20101212,346
ETo,0.0771,2010,20101217,351
ETo,0.0831,2010,20101222,356
ETo,0.1038,2010,20101227,361
ETo,0.0638,2011,20110101,1
ETo,0.0737,2011,20110106,6
ETo,0.0912,2011,20110111,11
ETo,0.1224,2011,20110116,16
ETo,0.1352,2011,20110121,21
ETo,0.1206,2011,20110126,26
ETo,0.1052,2011,20110131,31
ETo,0.1403,2011,20110205,36
ETo,0.2661,2011,20110210,41
ETo,0.3723,2011,20110215,46
ETo,0.233,2011,20110220,51
ETo,0.2215,2011,20110225,56
ETo,0.2752,2011,20110302,61
ETo,0.258,2011,20110307,66
ETo,0.3705,2011,20110312,71
ETo,0.4727,2011,20110317,76
ETo,0.4427,2011,20110322,81
ETo,0.4124,2011,20110327,86
ETo,0.5479,2011,20110401,91
ETo,0.4193,2011,20110406,96
ETo,0.5353,2011,20110411,101
ETo,0.4659,2011,20110416,106
ETo,0.5791,2011,20110421,111
ETo,0.5445,2011,20110426,116
ETo,0.7448,2011,20110501,121
ETo,0.5279,2011,20110506,126
ETo,0.8937,2011,20110511,131
ETo,0.7227,2011,20110516,136
ETo,0.7547,2011,20110521,141
ETo,0.575,2011,20110526,146
ETo,0.9522,2011,20110531,151
ETo,0.9731,2011,20110605,156
ETo,0.9231,2011,20110610,161
ETo,0.9133,2011,20110615,166
ETo,1.1382,2011,20110620,171
ETo,1.3537,2011,20110625,176
ETo,1.2312,2011,20110630,181
ETo,1.222,2011,20110705,186
ETo,1.2597,2011,20110710,191
ETo,1.5761,2011,20110715,196
ETo,1.3328,2011,20110720,201
ETo,1.4471,2011,20110725,206
ETo,0.9276,2011,20110730,211
ETo,1.1381,2011,20110804,216
ETo,1.3199,2011,20110809,221
ETo,1.3132,2011,20110814,226
ETo,1.3604,2011,20110819,231
ETo,1.2057,2011,20110824,236
ETo,1.1934,2011,20110829,241
ETo,0.9902,2011,20110903,246
ETo,0.9393,2011,20110908,251
ETo,0.68,2011,20110913,256
ETo,0.8148,2011,20110918,261
ETo,0.9009,2011,20110923,266
ETo,0.9608,2011,20110928,271
ETo,0.4524,2011,20111003,276
ETo,0.378,2011,20111008,281
ETo,0.5398,2011,20111013,286
ETo,0.4361,2011,20111018,291
ETo,0.3832,2011,20111023,296
ETo,0.3913,2011,20111028,301
ETo,0.3011,2011,20111102,306
ETo,0.2142,2011,20111107,311
ETo,0.2601,2011,20111112,316
ETo,0.1591,2011,20111117,321
ETo,0.2357,2011,20111122,326
ETo,0.169,2011,20111127,331
ETo,0.1015,2011,20111202,336
ETo,0.0981,2011,20111207,341
ETo,0.0797,2011,20111212,346
ETo,0.0718,2011,20111217,351
ETo,0.0917,2011,20111222,356
ETo,0.1885,2011,20111227,361
ETo,0.2557,2012,20120101,1
ETo,0.1297,2012,20120106,6
ETo,0.1752,2012,20120111,11
ETo,0.184,2012,20120116,16
ETo,0.1824,2012,20120121,21
ETo,0.1582,2012,20120126,26
ETo,0.1507,2012,20120131,31
ETo,0.1405,2012,20120205,36
ETo,0.1544,2012,20120210,41
ETo,0.1739,2012,20120215,46
ETo,0.2609,2012,20120220,51
ETo,0.281,2012,20120225,56
ETo,0.2548,2012,20120301,61
ETo,0.358,2012,20120306,66
ETo,0.5066,2012,20120311,71
ETo,0.4426,2012,20120316,76
ETo,0.7298,2012,20120321,81
ETo,0.6023,2012,20120326,86
ETo,0.6876,2012,20120331,91
ETo,0.7019,2012,20120405,96
ETo,0.8631,2012,20120410,101
ETo,0.6366,2012,20120415,106
ETo,1.0931,2012,20120420,111
ETo,0.7795,2012,20120425,116
ETo,0.8035,2012,20120430,121
ETo,0.8707,2012,20120505,126
ETo,1.0045,2012,20120510,131
ETo,1.1974,2012,20120515,136
ETo,1.005,2012,20120520,141
ETo,0.8204,2012,20120525,146
ETo,1.2176,2012,20120530,151
ETo,1.0902,2012,20120604,156
ETo,0.9491,2012,20120609,161
ETo,1.3609,2012,20120614,166
ETo,1.3234,2012,20120619,171
ETo,1.602,2012,20120624,176
ETo,1.498,2012,20120629,181
ETo,1.2179,2012,20120704,186
ETo,1.4954,2012,20120709,191
ETo,1.2549,2012,20120714,196
ETo,1.3927,2012,20120719,201
ETo,1.3773,2012,20120724,206
ETo,1.4697,2012,20120729,211
ETo,1.3476,2012,20120803,216
ETo,1.3145,2012,20120808,221
ETo,1.4206,2012,20120813,226
ETo,1.1183,2012,20120818,231
ETo,1.3474,2012,20120823,236
ETo,1.2185,2012,20120828,241
ETo,1.1105,2012,20120902,246
ETo,1.0372,2012,20120907,251
ETo,1.0278,2012,20120912,256
ETo,0.9403,2012,20120917,261
ETo,0.6464,2012,20120922,266
ETo,0.7859,2012,20120927,271
ETo,0.7149,2012,20121002,276
ETo,0.5892,2012,20121007,281
ETo,0.5442,2012,20121012,286
ETo,0.4914,2012,20121017,291
ETo,0.2313,2012,20121022,296
ETo,0.459,2012,20121027,301
ETo,0.4055,2012,20121101,306
ETo,0.3518,2012,20121106,311
ETo,0.2272,2012,20121111,316
ETo,0.2542,2012,20121116,321
ETo,0.3168,2012,20121121,326
ETo,0.2603,2012,20121126,331
ETo,0.272,2012,20121201,336
ETo,0.2195,2012,20121206,341
ETo,0.1874,2012,20121211,346
ETo,0.2149,2012,20121216,351
ETo,0.1855,2012,20121221,356
ETo,0.0852,2012,20121226,361
ETo,0.0095,2012,20121231,366
ETo,0.0712,2013,20130101,1
ETo,0.0988,2013,20130106,6
ETo,0.0537,2013,20130111,11
ETo,0.0714,2013,20130116,16
ETo,0.1198,2013,20130121,21
ETo,0.0935,2013,20130126,26
ETo,0.1183,2013,20130131,31
ETo,0.1366,2013,20130205,36
ETo,0.1261,2013,20130210,41
ETo,0.1663,2013,20130215,46
ETo,0.149,2013,20130220,51
ETo,0.174,2013,20130225,56
ETo,0.2073,2013,20130302,61
ETo,0.2407,2013,20130307,66
ETo,0.37,2013,20130312,71
ETo,0.3256,2013,20130317,76
ETo,0.319,2013,20130322,81
ETo,0.5152,2013,20130327,86
ETo,0.5775,2013,20130401,91
ETo,0.5075,2013,20130406,96
ETo,0.521,2013,20130411,101
ETo,0.4689,2013,20130416,106
ETo,0.6023,2013,20130421,111
ETo,0.9044,2013,20130426,116
ETo,0.8194,2013,20130501,121
ETo,0.923,2013,20130506,126
ETo,1.2241,2013,20130511,131
ETo,0.7692,2013,20130516,136
ETo,1.0032,2013,20130521,141
ETo,0.7945,2013,20130526,146
ETo,1.0848,2013,20130531,151
ETo,1.2936,2013,20130605,156
ETo,1.2362,2013,20130610,161
ETo,1.2297,2013,20130615,166
ETo,1.1036,2013,20130620,171
ETo,1.2154,2013,20130625,176
ETo,1.4943,2013,20130630,181
ETo,1.3514,2013,20130705,186
ETo,1.3362,2013,20130710,191
ETo,1.3708,2013,20130715,196
ETo,1.5469,2013,20130720,201
ETo,1.1738,2013,20130725,206
ETo,1.3743,2013,20130730,211
ETo,1.2533,2013,20130804,216
ETo,1.2784,2013,20130809,221
ETo,1.2911,2013,20130814,226
ETo,0.9306,2013,20130819,231
ETo,1.0495,2013,20130824,236
ETo,1.0409,2013,20130829,241
ETo,0.7108,2013,20130903,246
ETo,0.7319,2013,20130908,251
ETo,0.5038,2013,20130913,256
ETo,0.6911,2013,20130918,261
ETo,0.4471,2013,20130923,266
ETo,0.4507,2013,20130928,271
ETo,0.4621,2013,20131003,276
ETo,0.4372,2013,20131008,281
ETo,0.3052,2013,20131013,286
ETo,0.3785,2013,20131018,291
ETo,0.3768,2013,20131023,296
ETo,0.3056,2013,20131028,301
ETo,0.2733,2013,20131102,306
ETo,0.3461,2013,20131107,311
ETo,0.2616,2013,20131112,316
ETo,0.1512,2013,20131117,321
ETo,0.1081,2013,20131122,326
ETo,0.1229,2013,20131127,331
ETo,0.124,2013,20131202,336
ETo,0.0553,2013,20131207,341
ETo,0.0881,2013,20131212,346
ETo,0.0731,2013,20131217,351
ETo,0.0557,2013,20131222,356
ETo,0.072,2013,20131227,361
ETo,0.1264,2014,20140101,1
ETo,0.1436,2014,20140106,6
ETo,0.1905,2014,20140111,11
ETo,0.1858,2014,20140116,16
ETo,0.1799,2014,20140121,21
ETo,0.1465,2014,20140126,26
ETo,0.1362,2014,20140131,31
ETo,0.1282,2014,20140205,36
ETo,0.2586,2014,20140210,41
ETo,0.345,2014,20140215,46
ETo,0.396,2014,20140220,51
ETo,0.3149,2014,20140225,56
ETo,0.351,2014,20140302,61
ETo,0.4071,2014,20140307,66
ETo,0.5304,2014,20140312,71
ETo,0.5297,2014,20140317,76
ETo,0.6366,2014,20140322,81
ETo,0.4715,2014,20140327,86
ETo,0.4249,2014,20140401,91
ETo,0.772,2014,20140406,96
ETo,0.786,2014,20140411,101
ETo,0.7885,2014,20140416,106
ETo,0.728,2014,20140421,111
ETo,0.6239,2014,20140426,116
ETo,1.0943,2014,20140501,121
ETo,0.6081,2014,20140506,126
ETo,0.8893,2014,20140511,131
ETo,0.9871,2014,20140516,136
ETo,1.1465,2014,20140521,141
ETo,1.2466,2014,20140526,146
ETo,1.1953,2014,20140531,151
ETo,1.2783,2014,20140605,156
ETo,1.2578,2014,20140610,161
ETo,0.8203,2014,20140615,166
ETo,1.282,2014,20140620,171
ETo,1.0858,2014,20140625,176
ETo,1.4143,2014,20140630,181
ETo,1.4947,2014,20140705,186
ETo,1.3134,2014,20140710,191
ETo,1.5515,2014,20140715,196
ETo,1.4163,2014,20140720,201
ETo,1.2618,2014,20140725,206
ETo,1.171,2014,20140730,211
ETo,0.6415,2014,20140804,216
ETo,1.0258,2014,20140809,221
ETo,1.0578,2014,20140814,226
ETo,0.6696,2014,20140819,231
ETo,0.7319,2014,20140824,236
ETo,0.9527,2014,20140829,241
ETo,0.9511,2014,20140903,246
ETo,0.8639,2014,20140908,251
ETo,0.9376,2014,20140913,256
ETo,0.6996,2014,20140918,261
ETo,0.7765,2014,20140923,266
ETo,0.3608,2014,20140928,271
ETo,0.6596,2014,20141003,276
ETo,0.571,2014,20141008,281
ETo,0.5907,2014,20141013,286
ETo,0.4839,2014,20141018,291
ETo,0.4756,2014,20141023,296
ETo,0.5251,2014,20141028,301
ETo,0.2343,2014,20141102,306
ETo,0.2373,2014,20141107,311
ETo,0.0859,2014,20141112,316
ETo,0.1286,2014,20141117,321
ETo,0.1983,2014,20141122,326
ETo,0.2661,2014,20141127,331
ETo,0.1873,2014,20141202,336
ETo,0.2196,2014,20141207,341
ETo,0.1394,2014,20141212,346
ETo,0.1257,2014,20141217,351
ETo,0.076,2014,20141222,356
ETo,0.0374,2014,20141227,361
ETo,0.1043,2015,20150101,1
ETo,0.128,2015,20150106,6
ETo,0.0678,2015,20150111,11
ETo,0.1236,2015,20150116,16
ETo,0.112,2015,20150121,21
ETo,0.1782,2015,20150126,26
ETo,0.1775,2015,20150131,31
ETo,0.4043,2015,20150205,36
ETo,0.3005,2015,20150210,41
ETo,0.3173,2015,20150215,46
ETo,0.318,2015,20150220,51
ETo,0.3047,2015,20150225,56
ETo,0.2953,2015,20150302,61
ETo,0.4883,2015,20150307,66
ETo,0.6081,2015,20150312,71
ETo,0.6078,2015,20150317,76
ETo,0.5238,2015,20150322,81
ETo,0.7273,2015,20150327,86
ETo,0.5866,2015,20150401,91
ETo,0.5197,2015,20150406,96
ETo,0.6827,2015,20150411,101
ETo,0.7872,2015,20150416,106
ETo,0.7478,2015,20150421,111
ETo,0.8302,2015,20150426,116
ETo,0.9047,2015,20150501,121
ETo,0.7412,2015,20150506,126
ETo,0.9236,2015,20150511,131
ETo,0.5321,2015,20150516,136
ETo,0.708,2015,20150521,141
ETo,0.904,2015,20150526,146
ETo,1.0048,2015,20150531,151
ETo,0.9918,2015,20150605,156
ETo,1.2052,2015,20150610,161
ETo,1.323,2015,20150615,166
ETo,1.3346,2015,20150620,171
ETo,1.4807,2015,20150625,176
ETo,1.3901,2015,20150630,181
ETo,1.0364,2015,20150705,186
ETo,1.066,2015,20150710,191
ETo,1.0791,2015,20150715,196
ETo,1.1008,2015,20150720,201
ETo,1.0537,2015,20150725,206
ETo,1.1458,2015,20150730,211
ETo,0.9275,2015,20150804,216
ETo,1.2182,2015,20150809,221
ETo,1.1886,2015,20150814,226
ETo,1.1769,2015,20150819,231
ETo,1.1048,2015,20150824,236
ETo,1.2359,2015,20150829,241
ETo,0.9113,2015,20150903,246
ETo,1.068,2015,20150908,251
ETo,0.6587,2015,20150913,256
ETo,0.7606,2015,20150918,261
ETo,0.9576,2015,20150923,266
ETo,0.658,2015,20150928,271
ETo,0.4754,2015,20151003,276
ETo,0.6947,2015,20151008,281
ETo,0.6866,2015,20151013,286
ETo,0.3135,2015,20151018,291
ETo,0.4169,2015,20151023,296
ETo,0.3117,2015,20151028,301
ETo,0.1482,2015,20151102,306
ETo,0.2377,2015,20151107,311
ETo,0.2586,2015,20151112,316
ETo,0.1789,2015,20151117,321
ETo,0.1809,2015,20151122,326
ETo,0.0366,2015,20151127,331
ETo,0.1444,2015,20151202,336
ETo,0.1889,2015,20151207,341
ETo,0.0706,2015,20151212,346
ETo,0.1065,2015,20151217,351
ETo,0.043,2015,20151222,356
ETo,0.033,2015,20151227,361
ETo,0.1186,2016,20160101,1
ETo,0.0799,2016,20160106,6
ETo,0.1059,2016,20160111,11
ETo,0.0988,2016,20160116,16
ETo,0.1078,2016,20160121,21
ETo,0.1116,2016,20160126,26
ETo,0.2274,2016,20160131,31
ETo,0.2963,2016,20160205,36
ETo,0.1678,2016,20160210,41
ETo,0.2621,2016,20160215,46
ETo,0.2375,2016,20160220,51
ETo,0.1214,2016,20160225,56
ETo,0.472,2016,20160301,61
ETo,0.3746,2016,20160306,66
ETo,0.3845,2016,20160311,71
ETo,0.4341,2016,20160316,76
ETo,0.4193,2016,20160321,81
ETo,0.3975,2016,20160326,86
ETo,0.589,2016,20160331,91
ETo,0.7975,2016,20160405,96
ETo,0.618,2016,20160410,101
ETo,0.7128,2016,20160415,106
ETo,0.8394,2016,20160420,111
ETo,0.5774,2016,20160425,116
ETo,0.8573,2016,20160430,121
ETo,0.8048,2016,20160505,126
ETo,0.9162,2016,20160510,131
ETo,0.8139,2016,20160515,136
ETo,0.6867,2016,20160520,141
ETo,0.9069,2016,20160525,146
ETo,1.1219,2016,20160530,151
ETo,1.2242,2016,20160604,156
ETo,1.0194,2016,20160609,161
ETo,1.1496,2016,20160614,166
ETo,1.3402,2016,20160619,171
ETo,1.2501,2016,20160624,176
ETo,1.2912,2016,20160629,181
ETo,1.3285,2016,20160704,186
ETo,1.1569,2016,20160709,191
ETo,1.4363,2016,20160714,196
ETo,1.5357,2016,20160719,201
ETo,1.4017,2016,20160724,206
ETo,1.4575,2016,20160729,211
ETo,1.2858,2016,20160803,216
ETo,1.242,2016,20160808,221
ETo,1.1922,2016,20160813,226
ETo,1.2173,2016,20160818,231
ETo,1.113,2016,20160823,236
ETo,1.2651,2016,20160828,241
ETo,0.7561,2016,20160902,246
ETo,1.0022,2016,20160907,251
ETo,0.5833,2016,20160912,256
ETo,0.8591,2016,20160917,261
ETo,0.377,2016,20160922,266
ETo,0.6703,2016,20160927,271
ETo,0.4631,2016,20161002,276
ETo,0.6077,2016,20161007,281
ETo,0.4486,2016,20161012,286
ETo,0.302,2016,20161017,291
ETo,0.4041,2016,20161022,296
ETo,0.2847,2016,20161027,301
ETo,0.3142,2016,20161101,306
ETo,0.344,2016,20161106,311
ETo,0.3789,2016,20161111,316
ETo,0.2716,2016,20161116,321
ETo,0.1692,2016,20161121,326
ETo,0.1671,2016,20161126,331
ETo,0.106,2016,20161201,336
ETo,0.0775,2016,20161206,341
ETo,0.1217,2016,20161211,346
ETo,0.0585,2016,20161216,351
ETo,0.0724,2016,20161221,356
ETo,0.0801,2016,20161226,361
ETo,0.0128,2016,20161231,366
ETo,0.0333,2017,20170101,1
ETo,0.1004,2017,20170106,6
ETo,0.0596,2017,20170111,11
ETo,0.0813,2017,20170116,16
ETo,0.0961,2017,20170121,21
ETo,0.071,2017,20170126,26
ETo,0.1511,2017,20170131,31
ETo,0.2665,2017,20170205,36
ETo,0.1813,2017,20170210,41
ETo,0.2786,2017,20170215,46
ETo,0.1995,2017,20170220,51
ETo,0.194,2017,20170225,56
ETo,0.2933,2017,20170302,61
ETo,0.3521,2017,20170307,66
ETo,0.5495,2017,20170312,71
ETo,0.6463,2017,20170317,76
ETo,0.4948,2017,20170322,81
ETo,0.4521,2017,20170327,86
ETo,0.5573,2017,20170401,91
ETo,0.5698,2017,20170406,96
ETo,0.619,2017,20170411,101
ETo,0.5943,2017,20170416,106
ETo,0.6097,2017,20170421,111
ETo,0.574,2017,20170426,116
ETo,0.9209,2017,20170501,121
ETo,0.8406,2017,20170506,126
ETo,0.9043,2017,20170511,131
ETo,0.6089,2017,20170516,136
ETo,0.9955,2017,20170521,141
ETo,0.9317,2017,20170526,146
ETo,1.2399,2017,20170531,151
ETo,1.1796,2017,20170605,156
ETo,0.7937,2017,20170610,161
ETo,1.1096,2017,20170615,166
ETo,1.263,2017,20170620,171
ETo,1.3095,2017,20170625,176
ETo,1.3076,2017,20170630,181
ETo,1.3988,2017,20170705,186
ETo,1.2868,2017,20170710,191
ETo,1.3747,2017,20170715,196
ETo,1.4153,2017,20170720,201
ETo,0.994,2017,20170725,206
ETo,1.2424,2017,20170730,211
ETo,1.1334,2017,20170804,216
ETo,1.0677,2017,20170809,221
ETo,0.9745,2017,20170814,226
ETo,1.1808,2017,20170819,231
ETo,1.1367,2017,20170824,236
ETo,1.0379,2017,20170829,241
ETo,1.0675,2017,20170903,246
ETo,0.8947,2017,20170908,251
ETo,0.6703,2017,20170913,256
ETo,0.3903,2017,20170918,261
ETo,0.4621,2017,20170923,266
ETo,0.4768,2017,20170928,271
ETo,0.484,2017,20171003,276
ETo,0.4666,2017,20171008,281
ETo,0.44,2017,20171013,286
ETo,0.5253,2017,20171018,291
ETo,0.3442,2017,20171023,296
ETo,0.4052,2017,20171028,301
ETo,0.2287,2017,20171102,306
ETo,0.2415,2017,20171107,311
ETo,0.2584,2017,20171112,316
ETo,0.1896,2017,20171117,321
ETo,0.2712,2017,20171122,326
ETo,0.1451,2017,20171127,331
ETo,0.1215,2017,20171202,336
ETo,0.0887,2017,20171207,341
ETo,0.0779,2017,20171212,346
ETo,0.1152,2017,20171217,351
ETo,0.0693,2017,20171222,356
ETo,0.2024,2017,20171227,361
ETo,0.1674,2018,20180101,1
ETo,0.1356,2018,20180106,6
ETo,0.1615,2018,20180111,11
ETo,0.1722,2018,20180116,16
ETo,0.1709,2018,20180121,21
ETo,0.2577,2018,20180126,26
ETo,0.3191,2018,20180131,31
ETo,0.3568,2018,20180205,36
ETo,0.2579,2018,20180210,41
ETo,0.2366,2018,20180215,46
ETo,0.1406,2018,20180220,51
ETo,0.1862,2018,20180225,56
ETo,0.1904,2018,20180302,61
ETo,0.3498,2018,20180307,66
ETo,0.3767,2018,20180312,71
ETo,0.327,2018,20180317,76
ETo,0.3772,2018,20180322,81
ETo,0.5999,2018,20180327,86
ETo,0.5137,2018,20180401,91
ETo,0.5119,2018,20180406,96
ETo,0.58,2018,20180411,101
ETo,0.7069,2018,20180416,106
ETo,0.8487,2018,20180421,111
ETo,0.8768,2018,20180426,116
ETo,0.8334,2018,20180501,121
ETo,1.1504,2018,20180506,126
ETo,0.7033,2018,20180511,131
ETo,0.9112,2018,20180516,136
ETo,0.9774,2018,20180521,141
ETo,0.9784,2018,20180526,146
ETo,1.0469,2018,20180531,151
ETo,1.2591,2018,20180605,156
ETo,1.145,2018,20180610,161
ETo,0.9219,2018,20180615,166
ETo,1.1597,2018,20180620,171
ETo,1.3401,2018,20180625,176
ETo,1.2605,2018,20180630,181
ETo,1.4149,2018,20180705,186
ETo,1.4632,2018,20180710,191
ETo,1.4351,2018,20180715,196
ETo,1.3682,2018,20180720,201
ETo,1.4232,2018,20180725,206
ETo,1.3264,2018,20180730,211
ETo,1.227,2018,20180804,216
ETo,1.3181,2018,20180809,221
ETo,1.1722,2018,20180814,226
ETo,1.0667,2018,20180819,231
ETo,1.0035,2018,20180824,236
ETo,1.0824,2018,20180829,241
ETo,1.0262,2018,20180903,246
ETo,1.0924,2018,20180908,251
ETo,0.9628,2018,20180913,256
ETo,0.9535,2018,20180918,261
ETo,0.7934,2018,20180923,266
ETo,0.819,2018,20180928,271
ETo,0.4407,2018,20181003,276
ETo,0.3001,2018,20181008,281
ETo,0.3885,2018,20181013,286
ETo,0.4594,2018,20181018,291
ETo,0.3512,2018,20181023,296
ETo,0.3642,2018,20181028,301
ETo,0.3102,2018,20181102,306
ETo,0.2187,2018,20181107,311
ETo,0.2446,2018,20181112,316
ETo,0.2184,2018,20181117,321
ETo,0.1447,2018,20181122,326
ETo,0.105,2018,20181127,331
ETo,0.0596,2018,20181202,336
ETo,0.1031,2018,20181207,341
ETo,0.1498,2018,20181212,346
ETo,0.1456,2018,20181217,351
ETo,0.0786,2018,20181222,356
ETo,0.0626,2018,20181227,361
ETo,0.0864,2019,20190101,1
ETo,0.1127,2019,20190106,6
ETo,0.1194,2019,20190111,11
ETo,0.1442,2019,20190116,16
ETo,0.1549,2019,20190121,21
ETo,0.1811,2019,20190126,26
ETo,0.2197,2019,20190131,31
ETo,0.111,2019,20190205,36
ETo,0.1724,2019,20190210,41
ETo,0.1421,2019,20190215,46
ETo,0.1657,2019,20190220,51
ETo,0.2681,2019,20190225,56
ETo,0.2265,2019,20190302,61
ETo,0.2716,2019,20190307,66
ETo,0.3285,2019,20190312,71
ETo,0.534,2019,20190317,76
ETo,0.4131,2019,20190322,81
ETo,0.461,2019,20190327,86
ETo,0.4682,2019,20190401,91
ETo,0.4995,2019,20190406,96
ETo,0.4603,2019,20190411,101
ETo,0.7389,2019,20190416,106
ETo,0.6977,2019,20190421,111
ETo,0.7499,2019,20190426,116
ETo,0.9199,2019,20190501,121
ETo,0.8051,2019,20190506,126
ETo,1.1387,2019,20190511,131
ETo,0.6663,2019,20190516,136
ETo,0.5866,2019,20190521,141
ETo,0.8128,2019,20190526,146
ETo,0.9863,2019,20190531,151
ETo,0.9375,2019,20190605,156
ETo,1.1789,2019,20190610,161
ETo,1.268,2019,20190615,166
ETo,1.0795,2019,20190620,171
ETo,1.273,2019,20190625,176
ETo,1.1946,2019,20190630,181
ETo,1.1983,2019,20190705,186
ETo,1.399,2019,20190710,191
ETo,1.3295,2019,20190715,196
ETo,1.3217,2019,20190720,201
ETo,1.2449,2019,20190725,206
ETo,1.3023,2019,20190730,211
ETo,1.1306,2019,20190804,216
ETo,1.1376,2019,20190809,221
ETo,1.3726,2019,20190814,226
ETo,1.1771,2019,20190819,231
ETo,1.2231,2019,20190824,236
ETo,1.1354,2019,20190829,241
ETo,0.919,2019,20190903,246
ETo,0.6054,2019,20190908,251
ETo,1.0086,2019,20190913,256
ETo,0.6426,2019,20190918,261
ETo,0.8269,2019,20190923,266
ETo,0.3051,2019,20190928,271
ETo,0.5079,2019,20191003,276
ETo,0.4142,2019,20191008,281
ETo,0.6532,2019,20191013,286
ETo,0.3786,2019,20191018,291
ETo,0.3456,2019,20191023,296
ETo,0.1476,2019,20191028,301
ETo,0.3078,2019,20191102,306
ETo,0.3271,2019,20191107,311
ETo,0.3164,2019,20191112,316
ETo,0.2512,2019,20191117,321
ETo,0.1756,2019,20191122,326
ETo,0.0802,2019,20191127,331
ETo,0.1083,2019,20191202,336
ETo,0.1405,2019,20191207,341
ETo,0.0663,2019,20191212,346
ETo,0.1384,2019,20191217,351
ETo,0.1371,2019,20191222,356
ETo,0.0691,2019,20191227,361
ETo,0.1237,2020,20200101,1
ETo,0.1513,2020,20200106,6
ETo,0.1082,2020,20200111,11
ETo,0.1552,2020,20200116,16
ETo,0.169,2020,20200121,21
ETo,0.1632,2020,20200126,26
ETo,0.1653,2020,20200131,31
ETo,0.2278,2020,20200205,36
ETo,0.2098,2020,20200210,41
ETo,0.1756,2020,20200215,46
ETo,0.2732,2020,20200220,51
ETo,0.3131,2020,20200225,56
ETo,0.357,2020,20200301,61
ETo,0.4127,2020,20200306,66
ETo,0.3803,2020,20200311,71
ETo,0.4068,2020,20200316,76
ETo,0.4179,2020,20200321,81
ETo,0.4119,2020,20200326,86
ETo,0.4137,2020,20200331,91
ETo,0.6033,2020,20200405,96
ETo,0.5916,2020,20200410,101
ETo,0.5394,2020,20200415,106
ETo,0.782,2020,20200420,111
ETo,0.9007,2020,20200425,116
ETo,0.8246,2020,20200430,121
ETo,0.9709,2020,20200505,126
ETo,0.9135,2020,20200510,131
ETo,0.9711,2020,20200515,136
ETo,0.6261,2020,20200520,141
ETo,1.0655,2020,20200525,146
ETo,1.301,2020,20200530,151
ETo,0.947,2020,20200604,156
ETo,1.2406,2020,20200609,161
ETo,0.7652,2020,20200614,166
ETo,1.1156,2020,20200619,171
ETo,1.0497,2020,20200624,176
ETo,0.9287,2020,20200629,181
ETo,1.278,2020,20200704,186
ETo,1.3169,2020,20200709,191
ETo,1.3822,2020,20200714,196
ETo,1.3441,2020,20200719,201
ETo,1.0883,2020,20200724,206
ETo,1.4141,2020,20200729,211
ETo,1.3272,2020,20200803,216
ETo,1.3873,2020,20200808,221
ETo,1.2723,2020,20200813,226
ETo,1.28,2020,20200818,231
ETo,1.061,2020,20200823,236
ETo,0.989,2020,20200828,241
ETo,1.209,2020,20200902,246
ETo,0.9607,2020,20200907,251
ETo,0.976,2020,20200912,256
ETo,0.8411,2020,20200917,261
ETo,0.8688,2020,20200922,266
ETo,0.6099,2020,20200927,271
ETo,0.7009,2020,20201002,276
ETo,0.6884,2020,20201007,281
ETo,0.5906,2020,20201012,286
ETo,0.591,2020,20201017,291
ETo,0.2614,2020,20201022,296
ETo,0.3879,2020,20201027,301
ETo,0.5478,2020,20201101,306
ETo,0.3226,2020,20201106,311
ETo,0.1384,2020,20201111,316
ETo,0.2226,2020,20201116,321
ETo,0.1287,2020,20201121,326
ETo,0.1165,2020,20201126,331
ETo,0.1447,2020,20201201,336
ETo,0.1768,2020,20201206,341
ETo,0.0824,2020,20201211,346
ETo,0.1303,2020,20201216,351
ETo,0.1798,2020,20201221,356
ETo,0.0936,2020,20201226,361
ETo,0.012,2020,20201231,366
ETo,0.0933,2021,20210101,1
ETo,0.1069,2021,20210106,6
ETo,0.1608,2021,20210111,11
ETo,0.1509,2021,20210116,16
ETo,0.1291,2021,20210121,21
ETo,0.1975,2021,20210126,26
ETo,0.2444,2021,20210131,31
ETo,0.3038,2021,20210205,36
ETo,0.1697,2021,20210210,41
ETo,0.1834,2021,20210215,46
ETo,0.2593,2021,20210220,51
ETo,0.2521,2021,20210225,56
ETo,0.4406,2021,20210302,61
ETo,0.364,2021,20210307,66
ETo,0.4665,2021,20210312,71
ETo,0.4306,2021,20210317,76
ETo,0.3547,2021,20210322,81
ETo,0.5421,2021,20210327,86
ETo,0.7491,2021,20210401,91
ETo,0.6179,2021,20210406,96
ETo,0.494,2021,20210411,101
ETo,0.6411,2021,20210416,106
ETo,0.7237,2021,20210421,111
ETo,0.8141,2021,20210426,116
ETo,0.8341,2021,20210501,121
ETo,0.8933,2021,20210506,126
ETo,0.9385,2021,20210511,131
ETo,1.0459,2021,20210516,136
ETo,0.7501,2021,20210521,141
ETo,1.0667,2021,20210526,146
ETo,1.1962,2021,20210531,151
ETo,1.4252,2021,20210605,156
ETo,1.3027,2021,20210610,161
ETo,1.5696,2021,20210615,166
ETo,1.3156,2021,20210620,171
ETo,1.4209,2021,20210625,176
ETo,1.3027,2021,20210630,181
ETo,1.5151,2021,20210705,186
ETo,1.4457,2021,20210710,191
ETo,1.3717,2021,20210715,196
ETo,1.2938,2021,20210720,201
ETo,1.2539,2021,20210725,206
ETo,0.9401,2021,20210730,211
ETo,1.2429,2021,20210804,216
ETo,1.2476,2021,20210809,221
ETo,1.1615,2021,20210814,226
ETo,0.8109,2021,20210819,231
ETo,1.0776,2021,20210824,236
ETo,1.0724,2021,20210829,241
ETo,1.098,2021,20210903,246
ETo,1.0527,2021,20210908,251
ETo,1.0095,2021,20210913,256
ETo,0.7398,2021,20210918,261
ETo,0.8281,2021,20210923,266
ETo,0.5637,2021,20210928,271
ETo,0.7106,2021,20211003,276
ETo,0.2372,2021,20211008,281
ETo,0.4245,2021,20211013,286
ETo,0.4757,2021,20211018,291
ETo,0.2731,2021,20211023,296
ETo,0.2671,2021,20211028,301
ETo,0.3066,2021,20211102,306
ETo,0.1842,2021,20211107,311
ETo,0.3315,2021,20211112,316
ETo,0.1833,2021,20211117,321
ETo,0.2585,2021,20211122,326
ETo,0.2355,2021,20211127,331
ETo,0.2606,2021,20211202,336
ETo,0.1782,2021,20211207,341
ETo,0.1962,2021,20211212,346
ETo,0.1311,2021,20211217,351
ETo,0.1304,2021,20211222,356
ETo,0.0651,2021,20211227,361
ETo,0.0733,2022,20220101,1
ETo,0.1212,2022,20220106,6
ETo,0.1193,2022,20220111,11
ETo,0.092,2022,20220116,16
ETo,0.0771,2022,20220121,21
ETo,0.111,2022,20220126,26
ETo,0.1036,2022,20220131,31
ETo,0.1595,2022,20220205,36
ETo,0.2362,2022,20220210,41
ETo,0.2135,2022,20220215,46
ETo,0.1551,2022,20220220,51
ETo,0.2344,2022,20220225,56
ETo,0.3347,2022,20220302,61
ETo,0.1882,2022,20220307,66
ETo,0.3812,2022,20220312,71
ETo,0.4196,2022,20220317,76
ETo,0.5831,2022,20220322,81
ETo,0.6508,2022,20220327,86
ETo,0.5668,2022,20220401,91
ETo,0.6325,2022,20220406,96
ETo,0.3712,2022,20220411,101
ETo,0.6271,2022,20220416,106
ETo,0.5993,2022,20220421,111
ETo,0.6671,2022,20220426,116
ETo,0.6202,2022,20220501,121
ETo,0.6112,2022,20220506,126
ETo,0.8446,2022,20220511,131
ETo,0.9461,2022,20220516,136
ETo,0.8471,2022,20220521,141
ETo,0.7735,2022,20220526,146
ETo,0.81,2022,20220531,151
ETo,0.8905,2022,20220605,156
ETo,0.906,2022,20220610,161
ETo,1.2883,2022,20220615,166
ETo,1.1142,2022,20220620,171
ETo,1.3024,2022,20220625,176
ETo,1.2226,2022,20220630,181
ETo,1.5073,2022,20220705,186
ETo,1.3675,2022,20220710,191
ETo,1.4317,2022,20220715,196
ETo,1.3835,2022,20220720,201
ETo,1.2879,2022,20220725,206
ETo,1.1447,2022,20220730,211
ETo,0.9649,2022,20220804,216
ETo,1.1033,2022,20220809,221
ETo,1.1484,2022,20220814,226
ETo,0.9552,2022,20220819,231
ETo,1.2624,2022,20220824,236
ETo,1.1592,2022,20220829,241
ETo,1.4237,2022,20220903,246
ETo,1.1036,2022,20220908,251
ETo,0.6207,2022,20220913,256
ETo,0.9713,2022,20220918,261
ETo,0.7464,2022,20220923,266
ETo,0.6777,2022,20220928,271
ETo,0.584,2022,20221003,276
ETo,0.6579,2022,20221008,281
ETo,0.5919,2022,20221013,286
ETo,0.518,2022,20221018,291
ETo,0.2569,2022,20221023,296
ETo,0.3876,2022,20221028,301
ETo,0.2234,2022,20221102,306
ETo,0.103,2022,20221107,311
ETo,0.0946,2022,20221112,316
ETo,0.1025,2022,20221117,321
ETo,0.1329,2022,20221122,326
ETo,0.1254,2022,20221127,331
ETo,0.0864,2022,20221202,336
ETo,0.1302,2022,20221207,341
ETo,0.0613,2022,20221212,346
ETo,0.066,2022,20221217,351
ETo,0.0784,2022,20221222,356
ETo,0.1333,2022,20221227,361
ETo,0.0968,2023,20230101,1
ETo,0.0743,2023,20230106,6
ETo,0.1141,2023,20230111,11
ETo,0.059,2023,20230116,16
ETo,0.0622,2023,20230121,21
ETo,0.0668,2023,20230126,26
ETo,0.1126,2023,20230131,31
ETo,0.1135,2023,20230205,36
ETo,0.1479,2023,20230210,41
ETo,0.1249,2023,20230215,46
ETo,0.2116,2023,20230220,51
ETo,0.2976,2023,20230225,56
ETo,0.1403,2023,20230302,61
ETo,0.2014,2023,20230307,66
ETo,0.2232,2023,20230312,71
ETo,0.3431,2023,20230317,76
ETo,0.2714,2023,20230322,81
ETo,0.3243,2023,20230327,86
ETo,0.2556,2023,20230401,91
ETo,0.543,2023,20230406,96
ETo,0.5571,2023,20230411,101
ETo,0.6259,2023,20230416,106
ETo,0.5562,2023,20230421,111
ETo,0.9887,2023,20230426,116
ETo,1.0996,2023,20230501,121
ETo,0.6824,2023,20230506,126
ETo,0.9402,2023,20230511,131
ETo,0.9707,2023,20230516,136
ETo,0.9584,2023,20230521,141
ETo,0.9014,2023,20230526,146
ETo,0.8917,2023,20230531,151
ETo,0.9538,2023,20230605,156
ETo,0.8639,2023,20230610,161
ETo,0.9103,2023,20230615,166
ETo,0.9522,2023,20230620,171
ETo,1.1103,2023,20230625,176
ETo,1.3145,2023,20230630,181
ETo,1.1927,2023,20230705,186
ETo,1.4854,2023,20230710,191
ETo,1.4453,2023,20230715,196
ETo,1.4181,2023,20230720,201
ETo,1.4327,2023,20230725,206
ETo,0.8909,2023,20230730,211
ETo,0.9151,2023,20230804,216
ETo,1.2545,2023,20230809,221
ETo,1.2051,2023,20230814,226
ETo,0.7989,2023,20230819,231
ETo,0.9032,2023,20230824,236
ETo,1.1479,2023,20230829,241
ETo,0.6647,2023,20230903,246
ETo,0.8618,2023,20230908,251
ETo,0.8003,2023,20230913,256
ETo,0.6091,2023,20230918,261
ETo,0.7859,2023,20230923,266
ETo,0.4944,2023,20230928,271
ETo,0.4231,2023,20231003,276
ETo,0.5136,2023,20231008,281
ETo,0.532,2023,20231013,286
ETo,0.4688,2023,20231018,291
ETo,0.2638,2023,20231023,296
ETo,0.2441,2023,20231028,301
ETo,0.3039,2023,20231102,306
ETo,0.2289,2023,20231107,311
ETo,0.383,2023,20231112,316
ETo,0.1553,2023,20231117,321
ETo,0.0684,2023,20231122,326
ETo,0.0677,2023,20231127,331
ETo,0.1578,2023,20231202,336
ETo,0.1051,2023,20231207,341
ETo,0.0846,2023,20231212,346
ETo,0.1752,2023,20231217,351
ETo,0.0658,2023,20231222,356
ETo,0.1388,2023,20231227,361
ETo,0.0855,2024,20240101,1
ETo,0.0907,2024,20240106,6
ETo,0.0558,2024,20240111,11
ETo,0.1303,2024,20240116,16
ETo,0.1432,2024,20240121,21
ETo,0.2193,2024,20240126,26
ETo,0.2441,2024,20240131,31
ETo,0.1829,2024,20240205,36
ETo,0.2005,2024,20240210,41
ETo,0.1603,2024,20240215,46
ETo,0.2799,2024,20240220,51
ETo,0.3647,2024,20240225,56
ETo,0.1586,2024,20240301,61
ETo,0.2241,2024,20240306,66
ETo,0.3255,2024,20240311,71
ETo,0.5015,2024,20240316,76
ETo,0.484,2024,20240321,81
ETo,0.4182,2024,20240326,86
ETo,0.5706,2024,20240331,91
ETo,0.4233,2024,20240405,96
ETo,0.8677,2024,20240410,101
ETo,0.6363,2024,20240415,106
ETo,0.8358,2024,20240420,111
ETo,0.6673,2024,20240425,116
ETo,0.6363,2024,20240430,121
ETo,0.5493,2024,20240505,126
ETo,0.9233,2024,20240510,131
ETo,0.9915,2024,20240515,136
ETo,0.7387,2024,20240520,141
ETo,0.9717,2024,20240525,146
ETo,0.9264,2024,20240530,151
ETo,1.1712,2024,20240604,156
ETo,1.2354,2024,20240609,161
ETo,1.0255,2024,20240614,166
ETo,1.3186,2024,20240619,171
ETo,1.3044,2024,20240624,176
ETo,1.2577,2024,20240629,181
ETo,1.3197,2024,20240704,186
ETo,1.4139,2024,20240709,191
ETo,1.346,2024,20240714,196
ETo,1.2698,2024,20240719,201
ETo,1.2162,2024,20240724,206
ETo,1.1585,2024,20240729,211
ETo,1.3335,2024,20240803,216
ETo,1.1582,2024,20240808,221
ETo,1.1015,2024,20240813,226
ETo,1.2621,2024,20240818,231
ETo,1.0256,2024,20240823,236
ETo,1.0128,2024,20240828,241
ETo,0.996,2024,20240902,246
ETo,1.09,2024,20240907,251
ETo,0.8224,2024,20240912,256
ETo,0.5295,2024,20240917,261
ETo,0.8335,2024,20240922,266
ETo,0.8331,2024,20240927,271
ETo,0.8941,2024,20241002,276
ETo,0.6898,2024,20241007,281
ETo,0.6656,2024,20241012,286
ETo,0.372,2024,20241017,291
ETo,0.4046,2024,20241022,296
ETo,0.326,2024,20241027,301
ETo,0.2228,2024,20241101,306
ETo,0.2288,2024,20241106,311
ETo,0.2728,2024,20241111,316
ETo,0.1373,2024,20241116,321
ETo,0.2377,2024,20241121,326
ETo,0.102,2024,20241126,331
ETo,0.1534,2024,20241201,336
ETo,0.1212,2024,20241206,341
ETo,0.154,2024,20241211,346
ETo,0.1375,2024,20241216,351
ETo,0.1326,2024,20241221,356
ETo,0.0939,2024,20241226,361
ETo,0.0108,2024,20241231,366
ETo,0.2497,2025,20250101,1
ETo,0.158,2025,20250106,6
ETo,0.1919,2025,20250111,11
ETo,0.163,2025,20250116,16
ETo,0.1991,2025,20250121,21
ETo,0.203,2025,20250126,26
ETo,0.3686,2025,20250131,31
ETo,0.2997,2025,20250205,36
ETo,0.2011,2025,20250210,41
ETo,0.3098,2025,20250215,46
ETo,0.391,2025,20250220,51
ETo,0.5111,2025,20250225,56
ETo,0.2855,2025,20250302,61
ETo,0.3768,2025,20250307,66
ETo,0.3592,2025,20250312,71
ETo,0.3393,2025,20250317,76
ETo,0.5798,2025,20250322,81
ETo,0.4826,2025,20250327,86
ETo,0.4432,2025,20250401,91
ETo,0.713,2025,20250406,96
ETo,0.7704,2025,20250411,101
ETo,0.7229,2025,20250416,106
ETo,0.795,2025,20250421,111
ETo,0.7114,2025,20250426,116
ETo,0.7919,2025,20250501,121
ETo,0.8811,2025,20250506,126
ETo,0.8228,2025,20250511,131
ETo,0.633,2025,20250516,136
ETo,1.0118,2025,20250521,141
ETo,1.1939,2025,20250526,146
ETo,1.1075,2025,20250531,151
ETo,1.1542,2025,20250605,156
ETo,1.1824,2025,20250610,161
ETo,1.3123,2025,20250615,166
ETo,0.9751,2025,20250620,171
ETo,1.3116,2025,20250625,176
ETo,1.3167,2025,20250630,181
ETo,1.3377,2025,20250705,186
ETo,1.4547,2025,20250710,191
ETo,1.4029,2025,20250715,196
ETo,1.3394,2025,20250720,201
ETo,1.3926,2025,20250725,206
ETo,1.3655,2025,20250730,211
ETo,1.2477,2025,20250804,216
ETo,1.1821,2025,20250809,221
ETo,1.2484,2025,20250814,226
ETo,1.2091,2025,20250819,231
ETo,0.7128,2025,20250824,236
ETo,1.0432,2025,20250829,241
ETo,0.9624,2025,20250903,246
ETo,0.9303,2025,20250908,251
ETo,0.7645,2025,20250913,256
ETo,0.7132,2025,20250918,261
ETo,0.7409,2025,20250923,266
ETo,0.6189,2025,20250928,271
ETo,0.3576,2025,20251003,276
ETo,0.5761,2025,20251008,281
ETo,0.3584,2025,20251013,286
ETo,0.3971,2025,20251018,291
ETo,0.3056,2025,20251023,296
ETo,0.301,2025,20251028,301
ETo,0.4117,2025,20251102,306
ETo,0.334,2025,20251107,311
ETo,0.3621,2025,20251112,316
ETo,0.162,2025,20251117,321
ETo,0.1702,2025,20251122,326
ETo,0.1774,2025,20251127,331
ETo,0.1215,2025,20251202,336
ETo,0.289,2025,20251207,341
ETo,0.2922,2025,20251212,346
ETo,0.2451,2025,20251217,351
ETo,0.2589,2025,20251222,356
ETo,0.114,2025,20251227,361
ETo,0.1395,2026,20260101,1
ETo,0.112,2026,20260106,6
ETo,0.1261,2026,20260111,11
ETo,0.0986,2026,20260116,16
ETo,0.0885,2026,20260121,21
ETo,0.184,2026,20260126,26
ETo,0.2612,2026,20260131,31
ETo,0.3295,2026,20260205,36
ETo,0.197,2026,20260210,41
ETo,0.2617,2026,20260215,46
ETo,0.2928,2026,20260220,51
ETo,0.3575,2026,20260225,56
ETo,0.2797,2026,20260302,61
ETo,0.4009,2026,20260307,66
ETo,0.5929,2026,20260312,71
ETo,0.8157,2026,20260317,76
ETo,0.6876,2026,20260322,81
ETo,0.7542,2026,20260327,86
ETo,0.526,2026,20260401,91
ETo,0.8814,2026,20260406,96
ETo,0.603,2026,20260411,101
ETo,0.711,2026,20260416,106
ETo,0.6667,2026,20260421,111
ETo,0.6487,2026,20260426,116
ETo,0.8898,2026,20260501,121
ETo,1.077,2026,20260506,126
ETo,1.3061,2026,20260511,131
ETo,0.8463,2026,20260516,136
ETo,1.1535,2026,20260521,141
ETo,1.1895,2026,20260526,146
ETo,1.1461,2026,20260531,151
ETo,1.1062,2026,20260605,156
ETo,1.1161,2026,20260610,161
ETo,1.4524,2026,20260615,166
ETo,1.2845,2026,20260620,171
ETo,0.9872,2026,20260625,176
ETo,1.2354,2026,20260630,181
ETo,1.363,2026,20260705,186
ETo,1.5395,2026,20260710,191
ETo,1.2442,2026,20260715,196
ETo,1.2189,2026,20260720,201
ETo,1.2963,2026,20260725,206
ETo,1.3967,2026,20260730,211
ETo,1.3839,2026,20260804,216
ETo,1.1856,2026,20260809,221
ETo,1.0381,2026,20260814,226
ETo,1.154,2026,20260819,231
ETo,0.9417,2026,20260824,236
ETo,0.9426,2026,20260829,241
ETo,0.9367,2026,20260903,246
Precip,0.0994,1980,19800101,1
Precip,1.2075,1980,19800106,6
Precip,2.5983,1980,19800111,11
Precip,0.5094,1980,19800116,16
Precip,0.088,1980,19800121,21
Precip,0.0775,1980,19800126,26
Precip,0.0003,1980,19800131,31
Precip,0.1366,1980,19800205,36
Precip,0.1941,1980,19800210,41
Precip,1.0503,1980,19800215,46
Precip,0.626,1980,19800220,51
Precip,0.1054,1980,19800225,56
Precip,0.5882,1980,19800301,61
Precip,0.0059,1980,19800306,66
Precip,0.0604,1980,19800311,71
Precip,0.1605,1980,19800316,76
Precip,0.2592,1980,19800321,81
Precip,0.3855,1980,19800326,86
Precip,0.0909,1980,19800331,91
Precip,0.3151,1980,19800405,96
Precip,0.0007,1980,19800410,101
Precip,0.0,1980,19800415,106
Precip,0.5868,1980,19800420,111
Precip,0.141,1980,19800425,116
Precip,0.2383,1980,19800430,121
Precip,0.8433,1980,19800505,126
Precip,1.0426,1980,19800510,131
Precip,0.771,1980,19800515,136
Precip,0.6993,1980,19800520,141
Precip,0.2568,1980,19800525,146
Precip,1.3032,1980,19800530,151
Precip,0.3182,1980,19800604,156
Precip,0.0216,1980,19800609,161
Precip,0.042,1980,19800614,166
Precip,0.0,1980,19800619,171
Precip,0.0,1980,19800624,176
Precip,0.6149,1980,19800629,181
Precip,0.0318,1980,19800704,186
Precip,0.0014,1980,19800709,191
Precip,0.0,1980,19800714,196
Precip,0.004,1980,19800719,201
Precip,0.0015,1980,19800724,206
Precip,0.055,1980,19800729,211
Precip,0.0,1980,19800803,216
Precip,0.008,1980,19800808,221
Precip,0.4541,1980,19800813,226
Precip,0.3615,1980,19800818,231
Precip,0.0296,1980,19800823,236
Precip,0.0003,1980,19800828,241
Precip,0.0651,1980,19800902,246
Precip,0.8096,1980,19800907,251
Precip,0.4055,1980,19800912,256
Precip,0.0557,1980,19800917,261
Precip,0.0,1980,19800922,266
Precip,0.0,1980,19800927,271
Precip,0.0,1980,19801002,276
Precip,0.0037,1980,19801007,281
Precip,1.0596,1980,19801012,286
Precip,0.0,1980,19801017,291
Precip,0.1321,1980,19801022,296
Precip,0.0,1980,19801027,301
Precip,0.0,1980,19801101,306
Precip,0.0961,1980,19801106,311
Precip,0.3936,1980,19801111,316
Precip,0.0,1980,19801116,321
Precip,0.5339,1980,19801121,326
Precip,0.1656,1980,19801126,331
Precip,0.4641,1980,19801201,336
Precip,0.0272,1980,19801206,341
Precip,0.0,1980,19801211,346
Precip,0.0157,1980,19801216,351
Precip,0.2745,1980,19801221,356
Precip,0.0,1980,19801226,361
Precip,0.0,1980,19801231,366
Precip,0.1724,1981,19810101,1
Precip,0.0,1981,19810106,6
Precip,0.0,1981,19810111,11
Precip,0.0,1981,19810116,16
Precip,0.1234,1981,19810121,21
Precip,0.6021,1981,19810126,26
Precip,0.0082,1981,19810131,31
Precip,0.0243,1981,19810205,36
Precip,0.0511,1981,19810210,41
Precip,0.3597,1981,19810215,46
Precip,0.0588,1981,19810220,51
Precip,0.0701,1981,19810225,56
Precip,0.0816,1981,19810302,61
Precip,0.0239,1981,19810307,66
Precip,0.2427,1981,19810312,71
Precip,0.5738,1981,19810317,76
Precip,0.6068,1981,19810322,81
Precip,0.3178,1981,19810327,86
Precip,0.1735,1981,19810401,91
Precip,0.0,1981,19810406,96
Precip,0.0,1981,19810411,101
Precip,1.0695,1981,19810416,106
Precip,0.0809,1981,19810421,111
Precip,0.3312,1981,19810426,116
Precip,0.0693,1981,19810501,121
Precip,0.2816,1981,19810506,126
Precip,0.6226,1981,19810511,131
Precip,0.5975,1981,19810516,136
Precip,1.073,1981,19810521,141
Precip,0.1795,1981,19810526,146
Precip,0.3526,1981,19810531,151
Precip,0.1038,1981,19810605,156
Precip,0.1507,1981,19810610,161
Precip,0.0088,1981,19810615,166
Precip,0.0,1981,19810620,171
Precip,0.0,1981,19810625,176
Precip,0.0214,1981,19810630,181
Precip,0.0977,1981,19810705,186
Precip,0.03,1981,19810710,191
Precip,0.0551,1981,19810715,196
Precip,0.0013,1981,19810720,201
Precip,0.0068,1981,19810725,206
Precip,0.0,1981,19810730,211
Precip,0.0006,1981,19810804,216
Precip,0.0119,1981,19810809,221
Precip,0.0286,1981,19810814,226
Precip,0.1012,1981,19810819,231
Precip,0.0139,1981,19810824,236
Precip,0.0089,1981,19810829,241
Precip,0.0005,1981,19810903,246
Precip,0.0035,1981,19810908,251
Precip,0.0,1981,19810913,256
Precip,0.0,1981,19810918,261
Precip,0.182,1981,19810923,266
Precip,0.1187,1981,19810928,271
Precip,0.2231,1981,19811003,276
Precip,1.3338,1981,19811008,281
Precip,0.0666,1981,19811013,286
Precip,0.0,1981,19811018,291
Precip,0.0194,1981,19811023,296
Precip,0.3278,1981,19811028,301
Precip,0.0,1981,19811102,306
Precip,0.0,1981,19811107,311
Precip,0.7247,1981,19811112,316
Precip,0.2266,1981,19811117,321
Precip,0.8152,1981,19811122,326
Precip,0.1181,1981,19811127,331
Precip,0.0,1981,19811202,336
Precip,0.003,1981,19811207,341
Precip,0.4976,1981,19811212,346
Precip,1.3832,1981,19811217,351
Precip,0.376,1981,19811222,356
Precip,0.866,1981,19811227,361
Precip,1.0321,1982,19820101,1
Precip,0.0014,1982,19820106,6
Precip,0.0988,1982,19820111,11
Precip,0.2193,1982,19820116,16
Precip,0.4712,1982,19820121,21
Precip,0.0809,1982,19820126,26
Precip,0.2395,1982,19820131,31
Precip,0.092,1982,19820205,36
Precip,0.4542,1982,19820210,41
Precip,0.64,1982,19820215,46
Precip,0.0972,1982,19820220,51
Precip,0.1987,1982,19820225,56
Precip,0.3348,1982,19820302,61
Precip,0.2948,1982,19820307,66
Precip,0.9141,1982,19820312,71
Precip,0.3463,1982,19820317,76
Precip,0.0501,1982,19820322,81
Precip,0.7126,1982,19820327,86
Precip,0.2777,1982,19820401,91
Precip,0.4434,1982,19820406,96
Precip,0.6567,1982,19820411,101
Precip,0.0,1982,19820416,106
Precip,0.0058,1982,19820421,111
Precip,0.1806,1982,19820426,116
Precip,0.0536,1982,19820501,121
Precip,0.7024,1982,19820506,126
Precip,0.0197,1982,19820511,131
Precip,0.2593,1982,19820516,136
Precip,0.0086,1982,19820521,141
Precip,0.131,1982,19820526,146
Precip,0.4544,1982,19820531,151
Precip,0.049,1982,19820605,156
Precip,0.2151,1982,19820610,161
Precip,0.1111,1982,19820615,166
Precip,0.2541,1982,19820620,171
Precip,0.0084,1982,19820625,176
Precip,0.2654,1982,19820630,181
Precip,0.3301,1982,19820705,186
Precip,0.0196,1982,19820710,191
Precip,0.0238,1982,19820715,196
Precip,0.4698,1982,19820720,201
Precip,0.5624,1982,19820725,206
Precip,0.0041,1982,19820730,211
Precip,0.3608,1982,19820804,216
Precip,0.0209,1982,19820809,221
Precip,0.1203,1982,19820814,226
Precip,0.0007,1982,19820819,231
Precip,0.3189,1982,19820824,236
Precip,0.3113,1982,19820829,241
Precip,0.0017,1982,19820903,246
Precip,0.1167,1982,19820908,251
Precip,0.8558,1982,19820913,256
Precip,0.6282,1982,19820918,261
Precip,1.0048,1982,19820923,266
Precip,0.38,1982,19820928,271
Precip,0.0605,1982,19821003,276
Precip,0.0,1982,19821008,281
Precip,0.0226,1982,19821013,286
Precip,0.0696,1982,19821018,291
Precip,0.687,1982,19821023,296
Precip,0.7019,1982,19821028,301
Precip,0.0,1982,19821102,306
Precip,0.1166,1982,19821107,311
Precip,0.0157,1982,19821112,316
Precip,0.6158,1982,19821117,321
Precip,0.0328,1982,19821122,326
Precip,1.2132,1982,19821127,331
Precip,0.5068,1982,19821202,336
Precip,0.005,1982,19821207,341
Precip,0.4546,1982,19821212,346
Precip,0.4503,1982,19821217,351
Precip,0.3651,1982,19821222,356
Precip,0.0232,1982,19821227,361
Precip,0.1112,1983,19830101,1
Precip,0.1821,1983,19830106,6
Precip,0.0,1983,19830111,11
Precip,0.156,1983,19830116,16
Precip,0.1934,1983,19830121,21
Precip,0.3012,1983,19830126,26
Precip,0.0031,1983,19830131,31
Precip,0.5615,1983,19830205,36
Precip,0.6444,1983,19830210,41
Precip,0.1501,1983,19830215,46
Precip,0.0,1983,19830220,51
Precip,0.5157,1983,19830225,56
Precip,0.1324,1983,19830302,61
Precip,0.2161,1983,19830307,66
Precip,0.8854,1983,19830312,71
Precip,0.2741,1983,19830317,76
Precip,0.5243,1983,19830322,81
Precip,0.8113,1983,19830327,86
Precip,0.326,1983,19830401,91
Precip,0.0953,1983,19830406,96
Precip,0.0445,1983,19830411,101
Precip,0.0208,1983,19830416,106
Precip,0.1883,1983,19830421,111
Precip,0.9066,1983,19830426,116
Precip,0.5518,1983,19830501,121
Precip,0.1382,1983,19830506,126
Precip,0.6988,1983,19830511,131
Precip,0.5973,1983,19830516,136
Precip,0.0077,1983,19830521,141
Precip,0.0003,1983,19830526,146
Precip,0.2939,1983,19830531,151
Precip,0.077,1983,19830605,156
Precip,0.6247,1983,19830610,161
Precip,0.0175,1983,19830615,166
Precip,0.0965,1983,19830620,171
Precip,0.2521,1983,19830625,176
Precip,0.2664,1983,19830630,181
Precip,0.7676,1983,19830705,186
Precip,0.0794,1983,19830710,191
Precip,0.0253,1983,19830715,196
Precip,0.2343,1983,19830720,201
Precip,0.032,1983,19830725,206
Precip,0.2081,1983,19830730,211
Precip,0.2465,1983,19830804,216
Precip,0.1482,1983,19830809,221
Precip,0.4995,1983,19830814,226
Precip,0.8346,1983,19830819,231
Precip,0.0009,1983,19830824,236
Precip,0.0354,1983,19830829,241
Precip,0.2493,1983,19830903,246
Precip,0.0281,1983,19830908,251
Precip,0.0,1983,19830913,256
Precip,0.0439,1983,19830918,261
Precip,0.5982,1983,19830923,266
Precip,0.9636,1983,19830928,271
Precip,0.0194,1983,19831003,276
Precip,0.4461,1983,19831008,281
Precip,0.3009,1983,19831013,286
Precip,0.0825,1983,19831018,291
Precip,0.0837,1983,19831023,296
Precip,0.2413,1983,19831028,301
Precip,0.6005,1983,19831102,306
Precip,0.4167,1983,19831107,311
Precip,0.4898,1983,19831112,316
Precip,1.0044,1983,19831117,321
Precip,0.3428,1983,19831122,326
Precip,0.7314,1983,19831127,331
Precip,1.1603,1983,19831202,336
Precip,0.4722,1983,19831207,341
Precip,0.5815,1983,19831212,346
Precip,0.3269,1983,19831217,351
Precip,0.5873,1983,19831222,356
Precip,0.311,1983,19831227,361
Precip,0.0086,1984,19840101,1
Precip,0.0042,1984,19840106,6
Precip,0.1926,1984,19840111,11
Precip,0.0557,1984,19840116,16
Precip,0.2715,1984,19840121,21
Precip,0.001,1984,19840126,26
Precip,0.007,1984,19840131,31
Precip,0.0315,1984,19840205,36
Precip,0.9798,1984,19840210,41
Precip,0.5065,1984,19840215,46
Precip,0.1236,1984,19840220,51
Precip,0.0587,1984,19840225,56
Precip,0.085,1984,19840301,61
Precip,0.1972,1984,19840306,66
Precip,0.3661,1984,19840311,71
Precip,0.3671,1984,19840316,76
Precip,0.1246,1984,19840321,81
Precip,0.104,1984,19840326,86
Precip,0.1024,1984,19840331,91
Precip,0.6989,1984,19840405,96
Precip,0.114,1984,19840410,101
Precip,0.6247,1984,19840415,106
Precip,0.2815,1984,19840420,111
Precip,0.2198,1984,19840425,116
Precip,0.696,1984,19840430,121
Precip,0.0108,1984,19840505,126
Precip,0.2977,1984,19840510,131
Precip,0.1009,1984,19840515,136
Precip,0.0129,1984,19840520,141
Precip,0.007,1984,19840525,146
Precip,0.2079,1984,19840530,151
Precip,0.6392,1984,19840604,156
Precip,0.7831,1984,19840609,161
Precip,0.0642,1984,19840614,166
Precip,0.0204,1984,19840619,171
Precip,0.0457,1984,19840624,176
Precip,0.0345,1984,19840629,181
Precip,0.0229,1984,19840704,186
Precip,0.0,1984,19840709,191
Precip,0.002,1984,19840714,196
Precip,1.0823,1984,19840719,201
Precip,0.9237,1984,19840724,206
Precip,0.2992,1984,19840729,211
Precip,0.0882,1984,19840803,216
Precip,0.0327,1984,19840808,221
Precip,0.3114,1984,19840813,226
Precip,0.0549,1984,19840818,231
Precip,0.2693,1984,19840823,236
Precip,0.2504,1984,19840828,241
Precip,0.3513,1984,19840902,246
Precip,0.0236,1984,19840907,251
Precip,0.03,1984,19840912,256
Precip,0.454,1984,19840917,261
Precip,0.0306,1984,19840922,266
Precip,0.0902,1984,19840927,271
Precip,0.0166,1984,19841002,276
Precip,0.5422,1984,19841007,281
Precip,0.2313,1984,19841012,286
Precip,0.4124,1984,19841017,291
Precip,0.2003,1984,19841022,296
Precip,0.1231,1984,19841027,301
Precip,0.5443,1984,19841101,306
Precip,0.6571,1984,19841106,311
Precip,0.0762,1984,19841111,316
Precip,0.0,1984,19841116,321
Precip,0.2262,1984,19841121,326
Precip,0.4148,1984,19841126,331
Precip,0.001,1984,19841201,336
Precip,0.0864,1984,19841206,341
Precip,0.1696,1984,19841211,346
Precip,0.3302,1984,19841216,351
Precip,0.0711,1984,19841221,356
Precip,0.105,1984,19841226,361
Precip,0.0004,1984,19841231,366
Precip,0.0019,1985,19850101,1
Precip,0.2603,1985,19850106,6
Precip,0.0003,1985,19850111,11
Precip,0.1673,1985,19850116,16
Precip,0.0026,1985,19850121,21
Precip,0.0845,1985,19850126,26
Precip,0.1757,1985,19850131,31
Precip,0.2613,1985,19850205,36
Precip,0.206,1985,19850210,41
Precip,0.005,1985,19850215,46
Precip,0.5875,1985,19850220,51
Precip,0.266,1985,19850225,56
Precip,0.7051,1985,19850302,61
Precip,0.016,1985,19850307,66
Precip,0.0327,1985,19850312,71
Precip,0.0435,1985,19850317,76
Precip,0.4124,1985,19850322,81
Precip,0.2325,1985,19850327,86
Precip,0.0004,1985,19850401,91
Precip,0.0072,1985,19850406,96
Precip,0.0205,1985,19850411,101
Precip,0.0646,1985,19850416,106
Precip,0.4121,1985,19850421,111
Precip,0.0002,1985,19850426,116
Precip,0.0547,1985,19850501,121
Precip,0.4925,1985,19850506,126
Precip,0.3418,1985,19850511,131
Precip,0.0831,1985,19850516,136
Precip,0.1763,1985,19850521,141
Precip,0.2428,1985,19850526,146
Precip,0.3032,1985,19850531,151
Precip,0.0004,1985,19850605,156
Precip,0.0009,1985,19850610,161
Precip,0.0,1985,19850615,166
Precip,0.1922,1985,19850620,171
Precip,0.1787,1985,19850625,176
Precip,0.0,1985,19850630,181
Precip,0.0221,1985,19850705,186
Precip,0.4589,1985,19850710,191
Precip,0.0716,1985,19850715,196
Precip,0.21,1985,19850720,201
Precip,0.2438,1985,19850725,206
Precip,0.1392,1985,19850730,211
Precip,0.0,1985,19850804,216
Precip,0.0,1985,19850809,221
Precip,0.0008,1985,19850814,226
Precip,0.0,1985,19850819,231
Precip,0.0011,1985,19850824,236
Precip,0.3473,1985,19850829,241
Precip,0.1049,1985,19850903,246
Precip,1.2552,1985,19850908,251
Precip,0.1194,1985,19850913,256
Precip,0.0836,1985,19850918,261
Precip,0.0011,1985,19850923,266
Precip,0.0,1985,19850928,271
Precip,0.3095,1985,19851003,276
Precip,0.0235,1985,19851008,281
Precip,0.0,1985,19851013,286
Precip,0.4811,1985,19851018,291
Precip,0.0769,1985,19851023,296
Precip,0.0,1985,19851028,301
Precip,0.0698,1985,19851102,306
Precip,0.544,1985,19851107,311
Precip,0.4428,1985,19851112,316
Precip,0.1937,1985,19851117,321
Precip,0.7075,1985,19851122,326
Precip,0.5713,1985,19851127,331
Precip,0.4353,1985,19851202,336
Precip,0.5598,1985,19851207,341
Precip,0.0003,1985,19851212,346
Precip,0.0,1985,19851217,351
Precip,0.0,1985,19851222,356
Precip,0.0053,1985,19851227,361
Precip,0.402,1986,19860101,1
Precip,0.104,1986,19860106,6
Precip,0.0582,1986,19860111,11
Precip,0.2456,1986,19860116,16
Precip,0.1239,1986,19860121,21
Precip,0.1949,1986,19860126,26
Precip,0.488,1986,19860131,31
Precip,0.1096,1986,19860205,36
Precip,0.679,1986,19860210,41
Precip,3.0318,1986,19860215,46
Precip,0.3662,1986,19860220,51
Precip,0.0,1986,19860225,56
Precip,0.0252,1986,19860302,61
Precip,0.6122,1986,19860307,66
Precip,0.4662,1986,19860312,71
Precip,0.0578,1986,19860317,76
Precip,0.0,1986,19860322,81
Precip,0.1749,1986,19860327,86
Precip,0.7099,1986,19860401,91
Precip,0.3989,1986,19860406,96
Precip,0.5145,1986,19860411,101
Precip,0.1738,1986,19860416,106
Precip,0.5892,1986,19860421,111
Precip,0.1021,1986,19860426,116
Precip,0.4457,1986,19860501,121
Precip,0.9185,1986,19860506,126
Precip,0.0451,1986,19860511,131
Precip,0.073,1986,19860516,136
Precip,0.2623,1986,19860521,141
Precip,0.0,1986,19860526,146
Precip,0.1142,1986,19860531,151
Precip,0.4045,1986,19860605,156
Precip,0.0642,1986,19860610,161
Precip,0.0012,1986,19860615,166
Precip,0.0546,1986,19860620,171
Precip,0.0297,1986,19860625,176
Precip,0.005,1986,19860630,181
Precip,0.1028,1986,19860705,186
Precip,0.0141,1986,19860710,191
Precip,0.0634,1986,19860715,196
Precip,0.2927,1986,19860720,201
Precip,0.2166,1986,19860725,206
Precip,0.0,1986,19860730,211
Precip,0.0004,1986,19860804,216
Precip,0.0205,1986,19860809,221
Precip,0.0022,1986,19860814,226
Precip,0.2653,1986,19860819,231
Precip,0.1278,1986,19860824,236
Precip,0.1222,1986,19860829,241
Precip,0.0628,1986,19860903,246
Precip,0.41,1986,19860908,251
Precip,0.1081,1986,19860913,256
Precip,0.3778,1986,19860918,261
Precip,0.4061,1986,19860923,266
Precip,0.492,1986,19860928,271
Precip,0.014,1986,19861003,276
Precip,0.0116,1986,19861008,281
Precip,0.152,1986,19861013,286
Precip,0.2988,1986,19861018,291
Precip,0.0,1986,19861023,296
Precip,0.0755,1986,19861028,301
Precip,0.3823,1986,19861102,306
Precip,0.2478,1986,19861107,311
Precip,0.0316,1986,19861112,316
Precip,0.2049,1986,19861117,321
Precip,0.0185,1986,19861122,326
Precip,0.0001,1986,19861127,331
Precip,0.1861,1986,19861202,336
Precip,0.0044,1986,19861207,341
Precip,0.0,1986,19861212,346
Precip,0.0,1986,19861217,351
Precip,0.0,1986,19861222,356
Precip,0.0007,1986,19861227,361
Precip,0.4876,1987,19870101,1
Precip,0.0559,1987,19870106,6
Precip,0.0246,1987,19870111,11
Precip,0.2321,1987,19870116,16
Precip,0.1706,1987,19870121,21
Precip,0.1866,1987,19870126,26
Precip,0.1657,1987,19870131,31
Precip,0.0019,1987,19870205,36
Precip,0.353,1987,19870210,41
Precip,0.1772,1987,19870215,46
Precip,0.3646,1987,19870220,51
Precip,0.0047,1987,19870225,56
Precip,0.0902,1987,19870302,61
Precip,0.4325,1987,19870307,66
Precip,0.3227,1987,19870312,71
Precip,0.2679,1987,19870317,76
Precip,0.0,1987,19870322,81
Precip,0.0412,1987,19870327,86
Precip,0.0107,1987,19870401,91
Precip,0.0093,1987,19870406,96
Precip,0.0154,1987,19870411,101
Precip,0.098,1987,19870416,106
Precip,0.0,1987,19870421,111
Precip,0.2446,1987,19870426,116
Precip,0.021,1987,19870501,121
Precip,0.1269,1987,19870506,126
Precip,0.2661,1987,19870511,131
Precip,1.7677,1987,19870516,136
Precip,0.3829,1987,19870521,141
Precip,0.1599,1987,19870526,146
Precip,0.0018,1987,19870531,151
Precip,0.5529,1987,19870605,156
Precip,0.0345,1987,19870610,161
Precip,0.0,1987,19870615,166
Precip,0.0249,1987,19870620,171
Precip,0.3559,1987,19870625,176
Precip,0.0775,1987,19870630,181
Precip,0.093,1987,19870705,186
Precip,0.058,1987,19870710,191
Precip,0.515,1987,19870715,196
Precip,0.8781,1987,19870720,201
Precip,0.2399,1987,19870725,206
Precip,0.0006,1987,19870730,211
Precip,0.0002,1987,19870804,216
Precip,0.0693,1987,19870809,221
Precip,0.0698,1987,19870814,226
Precip,0.2079,1987,19870819,231
Precip,0.0646,1987,19870824,236
Precip,0.0042,1987,19870829,241
Precip,0.0191,1987,19870903,246
Precip,0.0,1987,19870908,251
Precip,0.0,1987,19870913,256
Precip,0.0,1987,19870918,261
Precip,0.0,1987,19870923,266
Precip,0.0001,1987,19870928,271
Precip,0.0,1987,19871003,276
Precip,0.0483,1987,19871008,281
Precip,0.0996,1987,19871013,286
Precip,0.0,1987,19871018,291
Precip,0.1787,1987,19871023,296
Precip,0.3618,1987,19871028,301
Precip,0.3257,1987,19871102,306
Precip,0.1029,1987,19871107,311
Precip,0.2561,1987,19871112,316
Precip,0.0424,1987,19871117,321
Precip,0.0392,1987,19871122,326
Precip,0.1401,1987,19871127,331
Precip,0.1561,1987,19871202,336
Precip,0.2963,1987,19871207,341
Precip,0.0109,1987,19871212,346
Precip,0.0567,1987,19871217,351
Precip,0.3171,1987,19871222,356
Precip,0.2626,1987,19871227,361
Precip,0.2303,1988,19880101,1
Precip,0.5434,1988,19880106,6
Precip,0.1664,1988,19880111,11
Precip,0.0154,1988,19880116,16
Precip,0.0,1988,19880121,21
Precip,0.3439,1988,19880126,26
Precip,0.0017,1988,19880131,31
Precip,0.1619,1988,19880205,36
Precip,0.0413,1988,19880210,41
Precip,0.0822,1988,19880215,46
Precip,0.0,1988,19880220,51
Precip,0.0774,1988,19880225,56
Precip,0.1661,1988,19880301,61
Precip,0.2791,1988,19880306,66
Precip,0.3036,1988,19880311,71
Precip,0.0052,1988,19880316,76
Precip,0.2015,1988,19880321,81
Precip,0.0418,1988,19880326,86
Precip,0.2646,1988,19880331,91
Precip,0.0087,1988,19880405,96
Precip,0.0109,1988,19880410,101
Precip,0.3084,1988,19880415,106
Precip,0.3308,1988,19880420,111
Precip,0.1501,1988,19880425,116
Precip,0.1466,1988,19880430,121
Precip,0.3846,1988,19880505,126
Precip,0.0923,1988,19880510,131
Precip,0.0004,1988,19880515,136
Precip,0.001,1988,19880520,141
Precip,0.2663,1988,19880525,146
Precip,0.2947,1988,19880530,151
Precip,0.0,1988,19880604,156
Precip,0.0,1988,19880609,161
Precip,0.0706,1988,19880614,166
Precip,0.0015,1988,19880619,171
Precip,0.3997,1988,19880624,176
Precip,0.0,1988,19880629,181
Precip,0.0,1988,19880704,186
Precip,0.0005,1988,19880709,191
Precip,0.0011,1988,19880714,196
Precip,0.0,1988,19880719,201
Precip,0.0468,1988,19880724,206
Precip,0.0667,1988,19880729,211
Precip,0.0738,1988,19880803,216
Precip,0.0412,1988,19880808,221
Precip,0.0,1988,19880813,226
Precip,0.0,1988,19880818,231
Precip,0.0,1988,19880823,236
Precip,0.0,1988,19880828,241
Precip,0.0,1988,19880902,246
Precip,0.0032,1988,19880907,251
Precip,0.0023,1988,19880912,256
Precip,0.1159,1988,19880917,261
Precip,0.0,1988,19880922,266
Precip,0.0004,1988,19880927,271
Precip,0.0,1988,19881002,276
Precip,0.0111,1988,19881007,281
Precip,0.0194,1988,19881012,286
Precip,0.0,1988,19881017,291
Precip,0.0,1988,19881022,296
Precip,0.0336,1988,19881027,301
Precip,0.23,1988,19881101,306
Precip,0.4065,1988,19881106,311
Precip,0.894,1988,19881111,316
Precip,0.384,1988,19881116,321
Precip,1.1433,1988,19881121,326
Precip,0.2313,1988,19881126,331
Precip,0.0,1988,19881201,336
Precip,0.1447,1988,19881206,341
Precip,0.0153,1988,19881211,346
Precip,0.0889,1988,19881216,351
Precip,0.8118,1988,19881221,356
Precip,0.0697,1988,19881226,361
Precip,0.1026,1988,19881231,366
Precip,0.2557,1989,19890101,1
Precip,0.7108,1989,19890106,6
Precip,0.0477,1989,19890111,11
Precip,0.0001,1989,19890116,16
Precip,0.031,1989,19890121,21
Precip,0.0,1989,19890126,26
Precip,0.4093,1989,19890131,31
Precip,0.0043,1989,19890205,36
Precip,0.1606,1989,19890210,41
Precip,0.407,1989,19890215,46
Precip,0.086,1989,19890220,51
Precip,0.1464,1989,19890225,56
Precip,1.0595,1989,19890302,61
Precip,0.553,1989,19890307,66
Precip,0.2308,1989,19890312,71
Precip,0.3502,1989,19890317,76
Precip,0.6399,1989,19890322,81
Precip,0.2484,1989,19890327,86
Precip,0.4038,1989,19890401,91
Precip,0.0,1989,19890406,96
Precip,0.0516,1989,19890411,101
Precip,0.0003,1989,19890416,106
Precip,0.0466,1989,19890421,111
Precip,0.1307,1989,19890426,116
Precip,0.0001,1989,19890501,121
Precip,0.0929,1989,19890506,126
Precip,0.4087,1989,19890511,131
Precip,0.0242,1989,19890516,136
Precip,0.0,1989,19890521,141
Precip,0.3378,1989,19890526,146
Precip,0.4711,1989,19890531,151
Precip,0.0107,1989,19890605,156
Precip,0.0237,1989,19890610,161
Precip,0.0362,1989,19890615,166
Precip,0.0676,1989,19890620,171
Precip,0.0003,1989,19890625,176
Precip,0.0,1989,19890630,181
Precip,0.0,1989,19890705,186
Precip,0.0602,1989,19890710,191
Precip,0.0032,1989,19890715,196
Precip,0.0259,1989,19890720,201
Precip,0.2456,1989,19890725,206
Precip,0.031,1989,19890730,211
Precip,0.1362,1989,19890804,216
Precip,0.1492,1989,19890809,221
Precip,0.1207,1989,19890814,226
Precip,0.3553,1989,19890819,231
Precip,0.0938,1989,19890824,236
Precip,0.0,1989,19890829,241
Precip,0.0,1989,19890903,246
Precip,0.0034,1989,19890908,251
Precip,0.3563,1989,19890913,256
Precip,0.0134,1989,19890918,261
Precip,0.0866,1989,19890923,266
Precip,0.3596,1989,19890928,271
Precip,0.0412,1989,19891003,276
Precip,0.0,1989,19891008,281
Precip,0.0,1989,19891013,286
Precip,0.1069,1989,19891018,291
Precip,0.4635,1989,19891023,296
Precip,0.1646,1989,19891028,301
Precip,0.0,1989,19891102,306
Precip,0.0,1989,19891107,311
Precip,0.0,1989,19891112,316
Precip,0.0548,1989,19891117,321
Precip,0.9246,1989,19891122,326
Precip,0.0,1989,19891127,331
Precip,0.0032,1989,19891202,336
Precip,0.0011,1989,19891207,341
Precip,0.0863,1989,19891212,346
Precip,0.0888,1989,19891217,351
Precip,0.0,1989,19891222,356
Precip,0.0,1989,19891227,361
Precip,0.1261,1990,19900101,1
Precip,0.5052,1990,19900106,6
Precip,0.6222,1990,19900111,11
Precip,0.0133,1990,19900116,16
Precip,0.0308,1990,19900121,21
Precip,0.1132,1990,19900126,26
Precip,0.2613,1990,19900131,31
Precip,0.2387,1990,19900205,36
Precip,0.0303,1990,19900210,41
Precip,0.0715,1990,19900215,46
Precip,0.0013,1990,19900220,51
Precip,0.0262,1990,19900225,56
Precip,1.0333,1990,19900302,61
Precip,0.2365,1990,19900307,66
Precip,0.0062,1990,19900312,71
Precip,0.0038,1990,19900317,76
Precip,0.2052,1990,19900322,81
Precip,0.0788,1990,19900327,86
Precip,0.0,1990,19900401,91
Precip,0.5774,1990,19900406,96
Precip,0.0063,1990,19900411,101
Precip,0.0696,1990,19900416,106
Precip,0.7552,1990,19900421,111
Precip,0.6382,1990,19900426,116
Precip,0.0115,1990,19900501,121
Precip,0.066,1990,19900506,126
Precip,0.1014,1990,19900511,131
Precip,0.1497,1990,19900516,136
Precip,0.2738,1990,19900521,141
Precip,0.781,1990,19900526,146
Precip,0.1598,1990,19900531,151
Precip,0.4367,1990,19900605,156
Precip,0.4688,1990,19900610,161
Precip,0.0426,1990,19900615,166
Precip,0.0,1990,19900620,171
Precip,0.0,1990,19900625,176
Precip,0.0583,1990,19900630,181
Precip,0.1258,1990,19900705,186
Precip,0.0021,1990,19900710,191
Precip,0.0157,1990,19900715,196
Precip,0.0063,1990,19900720,201
Precip,0.0057,1990,19900725,206
Precip,0.003,1990,19900730,211
Precip,0.0,1990,19900804,216
Precip,0.0399,1990,19900809,221
Precip,0.497,1990,19900814,226
Precip,0.1018,1990,19900819,231
Precip,0.0356,1990,19900824,236
Precip,0.0893,1990,19900829,241
Precip,0.2423,1990,19900903,246
Precip,0.0,1990,19900908,251
Precip,0.0,1990,19900913,256
Precip,0.2245,1990,19900918,261
Precip,0.0242,1990,19900923,266
Precip,0.0,1990,19900928,271
Precip,0.04,1990,19901003,276
Precip,0.0,1990,19901008,281
Precip,0.1187,1990,19901013,286
Precip,0.15,1990,19901018,291
Precip,0.0,1990,19901023,296
Precip,0.0403,1990,19901028,301
Precip,0.3452,1990,19901102,306
Precip,0.1035,1990,19901107,311
Precip,0.006,1990,19901112,316
Precip,0.5149,1990,19901117,321
Precip,0.1004,1990,19901122,326
Precip,0.0001,1990,19901127,331
Precip,0.0,1990,19901202,336
Precip,0.043,1990,19901207,341
Precip,0.4184,1990,19901212,346
Precip,0.3338,1990,19901217,351
Precip,0.2953,1990,19901222,356
Precip,0.0617,1990,19901227,361
Precip,0.0019,1991,19910101,1
Precip,0.0697,1991,19910106,6
Precip,0.6762,1991,19910111,11
Precip,0.0925,1991,19910116,16
Precip,0.0039,1991,19910121,21
Precip,0.061,1991,19910126,26
Precip,0.0007,1991,19910131,31
Precip,0.0,1991,19910205,36
Precip,0.1517,1991,19910210,41
Precip,0.1792,1991,19910215,46
Precip,0.0018,1991,19910220,51
Precip,0.4003,1991,19910225,56
Precip,1.5011,1991,19910302,61
Precip,0.2788,1991,19910307,66
Precip,0.0004,1991,19910312,71
Precip,0.0843,1991,19910317,76
Precip,0.0786,1991,19910322,81
Precip,0.0013,1991,19910327,86
Precip,0.0152,1991,19910401,91
Precip,0.1586,1991,19910406,96
Precip,0.8446,1991,19910411,101
Precip,0.5479,1991,19910416,106
Precip,0.6602,1991,19910421,111
Precip,0.0564,1991,19910426,116
Precip,0.7902,1991,19910501,121
Precip,1.5511,1991,19910506,126
Precip,0.1827,1991,19910511,131
Precip,0.0537,1991,19910516,136
Precip,0.117,1991,19910521,141
Precip,0.1645,1991,19910526,146
Precip,0.3801,1991,19910531,151
Precip,0.3625,1991,19910605,156
Precip,0.0,1991,19910610,161
Precip,0.0,1991,19910615,166
Precip,0.0372,1991,19910620,171
Precip,0.026,1991,19910625,176
Precip,0.0,1991,19910630,181
Precip,0.1312,1991,19910705,186
Precip,0.0169,1991,19910710,191
Precip,0.0307,1991,19910715,196
Precip,0.2101,1991,19910720,201
Precip,0.0475,1991,19910725,206
Precip,0.0337,1991,19910730,211
Precip,0.0719,1991,19910804,216
Precip,0.0009,1991,19910809,221
Precip,0.0942,1991,19910814,226
Precip,0.035,1991,19910819,231
Precip,0.5003,1991,19910824,236
Precip,0.0005,1991,19910829,241
Precip,0.1489,1991,19910903,246
Precip,0.6686,1991,19910908,251
Precip,0.0682,1991,19910913,256
Precip,0.0,1991,19910918,261
Precip,0.0151,1991,19910923,266
Precip,0.1424,1991,19910928,271
Precip,0.0,1991,19911003,276
Precip,0.0,1991,19911008,281
Precip,0.0,1991,19911013,286
Precip,0.0155,1991,19911018,291
Precip,0.796,1991,19911023,296
Precip,0.342,1991,19911028,301
Precip,0.1097,1991,19911102,306
Precip,0.0579,1991,19911107,311
Precip,0.621,1991,19911112,316
Precip,0.3415,1991,19911117,321
Precip,0.1431,1991,19911122,326
Precip,0.2925,1991,19911127,331
Precip,0.2117,1991,19911202,336
Precip,0.0337,1991,19911207,341
Precip,0.0008,1991,19911212,346
Precip,0.0633,1991,19911217,351
Precip,0.0,1991,19911222,356
Precip,0.0309,1991,19911227,361
Precip,0.0109,1992,19920101,1
Precip,0.0762,1992,19920106,6
Precip,0.128,1992,19920111,11
Precip,0.0175,1992,19920116,16
Precip,0.0,1992,19920121,21
Precip,0.0,1992,19920126,26
Precip,0.0,1992,19920131,31
Precip,0.0004,1992,19920205,36
Precip,0.1797,1992,19920210,41
Precip,0.2505,1992,19920215,46
Precip,0.6008,1992,19920220,51
Precip,0.016,1992,19920225,56
Precip,0.0146,1992,19920301,61
Precip,0.1132,1992,19920306,66
Precip,0.0093,1992,19920311,71
Precip,0.1593,1992,19920316,76
Precip,0.2052,1992,19920321,81
Precip,0.0792,1992,19920326,86
Precip,0.0,1992,19920331,91
Precip,0.0096,1992,19920405,96
Precip,0.0567,1992,19920410,101
Precip,0.5145,1992,19920415,106
Precip,0.1827,1992,19920420,111
Precip,0.0,1992,19920425,116
Precip,0.0286,1992,19920430,121
Precip,0.0797,1992,19920505,126
Precip,0.0033,1992,19920510,131
Precip,0.0265,1992,19920515,136
Precip,0.085,1992,19920520,141
Precip,0.0003,1992,19920525,146
Precip,0.0008,1992,19920530,151
Precip,0.0035,1992,19920604,156
Precip,0.1545,1992,19920609,161
Precip,0.849,1992,19920614,166
Precip,0.0022,1992,19920619,171
Precip,0.1994,1992,19920624,176
Precip,0.3761,1992,19920629,181
Precip,0.0,1992,19920704,186
Precip,0.4061,1992,19920709,191
Precip,0.0004,1992,19920714,196
Precip,0.0649,1992,19920719,201
Precip,0.0001,1992,19920724,206
Precip,0.0,1992,19920729,211
Precip,0.0004,1992,19920803,216
Precip,0.0,1992,19920808,221
Precip,0.0005,1992,19920813,226
Precip,0.0001,1992,19920818,231
Precip,0.0,1992,19920823,236
Precip,0.2437,1992,19920828,241
Precip,0.2294,1992,19920902,246
Precip,0.0006,1992,19920907,251
Precip,0.0,1992,19920912,256
Precip,0.0,1992,19920917,261
Precip,0.0472,1992,19920922,266
Precip,0.0,1992,19920927,271
Precip,0.5822,1992,19921002,276
Precip,0.0,1992,19921007,281
Precip,0.0,1992,19921012,286
Precip,0.0,1992,19921017,291
Precip,0.0286,1992,19921022,296
Precip,0.6588,1992,19921027,301
Precip,0.2493,1992,19921101,306
Precip,0.2015,1992,19921106,311
Precip,0.0932,1992,19921111,316
Precip,0.4457,1992,19921116,321
Precip,0.2749,1992,19921121,326
Precip,0.101,1992,19921126,331
Precip,0.6344,1992,19921201,336
Precip,0.5436,1992,19921206,341
Precip,0.1041,1992,19921211,346
Precip,0.1608,1992,19921216,351
Precip,0.0022,1992,19921221,356
Precip,0.6418,1992,19921226,361
Precip,0.0029,1992,19921231,366
Precip,0.1227,1993,19930101,1
Precip,0.4806,1993,19930106,6
Precip,0.9038,1993,19930111,11
Precip,0.4438,1993,19930116,16
Precip,0.218,1993,19930121,21
Precip,0.053,1993,19930126,26
Precip,0.0122,1993,19930131,31
Precip,0.2228,1993,19930205,36
Precip,0.2375,1993,19930210,41
Precip,0.5303,1993,19930215,46
Precip,0.6588,1993,19930220,51
Precip,0.0187,1993,19930225,56
Precip,0.008,1993,19930302,61
Precip,0.1737,1993,19930307,66
Precip,0.4499,1993,19930312,71
Precip,0.8833,1993,19930317,76
Precip,0.4095,1993,19930322,81
Precip,0.1521,1993,19930327,86
Precip,0.7345,1993,19930401,91
Precip,0.2145,1993,19930406,96
Precip,0.2837,1993,19930411,101
Precip,0.1773,1993,19930416,106
Precip,0.2945,1993,19930421,111
Precip,0.1302,1993,19930426,116
Precip,1.3641,1993,19930501,121
Precip,0.5162,1993,19930506,126
Precip,0.1403,1993,19930511,131
Precip,0.1409,1993,19930516,136
Precip,0.1297,1993,19930521,141
Precip,0.0,1993,19930526,146
Precip,0.8567,1993,19930531,151
Precip,1.3967,1993,19930605,156
Precip,0.1143,1993,19930610,161
Precip,0.0376,1993,19930615,166
Precip,0.2677,1993,19930620,171
Precip,0.0015,1993,19930625,176
Precip,0.1529,1993,19930630,181
Precip,0.0,1993,19930705,186
Precip,0.0,1993,19930710,191
Precip,0.0188,1993,19930715,196
Precip,0.7115,1993,19930720,201
Precip,0.3308,1993,19930725,206
Precip,0.0133,1993,19930730,211
Precip,0.2366,1993,19930804,216
Precip,0.7058,1993,19930809,221
Precip,0.1988,1993,19930814,226
Precip,0.361,1993,19930819,231
Precip,0.0002,1993,19930824,236
Precip,0.0002,1993,19930829,241
Precip,0.0155,1993,19930903,246
Precip,0.0073,1993,19930908,251
Precip,0.2408,1993,19930913,256
Precip,0.1011,1993,19930918,261
Precip,0.0,1993,19930923,266
Precip,0.0,1993,19930928,271
Precip,0.3536,1993,19931003,276
Precip,0.474,1993,19931008,281
Precip,0.4119,1993,19931013,286
Precip,0.0046,1993,19931018,291
Precip,0.0,1993,19931023,296
Precip,0.0043,1993,19931028,301
Precip,0.0042,1993,19931102,306
Precip,0.0,1993,19931107,311
Precip,0.003,1993,19931112,316
Precip,0.0479,1993,19931117,321
Precip,0.378,1993,19931122,326
Precip,0.0217,1993,19931127,331
Precip,0.1041,1993,19931202,336
Precip,0.2413,1993,19931207,341
Precip,0.3375,1993,19931212,346
Precip,0.0057,1993,19931217,351
Precip,0.0157,1993,19931222,356
Precip,0.0837,1993,19931227,361
Precip,0.406,1994,19940101,1
Precip,0.0977,1994,19940106,6
Precip,0.023,1994,19940111,11
Precip,0.0034,1994,19940116,16
Precip,0.0768,1994,19940121,21
Precip,0.1588,1994,19940126,26
Precip,0.0,1994,19940131,31
Precip,0.4936,1994,19940205,36
Precip,0.2287,1994,19940210,41
Precip,0.368,1994,19940215,46
Precip,0.317,1994,19940220,51
Precip,0.612,1994,19940225,56
Precip,0.007,1994,19940302,61
Precip,0.0183,1994,19940307,66
Precip,0.0036,1994,19940312,71
Precip,0.1043,1994,19940317,76
Precip,0.0517,1994,19940322,81
Precip,0.0396,1994,19940327,86
Precip,0.247,1994,19940401,91
Precip,0.5374,1994,19940406,96
Precip,0.0045,1994,19940411,101
Precip,0.0086,1994,19940416,106
Precip,0.4525,1994,19940421,111
Precip,0.0308,1994,19940426,116
Precip,0.3626,1994,19940501,121
Precip,0.0645,1994,19940506,126
Precip,0.1171,1994,19940511,131
Precip,0.4271,1994,19940516,136
Precip,0.0226,1994,19940521,141
Precip,0.3606,1994,19940526,146
Precip,0.3044,1994,19940531,151
Precip,0.1375,1994,19940605,156
Precip,0.0045,1994,19940610,161
Precip,0.0042,1994,19940615,166
Precip,0.04,1994,19940620,171
Precip,0.0,1994,19940625,176
Precip,0.0,1994,19940630,181
Precip,0.0726,1994,19940705,186
Precip,0.0,1994,19940710,191
Precip,0.0,1994,19940715,196
Precip,0.0355,1994,19940720,201
Precip,0.014,1994,19940725,206
Precip,0.3276,1994,19940730,211
Precip,0.0045,1994,19940804,216
Precip,0.2605,1994,19940809,221
Precip,0.0083,1994,19940814,226
Precip,0.2196,1994,19940819,231
Precip,0.0816,1994,19940824,236
Precip,0.0022,1994,19940829,241
Precip,0.0148,1994,19940903,246
Precip,0.001,1994,19940908,251
Precip,0.0578,1994,19940913,256
Precip,0.0,1994,19940918,261
Precip,0.0014,1994,19940923,266
Precip,0.6683,1994,19940928,271
Precip,0.9426,1994,19941003,276
Precip,0.1033,1994,19941008,281
Precip,0.5189,1994,19941013,286
Precip,0.0435,1994,19941018,291
Precip,0.0023,1994,19941023,296
Precip,0.0007,1994,19941028,301
Precip,0.4323,1994,19941102,306
Precip,0.1113,1994,19941107,311
Precip,0.4424,1994,19941112,316
Precip,0.3094,1994,19941117,321
Precip,0.1474,1994,19941122,326
Precip,0.0642,1994,19941127,331
Precip,0.8803,1994,19941202,336
Precip,0.0033,1994,19941207,341
Precip,0.0447,1994,19941212,346
Precip,0.04,1994,19941217,351
Precip,0.1255,1994,19941222,356
Precip,0.2142,1994,19941227,361
Precip,0.177,1995,19950101,1
Precip,0.5385,1995,19950106,6
Precip,0.8143,1995,19950111,11
Precip,0.0296,1995,19950116,16
Precip,0.0314,1995,19950121,21
Precip,0.3944,1995,19950126,26
Precip,0.2159,1995,19950131,31
Precip,0.0022,1995,19950205,36
Precip,0.3424,1995,19950210,41
Precip,0.067,1995,19950215,46
Precip,0.0015,1995,19950220,51
Precip,0.0048,1995,19950225,56
Precip,0.572,1995,19950302,61
Precip,1.0132,1995,19950307,66
Precip,0.2368,1995,19950312,71
Precip,1.3894,1995,19950317,76
Precip,0.2007,1995,19950322,81
Precip,0.0001,1995,19950327,86
Precip,0.0062,1995,19950401,91
Precip,0.1569,1995,19950406,96
Precip,0.1236,1995,19950411,101
Precip,0.2157,1995,19950416,106
Precip,0.0762,1995,19950421,111
Precip,0.9185,1995,19950426,116
Precip,1.2417,1995,19950501,121
Precip,0.5298,1995,19950506,126
Precip,0.1254,1995,19950511,131
Precip,0.0167,1995,19950516,136
Precip,0.1643,1995,19950521,141
Precip,0.0996,1995,19950526,146
Precip,0.9215,1995,19950531,151
Precip,1.3836,1995,19950605,156
Precip,0.0004,1995,19950610,161
Precip,0.8265,1995,19950615,166
Precip,0.3436,1995,19950620,171
Precip,0.0011,1995,19950625,176
Precip,0.1691,1995,19950630,181
Precip,0.023,1995,19950705,186
Precip,0.0165,1995,19950710,191
Precip,0.0406,1995,19950715,196
Precip,0.045,1995,19950720,201
Precip,0.1445,1995,19950725,206
Precip,0.0,1995,19950730,211
Precip,0.0109,1995,19950804,216
Precip,0.001,1995,19950809,221
Precip,0.2407,1995,19950814,226
Precip,0.2398,1995,19950819,231
Precip,0.0277,1995,19950824,236
Precip,0.0314,1995,19950829,241
Precip,0.336,1995,19950903,246
Precip,0.0078,1995,19950908,251
Precip,0.0017,1995,19950913,256
Precip,0.0035,1995,19950918,261
Precip,0.0016,1995,19950923,266
Precip,0.1404,1995,19950928,271
Precip,0.1722,1995,19951003,276
Precip,0.0,1995,19951008,281
Precip,0.0083,1995,19951013,286
Precip,0.2224,1995,19951018,291
Precip,0.0161,1995,19951023,296
Precip,0.0951,1995,19951028,301
Precip,0.0,1995,19951102,306
Precip,0.6541,1995,19951107,311
Precip,0.2911,1995,19951112,316
Precip,0.001,1995,19951117,321
Precip,0.4265,1995,19951122,326
Precip,0.4614,1995,19951127,331
Precip,0.8131,1995,19951202,336
Precip,0.1996,1995,19951207,341
Precip,0.713,1995,19951212,346
Precip,0.0001,1995,19951217,351
Precip,0.0,1995,19951222,356
Precip,0.4466,1995,19951227,361
Precip,0.1,1996,19960101,1
Precip,0.0424,1996,19960106,6
Precip,0.344,1996,19960111,11
Precip,1.0421,1996,19960116,16
Precip,0.3541,1996,19960121,21
Precip,0.3838,1996,19960126,26
Precip,0.1715,1996,19960131,31
Precip,0.1656,1996,19960205,36
Precip,0.0001,1996,19960210,41
Precip,0.255,1996,19960215,46
Precip,0.4012,1996,19960220,51
Precip,0.0777,1996,19960225,56
Precip,0.9627,1996,19960301,61
Precip,0.0652,1996,19960306,66
Precip,0.2231,1996,19960311,71
Precip,0.0011,1996,19960316,76
Precip,0.0886,1996,19960321,81
Precip,0.4334,1996,19960326,86
Precip,0.6176,1996,19960331,91
Precip,0.0026,1996,19960405,96
Precip,0.031,1996,19960410,101
Precip,0.3859,1996,19960415,106
Precip,0.1491,1996,19960420,111
Precip,0.1254,1996,19960425,116
Precip,0.0,1996,19960430,121
Precip,0.0002,1996,19960505,126
Precip,0.0667,1996,19960510,131
Precip,1.6571,1996,19960515,136
Precip,0.1935,1996,19960520,141
Precip,1.0842,1996,19960525,146
Precip,0.0431,1996,19960530,151
Precip,0.0058,1996,19960604,156
Precip,0.0703,1996,19960609,161
Precip,0.0082,1996,19960614,166
Precip,0.0256,1996,19960619,171
Precip,0.104,1996,19960624,176
Precip,0.0,1996,19960629,181
Precip,0.0379,1996,19960704,186
Precip,0.0003,1996,19960709,191
Precip,0.1254,1996,19960714,196
Precip,0.0006,1996,19960719,201
Precip,0.0325,1996,19960724,206
Precip,0.1862,1996,19960729,211
Precip,0.0025,1996,19960803,216
Precip,0.0,1996,19960808,221
Precip,0.0122,1996,19960813,226
Precip,0.0001,1996,19960818,231
Precip,0.0318,1996,19960823,236
Precip,0.0003,1996,19960828,241
Precip,0.0217,1996,19960902,246
Precip,0.0925,1996,19960907,251
Precip,0.7748,1996,19960912,256
Precip,0.1506,1996,19960917,261
Precip,0.0004,1996,19960922,266
Precip,0.0018,1996,19960927,271
Precip,0.0,1996,19961002,276
Precip,0.0,1996,19961007,281
Precip,0.0,1996,19961012,286
Precip,0.013,1996,19961017,291
Precip,0.8723,1996,19961022,296
Precip,0.0729,1996,19961027,301
Precip,0.0012,1996,19961101,306
Precip,0.0001,1996,19961106,311
Precip,0.0917,1996,19961111,316
Precip,0.7976,1996,19961116,321
Precip,0.6037,1996,19961121,326
Precip,0.2675,1996,19961126,331
Precip,0.7642,1996,19961201,336
Precip,0.5272,1996,19961206,341
Precip,0.6978,1996,19961211,346
Precip,0.4175,1996,19961216,351
Precip,0.7352,1996,19961221,356
Precip,1.2844,1996,19961226,361
Precip,0.145,1996,19961231,366
Precip,0.9391,1997,19970101,1
Precip,0.1067,1997,19970106,6
Precip,0.0774,1997,19970111,11
Precip,0.0457,1997,19970116,16
Precip,0.9592,1997,19970121,21
Precip,0.4325,1997,19970126,26
Precip,0.1289,1997,19970131,31
Precip,0.0143,1997,19970205,36
Precip,0.0859,1997,19970210,41
Precip,0.1304,1997,19970215,46
Precip,0.0031,1997,19970220,51
Precip,0.1645,1997,19970225,56
Precip,0.2401,1997,19970302,61
Precip,0.0756,1997,19970307,66
Precip,0.2878,1997,19970312,71
Precip,0.0907,1997,19970317,76
Precip,0.0177,1997,19970322,81
Precip,0.2781,1997,19970327,86
Precip,0.0274,1997,19970401,91
Precip,0.0685,1997,19970406,96
Precip,0.0045,1997,19970411,101
Precip,0.1525,1997,19970416,106
Precip,0.7455,1997,19970421,111
Precip,0.5557,1997,19970426,116
Precip,0.0046,1997,19970501,121
Precip,0.0,1997,19970506,126
Precip,0.0032,1997,19970511,131
Precip,0.1313,1997,19970516,136
Precip,0.4958,1997,19970521,141
Precip,0.2029,1997,19970526,146
Precip,0.1876,1997,19970531,151
Precip,0.1496,1997,19970605,156
Precip,0.8062,1997,19970610,161
Precip,0.3697,1997,19970615,166
Precip,0.0,1997,19970620,171
Precip,0.0007,1997,19970625,176
Precip,0.013,1997,19970630,181
Precip,0.0503,1997,19970705,186
Precip,0.9659,1997,19970710,191
Precip,0.011,1997,19970715,196
Precip,0.0388,1997,19970720,201
Precip,0.465,1997,19970725,206
Precip,0.1589,1997,19970730,211
Precip,0.3248,1997,19970804,216
Precip,0.5748,1997,19970809,221
Precip,0.0019,1997,19970814,226
Precip,0.0538,1997,19970819,231
Precip,0.0642,1997,19970824,236
Precip,0.2034,1997,19970829,241
Precip,0.3078,1997,19970903,246
Precip,0.503,1997,19970908,251
Precip,0.0119,1997,19970913,256
Precip,0.6896,1997,19970918,261
Precip,0.0497,1997,19970923,266
Precip,0.2555,1997,19970928,271
Precip,0.0562,1997,19971003,276
Precip,0.596,1997,19971008,281
Precip,0.0239,1997,19971013,286
Precip,0.0733,1997,19971018,291
Precip,0.3929,1997,19971023,296
Precip,0.0712,1997,19971028,301
Precip,0.0411,1997,19971102,306
Precip,0.0246,1997,19971107,311
Precip,0.009,1997,19971112,316
Precip,0.1134,1997,19971117,321
Precip,0.277,1997,19971122,326
Precip,0.1913,1997,19971127,331
Precip,0.0456,1997,19971202,336
Precip,0.4138,1997,19971207,341
Precip,0.0217,1997,19971212,346
Precip,0.0568,1997,19971217,351
Precip,0.0625,1997,19971222,356
Precip,0.0248,1997,19971227,361
Precip,0.1394,1998,19980101,1
Precip,0.7295,1998,19980106,6
Precip,1.2537,1998,19980111,11
Precip,1.0846,1998,19980116,16
Precip,0.0714,1998,19980121,21
Precip,0.0714,1998,19980126,26
Precip,0.1603,1998,19980131,31
Precip,0.4321,1998,19980205,36
Precip,0.3418,1998,19980210,41
Precip,0.689,1998,19980215,46
Precip,0.5631,1998,19980220,51
Precip,0.0812,1998,19980225,56
Precip,0.2993,1998,19980302,61
Precip,0.0178,1998,19980307,66
Precip,0.0098,1998,19980312,71
Precip,0.079,1998,19980317,76
Precip,0.5082,1998,19980322,81
Precip,0.3256,1998,19980327,86
Precip,0.6142,1998,19980401,91
Precip,0.1185,1998,19980406,96
Precip,0.2326,1998,19980411,101
Precip,0.018,1998,19980416,106
Precip,0.0488,1998,19980421,111
Precip,0.0054,1998,19980426,116
Precip,0.1207,1998,19980501,121
Precip,1.058,1998,19980506,126
Precip,0.4721,1998,19980511,131
Precip,0.3472,1998,19980516,136
Precip,0.4736,1998,19980521,141
Precip,0.1795,1998,19980526,146
Precip,0.2369,1998,19980531,151
Precip,0.3801,1998,19980605,156
Precip,0.0866,1998,19980610,161
Precip,0.3391,1998,19980615,166
Precip,0.1825,1998,19980620,171
Precip,0.3672,1998,19980625,176
Precip,0.053,1998,19980630,181
Precip,0.0121,1998,19980705,186
Precip,0.0955,1998,19980710,191
Precip,0.0,1998,19980715,196
Precip,0.1848,1998,19980720,201
Precip,0.2509,1998,19980725,206
Precip,0.0091,1998,19980730,211
Precip,0.0551,1998,19980804,216
Precip,0.0353,1998,19980809,221
Precip,0.0246,1998,19980814,226
Precip,0.0184,1998,19980819,231
Precip,0.1008,1998,19980824,236
Precip,0.0025,1998,19980829,241
Precip,0.0485,1998,19980903,246
Precip,1.4985,1998,19980908,251
Precip,0.0194,1998,19980913,256
Precip,0.1483,1998,19980918,261
Precip,0.2839,1998,19980923,266
Precip,0.0679,1998,19980928,271
Precip,0.0493,1998,19981003,276
Precip,0.0,1998,19981008,281
Precip,0.0014,1998,19981013,286
Precip,0.1884,1998,19981018,291
Precip,0.0979,1998,19981023,296
Precip,0.0733,1998,19981028,301
Precip,0.2059,1998,19981102,306
Precip,0.2221,1998,19981107,311
Precip,0.0585,1998,19981112,316
Precip,0.4385,1998,19981117,321
Precip,0.3746,1998,19981122,326
Precip,0.3342,1998,19981127,331
Precip,0.2958,1998,19981202,336
Precip,0.0561,1998,19981207,341
Precip,0.0029,1998,19981212,346
Precip,0.0175,1998,19981217,351
Precip,0.1161,1998,19981222,356
Precip,0.4682,1998,19981227,361
Precip,0.044,1999,19990101,1
Precip,0.0208,1999,19990106,6
Precip,0.3151,1999,19990111,11
Precip,1.246,1999,19990116,16
Precip,0.4541,1999,19990121,21
Precip,0.1975,1999,19990126,26
Precip,0.077,1999,19990131,31
Precip,1.1714,1999,19990205,36
Precip,0.0613,1999,19990210,41
Precip,0.4054,1999,19990215,46
Precip,0.2284,1999,19990220,51
Precip,0.4178,1999,19990225,56
Precip,0.0032,1999,19990302,61
Precip,0.1178,1999,19990307,66
Precip,0.0601,1999,19990312,71
Precip,0.1415,1999,19990317,76
Precip,0.1827,1999,19990322,81
Precip,0.0974,1999,19990327,86
Precip,0.1597,1999,19990401,91
Precip,0.4821,1999,19990406,96
Precip,0.0,1999,19990411,101
Precip,0.1483,1999,19990416,106
Precip,0.241,1999,19990421,111
Precip,1.1964,1999,19990426,116
Precip,0.6293,1999,19990501,121
Precip,0.0456,1999,19990506,126
Precip,0.4948,1999,19990511,131
Precip,0.076,1999,19990516,136
Precip,0.1328,1999,19990521,141
Precip,0.7003,1999,19990526,146
Precip,0.6763,1999,19990531,151
Precip,0.4853,1999,19990605,156
Precip,0.0009,1999,19990610,161
Precip,0.0575,1999,19990615,166
Precip,0.0481,1999,19990620,171
Precip,0.0282,1999,19990625,176
Precip,0.0228,1999,19990630,181
Precip,0.0309,1999,19990705,186
Precip,0.0529,1999,19990710,191
Precip,0.1438,1999,19990715,196
Precip,0.0095,1999,19990720,201
Precip,0.0133,1999,19990725,206
Precip,0.0562,1999,19990730,211
Precip,0.1143,1999,19990804,216
Precip,0.248,1999,19990809,221
Precip,0.0383,1999,19990814,226
Precip,0.1612,1999,19990819,231
Precip,0.0437,1999,19990824,236
Precip,0.4214,1999,19990829,241
Precip,0.086,1999,19990903,246
Precip,0.0224,1999,19990908,251
Precip,0.002,1999,19990913,256
Precip,0.0046,1999,19990918,261
Precip,0.0031,1999,19990923,266
Precip,0.0192,1999,19990928,271
Precip,0.0049,1999,19991003,276
Precip,0.0,1999,19991008,281
Precip,0.0,1999,19991013,286
Precip,0.0,1999,19991018,291
Precip,0.0477,1999,19991023,296
Precip,0.3862,1999,19991028,301
Precip,0.0002,1999,19991102,306
Precip,0.0014,1999,19991107,311
Precip,0.0,1999,19991112,316
Precip,0.1798,1999,19991117,321
Precip,0.1837,1999,19991122,326
Precip,0.1055,1999,19991127,331
Precip,0.1369,1999,19991202,336
Precip,0.0726,1999,19991207,341
Precip,0.2071,1999,19991212,346
Precip,0.0524,1999,19991217,351
Precip,0.0423,1999,19991222,356
Precip,0.0036,1999,19991227,361
Precip,0.1468,2000,20000101,1
Precip,0.1797,2000,20000106,6
Precip,0.2395,2000,20000111,11
Precip,0.5475,2000,20000116,16
Precip,0.8144,2000,20000121,21
Precip,0.0221,2000,20000126,26
Precip,0.0679,2000,20000131,31
Precip,0.1614,2000,20000205,36
Precip,1.1542,2000,20000210,41
Precip,0.1824,2000,20000215,46
Precip,0.4761,2000,20000220,51
Precip,0.1433,2000,20000225,56
Precip,0.0664,2000,20000301,61
Precip,0.3091,2000,20000306,66
Precip,0.1138,2000,20000311,71
Precip,0.459,2000,20000316,76
Precip,0.083,2000,20000321,81
Precip,0.0945,2000,20000326,86
Precip,0.0026,2000,20000331,91
Precip,0.0469,2000,20000405,96
Precip,0.4784,2000,20000410,101
Precip,0.3719,2000,20000415,106
Precip,0.0037,2000,20000420,111
Precip,0.0,2000,20000425,116
Precip,0.0057,2000,20000430,121
Precip,0.6194,2000,20000505,126
Precip,0.0173,2000,20000510,131
Precip,0.1361,2000,20000515,136
Precip,0.0343,2000,20000520,141
Precip,0.1656,2000,20000525,146
Precip,0.0,2000,20000530,151
Precip,0.0019,2000,20000604,156
Precip,0.1331,2000,20000609,161
Precip,0.0133,2000,20000614,166
Precip,0.0035,2000,20000619,171
Precip,0.001,2000,20000624,176
Precip,0.0594,2000,20000629,181
Precip,0.0,2000,20000704,186
Precip,0.0198,2000,20000709,191
Precip,0.216,2000,20000714,196
Precip,0.0,2000,20000719,201
Precip,0.0503,2000,20000724,206
Precip,0.002,2000,20000729,211
Precip,0.0487,2000,20000803,216
Precip,0.0039,2000,20000808,221
Precip,0.0051,2000,20000813,226
Precip,0.0325,2000,20000818,231
Precip,0.0677,2000,20000823,236
Precip,0.6051,2000,20000828,241
Precip,0.1815,2000,20000902,246
Precip,0.0216,2000,20000907,251
Precip,0.0113,2000,20000912,256
Precip,0.0046,2000,20000917,261
Precip,0.0069,2000,20000922,266
Precip,0.0,2000,20000927,271
Precip,0.0029,2000,20001002,276
Precip,0.4711,2000,20001007,281
Precip,0.4486,2000,20001012,286
Precip,0.1101,2000,20001017,291
Precip,0.0979,2000,20001022,296
Precip,0.7697,2000,20001027,301
Precip,0.1814,2000,20001101,306
Precip,0.0463,2000,20001106,311
Precip,0.1785,2000,20001111,316
Precip,0.0107,2000,20001116,321
Precip,0.0227,2000,20001121,326
Precip,0.2794,2000,20001126,331
Precip,0.0181,2000,20001201,336
Precip,0.4094,2000,20001206,341
Precip,0.3083,2000,20001211,346
Precip,0.0229,2000,20001216,351
Precip,0.1423,2000,20001221,356
Precip,0.0078,2000,20001226,361
Precip,0.0,2000,20001231,366
Precip,0.0,2001,20010101,1
Precip,0.1149,2001,20010106,6
Precip,0.4317,2001,20010111,11
Precip,0.0839,2001,20010116,16
Precip,0.1897,2001,20010121,21
Precip,0.1478,2001,20010126,26
Precip,0.0456,2001,20010131,31
Precip,0.0106,2001,20010205,36
Precip,0.0317,2001,20010210,41
Precip,0.1041,2001,20010215,46
Precip,0.5807,2001,20010220,51
Precip,0.0552,2001,20010225,56
Precip,0.1395,2001,20010302,61
Precip,0.1569,2001,20010307,66
Precip,0.1277,2001,20010312,71
Precip,0.1352,2001,20010317,76
Precip,0.0149,2001,20010322,81
Precip,0.1497,2001,20010327,86
Precip,0.1928,2001,20010401,91
Precip,0.3166,2001,20010406,96
Precip,0.461,2001,20010411,101
Precip,0.1437,2001,20010416,106
Precip,0.0044,2001,20010421,111
Precip,0.0077,2001,20010426,116
Precip,0.0,2001,20010501,121
Precip,0.0,2001,20010506,126
Precip,0.3341,2001,20010511,131
Precip,0.0516,2001,20010516,136
Precip,0.0,2001,20010521,141
Precip,0.0114,2001,20010526,146
Precip,0.0637,2001,20010531,151
Precip,0.0,2001,20010605,156
Precip,0.2493,2001,20010610,161
Precip,0.0045,2001,20010615,166
Precip,0.001,2001,20010620,171
Precip,0.004,2001,20010625,176
Precip,0.0036,2001,20010630,181
Precip,0.4986,2001,20010705,186
Precip,0.1139,2001,20010710,191
Precip,0.1407,2001,20010715,196
Precip,0.0,2001,20010720,201
Precip,0.002,2001,20010725,206
Precip,0.0007,2001,20010730,211
Precip,0.0003,2001,20010804,216
Precip,0.1282,2001,20010809,221
Precip,0.0433,2001,20010814,226
Precip,0.0647,2001,20010819,231
Precip,0.0,2001,20010824,236
Precip,0.0084,2001,20010829,241
Precip,0.0376,2001,20010903,246
Precip,0.1513,2001,20010908,251
Precip,0.456,2001,20010913,256
Precip,0.0106,2001,20010918,261
Precip,0.0,2001,20010923,266
Precip,0.0,2001,20010928,271
Precip,0.0003,2001,20011003,276
Precip,0.2379,2001,20011008,281
Precip,0.003,2001,20011013,286
Precip,0.0003,2001,20011018,291
Precip,0.1146,2001,20011023,296
Precip,0.4096,2001,20011028,301
Precip,0.1453,2001,20011102,306
Precip,0.0848,2001,20011107,311
Precip,0.0009,2001,20011112,316
Precip,0.0809,2001,20011117,321
Precip,1.0998,2001,20011122,326
Precip,0.3866,2001,20011127,331
Precip,1.0828,2001,20011202,336
Precip,0.0938,2001,20011207,341
Precip,0.2667,2001,20011212,346
Precip,0.429,2001,20011217,351
Precip,0.0817,2001,20011222,356
Precip,0.0957,2001,20011227,361
Precip,0.2549,2002,20020101,1
Precip,0.0419,2002,20020106,6
Precip,0.0514,2002,20020111,11
Precip,0.1909,2002,20020116,16
Precip,0.1542,2002,20020121,21
Precip,0.5229,2002,20020126,26
Precip,0.0094,2002,20020131,31
Precip,0.0498,2002,20020205,36
Precip,0.0,2002,20020210,41
Precip,0.0437,2002,20020215,46
Precip,0.049,2002,20020220,51
Precip,0.0881,2002,20020225,56
Precip,0.3459,2002,20020302,61
Precip,0.2618,2002,20020307,66
Precip,0.4038,2002,20020312,71
Precip,0.0962,2002,20020317,76
Precip,0.035,2002,20020322,81
Precip,0.0,2002,20020327,86
Precip,0.0,2002,20020401,91
Precip,0.0507,2002,20020406,96
Precip,0.7861,2002,20020411,101
Precip,0.4943,2002,20020416,106
Precip,0.0058,2002,20020421,111
Precip,0.0586,2002,20020426,116
Precip,0.0638,2002,20020501,121
Precip,0.0058,2002,20020506,126
Precip,0.0,2002,20020511,131
Precip,0.0719,2002,20020516,136
Precip,0.9454,2002,20020521,141
Precip,0.0009,2002,20020526,146
Precip,0.2456,2002,20020531,151
Precip,0.0651,2002,20020605,156
Precip,0.0,2002,20020610,161
Precip,0.0,2002,20020615,166
Precip,0.0767,2002,20020620,171
Precip,0.0,2002,20020625,176
Precip,0.0,2002,20020630,181
Precip,0.0401,2002,20020705,186
Precip,0.0018,2002,20020710,191
Precip,0.0807,2002,20020715,196
Precip,0.0122,2002,20020720,201
Precip,0.3257,2002,20020725,206
Precip,0.0111,2002,20020730,211
Precip,0.0059,2002,20020804,216
Precip,0.0066,2002,20020809,221
Precip,0.0,2002,20020814,226
Precip,0.0,2002,20020819,231
Precip,0.0252,2002,20020824,236
Precip,0.0278,2002,20020829,241
Precip,0.943,2002,20020903,246
Precip,0.0174,2002,20020908,251
Precip,0.1385,2002,20020913,256
Precip,0.0387,2002,20020918,261
Precip,0.0,2002,20020923,266
Precip,0.137,2002,20020928,271
Precip,0.1542,2002,20021003,276
Precip,0.0,2002,20021008,281
Precip,0.0,2002,20021013,286
Precip,0.0232,2002,20021018,291
Precip,0.0642,2002,20021023,296
Precip,0.2771,2002,20021028,301
Precip,0.0,2002,20021102,306
Precip,0.8045,2002,20021107,311
Precip,0.0,2002,20021112,316
Precip,0.0,2002,20021117,321
Precip,0.0455,2002,20021122,326
Precip,0.0,2002,20021127,331
Precip,0.0,2002,20021202,336
Precip,0.0186,2002,20021207,341
Precip,0.34,2002,20021212,346
Precip,0.3032,2002,20021217,351
Precip,0.0424,2002,20021222,356
Precip,0.4324,2002,20021227,361
Precip,0.0857,2003,20030101,1
Precip,0.0369,2003,20030106,6
Precip,0.0709,2003,20030111,11
Precip,0.0,2003,20030116,16
Precip,0.1758,2003,20030121,21
Precip,0.1604,2003,20030126,26
Precip,0.4848,2003,20030131,31
Precip,0.0055,2003,20030205,36
Precip,0.4051,2003,20030210,41
Precip,0.2107,2003,20030215,46
Precip,0.0639,2003,20030220,51
Precip,0.0122,2003,20030225,56
Precip,0.027,2003,20030302,61
Precip,0.021,2003,20030307,66
Precip,0.5034,2003,20030312,71
Precip,0.0145,2003,20030317,76
Precip,0.4474,2003,20030322,81
Precip,0.0177,2003,20030327,86
Precip,0.3374,2003,20030401,91
Precip,0.0182,2003,20030406,96
Precip,0.2936,2003,20030411,101
Precip,0.1597,2003,20030416,106
Precip,0.3901,2003,20030421,111
Precip,0.5738,2003,20030426,116
Precip,0.3488,2003,20030501,121
Precip,0.4194,2003,20030506,126
Precip,0.1292,2003,20030511,131
Precip,0.0,2003,20030516,136
Precip,0.0002,2003,20030521,141
Precip,0.0243,2003,20030526,146
Precip,0.003,2003,20030531,151
Precip,0.003,2003,20030605,156
Precip,0.0,2003,20030610,161
Precip,0.0067,2003,20030615,166
Precip,0.2058,2003,20030620,171
Precip,0.0051,2003,20030625,176
Precip,0.0,2003,20030630,181
Precip,0.0,2003,20030705,186
Precip,0.0,2003,20030710,191
Precip,0.0,2003,20030715,196
Precip,0.0107,2003,20030720,201
Precip,0.13,2003,20030725,206
Precip,0.4141,2003,20030730,211
Precip,0.0325,2003,20030804,216
Precip,0.0,2003,20030809,221
Precip,0.0398,2003,20030814,226
Precip,0.2345,2003,20030819,231
Precip,0.0297,2003,20030824,236
Precip,0.2282,2003,20030829,241
Precip,0.0951,2003,20030903,246
Precip,0.4206,2003,20030908,251
Precip,0.0598,2003,20030913,256
Precip,0.0007,2003,20030918,261
Precip,0.0,2003,20030923,266
Precip,0.0238,2003,20030928,271
Precip,0.0155,2003,20031003,276
Precip,0.0044,2003,20031008,281
Precip,0.0022,2003,20031013,286
Precip,0.0,2003,20031018,291
Precip,0.0,2003,20031023,296
Precip,0.0332,2003,20031028,301
Precip,0.0163,2003,20031102,306
Precip,0.1679,2003,20031107,311
Precip,0.3415,2003,20031112,316
Precip,0.1803,2003,20031117,321
Precip,0.062,2003,20031122,326
Precip,0.3939,2003,20031127,331
Precip,0.2755,2003,20031202,336
Precip,0.3414,2003,20031207,341
Precip,0.1013,2003,20031212,346
Precip,0.0954,2003,20031217,351
Precip,1.2425,2003,20031222,356
Precip,0.2996,2003,20031227,361
Precip,0.5089,2004,20040101,1
Precip,0.1257,2004,20040106,6
Precip,0.0729,2004,20040111,11
Precip,0.0257,2004,20040116,16
Precip,0.1553,2004,20040121,21
Precip,0.201,2004,20040126,26
Precip,0.2817,2004,20040131,31
Precip,0.4598,2004,20040205,36
Precip,0.0256,2004,20040210,41
Precip,0.3172,2004,20040215,46
Precip,0.0037,2004,20040220,51
Precip,0.9894,2004,20040225,56
Precip,0.1655,2004,20040301,61
Precip,0.027,2004,20040306,66
Precip,0.0,2004,20040311,71
Precip,0.0,2004,20040316,76
Precip,0.0011,2004,20040321,81
Precip,0.4835,2004,20040326,86
Precip,0.0142,2004,20040331,91
Precip,0.0327,2004,20040405,96
Precip,0.0012,2004,20040410,101
Precip,0.6195,2004,20040415,106
Precip,0.2002,2004,20040420,111
Precip,0.1209,2004,20040425,116
Precip,0.0,2004,20040430,121
Precip,0.0,2004,20040505,126
Precip,0.4994,2004,20040510,131
Precip,0.0446,2004,20040515,136
Precip,0.4001,2004,20040520,141
Precip,0.5912,2004,20040525,146
Precip,0.0079,2004,20040530,151
Precip,0.0,2004,20040604,156
Precip,0.332,2004,20040609,161
Precip,0.351,2004,20040614,166
Precip,0.0749,2004,20040619,171
Precip,0.1526,2004,20040624,176
Precip,0.0392,2004,20040629,181
Precip,0.0619,2004,20040704,186
Precip,0.0101,2004,20040709,191
Precip,0.5646,2004,20040714,196
Precip,0.1481,2004,20040719,201
Precip,0.0369,2004,20040724,206
Precip,0.0018,2004,20040729,211
Precip,0.0005,2004,20040803,216
Precip,0.0,2004,20040808,221
Precip,0.1059,2004,20040813,226
Precip,0.6758,2004,20040818,231
Precip,0.1499,2004,20040823,236
Precip,0.0037,2004,20040828,241
Precip,0.0508,2004,20040902,246
Precip,0.0,2004,20040907,251
Precip,0.0877,2004,20040912,256
Precip,0.2407,2004,20040917,261
Precip,0.0003,2004,20040922,266
Precip,0.4214,2004,20040927,271
Precip,0.0002,2004,20041002,276
Precip,0.0664,2004,20041007,281
Precip,0.0,2004,20041012,286
Precip,0.8609,2004,20041017,291
Precip,0.4337,2004,20041022,296
Precip,0.8575,2004,20041027,301
Precip,0.0112,2004,20041101,306
Precip,0.0099,2004,20041106,311
Precip,0.2716,2004,20041111,316
Precip,0.0037,2004,20041116,321
Precip,0.0412,2004,20041121,326
Precip,0.1877,2004,20041126,331
Precip,0.041,2004,20041201,336
Precip,0.8363,2004,20041206,341
Precip,0.0,2004,20041211,346
Precip,0.0,2004,20041216,351
Precip,0.0287,2004,20041221,356
Precip,0.2691,2004,20041226,361
Precip,0.2322,2004,20041231,366
Precip,0.347,2005,20050101,1
Precip,0.7969,2005,20050106,6
Precip,0.1067,2005,20050111,11
Precip,0.0121,2005,20050116,16
Precip,0.0,2005,20050121,21
Precip,0.2612,2005,20050126,26
Precip,0.0,2005,20050131,31
Precip,0.0045,2005,20050205,36
Precip,0.26,2005,20050210,41
Precip,0.3696,2005,20050215,46
Precip,0.0584,2005,20050220,51
Precip,0.0,2005,20050225,56
Precip,0.0105,2005,20050302,61
Precip,0.0,2005,20050307,66
Precip,0.0006,2005,20050312,71
Precip,0.2678,2005,20050317,76
Precip,0.6462,2005,20050322,81
Precip,0.3425,2005,20050327,86
Precip,0.4186,2005,20050401,91
Precip,0.1667,2005,20050406,96
Precip,0.108,2005,20050411,101
Precip,0.982,2005,20050416,106
Precip,0.2346,2005,20050421,111
Precip,0.5319,2005,20050426,116
Precip,0.2504,2005,20050501,121
Precip,1.017,2005,20050506,126
Precip,0.6878,2005,20050511,131
Precip,1.1136,2005,20050516,136
Precip,0.0003,2005,20050521,141
Precip,0.356,2005,20050526,146
Precip,0.5214,2005,20050531,151
Precip,0.7182,2005,20050605,156
Precip,0.1105,2005,20050610,161
Precip,0.0008,2005,20050615,166
Precip,0.042,2005,20050620,171
Precip,0.0138,2005,20050625,176
Precip,0.0,2005,20050630,181
Precip,0.0118,2005,20050705,186
Precip,0.001,2005,20050710,191
Precip,0.0,2005,20050715,196
Precip,0.0657,2005,20050720,201
Precip,0.0013,2005,20050725,206
Precip,0.2035,2005,20050730,211
Precip,0.0,2005,20050804,216
Precip,0.0081,2005,20050809,221
Precip,0.4163,2005,20050814,226
Precip,0.0122,2005,20050819,231
Precip,0.0,2005,20050824,236
Precip,0.0,2005,20050829,241
Precip,0.0,2005,20050903,246
Precip,0.214,2005,20050908,251
Precip,0.1213,2005,20050913,256
Precip,0.3015,2005,20050918,261
Precip,0.2206,2005,20050923,266
Precip,0.2055,2005,20050928,271
Precip,0.4085,2005,20051003,276
Precip,0.1774,2005,20051008,281
Precip,0.0,2005,20051013,286
Precip,0.0,2005,20051018,291
Precip,0.2941,2005,20051023,296
Precip,0.3312,2005,20051028,301
Precip,0.4013,2005,20051102,306
Precip,0.0498,2005,20051107,311
Precip,0.1683,2005,20051112,316
Precip,0.0001,2005,20051117,321
Precip,0.3226,2005,20051122,326
Precip,0.8621,2005,20051127,331
Precip,0.3164,2005,20051202,336
Precip,0.0,2005,20051207,341
Precip,0.0193,2005,20051212,346
Precip,0.1707,2005,20051217,351
Precip,0.4971,2005,20051222,356
Precip,1.2871,2005,20051227,361
Precip,0.9637,2006,20060101,1
Precip,0.1495,2006,20060106,6
Precip,0.4971,2006,20060111,11
Precip,0.4063,2006,20060116,16
Precip,0.0325,2006,20060121,21
Precip,0.6294,2006,20060126,26
Precip,0.3205,2006,20060131,31
Precip,0.0037,2006,20060205,36
Precip,0.0075,2006,20060210,41
Precip,0.1578,2006,20060215,46
Precip,0.0267,2006,20060220,51
Precip,0.3225,2006,20060225,56
Precip,0.2222,2006,20060302,61
Precip,0.1963,2006,20060307,66
Precip,0.2169,2006,20060312,71
Precip,0.8949,2006,20060317,76
Precip,0.2563,2006,20060322,81
Precip,0.6801,2006,20060327,86
Precip,0.6231,2006,20060401,91
Precip,0.4534,2006,20060406,96
Precip,0.3407,2006,20060411,101
Precip,0.9027,2006,20060416,106
Precip,0.1702,2006,20060421,111
Precip,0.0083,2006,20060426,116
Precip,0.0044,2006,20060501,121
Precip,0.1181,2006,20060506,126
Precip,0.0,2006,20060511,131
Precip,0.0244,2006,20060516,136
Precip,0.0045,2006,20060521,141
Precip,0.8599,2006,20060526,146
Precip,0.0046,2006,20060531,151
Precip,0.4918,2006,20060605,156
Precip,0.4164,2006,20060610,161
Precip,0.0041,2006,20060615,166
Precip,0.0,2006,20060620,171
Precip,0.0,2006,20060625,176
Precip,0.1436,2006,20060630,181
Precip,0.076,2006,20060705,186
Precip,0.106,2006,20060710,191
Precip,0.0179,2006,20060715,196
Precip,0.0052,2006,20060720,201
Precip,0.026,2006,20060725,206
Precip,0.1885,2006,20060730,211
Precip,0.1149,2006,20060804,216
Precip,0.0027,2006,20060809,221
Precip,0.0,2006,20060814,226
Precip,0.0,2006,20060819,231
Precip,0.0294,2006,20060824,236
Precip,0.0,2006,20060829,241
Precip,0.0101,2006,20060903,246
Precip,0.0756,2006,20060908,251
Precip,0.7757,2006,20060913,256
Precip,0.6744,2006,20060918,261
Precip,0.0,2006,20060923,266
Precip,0.5588,2006,20060928,271
Precip,0.3732,2006,20061003,276
Precip,0.0196,2006,20061008,281
Precip,0.1502,2006,20061013,286
Precip,0.1001,2006,20061018,291
Precip,0.1586,2006,20061023,296
Precip,0.0,2006,20061028,301
Precip,0.2114,2006,20061102,306
Precip,0.0978,2006,20061107,311
Precip,0.8847,2006,20061112,316
Precip,0.082,2006,20061117,321
Precip,0.0175,2006,20061122,326
Precip,0.095,2006,20061127,331
Precip,0.0,2006,20061202,336
Precip,0.064,2006,20061207,341
Precip,0.8524,2006,20061212,346
Precip,0.0029,2006,20061217,351
Precip,0.2185,2006,20061222,356
Precip,0.5368,2006,20061227,361
Precip,0.4063,2007,20070101,1
Precip,0.0663,2007,20070106,6
Precip,0.0208,2007,20070111,11
Precip,0.0258,2007,20070116,16
Precip,0.0,2007,20070121,21
Precip,0.0,2007,20070126,26
Precip,0.0163,2007,20070131,31
Precip,0.0707,2007,20070205,36
Precip,0.4447,2007,20070210,41
Precip,0.1449,2007,20070215,46
Precip,0.2737,2007,20070220,51
Precip,0.4613,2007,20070225,56
Precip,0.0092,2007,20070302,61
Precip,0.1697,2007,20070307,66
Precip,0.0021,2007,20070312,71
Precip,0.0796,2007,20070317,76
Precip,0.0104,2007,20070322,81
Precip,0.3416,2007,20070327,86
Precip,0.295,2007,20070401,91
Precip,0.1197,2007,20070406,96
Precip,0.0,2007,20070411,101
Precip,0.5829,2007,20070416,106
Precip,0.7204,2007,20070421,111
Precip,0.0005,2007,20070426,116
Precip,0.2969,2007,20070501,121
Precip,0.0409,2007,20070506,126
Precip,0.0001,2007,20070511,131
Precip,0.0042,2007,20070516,136
Precip,0.0758,2007,20070521,141
Precip,0.0001,2007,20070526,146
Precip,0.0052,2007,20070531,151
Precip,1.3298,2007,20070605,156
Precip,0.0108,2007,20070610,161
Precip,0.0007,2007,20070615,166
Precip,0.0001,2007,20070620,171
Precip,0.0,2007,20070625,176
Precip,0.0,2007,20070630,181
Precip,0.0,2007,20070705,186
Precip,0.0,2007,20070710,191
Precip,0.0616,2007,20070715,196
Precip,0.1768,2007,20070720,201
Precip,0.0885,2007,20070725,206
Precip,0.1195,2007,20070730,211
Precip,0.0631,2007,20070804,216
Precip,0.0,2007,20070809,221
Precip,0.2861,2007,20070814,226
Precip,0.0752,2007,20070819,231
Precip,0.0,2007,20070824,236
Precip,0.0315,2007,20070829,241
Precip,0.8014,2007,20070903,246
Precip,0.0012,2007,20070908,251
Precip,0.0001,2007,20070913,256
Precip,0.0766,2007,20070918,261
Precip,0.2229,2007,20070923,266
Precip,0.2131,2007,20070928,271
Precip,0.8321,2007,20071003,276
Precip,0.0182,2007,20071008,281
Precip,0.223,2007,20071013,286
Precip,0.4984,2007,20071018,291
Precip,0.0,2007,20071023,296
Precip,0.1807,2007,20071028,301
Precip,0.1386,2007,20071102,306
Precip,0.0,2007,20071107,311
Precip,0.34,2007,20071112,316
Precip,0.0851,2007,20071117,321
Precip,0.0152,2007,20071122,326
Precip,0.0825,2007,20071127,331
Precip,0.0707,2007,20071202,336
Precip,0.2683,2007,20071207,341
Precip,0.0566,2007,20071212,346
Precip,0.0185,2007,20071217,351
Precip,0.7847,2007,20071222,356
Precip,0.1619,2007,20071227,361
Precip,0.2797,2008,20080101,1
Precip,0.4138,2008,20080106,6
Precip,0.1826,2008,20080111,11
Precip,0.0394,2008,20080116,16
Precip,0.0285,2008,20080121,21
Precip,0.2975,2008,20080126,26
Precip,0.5898,2008,20080131,31
Precip,0.2185,2008,20080205,36
Precip,0.214,2008,20080210,41
Precip,0.0008,2008,20080215,46
Precip,0.3002,2008,20080220,51
Precip,0.1663,2008,20080225,56
Precip,0.1025,2008,20080301,61
Precip,0.04,2008,20080306,66
Precip,0.276,2008,20080311,71
Precip,0.1281,2008,20080316,76
Precip,0.1593,2008,20080321,81
Precip,0.1116,2008,20080326,86
Precip,0.03,2008,20080331,91
Precip,0.2175,2008,20080405,96
Precip,0.0222,2008,20080410,101
Precip,0.0017,2008,20080415,106
Precip,0.152,2008,20080420,111
Precip,0.017,2008,20080425,116
Precip,0.2837,2008,20080430,121
Precip,0.2607,2008,20080505,126
Precip,0.076,2008,20080510,131
Precip,0.0,2008,20080515,136
Precip,0.5349,2008,20080520,141
Precip,0.4685,2008,20080525,146
Precip,0.2135,2008,20080530,151
Precip,0.1651,2008,20080604,156
Precip,0.0876,2008,20080609,161
Precip,0.0,2008,20080614,166
Precip,0.0035,2008,20080619,171
Precip,0.0,2008,20080624,176
Precip,0.0,2008,20080629,181
Precip,0.0003,2008,20080704,186
Precip,0.0,2008,20080709,191
Precip,0.0,2008,20080714,196
Precip,0.1203,2008,20080719,201
Precip,0.0002,2008,20080724,206
Precip,0.0,2008,20080729,211
Precip,0.012,2008,20080803,216
Precip,0.0719,2008,20080808,221
Precip,0.0,2008,20080813,226
Precip,0.0,2008,20080818,231
Precip,0.0,2008,20080823,236
Precip,0.1614,2008,20080828,241
Precip,0.0,2008,20080902,246
Precip,0.0038,2008,20080907,251
Precip,0.0,2008,20080912,256
Precip,0.2353,2008,20080917,261
Precip,0.0247,2008,20080922,266
Precip,0.0,2008,20080927,271
Precip,0.7743,2008,20081002,276
Precip,0.3515,2008,20081007,281
Precip,0.1669,2008,20081012,286
Precip,0.0004,2008,20081017,291
Precip,0.0,2008,20081022,296
Precip,0.0441,2008,20081027,301
Precip,1.4147,2008,20081101,306
Precip,0.1692,2008,20081106,311
Precip,0.0708,2008,20081111,316
Precip,0.0,2008,20081116,321
Precip,0.0,2008,20081121,326
Precip,0.0346,2008,20081126,331
Precip,0.0072,2008,20081201,336
Precip,0.0827,2008,20081206,341
Precip,0.2499,2008,20081211,346
Precip,0.1886,2008,20081216,351
Precip,0.9399,2008,20081221,356
Precip,0.188,2008,20081226,361
Precip,0.0047,2008,20081231,366
Precip,0.2856,2009,20090101,1
Precip,0.0844,2009,20090106,6
Precip,0.002,2009,20090111,11
Precip,0.0,2009,20090116,16
Precip,0.9547,2009,20090121,21
Precip,0.0377,2009,20090126,26
Precip,0.0,2009,20090131,31
Precip,0.0809,2009,20090205,36
Precip,0.1017,2009,20090210,41
Precip,0.2429,2009,20090215,46
Precip,0.4643,2009,20090220,51
Precip,0.1694,2009,20090225,56
Precip,0.0481,2009,20090302,61
Precip,0.0843,2009,20090307,66
Precip,0.0616,2009,20090312,71
Precip,0.0463,2009,20090317,76
Precip,0.7755,2009,20090322,81
Precip,0.5278,2009,20090327,86
Precip,0.3734,2009,20090401,91
Precip,0.1241,2009,20090406,96
Precip,0.552,2009,20090411,101
Precip,0.2775,2009,20090416,106
Precip,0.0228,2009,20090421,111
Precip,0.3963,2009,20090426,116
Precip,0.8245,2009,20090501,121
Precip,0.0383,2009,20090506,126
Precip,0.0543,2009,20090511,131
Precip,0.0056,2009,20090516,136
Precip,0.4823,2009,20090521,141
Precip,0.0214,2009,20090526,146
Precip,0.7766,2009,20090531,151
Precip,1.5443,2009,20090605,156
Precip,0.6433,2009,20090610,161
Precip,0.4636,2009,20090615,166
Precip,0.4968,2009,20090620,171
Precip,0.0249,2009,20090625,176
Precip,0.5733,2009,20090630,181
Precip,0.0305,2009,20090705,186
Precip,0.0089,2009,20090710,191
Precip,0.0057,2009,20090715,196
Precip,0.0038,2009,20090720,201
Precip,0.0116,2009,20090725,206
Precip,0.0086,2009,20090730,211
Precip,0.097,2009,20090804,216
Precip,0.0036,2009,20090809,221
Precip,0.0001,2009,20090814,226
Precip,0.4541,2009,20090819,231
Precip,0.0076,2009,20090824,236
Precip,0.0003,2009,20090829,241
Precip,0.0,2009,20090903,246
Precip,0.0,2009,20090908,251
Precip,0.2195,2009,20090913,256
Precip,0.0211,2009,20090918,261
Precip,0.0,2009,20090923,266
Precip,0.36,2009,20090928,271
Precip,0.6902,2009,20091003,276
Precip,0.0262,2009,20091008,281
Precip,0.3396,2009,20091013,286
Precip,0.1048,2009,20091018,291
Precip,0.1262,2009,20091023,296
Precip,0.0259,2009,20091028,301
Precip,0.0018,2009,20091102,306
Precip,0.0043,2009,20091107,311
Precip,0.1419,2009,20091112,316
Precip,0.0823,2009,20091117,321
Precip,0.0691,2009,20091122,326
Precip,0.0001,2009,20091127,331
Precip,0.0693,2009,20091202,336
Precip,0.0886,2009,20091207,341
Precip,0.3042,2009,20091212,346
Precip,0.0184,2009,20091217,351
Precip,0.1234,2009,20091222,356
Precip,0.0556,2009,20091227,361
Precip,0.2358,2010,20100101,1
Precip,0.0,2010,20100106,6
Precip,0.0166,2010,20100111,11
Precip,0.2074,2010,20100116,16
Precip,0.4189,2010,20100121,21
Precip,0.1429,2010,20100126,26
Precip,0.2571,2010,20100131,31
Precip,0.1229,2010,20100205,36
Precip,0.3265,2010,20100210,41
Precip,0.0438,2010,20100215,46
Precip,0.1349,2010,20100220,51
Precip,0.0,2010,20100225,56
Precip,0.067,2010,20100302,61
Precip,0.0565,2010,20100307,66
Precip,0.176,2010,20100312,71
Precip,0.0,2010,20100317,76
Precip,0.1722,2010,20100322,81
Precip,0.2611,2010,20100327,86
Precip,0.4898,2010,20100401,91
Precip,0.0,2010,20100406,96
Precip,0.0016,2010,20100411,101
Precip,0.0899,2010,20100416,106
Precip,1.0134,2010,20100421,111
Precip,0.3923,2010,20100426,116
Precip,0.1218,2010,20100501,121
Precip,0.2827,2010,20100506,126
Precip,0.316,2010,20100511,131
Precip,0.1784,2010,20100516,136
Precip,0.1695,2010,20100521,141
Precip,0.2966,2010,20100526,146
Precip,0.3927,2010,20100531,151
Precip,0.1656,2010,20100605,156
Precip,0.0944,2010,20100610,161
Precip,0.2391,2010,20100615,166
Precip,0.0023,2010,20100620,171
Precip,0.0086,2010,20100625,176
Precip,0.0,2010,20100630,181
Precip,0.0015,2010,20100705,186
Precip,0.0007,2010,20100710,191
Precip,0.0,2010,20100715,196
Precip,0.0009,2010,20100720,201
Precip,0.1728,2010,20100725,206
Precip,0.0771,2010,20100730,211
Precip,0.1239,2010,20100804,216
Precip,0.0501,2010,20100809,221
Precip,0.0,2010,20100814,226
Precip,0.0697,2010,20100819,231
Precip,0.0276,2010,20100824,236
Precip,0.0859,2010,20100829,241
Precip,0.0015,2010,20100903,246
Precip,0.2332,2010,20100908,251
Precip,0.0,2010,20100913,256
Precip,0.0003,2010,20100918,261
Precip,0.0,2010,20100923,266
Precip,0.0,2010,20100928,271
Precip,0.2124,2010,20101003,276
Precip,0.0722,2010,20101008,281
Precip,0.0016,2010,20101013,286
Precip,0.0017,2010,20101018,291
Precip,1.1189,2010,20101023,296
Precip,0.0597,2010,20101028,301
Precip,0.0,2010,20101102,306
Precip,0.9097,2010,20101107,311
Precip,0.0379,2010,20101112,316
Precip,0.4546,2010,20101117,321
Precip,0.4233,2010,20101122,326
Precip,0.5798,2010,20101127,331
Precip,0.5421,2010,20101202,336
Precip,0.2846,2010,20101207,341
Precip,0.1716,2010,20101212,346
Precip,0.7889,2010,20101217,351
Precip,0.3709,2010,20101222,356
Precip,0.3203,2010,20101227,361
Precip,0.0,2011,20110101,1
Precip,0.04,2011,20110106,6
Precip,0.1473,2011,20110111,11
Precip,0.8902,2011,20110116,16
Precip,0.1394,2011,20110121,21
Precip,0.0184,2011,20110126,26
Precip,0.1769,2011,20110131,31
Precip,0.0455,2011,20110205,36
Precip,0.0,2011,20110210,41
Precip,0.3605,2011,20110215,46
Precip,0.1184,2011,20110220,51
Precip,0.2761,2011,20110225,56
Precip,0.6287,2011,20110302,61
Precip,0.3859,2011,20110307,66
Precip,0.8414,2011,20110312,71
Precip,0.0973,2011,20110317,76
Precip,0.4273,2011,20110322,81
Precip,0.1051,2011,20110327,86
Precip,0.0703,2011,20110401,91
Precip,0.3518,2011,20110406,96
Precip,0.3215,2011,20110411,101
Precip,0.5776,2011,20110416,106
Precip,0.3935,2011,20110421,111
Precip,0.1697,2011,20110426,116
Precip,0.0026,2011,20110501,121
Precip,1.2213,2011,20110506,126
Precip,0.0695,2011,20110511,131
Precip,0.1514,2011,20110516,136
Precip,0.2832,2011,20110521,141
Precip,0.7538,2011,20110526,146
Precip,0.0011,2011,20110531,151
Precip,0.3721,2011,20110605,156
Precip,0.1471,2011,20110610,161
Precip,0.3471,2011,20110615,166
Precip,0.0787,2011,20110620,171
Precip,0.0001,2011,20110625,176
Precip,0.0104,2011,20110630,181
Precip,0.3055,2011,20110705,186
Precip,0.1657,2011,20110710,191
Precip,0.0083,2011,20110715,196
Precip,0.0,2011,20110720,201
Precip,0.0001,2011,20110725,206
Precip,0.4134,2011,20110730,211
Precip,0.1737,2011,20110804,216
Precip,0.0,2011,20110809,221
Precip,0.0006,2011,20110814,226
Precip,0.0145,2011,20110819,231
Precip,0.0534,2011,20110824,236
Precip,0.0393,2011,20110829,241
Precip,0.0081,2011,20110903,246
Precip,0.0328,2011,20110908,251
Precip,0.3958,2011,20110913,256
Precip,0.0,2011,20110918,261
Precip,0.0,2011,20110923,266
Precip,0.0059,2011,20110928,271
Precip,1.6176,2011,20111003,276
Precip,0.3548,2011,20111008,281
Precip,0.2183,2011,20111013,286
Precip,0.0,2011,20111018,291
Precip,0.0017,2011,20111023,296
Precip,0.004,2011,20111028,301
Precip,0.1147,2011,20111102,306
Precip,0.0001,2011,20111107,311
Precip,0.391,2011,20111112,316
Precip,0.4584,2011,20111117,321
Precip,0.0382,2011,20111122,326
Precip,0.0697,2011,20111127,331
Precip,0.0072,2011,20111202,336
Precip,0.0,2011,20111207,341
Precip,0.0012,2011,20111212,346
Precip,0.0344,2011,20111217,351
Precip,0.0,2011,20111222,356
Precip,0.2955,2011,20111227,361
Precip,0.0,2012,20120101,1
Precip,0.0013,2012,20120106,6
Precip,0.0,2012,20120111,11
Precip,1.1171,2012,20120116,16
Precip,0.8519,2012,20120121,21
Precip,0.1741,2012,20120126,26
Precip,0.0109,2012,20120131,31
Precip,0.0674,2012,20120205,36
Precip,0.2323,2012,20120210,41
Precip,0.0369,2012,20120215,46
Precip,0.206,2012,20120220,51
Precip,0.0573,2012,20120225,56
Precip,0.1416,2012,20120301,61
Precip,0.0228,2012,20120306,66
Precip,0.0795,2012,20120311,71
Precip,0.7691,2012,20120316,76
Precip,0.0001,2012,20120321,81
Precip,0.4152,2012,20120326,86
Precip,0.0598,2012,20120331,91
Precip,0.0126,2012,20120405,96
Precip,0.3612,2012,20120410,101
Precip,0.2407,2012,20120415,106
Precip,0.0036,2012,20120420,111
Precip,0.48,2012,20120425,116
Precip,0.0972,2012,20120430,121
Precip,0.0347,2012,20120505,126
Precip,0.0,2012,20120510,131
Precip,0.0016,2012,20120515,136
Precip,0.0555,2012,20120520,141
Precip,0.9388,2012,20120525,146
Precip,0.0382,2012,20120530,151
Precip,0.157,2012,20120604,156
Precip,0.0106,2012,20120609,161
Precip,0.0,2012,20120614,166
Precip,0.0,2012,20120619,171
Precip,0.0,2012,20120624,176
Precip,0.0,2012,20120629,181
Precip,0.1396,2012,20120704,186
Precip,0.0376,2012,20120709,191
Precip,0.4888,2012,20120714,196
Precip,0.0229,2012,20120719,201
Precip,0.0124,2012,20120724,206
Precip,0.0042,2012,20120729,211
Precip,0.0008,2012,20120803,216
Precip,0.1467,2012,20120808,221
Precip,0.0,2012,20120813,226
Precip,0.0045,2012,20120818,231
Precip,0.0113,2012,20120823,236
Precip,0.4431,2012,20120828,241
Precip,0.0001,2012,20120902,246
Precip,0.0,2012,20120907,251
Precip,0.0,2012,20120912,256
Precip,0.0,2012,20120917,261
Precip,0.1242,2012,20120922,266
Precip,0.0003,2012,20120927,271
Precip,0.0,2012,20121002,276
Precip,0.0,2012,20121007,281
Precip,0.2377,2012,20121012,286
Precip,0.0,2012,20121017,291
Precip,0.6993,2012,20121022,296
Precip,0.0261,2012,20121027,301
Precip,0.0,2012,20121101,306
Precip,0.4252,2012,20121106,311
Precip,0.0234,2012,20121111,316
Precip,0.6443,2012,20121116,321
Precip,0.1907,2012,20121121,326
Precip,0.3739,2012,20121126,331
Precip,1.3406,2012,20121201,336
Precip,0.0817,2012,20121206,341
Precip,0.0159,2012,20121211,346
Precip,0.531,2012,20121216,351
Precip,0.1163,2012,20121221,356
Precip,0.1685,2012,20121226,361
Precip,0.0359,2012,20121231,366
Precip,0.0,2013,20130101,1
Precip,0.1693,2013,20130106,6
Precip,0.0808,2013,20130111,11
Precip,0.0002,2013,20130116,16
Precip,0.0434,2013,20130121,21
Precip,0.5883,2013,20130126,26
Precip,0.0057,2013,20130131,31
Precip,0.1706,2013,20130205,36
Precip,0.0614,2013,20130210,41
Precip,0.0085,2013,20130215,46
Precip,0.3552,2013,20130220,51
Precip,0.0735,2013,20130225,56
Precip,0.2666,2013,20130302,61
Precip,0.0361,2013,20130307,66
Precip,0.0044,2013,20130312,71
Precip,0.4626,2013,20130317,76
Precip,0.0619,2013,20130322,81
Precip,0.0,2013,20130327,86
Precip,0.241,2013,20130401,91
Precip,0.2802,2013,20130406,96
Precip,0.1392,2013,20130411,101
Precip,0.2898,2013,20130416,106
Precip,0.054,2013,20130421,111
Precip,0.0002,2013,20130426,116
Precip,0.0012,2013,20130501,121
Precip,0.1364,2013,20130506,126
Precip,0.0,2013,20130511,131
Precip,0.498,2013,20130516,136
Precip,0.0012,2013,20130521,141
Precip,0.3828,2013,20130526,146
Precip,0.0,2013,20130531,151
Precip,0.0,2013,20130605,156
Precip,0.1451,2013,20130610,161
Precip,0.0152,2013,20130615,166
Precip,0.0091,2013,20130620,171
Precip,0.0315,2013,20130625,176
Precip,0.0114,2013,20130630,181
Precip,0.2389,2013,20130705,186
Precip,0.0265,2013,20130710,191
Precip,0.1377,2013,20130715,196
Precip,0.0,2013,20130720,201
Precip,0.1855,2013,20130725,206
Precip,0.0006,2013,20130730,211
Precip,0.0015,2013,20130804,216
Precip,0.0,2013,20130809,221
Precip,0.0,2013,20130814,226
Precip,0.112,2013,20130819,231
Precip,0.238,2013,20130824,236
Precip,0.5333,2013,20130829,241
Precip,0.4227,2013,20130903,246
Precip,0.1024,2013,20130908,251
Precip,0.4689,2013,20130913,256
Precip,0.0238,2013,20130918,261
Precip,0.2252,2013,20130923,266
Precip,0.061,2013,20130928,271
Precip,0.1917,2013,20131003,276
Precip,0.0428,2013,20131008,281
Precip,0.4897,2013,20131013,286
Precip,0.0,2013,20131018,291
Precip,0.0,2013,20131023,296
Precip,0.1518,2013,20131028,301
Precip,0.0443,2013,20131102,306
Precip,0.0147,2013,20131107,311
Precip,0.0864,2013,20131112,316
Precip,0.4094,2013,20131117,321
Precip,0.0053,2013,20131122,326
Precip,0.0719,2013,20131127,331
Precip,0.1789,2013,20131202,336
Precip,0.078,2013,20131207,341
Precip,0.0853,2013,20131212,346
Precip,0.1157,2013,20131217,351
Precip,0.1387,2013,20131222,356
Precip,0.0,2013,20131227,361
Precip,0.0,2014,20140101,1
Precip,0.2472,2014,20140106,6
Precip,0.3076,2014,20140111,11
Precip,0.0,2014,20140116,16
Precip,0.0097,2014,20140121,21
Precip,0.4473,2014,20140126,26
Precip,0.0682,2014,20140131,31
Precip,0.87,2014,20140205,36
Precip,0.6562,2014,20140210,41
Precip,0.1946,2014,20140215,46
Precip,0.0009,2014,20140220,51
Precip,0.8117,2014,20140225,56
Precip,0.439,2014,20140302,61
Precip,0.1451,2014,20140307,66
Precip,0.0016,2014,20140312,71
Precip,0.0406,2014,20140317,76
Precip,0.0103,2014,20140322,81
Precip,0.861,2014,20140327,86
Precip,0.3579,2014,20140401,91
Precip,0.0178,2014,20140406,96
Precip,0.0,2014,20140411,101
Precip,0.0721,2014,20140416,106
Precip,0.8564,2014,20140421,111
Precip,0.2279,2014,20140426,116
Precip,0.1057,2014,20140501,121
Precip,0.6594,2014,20140506,126
Precip,0.0,2014,20140511,131
Precip,0.0028,2014,20140516,136
Precip,0.0,2014,20140521,141
Precip,0.0,2014,20140526,146
Precip,0.0,2014,20140531,151
Precip,0.0,2014,20140605,156
Precip,0.0005,2014,20140610,161
Precip,0.4365,2014,20140615,166
Precip,0.0,2014,20140620,171
Precip,0.0794,2014,20140625,176
Precip,0.0008,2014,20140630,181
Precip,0.0087,2014,20140705,186
Precip,0.1614,2014,20140710,191
Precip,0.0,2014,20140715,196
Precip,0.1727,2014,20140720,201
Precip,0.0494,2014,20140725,206
Precip,0.0365,2014,20140730,211
Precip,1.0584,2014,20140804,216
Precip,0.4158,2014,20140809,221
Precip,0.2424,2014,20140814,226
Precip,1.1778,2014,20140819,231
Precip,0.0874,2014,20140824,236
Precip,0.0039,2014,20140829,241
Precip,0.0016,2014,20140903,246
Precip,0.0037,2014,20140908,251
Precip,0.0104,2014,20140913,256
Precip,0.3126,2014,20140918,261
Precip,1.1821,2014,20140923,266
Precip,0.4441,2014,20140928,271
Precip,0.0,2014,20141003,276
Precip,0.0234,2014,20141008,281
Precip,0.0015,2014,20141013,286
Precip,0.0714,2014,20141018,291
Precip,0.0005,2014,20141023,296
Precip,0.0473,2014,20141028,301
Precip,0.2068,2014,20141102,306
Precip,0.0144,2014,20141107,311
Precip,0.6254,2014,20141112,316
Precip,0.0204,2014,20141117,321
Precip,0.4505,2014,20141122,326
Precip,0.2491,2014,20141127,331
Precip,0.0532,2014,20141202,336
Precip,0.0132,2014,20141207,341
Precip,0.3919,2014,20141212,346
Precip,0.4847,2014,20141217,351
Precip,0.3446,2014,20141222,356
Precip,0.1371,2014,20141227,361
Precip,0.068,2015,20150101,1
Precip,0.0144,2015,20150106,6
Precip,0.2636,2015,20150111,11
Precip,0.3372,2015,20150116,16
Precip,0.0,2015,20150121,21
Precip,0.1228,2015,20150126,26
Precip,0.4642,2015,20150131,31
Precip,0.1964,2015,20150205,36
Precip,0.0,2015,20150210,41
Precip,0.0,2015,20150215,46
Precip,0.128,2015,20150220,51
Precip,0.0079,2015,20150225,56
Precip,0.0143,2015,20150302,61
Precip,0.0096,2015,20150307,66
Precip,0.0089,2015,20150312,71
Precip,0.0,2015,20150317,76
Precip,0.3932,2015,20150322,81
Precip,0.0017,2015,20150327,86
Precip,0.0446,2015,20150401,91
Precip,0.3062,2015,20150406,96
Precip,0.3564,2015,20150411,101
Precip,0.0,2015,20150416,106
Precip,0.1585,2015,20150421,111
Precip,0.043,2015,20150426,116
Precip,0.014,2015,20150501,121
Precip,0.3916,2015,20150506,126
Precip,0.5463,2015,20150511,131
Precip,1.9047,2015,20150516,136
Precip,0.7158,2015,20150521,141
Precip,0.3824,2015,20150526,146
Precip,0.1996,2015,20150531,151
Precip,0.0504,2015,20150605,156
Precip,0.044,2015,20150610,161
Precip,0.0635,2015,20150615,166
Precip,0.0,2015,20150620,171
Precip,0.004,2015,20150625,176
Precip,0.0009,2015,20150630,181
Precip,0.249,2015,20150705,186
Precip,0.2974,2015,20150710,191
Precip,0.154,2015,20150715,196
Precip,0.2737,2015,20150720,201
Precip,0.1315,2015,20150725,206
Precip,0.0175,2015,20150730,211
Precip,0.4454,2015,20150804,216
Precip,0.0744,2015,20150809,221
Precip,0.0958,2015,20150814,226
Precip,0.0,2015,20150819,231
Precip,0.0087,2015,20150824,236
Precip,0.104,2015,20150829,241
Precip,0.031,2015,20150903,246
Precip,0.0,2015,20150908,251
Precip,1.3021,2015,20150913,256
Precip,0.0,2015,20150918,261
Precip,0.0,2015,20150923,266
Precip,0.4947,2015,20150928,271
Precip,0.018,2015,20151003,276
Precip,0.0202,2015,20151008,281
Precip,0.0522,2015,20151013,286
Precip,0.5111,2015,20151018,291
Precip,0.0043,2015,20151023,296
Precip,0.586,2015,20151028,301
Precip,0.5188,2015,20151102,306
Precip,0.099,2015,20151107,311
Precip,0.0751,2015,20151112,316
Precip,0.2125,2015,20151117,321
Precip,0.2584,2015,20151122,326
Precip,0.0022,2015,20151127,331
Precip,0.0243,2015,20151202,336
Precip,0.3093,2015,20151207,341
Precip,0.507,2015,20151212,346
Precip,0.4185,2015,20151217,351
Precip,0.1881,2015,20151222,356
Precip,0.0462,2015,20151227,361
Precip,0.007,2016,20160101,1
Precip,0.071,2016,20160106,6
Precip,0.1722,2016,20160111,11
Precip,0.8279,2016,20160116,16
Precip,0.1324,2016,20160121,21
Precip,0.6785,2016,20160126,26
Precip,0.0836,2016,20160131,31
Precip,0.0066,2016,20160205,36
Precip,0.1098,2016,20160210,41
Precip,0.3005,2016,20160215,46
Precip,0.0344,2016,20160220,51
Precip,0.0115,2016,20160225,56
Precip,0.0083,2016,20160301,61
Precip,0.9375,2016,20160306,66
Precip,0.8177,2016,20160311,71
Precip,0.0326,2016,20160316,76
Precip,0.3576,2016,20160321,81
Precip,0.9154,2016,20160326,86
Precip,0.071,2016,20160331,91
Precip,0.0237,2016,20160405,96
Precip,0.6285,2016,20160410,101
Precip,0.0573,2016,20160415,106
Precip,0.4503,2016,20160420,111
Precip,0.4986,2016,20160425,116
Precip,0.0054,2016,20160430,121
Precip,0.4425,2016,20160505,126
Precip,0.0464,2016,20160510,131
Precip,0.5989,2016,20160515,136
Precip,0.8346,2016,20160520,141
Precip,0.0562,2016,20160525,146
Precip,0.0,2016,20160530,151
Precip,0.0344,2016,20160604,156
Precip,0.0952,2016,20160609,161
Precip,0.0332,2016,20160614,166
Precip,0.0,2016,20160619,171
Precip,0.0,2016,20160624,176
Precip,0.0377,2016,20160629,181
Precip,0.0,2016,20160704,186
Precip,0.1529,2016,20160709,191
Precip,0.0029,2016,20160714,196
Precip,0.0,2016,20160719,201
Precip,0.0,2016,20160724,206
Precip,0.0119,2016,20160729,211
Precip,0.0402,2016,20160803,216
Precip,0.0,2016,20160808,221
Precip,0.0047,2016,20160813,226
Precip,0.0,2016,20160818,231
Precip,0.0,2016,20160823,236
Precip,0.0242,2016,20160828,241
Precip,0.2424,2016,20160902,246
Precip,0.0,2016,20160907,251
Precip,0.5225,2016,20160912,256
Precip,0.4443,2016,20160917,261
Precip,1.4029,2016,20160922,266
Precip,0.1217,2016,20160927,271
Precip,0.3217,2016,20161002,276
Precip,0.0061,2016,20161007,281
Precip,1.0496,2016,20161012,286
Precip,0.0702,2016,20161017,291
Precip,0.5408,2016,20161022,296
Precip,1.1538,2016,20161027,301
Precip,0.0107,2016,20161101,306
Precip,0.0005,2016,20161106,311
Precip,0.0,2016,20161111,316
Precip,0.0409,2016,20161116,321
Precip,0.217,2016,20161121,326
Precip,0.3788,2016,20161126,331
Precip,0.1675,2016,20161201,336
Precip,1.161,2016,20161206,341
Precip,0.4651,2016,20161211,346
Precip,0.4488,2016,20161216,351
Precip,0.5594,2016,20161221,356
Precip,0.0345,2016,20161226,361
Precip,0.0,2016,20161231,366
Precip,0.6434,2017,20170101,1
Precip,1.4563,2017,20170106,6
Precip,0.1897,2017,20170111,11
Precip,0.5752,2017,20170116,16
Precip,0.9476,2017,20170121,21
Precip,0.0006,2017,20170126,26
Precip,0.0494,2017,20170131,31
Precip,1.2225,2017,20170205,36
Precip,0.1859,2017,20170210,41
Precip,0.5483,2017,20170215,46
Precip,0.9354,2017,20170220,51
Precip,0.1096,2017,20170225,56
Precip,0.2051,2017,20170302,61
Precip,0.0918,2017,20170307,66
Precip,0.0027,2017,20170312,71
Precip,0.1743,2017,20170317,76
Precip,0.1659,2017,20170322,81
Precip,0.4404,2017,20170327,86
Precip,0.1772,2017,20170401,91
Precip,1.2411,2017,20170406,96
Precip,0.1433,2017,20170411,101
Precip,0.7767,2017,20170416,106
Precip,0.3136,2017,20170421,111
Precip,0.3127,2017,20170426,116
Precip,0.0034,2017,20170501,121
Precip,0.0145,2017,20170506,126
Precip,0.0013,2017,20170511,131
Precip,0.6022,2017,20170516,136
Precip,0.1454,2017,20170521,141
Precip,0.1441,2017,20170526,146
Precip,0.0028,2017,20170531,151
Precip,0.1896,2017,20170605,156
Precip,0.6672,2017,20170610,161
Precip,0.0162,2017,20170615,166
Precip,0.0,2017,20170620,171
Precip,0.0347,2017,20170625,176
Precip,0.0038,2017,20170630,181
Precip,0.0212,2017,20170705,186
Precip,0.0123,2017,20170710,191
Precip,0.0019,2017,20170715,196
Precip,0.0003,2017,20170720,201
Precip,0.1821,2017,20170725,206
Precip,0.0124,2017,20170730,211
Precip,0.2038,2017,20170804,216
Precip,0.024,2017,20170809,221
Precip,0.0348,2017,20170814,226
Precip,0.1789,2017,20170819,231
Precip,0.0,2017,20170824,236
Precip,0.0097,2017,20170829,241
Precip,0.0,2017,20170903,246
Precip,0.173,2017,20170908,251
Precip,0.5939,2017,20170913,256
Precip,1.8085,2017,20170918,261
Precip,0.0101,2017,20170923,266
Precip,0.3156,2017,20170928,271
Precip,0.0675,2017,20171003,276
Precip,0.0263,2017,20171008,281
Precip,0.0839,2017,20171013,286
Precip,0.0363,2017,20171018,291
Precip,0.0,2017,20171023,296
Precip,0.0041,2017,20171028,301
Precip,0.4446,2017,20171102,306
Precip,0.0357,2017,20171107,311
Precip,0.8045,2017,20171112,316
Precip,0.0826,2017,20171117,321
Precip,0.2386,2017,20171122,326
Precip,0.211,2017,20171127,331
Precip,0.183,2017,20171202,336
Precip,0.0,2017,20171207,341
Precip,0.1202,2017,20171212,346
Precip,0.0948,2017,20171217,351
Precip,0.4369,2017,20171222,356
Precip,0.0113,2017,20171227,361
Precip,0.0014,2018,20180101,1
Precip,0.6115,2018,20180106,6
Precip,0.1246,2018,20180111,11
Precip,0.1771,2018,20180116,16
Precip,0.0447,2018,20180121,21
Precip,0.0483,2018,20180126,26
Precip,0.0101,2018,20180131,31
Precip,0.0031,2018,20180205,36
Precip,0.073,2018,20180210,41
Precip,0.4957,2018,20180215,46
Precip,0.1332,2018,20180220,51
Precip,0.2931,2018,20180225,56
Precip,0.6897,2018,20180302,61
Precip,0.0074,2018,20180307,66
Precip,0.5998,2018,20180312,71
Precip,0.1544,2018,20180317,76
Precip,0.9021,2018,20180322,81
Precip,0.0456,2018,20180327,86
Precip,0.1792,2018,20180401,91
Precip,0.5146,2018,20180406,96
Precip,0.3985,2018,20180411,101
Precip,0.0481,2018,20180416,106
Precip,0.1432,2018,20180421,111
Precip,0.153,2018,20180426,116
Precip,0.0706,2018,20180501,121
Precip,0.023,2018,20180506,126
Precip,0.5439,2018,20180511,131
Precip,0.4584,2018,20180516,136
Precip,0.1819,2018,20180521,141
Precip,0.386,2018,20180526,146
Precip,0.1508,2018,20180531,151
Precip,0.0119,2018,20180605,156
Precip,0.0,2018,20180610,161
Precip,0.5023,2018,20180615,166
Precip,0.0109,2018,20180620,171
Precip,0.01,2018,20180625,176
Precip,0.0,2018,20180630,181
Precip,0.0048,2018,20180705,186
Precip,0.0,2018,20180710,191
Precip,0.0952,2018,20180715,196
Precip,0.0005,2018,20180720,201
Precip,0.0,2018,20180725,206
Precip,0.0074,2018,20180730,211
Precip,0.0,2018,20180804,216
Precip,0.0,2018,20180809,221
Precip,0.0471,2018,20180814,226
Precip,0.1531,2018,20180819,231
Precip,0.0049,2018,20180824,236
Precip,0.0,2018,20180829,241
Precip,0.0,2018,20180903,246
Precip,0.0,2018,20180908,251
Precip,0.0,2018,20180913,256
Precip,0.0,2018,20180918,261
Precip,0.0,2018,20180923,266
Precip,0.0181,2018,20180928,271
Precip,0.3615,2018,20181003,276
Precip,1.0081,2018,20181008,281
Precip,0.163,2018,20181013,286
Precip,0.0935,2018,20181018,291
Precip,0.2093,2018,20181023,296
Precip,0.0025,2018,20181028,301
Precip,0.0943,2018,20181102,306
Precip,0.0009,2018,20181107,311
Precip,0.0529,2018,20181112,316
Precip,0.1174,2018,20181117,321
Precip,0.4967,2018,20181122,326
Precip,0.7185,2018,20181127,331
Precip,0.1422,2018,20181202,336
Precip,0.0656,2018,20181207,341
Precip,0.0648,2018,20181212,346
Precip,0.0004,2018,20181217,351
Precip,0.4289,2018,20181222,356
Precip,0.1456,2018,20181227,361
Precip,0.1154,2019,20190101,1
Precip,0.4012,2019,20190106,6
Precip,0.0694,2019,20190111,11
Precip,0.9412,2019,20190116,16
Precip,0.0755,2019,20190121,21
Precip,0.0,2019,20190126,26
Precip,1.2778,2019,20190131,31
Precip,0.1405,2019,20190205,36
Precip,1.1188,2019,20190210,41
Precip,0.4086,2019,20190215,46
Precip,0.2371,2019,20190220,51
Precip,0.9366,2019,20190225,56
Precip,0.2761,2019,20190302,61
Precip,0.1937,2019,20190307,66
Precip,0.1385,2019,20190312,71
Precip,0.0559,2019,20190317,76
Precip,0.4461,2019,20190322,81
Precip,0.371,2019,20190327,86
Precip,0.5171,2019,20190401,91
Precip,0.7219,2019,20190406,96
Precip,0.74,2019,20190411,101
Precip,0.0553,2019,20190416,106
Precip,0.2828,2019,20190421,111
Precip,0.0276,2019,20190426,116
Precip,0.014,2019,20190501,121
Precip,0.023,2019,20190506,126
Precip,0.03,2019,20190511,131
Precip,0.8462,2019,20190516,136
Precip,0.8785,2019,20190521,141
Precip,0.4167,2019,20190526,146
Precip,0.1501,2019,20190531,151
Precip,0.2236,2019,20190605,156
Precip,0.0336,2019,20190610,161
Precip,0.0144,2019,20190615,166
Precip,0.0001,2019,20190620,171
Precip,0.0,2019,20190625,176
Precip,0.0559,2019,20190630,181
Precip,0.0479,2019,20190705,186
Precip,0.0652,2019,20190710,191
Precip,0.0042,2019,20190715,196
Precip,0.0077,2019,20190720,201
Precip,0.1205,2019,20190725,206
Precip,0.0377,2019,20190730,211
Precip,0.0613,2019,20190804,216
Precip,0.0416,2019,20190809,221
Precip,0.0,2019,20190814,226
Precip,0.0,2019,20190819,231
Precip,0.0,2019,20190824,236
Precip,0.0066,2019,20190829,241
Precip,0.2787,2019,20190903,246
Precip,0.6359,2019,20190908,251
Precip,0.0185,2019,20190913,256
Precip,0.1286,2019,20190918,261
Precip,0.1636,2019,20190923,266
Precip,0.8018,2019,20190928,271
Precip,0.0425,2019,20191003,276
Precip,0.1298,2019,20191008,281
Precip,0.0108,2019,20191013,286
Precip,0.184,2019,20191018,291
Precip,0.0015,2019,20191023,296
Precip,0.0556,2019,20191028,301
Precip,0.0041,2019,20191102,306
Precip,0.0,2019,20191107,311
Precip,0.0041,2019,20191112,316
Precip,0.0126,2019,20191117,321
Precip,0.0705,2019,20191122,326
Precip,0.452,2019,20191127,331
Precip,0.1518,2019,20191202,336
Precip,0.3058,2019,20191207,341
Precip,0.6026,2019,20191212,346
Precip,0.0001,2019,20191217,351
Precip,0.1362,2019,20191222,356
Precip,0.186,2019,20191227,361
Precip,0.1799,2020,20200101,1
Precip,0.246,2020,20200106,6
Precip,0.4966,2020,20200111,11
Precip,0.1382,2020,20200116,16
Precip,0.078,2020,20200121,21
Precip,0.487,2020,20200126,26
Precip,0.4147,2020,20200131,31
Precip,0.1923,2020,20200205,36
Precip,0.0391,2020,20200210,41
Precip,0.1409,2020,20200215,46
Precip,0.0048,2020,20200220,51
Precip,0.1613,2020,20200225,56
Precip,0.0603,2020,20200301,61
Precip,0.2023,2020,20200306,66
Precip,0.9386,2020,20200311,71
Precip,0.0978,2020,20200316,76
Precip,0.1191,2020,20200321,81
Precip,0.0521,2020,20200326,86
Precip,0.2201,2020,20200331,91
Precip,0.5804,2020,20200405,96
Precip,0.0949,2020,20200410,101
Precip,0.4339,2020,20200415,106
Precip,0.0237,2020,20200420,111
Precip,0.0326,2020,20200425,116
Precip,0.1428,2020,20200430,121
Precip,0.0,2020,20200505,126
Precip,0.0404,2020,20200510,131
Precip,0.0367,2020,20200515,136
Precip,1.022,2020,20200520,141
Precip,0.0243,2020,20200525,146
Precip,0.0,2020,20200530,151
Precip,0.4984,2020,20200604,156
Precip,0.0105,2020,20200609,161
Precip,0.9077,2020,20200614,166
Precip,0.0119,2020,20200619,171
Precip,0.5522,2020,20200624,176
Precip,0.4796,2020,20200629,181
Precip,0.0,2020,20200704,186
Precip,0.0,2020,20200709,191
Precip,0.0,2020,20200714,196
Precip,0.1112,2020,20200719,201
Precip,0.0993,2020,20200724,206
Precip,0.0,2020,20200729,211
Precip,0.0,2020,20200803,216
Precip,0.0,2020,20200808,221
Precip,0.0,2020,20200813,226
Precip,0.0022,2020,20200818,231
Precip,0.1092,2020,20200823,236
Precip,0.0389,2020,20200828,241
Precip,0.0,2020,20200902,246
Precip,0.0998,2020,20200907,251
Precip,0.0,2020,20200912,256
Precip,0.2994,2020,20200917,261
Precip,0.0013,2020,20200922,266
Precip,0.0,2020,20200927,271
Precip,0.0,2020,20201002,276
Precip,0.1777,2020,20201007,281
Precip,0.0029,2020,20201012,286
Precip,0.0024,2020,20201017,291
Precip,0.0232,2020,20201022,296
Precip,0.0032,2020,20201027,301
Precip,0.0,2020,20201101,306
Precip,0.4972,2020,20201106,311
Precip,0.9889,2020,20201111,316
Precip,0.1069,2020,20201116,321
Precip,0.0574,2020,20201121,326
Precip,0.0,2020,20201126,331
Precip,0.0074,2020,20201201,336
Precip,0.0031,2020,20201206,341
Precip,0.2654,2020,20201211,346
Precip,0.318,2020,20201216,351
Precip,0.0057,2020,20201221,356
Precip,0.0668,2020,20201226,361
Precip,0.0,2020,20201231,366
Precip,0.3926,2021,20210101,1
Precip,0.056,2021,20210106,6
Precip,0.0884,2021,20210111,11
Precip,0.0,2021,20210116,16
Precip,0.1148,2021,20210121,21
Precip,0.1952,2021,20210126,26
Precip,0.4206,2021,20210131,31
Precip,0.04,2021,20210205,36
Precip,0.7206,2021,20210210,41
Precip,0.5332,2021,20210215,46
Precip,0.0242,2021,20210220,51
Precip,0.1363,2021,20210225,56
Precip,0.0,2021,20210302,61
Precip,0.2063,2021,20210307,66
Precip,0.0021,2021,20210312,71
Precip,0.6986,2021,20210317,76
Precip,0.3097,2021,20210322,81
Precip,0.0,2021,20210327,86
Precip,0.2561,2021,20210401,91
Precip,0.1217,2021,20210406,96
Precip,0.1906,2021,20210411,101
Precip,0.0033,2021,20210416,106
Precip,0.2598,2021,20210421,111
Precip,0.1118,2021,20210426,116
Precip,0.0619,2021,20210501,121
Precip,0.0484,2021,20210506,126
Precip,0.0144,2021,20210511,131
Precip,0.0381,2021,20210516,136
Precip,0.3503,2021,20210521,141
Precip,0.0,2021,20210526,146
Precip,0.0,2021,20210531,151
Precip,0.0,2021,20210605,156
Precip,0.0,2021,20210610,161
Precip,0.0,2021,20210615,166
Precip,0.0146,2021,20210620,171
Precip,0.0078,2021,20210625,176
Precip,0.0199,2021,20210630,181
Precip,0.0086,2021,20210705,186
Precip,0.0,2021,20210710,191
Precip,0.0076,2021,20210715,196
Precip,0.0815,2021,20210720,201
Precip,0.103,2021,20210725,206
Precip,0.6358,2021,20210730,211
Precip,0.0379,2021,20210804,216
Precip,0.0,2021,20210809,221
Precip,0.256,2021,20210814,226
Precip,0.8697,2021,20210819,231
Precip,0.0,2021,20210824,236
Precip,0.0027,2021,20210829,241
Precip,0.0,2021,20210903,246
Precip,0.1413,2021,20210908,251
Precip,0.0,2021,20210913,256
Precip,0.2466,2021,20210918,261
Precip,0.0,2021,20210923,266
Precip,0.0,2021,20210928,271
Precip,0.4551,2021,20211003,276
Precip,1.2086,2021,20211008,281
Precip,0.0213,2021,20211013,286
Precip,0.1127,2021,20211018,291
Precip,1.1707,2021,20211023,296
Precip,0.2551,2021,20211028,301
Precip,0.1171,2021,20211102,306
Precip,0.4184,2021,20211107,311
Precip,0.0,2021,20211112,316
Precip,0.3095,2021,20211117,321
Precip,0.0118,2021,20211122,326
Precip,0.0,2021,20211127,331
Precip,0.0323,2021,20211202,336
Precip,0.0631,2021,20211207,341
Precip,0.617,2021,20211212,346
Precip,0.0204,2021,20211217,351
Precip,1.0479,2021,20211222,356
Precip,0.5028,2021,20211227,361
Precip,0.7613,2022,20220101,1
Precip,0.1695,2022,20220106,6
Precip,0.0,2022,20220111,11
Precip,0.2475,2022,20220116,16
Precip,0.0741,2022,20220121,21
Precip,0.0,2022,20220126,26
Precip,0.0,2022,20220131,31
Precip,0.0,2022,20220205,36
Precip,0.0641,2022,20220210,41
Precip,0.0902,2022,20220215,46
Precip,0.3041,2022,20220220,51
Precip,0.0071,2022,20220225,56
Precip,0.0001,2022,20220302,61
Precip,0.1795,2022,20220307,66
Precip,0.1449,2022,20220312,71
Precip,0.2096,2022,20220317,76
Precip,0.0,2022,20220322,81
Precip,0.012,2022,20220327,86
Precip,0.0399,2022,20220401,91
Precip,0.0504,2022,20220406,96
Precip,0.6617,2022,20220411,101
Precip,0.1008,2022,20220416,106
Precip,0.4956,2022,20220421,111
Precip,0.2237,2022,20220426,116
Precip,0.8022,2022,20220501,121
Precip,0.1026,2022,20220506,126
Precip,0.0002,2022,20220511,131
Precip,0.0076,2022,20220516,136
Precip,0.0156,2022,20220521,141
Precip,1.0038,2022,20220526,146
Precip,0.0231,2022,20220531,151
Precip,0.1832,2022,20220605,156
Precip,0.5014,2022,20220610,161
Precip,0.0025,2022,20220615,166
Precip,0.0021,2022,20220620,171
Precip,0.0013,2022,20220625,176
Precip,0.0326,2022,20220630,181
Precip,0.0,2022,20220705,186
Precip,0.1252,2022,20220710,191
Precip,0.005,2022,20220715,196
Precip,0.0067,2022,20220720,201
Precip,0.0608,2022,20220725,206
Precip,0.0487,2022,20220730,211
Precip,0.356,2022,20220804,216
Precip,0.2746,2022,20220809,221
Precip,0.0,2022,20220814,226
Precip,0.2944,2022,20220819,231
Precip,0.0632,2022,20220824,236
Precip,0.0,2022,20220829,241
Precip,0.0,2022,20220903,246
Precip,0.0,2022,20220908,251
Precip,0.4133,2022,20220913,256
Precip,0.5246,2022,20220918,261
Precip,0.0,2022,20220923,266
Precip,0.0413,2022,20220928,271
Precip,0.0,2022,20221003,276
Precip,0.0025,2022,20221008,281
Precip,0.0,2022,20221013,286
Precip,0.592,2022,20221018,291
Precip,0.3006,2022,20221023,296
Precip,0.1125,2022,20221028,301
Precip,0.5192,2022,20221102,306
Precip,1.4647,2022,20221107,311
Precip,0.0,2022,20221112,316
Precip,0.0,2022,20221117,321
Precip,0.1525,2022,20221122,326
Precip,0.3474,2022,20221127,331
Precip,0.2089,2022,20221202,336
Precip,0.3427,2022,20221207,341
Precip,0.4671,2022,20221212,346
Precip,0.0483,2022,20221217,351
Precip,0.2161,2022,20221222,356
Precip,0.9131,2022,20221227,361
Precip,0.2597,2023,20230101,1
Precip,0.9453,2023,20230106,6
Precip,0.3903,2023,20230111,11
Precip,0.0685,2023,20230116,16
Precip,0.0284,2023,20230121,21
Precip,0.693,2023,20230126,26
Precip,0.0031,2023,20230131,31
Precip,0.3056,2023,20230205,36
Precip,0.399,2023,20230210,41
Precip,0.174,2023,20230215,46
Precip,0.0394,2023,20230220,51
Precip,0.5601,2023,20230225,56
Precip,0.3229,2023,20230302,61
Precip,0.4745,2023,20230307,66
Precip,0.3111,2023,20230312,71
Precip,0.3745,2023,20230317,76
Precip,0.5986,2023,20230322,81
Precip,0.6316,2023,20230327,86
Precip,0.6264,2023,20230401,91
Precip,0.009,2023,20230406,96
Precip,0.1603,2023,20230411,101
Precip,0.0769,2023,20230416,106
Precip,0.2331,2023,20230421,111
Precip,0.0,2023,20230426,116
Precip,0.2184,2023,20230501,121
Precip,0.3038,2023,20230506,126
Precip,0.0949,2023,20230511,131
Precip,0.0703,2023,20230516,136
Precip,0.4873,2023,20230521,141
Precip,0.2827,2023,20230526,146
Precip,0.1374,2023,20230531,151
Precip,0.38,2023,20230605,156
Precip,0.5117,2023,20230610,161
Precip,0.0535,2023,20230615,166
Precip,0.0056,2023,20230620,171
Precip,0.0626,2023,20230625,176
Precip,0.0024,2023,20230630,181
Precip,0.0,2023,20230705,186
Precip,0.0,2023,20230710,191
Precip,0.0,2023,20230715,196
Precip,0.1013,2023,20230720,201
Precip,0.0001,2023,20230725,206
Precip,0.9141,2023,20230730,211
Precip,0.1975,2023,20230804,216
Precip,0.0,2023,20230809,221
Precip,0.1327,2023,20230814,226
Precip,0.459,2023,20230819,231
Precip,0.159,2023,20230824,236
Precip,0.0296,2023,20230829,241
Precip,1.1027,2023,20230903,246
Precip,0.0001,2023,20230908,251
Precip,0.002,2023,20230913,256
Precip,1.099,2023,20230918,261
Precip,0.0117,2023,20230923,266
Precip,0.4338,2023,20230928,271
Precip,0.2909,2023,20231003,276
Precip,0.3624,2023,20231008,281
Precip,0.0005,2023,20231013,286
Precip,0.0305,2023,20231018,291
Precip,0.4684,2023,20231023,296
Precip,0.0036,2023,20231028,301
Precip,0.3933,2023,20231102,306
Precip,0.0311,2023,20231107,311
Precip,0.0003,2023,20231112,316
Precip,0.4299,2023,20231117,321
Precip,0.5348,2023,20231122,326
Precip,0.3422,2023,20231127,331
Precip,0.7419,2023,20231202,336
Precip,0.6135,2023,20231207,341
Precip,0.0075,2023,20231212,346
Precip,0.0006,2023,20231217,351
Precip,0.1108,2023,20231222,356
Precip,0.0002,2023,20231227,361
Precip,0.1842,2024,20240101,1
Precip,0.4146,2024,20240106,6
Precip,0.498,2024,20240111,11
Precip,0.387,2024,20240116,16
Precip,0.3279,2024,20240121,21
Precip,0.0002,2024,20240126,26
Precip,0.4594,2024,20240131,31
Precip,0.778,2024,20240205,36
Precip,0.3843,2024,20240210,41
Precip,0.8687,2024,20240215,46
Precip,0.2536,2024,20240220,51
Precip,0.0057,2024,20240225,56
Precip,1.8151,2024,20240301,61
Precip,0.1347,2024,20240306,66
Precip,0.1472,2024,20240311,71
Precip,0.0119,2024,20240316,76
Precip,0.141,2024,20240321,81
Precip,0.5154,2024,20240326,86
Precip,0.5384,2024,20240331,91
Precip,0.3718,2024,20240405,96
Precip,0.0389,2024,20240410,101
Precip,0.1665,2024,20240415,106
Precip,0.0381,2024,20240420,111
Precip,0.4017,2024,20240425,116
Precip,0.3904,2024,20240430,121
Precip,0.3521,2024,20240505,126
Precip,0.1446,2024,20240510,131
Precip,0.0,2024,20240515,136
Precip,0.2698,2024,20240520,141
Precip,0.0047,2024,20240525,146
Precip,0.0739,2024,20240530,151
Precip,0.0035,2024,20240604,156
Precip,0.2427,2024,20240609,161
Precip,0.0001,2024,20240614,166
Precip,0.0001,2024,20240619,171
Precip,0.2621,2024,20240624,176
Precip,0.0052,2024,20240629,181
Precip,0.0,2024,20240704,186
Precip,0.0,2024,20240709,191
Precip,0.0165,2024,20240714,196
Precip,0.0031,2024,20240719,201
Precip,0.2792,2024,20240724,206
Precip,0.0001,2024,20240729,211
Precip,0.047,2024,20240803,216
Precip,0.0038,2024,20240808,221
Precip,0.1963,2024,20240813,226
Precip,0.1922,2024,20240818,231
Precip,0.0349,2024,20240823,236
Precip,0.0,2024,20240828,241
Precip,0.0374,2024,20240902,246
Precip,0.0355,2024,20240907,251
Precip,0.2536,2024,20240912,256
Precip,0.4926,2024,20240917,261
Precip,0.0,2024,20240922,266
Precip,0.0036,2024,20240927,271
Precip,0.0,2024,20241002,276
Precip,0.0,2024,20241007,281
Precip,0.1078,2024,20241012,286
Precip,0.2807,2024,20241017,291
Precip,0.0394,2024,20241022,296
Precip,0.1382,2024,20241027,301
Precip,0.2869,2024,20241101,306
Precip,0.0062,2024,20241106,311
Precip,0.2705,2024,20241111,316
Precip,0.1753,2024,20241116,321
Precip,0.1297,2024,20241121,326
Precip,0.345,2024,20241126,331
Precip,0.0033,2024,20241201,336
Precip,0.0,2024,20241206,341
Precip,0.4909,2024,20241211,346
Precip,0.3739,2024,20241216,351
Precip,0.2991,2024,20241221,356
Precip,1.2884,2024,20241226,361
Precip,0.0,2024,20241231,366
Precip,0.8764,2025,20250101,1
Precip,0.1495,2025,20250106,6
Precip,0.0777,2025,20250111,11
Precip,0.1274,2025,20250116,16
Precip,0.0,2025,20250121,21
Precip,0.0,2025,20250126,26
Precip,0.3542,2025,20250131,31
Precip,0.0651,2025,20250205,36
Precip,0.2837,2025,20250210,41
Precip,0.2454,2025,20250215,46
Precip,0.1414,2025,20250220,51
Precip,0.0432,2025,20250225,56
Precip,0.5059,2025,20250302,61
Precip,0.0028,2025,20250307,66
Precip,0.4323,2025,20250312,71
Precip,0.3932,2025,20250317,76
Precip,0.0041,2025,20250322,81
Precip,0.4742,2025,20250327,86
Precip,0.0529,2025,20250401,91
Precip,0.0007,2025,20250406,96
Precip,0.0,2025,20250411,101
Precip,0.1346,2025,20250416,106
Precip,0.0137,2025,20250421,111
Precip,0.1012,2025,20250426,116
Precip,0.1715,2025,20250501,121
Precip,0.0224,2025,20250506,126
Precip,0.4828,2025,20250511,131
Precip,0.3612,2025,20250516,136
Precip,0.0002,2025,20250521,141
Precip,0.0,2025,20250526,146
Precip,0.0,2025,20250531,151
Precip,0.0,2025,20250605,156
Precip,0.0487,2025,20250610,161
Precip,0.0,2025,20250615,166
Precip,0.1002,2025,20250620,171
Precip,0.0028,2025,20250625,176
Precip,0.2488,2025,20250630,181
Precip,0.0,2025,20250705,186
Precip,0.0,2025,20250710,191
Precip,0.0555,2025,20250715,196
Precip,0.0027,2025,20250720,201
Precip,0.0003,2025,20250725,206
Precip,0.0,2025,20250730,211
Precip,0.0,2025,20250804,216
Precip,0.0,2025,20250809,221
Precip,0.0485,2025,20250814,226
Precip,0.0,2025,20250819,231
Precip,0.922,2025,20250824,236
Precip,0.0002,2025,20250829,241
Precip,0.0742,2025,20250903,246
Precip,0.0073,2025,20250908,251
Precip,0.0203,2025,20250913,256
Precip,0.266,2025,20250918,261
Precip,0.0017,2025,20250923,266
Precip,0.3227,2025,20250928,271
Precip,0.9307,2025,20251003,276
Precip,0.405,2025,20251008,281
Precip,0.6122,2025,20251013,286
Precip,0.1778,2025,20251018,291
Precip,0.3187,2025,20251023,296
Precip,0.0071,2025,20251028,301
Precip,0.0107,2025,20251102,306
Precip,0.0049,2025,20251107,311
Precip,0.2633,2025,20251112,316
Precip,0.1446,2025,20251117,321
Precip,0.0004,2025,20251122,326
Precip,0.0183,2025,20251127,331
Precip,0.5834,2025,20251202,336
Precip,0.0111,2025,20251207,341
Precip,0.0974,2025,20251212,346
Precip,0.7437,2025,20251217,351
Precip,0.7808,2025,20251222,356
Precip,0.0368,2025,20251227,361
Precip,1.0169,2026,20260101,1
Precip,0.226,2026,20260106,6
Precip,0.0022,2026,20260111,11
Precip,0.0,2026,20260116,16
Precip,0.0,2026,20260121,21
Precip,0.0565,2026,20260126,26
Precip,0.0,2026,20260131,31
Precip,0.0064,2026,20260205,36
Precip,0.1384,2026,20260210,41
Precip,0.5551,2026,20260215,46
Precip,0.3249,2026,20260220,51
Precip,0.0367,2026,20260225,56
Precip,0.5796,2026,20260302,61
Precip,0.0,2026,20260307,66
Precip,0.0,2026,20260312,71
Precip,0.0,2026,20260317,76
Precip,0.0,2026,20260322,81
Precip,0.1412,2026,20260327,86
Precip,0.4182,2026,20260401,91
Precip,0.0032,2026,20260406,96
Precip,0.3101,2026,20260411,101
Precip,0.0324,2026,20260416,106
Precip,0.4655,2026,20260421,111
Precip,0.0247,2026,20260426,116
Precip,0.0204,2026,20260501,121
Precip,0.0,2026,20260506,126
Precip,0.0104,2026,20260511,131
Precip,0.0,2026,20260516,136
Precip,0.0006,2026,20260521,141
Precip,0.1285,2026,20260526,146
Precip,0.0,2026,20260531,151
Precip,0.1592,2026,20260605,156
Precip,0.0,2026,20260610,161
Precip,0.0021,2026,20260615,166
Precip,0.0197,2026,20260620,171
Precip,0.1614,2026,20260625,176
Precip,0.0328,2026,20260630,181
Precip,0.002,2026,20260705,186
Precip,0.0002,2026,20260710,191
Precip,0.0279,2026,20260715,196
Precip,0.1139,2026,20260720,201
Precip,0.1619,2026,20260725,206
Precip,0.012,2026,20260730,211
Precip,0.0,2026,20260804,216
Precip,0.1647,2026,20260809,221
Precip,0.1683,2026,20260814,226
Precip,0.146,2026,20260819,231
Precip,0.21,2026,20260824,236
Precip,0.1416,2026,20260829,241
Precip,0.0148,2026,20260903,246
Tmax,38.2117,1980,19800101,1
Tmax,33.5141,1980,19800106,6
Tmax,37.6946,1980,19800111,11
Tmax,32.3875,1980,19800116,16
Tmax,26.8114,1980,19800121,21
Tmax,17.2155,1980,19800126,26
Tmax,34.8255,1980,19800131,31
Tmax,36.3854,1980,19800205,36
Tmax,37.1024,1980,19800210,41
Tmax,46.9298,1980,19800215,46
Tmax,44.0736,1980,19800220,51
Tmax,49.791,1980,19800225,56
Tmax,47.9845,1980,19800301,61
Tmax,44.5802,1980,19800306,66
Tmax,47.4193,1980,19800311,71
Tmax,43.1989,1980,19800316,76
Tmax,42.7784,1980,19800321,81
Tmax,43.6966,1980,19800326,86
Tmax,44.7852,1980,19800331,91
Tmax,51.5011,1980,19800405,96
Tmax,55.0287,1980,19800410,101
Tmax,70.0379,1980,19800415,106
Tmax,71.8031,1980,19800420,111
Tmax,71.6005,1980,19800425,116
Tmax,65.6043,1980,19800430,121
Tmax,63.2011,1980,19800505,126
Tmax,56.8332,1980,19800510,131
Tmax,61.7756,1980,19800515,136
Tmax,70.0612,1980,19800520,141
Tmax,55.779,1980,19800525,146
Tmax,60.8485,1980,19800530,151
Tmax,66.6327,1980,19800604,156
Tmax,77.3238,1980,19800609,161
Tmax,74.5845,1980,19800614,166
Tmax,82.2052,1980,19800619,171
Tmax,78.2132,1980,19800624,176
Tmax,79.0195,1980,19800629,181
Tmax,83.0199,1980,19800704,186
Tmax,84.6951,1980,19800709,191
Tmax,82.5383,1980,19800714,196
Tmax,88.564,1980,19800719,201
Tmax,89.5114,1980,19800724,206
Tmax,87.8717,1980,19800729,211
Tmax,81.8963,1980,19800803,216
Tmax,87.2907,1980,19800808,221
Tmax,81.8155,1980,19800813,226
Tmax,74.1809,1980,19800818,231
Tmax,82.2477,1980,19800823,236
Tmax,72.5679,1980,19800828,241
Tmax,82.612,1980,19800902,246
Tmax,73.7754,1980,19800907,251
Tmax,73.5624,1980,19800912,256
Tmax,70.4567,1980,19800917,261
Tmax,67.2875,1980,19800922,266
Tmax,75.666,1980,19800927,271
Tmax,75.3764,1980,19801002,276
Tmax,73.4842,1980,19801007,281
Tmax,54.7001,1980,19801012,286
Tmax,55.6703,1980,19801017,291
Tmax,50.3906,1980,19801022,296
Tmax,50.0344,1980,19801027,301
Tmax,59.5426,1980,19801101,306
Tmax,54.9818,1980,19801106,311
Tmax,40.4391,1980,19801111,316
Tmax,37.8424,1980,19801116,321
Tmax,37.3989,1980,19801121,326
Tmax,39.3954,1980,19801126,331
Tmax,44.3203,1980,19801201,336
Tmax,29.9157,1980,19801206,341
Tmax,32.5546,1980,19801211,346
Tmax,37.5062,1980,19801216,351
Tmax,43.3311,1980,19801221,356
Tmax,48.9756,1980,19801226,361
Tmax,41.9578,1980,19801231,366
Tmax,38.1093,1981,19810101,1
Tmax,32.0189,1981,19810106,6
Tmax,33.3915,1981,19810111,11
Tmax,38.8035,1981,19810116,16
Tmax,42.3173,1981,19810121,21
Tmax,39.9189,1981,19810126,26
Tmax,29.8609,1981,19810131,31
Tmax,32.5981,1981,19810205,36
Tmax,39.1257,1981,19810210,41
Tmax,49.1343,1981,19810215,46
Tmax,47.8466,1981,19810220,51
Tmax,48.9612,1981,19810225,56
Tmax,48.9507,1981,19810302,61
Tmax,50.9706,1981,19810307,66
Tmax,53.0708,1981,19810312,71
Tmax,46.3495,1981,19810317,76
Tmax,53.5336,1981,19810322,81
Tmax,50.1646,1981,19810327,86
Tmax,49.1039,1981,19810401,91
Tmax,50.2078,1981,19810406,96
Tmax,61.4926,1981,19810411,101
Tmax,65.6518,1981,19810416,106
Tmax,63.9138,1981,19810421,111
Tmax,67.3956,1981,19810426,116
Tmax,66.9874,1981,19810501,121
Tmax,55.5984,1981,19810506,126
Tmax,57.5648,1981,19810511,131
Tmax,62.9139,1981,19810516,136
Tmax,64.6335,1981,19810521,141
Tmax,71.305,1981,19810526,146
Tmax,72.5433,1981,19810531,151
Tmax,72.7031,1981,19810605,156
Tmax,67.9493,1981,19810610,161
Tmax,72.6065,1981,19810615,166
Tmax,81.1317,1981,19810620,171
Tmax,87.7357,1981,19810625,176
Tmax,88.419,1981,19810630,181
Tmax,85.8009,1981,19810705,186
Tmax,87.1963,1981,19810710,191
Tmax,87.5999,1981,19810715,196
Tmax,87.7548,1981,19810720,201
Tmax,85.9793,1981,19810725,206
Tmax,89.1718,1981,19810730,211
Tmax,88.9564,1981,19810804,216
Tmax,86.6335,1981,19810809,221
Tmax,91.203,1981,19810814,226
Tmax,88.9303,1981,19810819,231
Tmax,93.2528,1981,19810824,236
Tmax,81.1614,1981,19810829,241
Tmax,80.5167,1981,19810903,246
Tmax,83.6467,1981,19810908,251
Tmax,85.0842,1981,19810913,256
Tmax,76.4351,1981,19810918,261
Tmax,67.6915,1981,19810923,266
Tmax,68.1824,1981,19810928,271
Tmax,59.987,1981,19811003,276
Tmax,53.9499,1981,19811008,281
Tmax,51.2483,1981,19811013,286
Tmax,57.2752,1981,19811018,291
Tmax,56.9743,1981,19811023,296
Tmax,51.7821,1981,19811028,301
Tmax,57.4645,1981,19811102,306
Tmax,53.0249,1981,19811107,311
Tmax,50.8943,1981,19811112,316
Tmax,45.389,1981,19811117,321
Tmax,40.0506,1981,19811122,326
Tmax,30.4447,1981,19811127,331
Tmax,42.9855,1981,19811202,336
Tmax,47.7675,1981,19811207,341
Tmax,40.534,1981,19811212,346
Tmax,38.7443,1981,19811217,351
Tmax,28.5232,1981,19811222,356
Tmax,28.79,1981,19811227,361
Tmax,28.228,1982,19820101,1
Tmax,16.7796,1982,19820106,6
Tmax,27.0165,1982,19820111,11
Tmax,33.116,1982,19820116,16
Tmax,33.1077,1982,19820121,21
Tmax,34.4043,1982,19820126,26
Tmax,26.3711,1982,19820131,31
Tmax,12.675,1982,19820205,36
Tmax,27.5818,1982,19820210,41
Tmax,43.2369,1982,19820215,46
Tmax,44.6825,1982,19820220,51
Tmax,47.2482,1982,19820225,56
Tmax,39.3628,1982,19820302,61
Tmax,49.7637,1982,19820307,66
Tmax,45.3925,1982,19820312,71
Tmax,38.8656,1982,19820317,76
Tmax,47.8922,1982,19820322,81
Tmax,47.0632,1982,19820327,86
Tmax,44.861,1982,19820401,91
Tmax,44.2979,1982,19820406,96
Tmax,56.45,1982,19820411,101
Tmax,45.7211,1982,19820416,106
Tmax,63.5503,1982,19820421,111
Tmax,63.8178,1982,19820426,116
Tmax,65.1005,1982,19820501,121
Tmax,59.0186,1982,19820506,126
Tmax,61.6792,1982,19820511,131
Tmax,65.8054,1982,19820516,136
Tmax,71.8343,1982,19820521,141
Tmax,62.1395,1982,19820526,146
Tmax,65.456,1982,19820531,151
Tmax,62.208,1982,19820605,156
Tmax,75.7137,1982,19820610,161
Tmax,78.2109,1982,19820615,166
Tmax,82.5,1982,19820620,171
Tmax,83.7311,1982,19820625,176
Tmax,73.074,1982,19820630,181
Tmax,73.4186,1982,19820705,186
Tmax,84.0809,1982,19820710,191
Tmax,81.1671,1982,19820715,196
Tmax,90.5351,1982,19820720,201
Tmax,81.8024,1982,19820725,206
Tmax,85.1265,1982,19820730,211
Tmax,88.8915,1982,19820804,216
Tmax,84.9294,1982,19820809,221
Tmax,88.8419,1982,19820814,226
Tmax,90.2694,1982,19820819,231
Tmax,84.0695,1982,19820824,236
Tmax,79.804,1982,19820829,241
Tmax,80.8145,1982,19820903,246
Tmax,71.1962,1982,19820908,251
Tmax,60.975,1982,19820913,256
Tmax,73.581,1982,19820918,261
Tmax,67.1279,1982,19820923,266
Tmax,52.0017,1982,19820928,271
Tmax,57.2844,1982,19821003,276
Tmax,52.3109,1982,19821008,281
Tmax,64.526,1982,19821013,286
Tmax,51.6549,1982,19821018,291
Tmax,55.9739,1982,19821023,296
Tmax,45.5462,1982,19821028,301
Tmax,47.4855,1982,19821102,306
Tmax,46.3471,1982,19821107,311
Tmax,36.8094,1982,19821112,316
Tmax,39.8778,1982,19821117,321
Tmax,29.5739,1982,19821122,326
Tmax,36.7734,1982,19821127,331
Tmax,34.1778,1982,19821202,336
Tmax,26.8086,1982,19821207,341
Tmax,32.0492,1982,19821212,346
Tmax,37.8154,1982,19821217,351
Tmax,31.191,1982,19821222,356
Tmax,18.0441,1982,19821227,361
Tmax,30.3261,1983,19830101,1
Tmax,40.0738,1983,19830106,6
Tmax,39.2989,1983,19830111,11
Tmax,37.4032,1983,19830116,16
Tmax,35.8544,1983,19830121,21
Tmax,39.6723,1983,19830126,26
Tmax,29.1119,1983,19830131,31
Tmax,34.3079,1983,19830205,36
Tmax,40.41,1983,19830210,41
Tmax,43.0854,1983,19830215,46
Tmax,45.6947,1983,19830220,51
Tmax,46.8336,1983,19830225,56
Tmax,50.2009,1983,19830302,61
Tmax,53.5644,1983,19830307,66
Tmax,46.3141,1983,19830312,71
Tmax,39.3186,1983,19830317,76
Tmax,43.0305,1983,19830322,81
Tmax,47.2973,1983,19830327,86
Tmax,41.1126,1983,19830401,91
Tmax,47.9406,1983,19830406,96
Tmax,45.4922,1983,19830411,101
Tmax,59.5089,1983,19830416,106
Tmax,58.3308,1983,19830421,111
Tmax,54.4096,1983,19830426,116
Tmax,58.4482,1983,19830501,121
Tmax,55.4987,1983,19830506,126
Tmax,50.132,1983,19830511,131
Tmax,58.7195,1983,19830516,136
Tmax,73.9126,1983,19830521,141
Tmax,80.9557,1983,19830526,146
Tmax,68.0062,1983,19830531,151
Tmax,73.2249,1983,19830605,156
Tmax,68.1809,1983,19830610,161
Tmax,72.5175,1983,19830615,166
Tmax,77.2756,1983,19830620,171
Tmax,78.3345,1983,19830625,176
Tmax,72.3047,1983,19830630,181
Tmax,87.9643,1983,19830705,186
Tmax,79.8562,1983,19830710,191
Tmax,78.8015,1983,19830715,196
Tmax,84.7937,1983,19830720,201
Tmax,87.1936,1983,19830725,206
Tmax,88.7498,1983,19830730,211
Tmax,92.7495,1983,19830804,216
Tmax,86.2489,1983,19830809,221
Tmax,81.6593,1983,19830814,226
Tmax,75.0596,1983,19830819,231
Tmax,82.9864,1983,19830824,236
Tmax,84.8076,1983,19830829,241
Tmax,78.6437,1983,19830903,246
Tmax,74.6784,1983,19830908,251
Tmax,78.641,1983,19830913,256
Tmax,65.0432,1983,19830918,261
Tmax,74.6348,1983,19830923,266
Tmax,62.2238,1983,19830928,271
Tmax,66.3174,1983,19831003,276
Tmax,61.8913,1983,19831008,281
Tmax,56.2549,1983,19831013,286
Tmax,61.5826,1983,19831018,291
Tmax,58.3478,1983,19831023,296
Tmax,61.3434,1983,19831028,301
Tmax,56.1397,1983,19831102,306
Tmax,44.1837,1983,19831107,311
Tmax,45.3505,1983,19831112,316
Tmax,38.7835,1983,19831117,321
Tmax,31.1225,1983,19831122,326
Tmax,28.5816,1983,19831127,331
Tmax,29.5026,1983,19831202,336
Tmax,36.5754,1983,19831207,341
Tmax,32.493,1983,19831212,346
Tmax,21.0281,1983,19831217,351
Tmax,15.7594,1983,19831222,356
Tmax,25.8088,1983,19831227,361
Tmax,28.0479,1984,19840101,1
Tmax,28.1912,1984,19840106,6
Tmax,26.3573,1984,19840111,11
Tmax,9.4082,1984,19840116,16
Tmax,29.3369,1984,19840121,21
Tmax,30.6006,1984,19840126,26
Tmax,26.6357,1984,19840131,31
Tmax,29.1089,1984,19840205,36
Tmax,34.63,1984,19840210,41
Tmax,30.2024,1984,19840215,46
Tmax,29.3488,1984,19840220,51
Tmax,31.2341,1984,19840225,56
Tmax,32.5043,1984,19840301,61
Tmax,35.9173,1984,19840306,66
Tmax,44.1789,1984,19840311,71
Tmax,43.583,1984,19840316,76
Tmax,46.6368,1984,19840321,81
Tmax,44.4129,1984,19840326,86
Tmax,48.1845,1984,19840331,91
Tmax,53.7012,1984,19840405,96
Tmax,47.748,1984,19840410,101
Tmax,62.5631,1984,19840415,106
Tmax,53.5183,1984,19840420,111
Tmax,44.204,1984,19840425,116
Tmax,53.8909,1984,19840430,121
Tmax,57.5616,1984,19840505,126
Tmax,73.5467,1984,19840510,131
Tmax,66.3959,1984,19840515,136
Tmax,68.1878,1984,19840520,141
Tmax,70.3707,1984,19840525,146
Tmax,69.554,1984,19840530,151
Tmax,57.888,1984,19840604,156
Tmax,64.6132,1984,19840609,161
Tmax,76.4739,1984,19840614,166
Tmax,74.7922,1984,19840619,171
Tmax,86.0033,1984,19840624,176
Tmax,80.3446,1984,19840629,181
Tmax,86.9927,1984,19840704,186
Tmax,84.2971,1984,19840709,191
Tmax,87.6112,1984,19840714,196
Tmax,83.1467,1984,19840719,201
Tmax,85.963,1984,19840724,206
Tmax,81.1106,1984,19840729,211
Tmax,85.3579,1984,19840803,216
Tmax,87.0395,1984,19840808,221
Tmax,85.2543,1984,19840813,226
Tmax,83.014,1984,19840818,231
Tmax,83.9384,1984,19840823,236
Tmax,79.3151,1984,19840828,241
Tmax,81.0047,1984,19840902,246
Tmax,72.9052,1984,19840907,251
Tmax,77.768,1984,19840912,256
Tmax,79.7105,1984,19840917,261
Tmax,57.0473,1984,19840922,266
Tmax,65.5568,1984,19840927,271
Tmax,68.4877,1984,19841002,276
Tmax,71.3441,1984,19841007,281
Tmax,47.3984,1984,19841012,286
Tmax,36.6425,1984,19841017,291
Tmax,42.1089,1984,19841022,296
Tmax,43.0576,1984,19841027,301
Tmax,45.4864,1984,19841101,306
Tmax,43.9991,1984,19841106,311
Tmax,47.1535,1984,19841111,316
Tmax,41.5913,1984,19841116,321
Tmax,42.3383,1984,19841121,326
Tmax,31.1506,1984,19841126,331
Tmax,26.5591,1984,19841201,336
Tmax,33.2628,1984,19841206,341
Tmax,28.9376,1984,19841211,346
Tmax,21.7187,1984,19841216,351
Tmax,28.512,1984,19841221,356
Tmax,30.6884,1984,19841226,361
Tmax,30.4046,1984,19841231,366
Tmax,23.8068,1985,19850101,1
Tmax,30.3374,1985,19850106,6
Tmax,21.4965,1985,19850111,11
Tmax,27.6827,1985,19850116,16
Tmax,23.1117,1985,19850121,21
Tmax,22.0835,1985,19850126,26
Tmax,12.7128,1985,19850131,31
Tmax,28.0008,1985,19850205,36
Tmax,31.1081,1985,19850210,41
Tmax,31.5612,1985,19850215,46
Tmax,33.6966,1985,19850220,51
Tmax,32.634,1985,19850225,56
Tmax,31.3852,1985,19850302,61
Tmax,33.5721,1985,19850307,66
Tmax,37.2667,1985,19850312,71
Tmax,43.7347,1985,19850317,76
Tmax,43.5813,1985,19850322,81
Tmax,38.7653,1985,19850327,86
Tmax,57.4031,1985,19850401,91
Tmax,64.6706,1985,19850406,96
Tmax,69.7268,1985,19850411,101
Tmax,62.9109,1985,19850416,106
Tmax,50.7009,1985,19850421,111
Tmax,67.5179,1985,19850426,116
Tmax,72.5079,1985,19850501,121
Tmax,69.2136,1985,19850506,126
Tmax,57.002,1985,19850511,131
Tmax,72.8233,1985,19850516,136
Tmax,76.852,1985,19850521,141
Tmax,68.2512,1985,19850526,146
Tmax,68.7173,1985,19850531,151
Tmax,78.7046,1985,19850605,156
Tmax,79.2126,1985,19850610,161
Tmax,84.9966,1985,19850615,166
Tmax,83.6132,1985,19850620,171
Tmax,76.4964,1985,19850625,176
Tmax,90.6653,1985,19850630,181
Tmax,94.1746,1985,19850705,186
Tmax,89.3163,1985,19850710,191
Tmax,88.5909,1985,19850715,196
Tmax,83.581,1985,19850720,201
Tmax,86.0023,1985,19850725,206
Tmax,80.1889,1985,19850730,211
Tmax,85.8089,1985,19850804,216
Tmax,74.7102,1985,19850809,221
Tmax,83.4627,1985,19850814,226
Tmax,82.7361,1985,19850819,231
Tmax,91.2724,1985,19850824,236
Tmax,81.2834,1985,19850829,241
Tmax,75.2562,1985,19850903,246
Tmax,69.2767,1985,19850908,251
Tmax,68.0906,1985,19850913,256
Tmax,59.3126,1985,19850918,261
Tmax,63.193,1985,19850923,266
Tmax,56.9259,1985,19850928,271
Tmax,62.9183,1985,19851003,276
Tmax,47.51,1985,19851008,281
Tmax,57.3062,1985,19851013,286
Tmax,62.0922,1985,19851018,291
Tmax,60.5081,1985,19851023,296
Tmax,55.2346,1985,19851028,301
Tmax,54.0905,1985,19851102,306
Tmax,38.7382,1985,19851107,311
Tmax,27.5309,1985,19851112,316
Tmax,24.7488,1985,19851117,321
Tmax,24.1211,1985,19851122,326
Tmax,27.5667,1985,19851127,331
Tmax,32.7391,1985,19851202,336
Tmax,25.0709,1985,19851207,341
Tmax,17.5363,1985,19851212,346
Tmax,20.1484,1985,19851217,351
Tmax,17.5535,1985,19851222,356
Tmax,18.597,1985,19851227,361
Tmax,30.3546,1986,19860101,1
Tmax,28.5221,1986,19860106,6
Tmax,31.904,1986,19860111,11
Tmax,38.2787,1986,19860116,16
Tmax,32.3604,1986,19860121,21
Tmax,37.8286,1986,19860126,26
Tmax,41.7747,1986,19860131,31
Tmax,27.5829,1986,19860205,36
Tmax,33.5592,1986,19860210,41
Tmax,47.4653,1986,19860215,46
Tmax,46.7611,1986,19860220,51
Tmax,57.5173,1986,19860225,56
Tmax,56.7189,1986,19860302,61
Tmax,51.984,1986,19860307,66
Tmax,44.8821,1986,19860312,71
Tmax,50.1728,1986,19860317,76
Tmax,58.2865,1986,19860322,81
Tmax,67.2055,1986,19860327,86
Tmax,53.8295,1986,19860401,91
Tmax,57.911,1986,19860406,96
Tmax,51.2734,1986,19860411,101
Tmax,54.5685,1986,19860416,106
Tmax,62.1441,1986,19860421,111
Tmax,51.8806,1986,19860426,116
Tmax,69.6086,1986,19860501,121
Tmax,54.0797,1986,19860506,126
Tmax,55.1323,1986,19860511,131
Tmax,70.4701,1986,19860516,136
Tmax,66.8038,1986,19860521,141
Tmax,84.143,1986,19860526,146
Tmax,84.2888,1986,19860531,151
Tmax,74.6039,1986,19860605,156
Tmax,81.1736,1986,19860610,161
Tmax,83.2417,1986,19860615,166
Tmax,81.7704,1986,19860620,171
Tmax,89.3397,1986,19860625,176
Tmax,84.2605,1986,19860630,181
Tmax,76.9117,1986,19860705,186
Tmax,80.3969,1986,19860710,191
Tmax,82.2059,1986,19860715,196
Tmax,83.5239,1986,19860720,201
Tmax,81.1528,1986,19860725,206
Tmax,86.0644,1986,19860730,211
Tmax,90.0626,1986,19860804,216
Tmax,86.5894,1986,19860809,221
Tmax,89.8698,1986,19860814,226
Tmax,84.1155,1986,19860819,231
Tmax,88.0073,1986,19860824,236
Tmax,76.5689,1986,19860829,241
Tmax,78.8916,1986,19860903,246
Tmax,70.083,1986,19860908,251
Tmax,68.8737,1986,19860913,256
Tmax,58.7023,1986,19860918,261
Tmax,55.4345,1986,19860923,266
Tmax,52.9064,1986,19860928,271
Tmax,62.8641,1986,19861003,276
Tmax,60.4694,1986,19861008,281
Tmax,62.4567,1986,19861013,286
Tmax,60.0527,1986,19861018,291
Tmax,63.2563,1986,19861023,296
Tmax,53.6274,1986,19861028,301
Tmax,51.7104,1986,19861102,306
Tmax,32.4579,1986,19861107,311
Tmax,44.7236,1986,19861112,316
Tmax,48.5833,1986,19861117,321
Tmax,41.6507,1986,19861122,326
Tmax,46.1061,1986,19861127,331
Tmax,45.0337,1986,19861202,336
Tmax,30.3977,1986,19861207,341
Tmax,36.8703,1986,19861212,346
Tmax,34.8821,1986,19861217,351
Tmax,36.074,1986,19861222,356
Tmax,31.1451,1986,19861227,361
Tmax,36.6718,1987,19870101,1
Tmax,24.6046,1987,19870106,6
Tmax,25.1791,1987,19870111,11
Tmax,19.4171,1987,19870116,16
Tmax,29.6975,1987,19870121,21
Tmax,43.3152,1987,19870126,26
Tmax,43.222,1987,19870131,31
Tmax,45.4631,1987,19870205,36
Tmax,48.5523,1987,19870210,41
Tmax,38.4015,1987,19870215,46
Tmax,36.153,1987,19870220,51
Tmax,34.5038,1987,19870225,56
Tmax,56.343,1987,19870302,61
Tmax,52.6429,1987,19870307,66
Tmax,51.5763,1987,19870312,71
Tmax,44.0907,1987,19870317,76
Tmax,46.0191,1987,19870322,81
Tmax,44.2196,1987,19870327,86
Tmax,63.6301,1987,19870401,91
Tmax,61.4744,1987,19870406,96
Tmax,60.5199,1987,19870411,101
Tmax,64.0436,1987,19870416,106
Tmax,76.0461,1987,19870421,111
Tmax,78.9128,1987,19870426,116
Tmax,65.0336,1987,19870501,121
Tmax,78.0166,1987,19870506,126
Tmax,78.7969,1987,19870511,131
Tmax,62.6821,1987,19870516,136
Tmax,64.9643,1987,19870521,141
Tmax,65.7201,1987,19870526,146
Tmax,71.7751,1987,19870531,151
Tmax,79.0763,1987,19870605,156
Tmax,84.9582,1987,19870610,161
Tmax,78.9747,1987,19870615,166
Tmax,78.3377,1987,19870620,171
Tmax,86.2117,1987,19870625,176
Tmax,84.7745,1987,19870630,181
Tmax,79.8705,1987,19870705,186
Tmax,77.082,1987,19870710,191
Tmax,79.7103,1987,19870715,196
Tmax,79.1598,1987,19870720,201
Tmax,88.6108,1987,19870725,206
Tmax,87.4442,1987,19870730,211
Tmax,86.468,1987,19870804,216
Tmax,85.2942,1987,19870809,221
Tmax,75.5063,1987,19870814,226
Tmax,86.1175,1987,19870819,231
Tmax,78.2259,1987,19870824,236
Tmax,88.1114,1987,19870829,241
Tmax,77.7272,1987,19870903,246
Tmax,81.6208,1987,19870908,251
Tmax,74.5893,1987,19870913,256
Tmax,79.8302,1987,19870918,261
Tmax,78.1007,1987,19870923,266
Tmax,76.1491,1987,19870928,271
Tmax,75.7297,1987,19871003,276
Tmax,68.5561,1987,19871008,281
Tmax,60.8427,1987,19871013,286
Tmax,59.7238,1987,19871018,291
Tmax,61.6786,1987,19871023,296
Tmax,60.3682,1987,19871028,301
Tmax,56.3489,1987,19871102,306
Tmax,51.7892,1987,19871107,311
Tmax,42.5392,1987,19871112,316
Tmax,38.4641,1987,19871117,321
Tmax,37.4304,1987,19871122,326
Tmax,37.3107,1987,19871127,331
Tmax,52.3787,1987,19871202,336
Tmax,41.6377,1987,19871207,341
Tmax,26.878,1987,19871212,346
Tmax,31.291,1987,19871217,351
Tmax,24.1058,1987,19871222,356
Tmax,25.2909,1987,19871227,361
Tmax,23.2737,1988,19880101,1
Tmax,32.5406,1988,19880106,6
Tmax,34.6496,1988,19880111,11
Tmax,25.9975,1988,19880116,16
Tmax,26.2669,1988,19880121,21
Tmax,36.391,1988,19880126,26
Tmax,34.2942,1988,19880131,31
Tmax,37.3257,1988,19880205,36
Tmax,44.6705,1988,19880210,41
Tmax,44.1807,1988,19880215,46
Tmax,41.0965,1988,19880220,51
Tmax,45.4306,1988,19880225,56
Tmax,48.9077,1988,19880301,61
Tmax,43.0525,1988,19880306,66
Tmax,38.9748,1988,19880311,71
Tmax,51.6196,1988,19880316,76
Tmax,51.7903,1988,19880321,81
Tmax,46.2667,1988,19880326,86
Tmax,54.3531,1988,19880331,91
Tmax,57.5587,1988,19880405,96
Tmax,70.617,1988,19880410,101
Tmax,68.3138,1988,19880415,106
Tmax,58.6031,1988,19880420,111
Tmax,61.8516,1988,19880425,116
Tmax,54.7125,1988,19880430,121
Tmax,59.9165,1988,19880505,126
Tmax,71.6879,1988,19880510,131
Tmax,69.5749,1988,19880515,136
Tmax,76.0686,1988,19880520,141
Tmax,76.5491,1988,19880525,146
Tmax,68.3009,1988,19880530,151
Tmax,79.0374,1988,19880604,156
Tmax,78.5974,1988,19880609,161
Tmax,87.8215,1988,19880614,166
Tmax,93.8887,1988,19880619,171
Tmax,93.4679,1988,19880624,176
Tmax,85.2395,1988,19880629,181
Tmax,84.6222,1988,19880704,186
Tmax,89.3306,1988,19880709,191
Tmax,89.6151,1988,19880714,196
Tmax,91.5801,1988,19880719,201
Tmax,92.2014,1988,19880724,206
Tmax,91.492,1988,19880729,211
Tmax,83.4522,1988,19880803,216
Tmax,87.38,1988,19880808,221
Tmax,86.1773,1988,19880813,226
Tmax,86.7857,1988,19880818,231
Tmax,89.0712,1988,19880823,236
Tmax,86.6951,1988,19880828,241
Tmax,88.5877,1988,19880902,246
Tmax,74.8418,1988,19880907,251
Tmax,69.3015,1988,19880912,256
Tmax,62.8006,1988,19880917,261
Tmax,72.967,1988,19880922,266
Tmax,69.5882,1988,19880927,271
Tmax,80.0672,1988,19881002,276
Tmax,73.7667,1988,19881007,281
Tmax,69.8452,1988,19881012,286
Tmax,66.3884,1988,19881017,291
Tmax,66.0684,1988,19881022,296
Tmax,63.069,1988,19881027,301
Tmax,51.8682,1988,19881101,306
Tmax,44.0405,1988,19881106,311
Tmax,39.824,1988,19881111,316
Tmax,34.1627,1988,19881116,321
Tmax,39.7464,1988,19881121,326
Tmax,29.5061,1988,19881126,331
Tmax,32.5551,1988,19881201,336
Tmax,31.2225,1988,19881206,341
Tmax,32.3138,1988,19881211,346
Tmax,29.8794,1988,19881216,351
Tmax,30.1282,1988,19881221,356
Tmax,19.0119,1988,19881226,361
Tmax,28.3592,1988,19881231,366
Tmax,29.6474,1989,19890101,1
Tmax,28.6873,1989,19890106,6
Tmax,24.0109,1989,19890111,11
Tmax,32.2088,1989,19890116,16
Tmax,27.6791,1989,19890121,21
Tmax,23.9366,1989,19890126,26
Tmax,25.4144,1989,19890131,31
Tmax,12.0003,1989,19890205,36
Tmax,26.8395,1989,19890210,41
Tmax,31.0471,1989,19890215,46
Tmax,39.4245,1989,19890220,51
Tmax,39.9825,1989,19890225,56
Tmax,36.4078,1989,19890302,61
Tmax,56.6211,1989,19890307,66
Tmax,44.697,1989,19890312,71
Tmax,43.3135,1989,19890317,76
Tmax,52.7515,1989,19890322,81
Tmax,48.1442,1989,19890327,86
Tmax,50.4129,1989,19890401,91
Tmax,60.1867,1989,19890406,96
Tmax,64.0261,1989,19890411,101
Tmax,72.7851,1989,19890416,106
Tmax,65.5356,1989,19890421,111
Tmax,55.8303,1989,19890426,116
Tmax,66.5458,1989,19890501,121
Tmax,77.0303,1989,19890506,126
Tmax,61.2629,1989,19890511,131
Tmax,63.5899,1989,19890516,136
Tmax,65.0179,1989,19890521,141
Tmax,66.5839,1989,19890526,146
Tmax,70.9772,1989,19890531,151
Tmax,79.9523,1989,19890605,156
Tmax,79.6504,1989,19890610,161
Tmax,83.0846,1989,19890615,166
Tmax,67.3466,1989,19890620,171
Tmax,82.9368,1989,19890625,176
Tmax,86.4746,1989,19890630,181
Tmax,91.6036,1989,19890705,186
Tmax,86.8658,1989,19890710,191
Tmax,86.9339,1989,19890715,196
Tmax,92.352,1989,19890720,201
Tmax,91.6604,1989,19890725,206
Tmax,87.3661,1989,19890730,211
Tmax,86.3714,1989,19890804,216
Tmax,85.6509,1989,19890809,221
Tmax,84.6965,1989,19890814,226
Tmax,79.0125,1989,19890819,231
Tmax,70.4166,1989,19890824,236
Tmax,78.8244,1989,19890829,241
Tmax,78.2199,1989,19890903,246
Tmax,69.2824,1989,19890908,251
Tmax,77.3099,1989,19890913,256
Tmax,71.1513,1989,19890918,261
Tmax,80.5592,1989,19890923,266
Tmax,70.9268,1989,19890928,271
Tmax,57.3071,1989,19891003,276
Tmax,68.8905,1989,19891008,281
Tmax,60.9952,1989,19891013,286
Tmax,63.9839,1989,19891018,291
Tmax,53.737,1989,19891023,296
Tmax,39.9349,1989,19891028,301
Tmax,45.8486,1989,19891102,306
Tmax,53.5446,1989,19891107,311
Tmax,48.0705,1989,19891112,316
Tmax,50.3628,1989,19891117,321
Tmax,45.7031,1989,19891122,326
Tmax,34.6053,1989,19891127,331
Tmax,42.5479,1989,19891202,336
Tmax,38.8501,1989,19891207,341
Tmax,35.7405,1989,19891212,346
Tmax,32.837,1989,19891217,351
Tmax,32.9081,1989,19891222,356
Tmax,30.8492,1989,19891227,361
Tmax,29.9701,1990,19900101,1
Tmax,41.381,1990,19900106,6
Tmax,45.7499,1990,19900111,11
Tmax,33.6712,1990,19900116,16
Tmax,34.1306,1990,19900121,21
Tmax,36.6618,1990,19900126,26
Tmax,37.588,1990,19900131,31
Tmax,37.2216,1990,19900205,36
Tmax,38.3021,1990,19900210,41
Tmax,31.6649,1990,19900215,46
Tmax,41.7651,1990,19900220,51
Tmax,39.7955,1990,19900225,56
Tmax,46.8719,1990,19900302,61
Tmax,52.1808,1990,19900307,66
Tmax,42.7942,1990,19900312,71
Tmax,58.8411,1990,19900317,76
Tmax,55.1863,1990,19900322,81
Tmax,56.2004,1990,19900327,86
Tmax,66.2871,1990,19900401,91
Tmax,59.9175,1990,19900406,96
Tmax,66.4255,1990,19900411,101
Tmax,70.2868,1990,19900416,106
Tmax,60.8464,1990,19900421,111
Tmax,48.826,1990,19900426,116
Tmax,62.403,1990,19900501,121
Tmax,62.1871,1990,19900506,126
Tmax,61.4857,1990,19900511,131
Tmax,65.6403,1990,19900516,136
Tmax,68.3494,1990,19900521,141
Tmax,66.6475,1990,19900526,146
Tmax,66.093,1990,19900531,151
Tmax,75.5524,1990,19900605,156
Tmax,66.0884,1990,19900610,161
Tmax,74.7671,1990,19900615,166
Tmax,86.7632,1990,19900620,171
Tmax,92.1531,1990,19900625,176
Tmax,88.3903,1990,19900630,181
Tmax,86.7232,1990,19900705,186
Tmax,90.0742,1990,19900710,191
Tmax,88.7958,1990,19900715,196
Tmax,85.1172,1990,19900720,201
Tmax,81.742,1990,19900725,206
Tmax,86.8934,1990,19900730,211
Tmax,92.62,1990,19900804,216
Tmax,89.6655,1990,19900809,221
Tmax,84.9099,1990,19900814,226
Tmax,77.2993,1990,19900819,231
Tmax,81.3946,1990,19900824,236
Tmax,85.3032,1990,19900829,241
Tmax,86.7905,1990,19900903,246
Tmax,88.5746,1990,19900908,251
Tmax,83.6024,1990,19900913,256
Tmax,73.0032,1990,19900918,261
Tmax,76.9622,1990,19900923,266
Tmax,74.1736,1990,19900928,271
Tmax,61.7859,1990,19901003,276
Tmax,57.3866,1990,19901008,281
Tmax,55.7714,1990,19901013,286
Tmax,53.4264,1990,19901018,291
Tmax,64.7068,1990,19901023,296
Tmax,62.6766,1990,19901028,301
Tmax,41.075,1990,19901102,306
Tmax,48.2317,1990,19901107,311
Tmax,53.962,1990,19901112,316
Tmax,45.1321,1990,19901117,321
Tmax,46.2961,1990,19901122,326
Tmax,34.6848,1990,19901127,331
Tmax,35.7014,1990,19901202,336
Tmax,42.0889,1990,19901207,341
Tmax,26.122,1990,19901212,346
Tmax,19.5949,1990,19901217,351
Tmax,3.3113,1990,19901222,356
Tmax,17.9179,1990,19901227,361
Tmax,21.2994,1991,19910101,1
Tmax,28.1727,1991,19910106,6
Tmax,37.9233,1991,19910111,11
Tmax,34.0871,1991,19910116,16
Tmax,28.5579,1991,19910121,21
Tmax,28.7231,1991,19910126,26
Tmax,38.0905,1991,19910131,31
Tmax,44.4393,1991,19910205,36
Tmax,46.9881,1991,19910210,41
Tmax,47.1557,1991,19910215,46
Tmax,51.5071,1991,19910220,51
Tmax,49.1378,1991,19910225,56
Tmax,46.4888,1991,19910302,61
Tmax,43.8243,1991,19910307,66
Tmax,43.9103,1991,19910312,71
Tmax,50.0943,1991,19910317,76
Tmax,48.9052,1991,19910322,81
Tmax,50.4608,1991,19910327,86
Tmax,63.0801,1991,19910401,91
Tmax,48.6413,1991,19910406,96
Tmax,48.7362,1991,19910411,101
Tmax,53.5243,1991,19910416,106
Tmax,57.7394,1991,19910421,111
Tmax,47.8767,1991,19910426,116
Tmax,56.4791,1991,19910501,121
Tmax,54.6166,1991,19910506,126
Tmax,59.327,1991,19910511,131
Tmax,66.2711,1991,19910516,136
Tmax,71.5819,1991,19910521,141
Tmax,61.2324,1991,19910526,146
Tmax,72.5124,1991,19910531,151
Tmax,72.1855,1991,19910605,156
Tmax,76.1814,1991,19910610,161
Tmax,77.0088,1991,19910615,166
Tmax,78.2191,1991,19910620,171
Tmax,73.8414,1991,19910625,176
Tmax,81.0268,1991,19910630,181
Tmax,88.0699,1991,19910705,186
Tmax,88.6753,1991,19910710,191
Tmax,88.6674,1991,19910715,196
Tmax,86.1759,1991,19910720,201
Tmax,88.4605,1991,19910725,206
Tmax,87.5522,1991,19910730,211
Tmax,87.4652,1991,19910804,216
Tmax,89.7208,1991,19910809,221
Tmax,85.2421,1991,19910814,226
Tmax,90.3715,1991,19910819,231
Tmax,86.5906,1991,19910824,236
Tmax,86.788,1991,19910829,241
Tmax,83.1271,1991,19910903,246
Tmax,70.5104,1991,19910908,251
Tmax,68.1885,1991,19910913,256
Tmax,71.0351,1991,19910918,261
Tmax,76.2226,1991,19910923,266
Tmax,72.6266,1991,19910928,271
Tmax,66.2582,1991,19911003,276
Tmax,73.3317,1991,19911008,281
Tmax,69.3178,1991,19911013,286
Tmax,59.671,1991,19911018,291
Tmax,46.9508,1991,19911023,296
Tmax,32.0944,1991,19911028,301
Tmax,32.3844,1991,19911102,306
Tmax,49.2191,1991,19911107,311
Tmax,42.4576,1991,19911112,316
Tmax,40.7269,1991,19911117,321
Tmax,36.6605,1991,19911122,326
Tmax,31.3489,1991,19911127,331
Tmax,36.9044,1991,19911202,336
Tmax,38.0097,1991,19911207,341
Tmax,35.7376,1991,19911212,346
Tmax,35.9553,1991,19911217,351
Tmax,32.9898,1991,19911222,356
Tmax,35.5676,1991,19911227,361
Tmax,35.055,1992,19920101,1
Tmax,34.4924,1992,19920106,6
Tmax,30.7692,1992,19920111,11
Tmax,31.3376,1992,19920116,16
Tmax,35.9781,1992,19920121,21
Tmax,46.2667,1992,19920126,26
Tmax,45.5412,1992,19920131,31
Tmax,45.3412,1992,19920205,36
Tmax,46.3021,1992,19920210,41
Tmax,43.2616,1992,19920215,46
Tmax,48.9702,1992,19920220,51
Tmax,54.5838,1992,19920225,56
Tmax,57.8931,1992,19920301,61
Tmax,52.0327,1992,19920306,66
Tmax,60.1999,1992,19920311,71
Tmax,53.2116,1992,19920316,76
Tmax,54.0066,1992,19920321,81
Tmax,58.4929,1992,19920326,86
Tmax,65.7872,1992,19920331,91
Tmax,55.7911,1992,19920405,96
Tmax,67.111,1992,19920410,101
Tmax,60.4951,1992,19920415,106
Tmax,57.2907,1992,19920420,111
Tmax,77.2161,1992,19920425,116
Tmax,69.7281,1992,19920430,121
Tmax,77.7647,1992,19920505,126
Tmax,70.1159,1992,19920510,131
Tmax,79.3526,1992,19920515,136
Tmax,74.8156,1992,19920520,141
Tmax,76.1358,1992,19920525,146
Tmax,76.966,1992,19920530,151
Tmax,75.3603,1992,19920604,156
Tmax,79.9276,1992,19920609,161
Tmax,66.2143,1992,19920614,166
Tmax,85.9091,1992,19920619,171
Tmax,84.2951,1992,19920624,176
Tmax,72.6745,1992,19920629,181
Tmax,82.2289,1992,19920704,186
Tmax,79.3575,1992,19920709,191
Tmax,85.4621,1992,19920714,196
Tmax,85.3264,1992,19920719,201
Tmax,87.2258,1992,19920724,206
Tmax,91.8639,1992,19920729,211
Tmax,91.6021,1992,19920803,216
Tmax,91.1004,1992,19920808,221
Tmax,90.2512,1992,19920813,226
Tmax,88.5388,1992,19920818,231
Tmax,69.2946,1992,19920823,236
Tmax,80.0064,1992,19920828,241
Tmax,73.9567,1992,19920902,246
Tmax,73.6743,1992,19920907,251
Tmax,74.362,1992,19920912,256
Tmax,75.562,1992,19920917,261
Tmax,73.037,1992,19920922,266
Tmax,80.4973,1992,19920927,271
Tmax,64.4422,1992,19921002,276
Tmax,61.2578,1992,19921007,281
Tmax,60.0794,1992,19921012,286
Tmax,67.0106,1992,19921017,291
Tmax,63.8727,1992,19921022,296
Tmax,55.1291,1992,19921027,301
Tmax,41.6371,1992,19921101,306
Tmax,40.2786,1992,19921106,311
Tmax,41.7337,1992,19921111,316
Tmax,41.9404,1992,19921116,321
Tmax,25.9765,1992,19921121,326
Tmax,24.3364,1992,19921126,331
Tmax,25.2805,1992,19921201,336
Tmax,31.0907,1992,19921206,341
Tmax,29.4943,1992,19921211,346
Tmax,23.5323,1992,19921216,351
Tmax,31.1388,1992,19921221,356
Tmax,33.5775,1992,19921226,361
Tmax,28.4556,1992,19921231,366
Tmax,24.873,1993,19930101,1
Tmax,23.785,1993,19930106,6
Tmax,27.0684,1993,19930111,11
Tmax,31.3469,1993,19930116,16
Tmax,31.8006,1993,19930121,21
Tmax,25.8896,1993,19930126,26
Tmax,26.1725,1993,19930131,31
Tmax,31.9702,1993,19930205,36
Tmax,32.6926,1993,19930210,41
Tmax,28.1305,1993,19930215,46
Tmax,32.1794,1993,19930220,51
Tmax,26.0693,1993,19930225,56
Tmax,34.1402,1993,19930302,61
Tmax,35.8491,1993,19930307,66
Tmax,37.8573,1993,19930312,71
Tmax,50.2436,1993,19930317,76
Tmax,58.1004,1993,19930322,81
Tmax,54.1411,1993,19930327,86
Tmax,52.1952,1993,19930401,91
Tmax,50.9721,1993,19930406,96
Tmax,47.4591,1993,19930411,101
Tmax,53.9066,1993,19930416,106
Tmax,57.729,1993,19930421,111
Tmax,56.4689,1993,19930426,116
Tmax,59.0858,1993,19930501,121
Tmax,58.9582,1993,19930506,126
Tmax,78.2085,1993,19930511,131
Tmax,75.9861,1993,19930516,136
Tmax,71.9057,1993,19930521,141
Tmax,76.2961,1993,19930526,146
Tmax,64.8631,1993,19930531,151
Tmax,61.2502,1993,19930605,156
Tmax,69.3211,1993,19930610,161
Tmax,73.2856,1993,19930615,166
Tmax,70.6416,1993,19930620,171
Tmax,77.807,1993,19930625,176
Tmax,70.8754,1993,19930630,181
Tmax,73.0704,1993,19930705,186
Tmax,76.3294,1993,19930710,191
Tmax,76.4149,1993,19930715,196
Tmax,70.0683,1993,19930720,201
Tmax,78.5398,1993,19930725,206
Tmax,82.0892,1993,19930730,211
Tmax,83.2112,1993,19930804,216
Tmax,83.1299,1993,19930809,221
Tmax,77.4653,1993,19930814,226
Tmax,80.2525,1993,19930819,231
Tmax,74.9116,1993,19930824,236
Tmax,73.2634,1993,19930829,241
Tmax,82.2404,1993,19930903,246
Tmax,80.0112,1993,19930908,251
Tmax,67.0186,1993,19930913,256
Tmax,66.118,1993,19930918,261
Tmax,69.9171,1993,19930923,266
Tmax,74.5195,1993,19930928,271
Tmax,72.0016,1993,19931003,276
Tmax,54.0237,1993,19931008,281
Tmax,56.2472,1993,19931013,286
Tmax,56.3436,1993,19931018,291
Tmax,56.788,1993,19931023,296
Tmax,48.8098,1993,19931028,301
Tmax,45.8661,1993,19931102,306
Tmax,47.4131,1993,19931107,311
Tmax,42.0832,1993,19931112,316
Tmax,41.0808,1993,19931117,321
Tmax,25.7924,1993,19931122,326
Tmax,33.6001,1993,19931127,331
Tmax,34.9739,1993,19931202,336
Tmax,43.4634,1993,19931207,341
Tmax,34.5884,1993,19931212,346
Tmax,29.4943,1993,19931217,351
Tmax,26.7461,1993,19931222,356
Tmax,30.9971,1993,19931227,361
Tmax,41.3221,1994,19940101,1
Tmax,37.3497,1994,19940106,6
Tmax,40.434,1994,19940111,11
Tmax,36.2196,1994,19940116,16
Tmax,41.8516,1994,19940121,21
Tmax,36.6334,1994,19940126,26
Tmax,32.8232,1994,19940131,31
Tmax,35.7514,1994,19940205,36
Tmax,34.3415,1994,19940210,41
Tmax,40.9954,1994,19940215,46
Tmax,37.8362,1994,19940220,51
Tmax,49.1939,1994,19940225,56
Tmax,55.961,1994,19940302,61
Tmax,50.2292,1994,19940307,66
Tmax,62.273,1994,19940312,71
Tmax,53.4057,1994,19940317,76
Tmax,47.6436,1994,19940322,81
Tmax,57.171,1994,19940327,86
Tmax,52.9002,1994,19940401,91
Tmax,50.2266,1994,19940406,96
Tmax,58.4181,1994,19940411,101
Tmax,75.1489,1994,19940416,106
Tmax,66.6404,1994,19940421,111
Tmax,52.1821,1994,19940426,116
Tmax,65.2188,1994,19940501,121
Tmax,74.4103,1994,19940506,126
Tmax,73.7407,1994,19940511,131
Tmax,63.8523,1994,19940516,136
Tmax,74.3129,1994,19940521,141
Tmax,75.4391,1994,19940526,146
Tmax,75.4028,1994,19940531,151
Tmax,70.8014,1994,19940605,156
Tmax,78.4592,1994,19940610,161
Tmax,77.8398,1994,19940615,166
Tmax,89.6074,1994,19940620,171
Tmax,86.3912,1994,19940625,176
Tmax,84.1755,1994,19940630,181
Tmax,81.5967,1994,19940705,186
Tmax,86.1803,1994,19940710,191
Tmax,89.1231,1994,19940715,196
Tmax,90.3687,1994,19940720,201
Tmax,94.838,1994,19940725,206
Tmax,90.779,1994,19940730,211
Tmax,92.3008,1994,19940804,216
Tmax,89.2294,1994,19940809,221
Tmax,90.6108,1994,19940814,226
Tmax,87.3636,1994,19940819,231
Tmax,86.1438,1994,19940824,236
Tmax,83.5397,1994,19940829,241
Tmax,80.158,1994,19940903,246
Tmax,80.2374,1994,19940908,251
Tmax,73.3225,1994,19940913,256
Tmax,77.422,1994,19940918,261
Tmax,82.6602,1994,19940923,266
Tmax,67.0392,1994,19940928,271
Tmax,55.7846,1994,19941003,276
Tmax,64.7904,1994,19941008,281
Tmax,53.3211,1994,19941013,286
Tmax,55.1223,1994,19941018,291
Tmax,59.0379,1994,19941023,296
Tmax,47.9356,1994,19941028,301
Tmax,38.094,1994,19941102,306
Tmax,46.1722,1994,19941107,311
Tmax,35.6451,1994,19941112,316
Tmax,25.8021,1994,19941117,321
Tmax,29.3562,1994,19941122,326
Tmax,32.0621,1994,19941127,331
Tmax,38.5839,1994,19941202,336
Tmax,25.5097,1994,19941207,341
Tmax,29.5754,1994,19941212,346
Tmax,35.0872,1994,19941217,351
Tmax,36.245,1994,19941222,356
Tmax,32.0406,1994,19941227,361
Tmax,24.0083,1995,19950101,1
Tmax,38.1223,1995,19950106,6
Tmax,43.0678,1995,19950111,11
Tmax,34.7215,1995,19950116,16
Tmax,35.9443,1995,19950121,21
Tmax,37.3986,1995,19950126,26
Tmax,45.3087,1995,19950131,31
Tmax,49.069,1995,19950205,36
Tmax,34.5127,1995,19950210,41
Tmax,42.8459,1995,19950215,46
Tmax,57.3523,1995,19950220,51
Tmax,50.669,1995,19950225,56
Tmax,41.6512,1995,19950302,61
Tmax,50.9322,1995,19950307,66
Tmax,53.478,1995,19950312,71
Tmax,53.5908,1995,19950317,76
Tmax,41.2526,1995,19950322,81
Tmax,43.0704,1995,19950327,86
Tmax,58.8056,1995,19950401,91
Tmax,52.4603,1995,19950406,96
Tmax,54.4096,1995,19950411,101
Tmax,51.5321,1995,19950416,106
Tmax,55.3502,1995,19950421,111
Tmax,57.6778,1995,19950426,116
Tmax,57.4605,1995,19950501,121
Tmax,58.8087,1995,19950506,126
Tmax,58.7986,1995,19950511,131
Tmax,66.1007,1995,19950516,136
Tmax,63.5356,1995,19950521,141
Tmax,64.7863,1995,19950526,146
Tmax,69.2528,1995,19950531,151
Tmax,58.7309,1995,19950605,156
Tmax,77.071,1995,19950610,161
Tmax,71.0023,1995,19950615,166
Tmax,67.0125,1995,19950620,171
Tmax,77.2676,1995,19950625,176
Tmax,75.3509,1995,19950630,181
Tmax,88.1154,1995,19950705,186
Tmax,82.3447,1995,19950710,191
Tmax,83.0972,1995,19950715,196
Tmax,84.0463,1995,19950720,201
Tmax,90.2696,1995,19950725,206
Tmax,84.0243,1995,19950730,211
Tmax,87.7266,1995,19950804,216
Tmax,84.5826,1995,19950809,221
Tmax,83.0733,1995,19950814,226
Tmax,87.2007,1995,19950819,231
Tmax,87.6734,1995,19950824,236
Tmax,88.16,1995,19950829,241
Tmax,83.6,1995,19950903,246
Tmax,74.1297,1995,19950908,251
Tmax,83.8178,1995,19950913,256
Tmax,65.6656,1995,19950918,261
Tmax,67.0092,1995,19950923,266
Tmax,62.6064,1995,19950928,271
Tmax,57.604,1995,19951003,276
Tmax,66.9152,1995,19951008,281
Tmax,64.3146,1995,19951013,286
Tmax,55.1441,1995,19951018,291
Tmax,55.0249,1995,19951023,296
Tmax,54.2232,1995,19951028,301
Tmax,44.6029,1995,19951102,306
Tmax,49.3515,1995,19951107,311
Tmax,54.7511,1995,19951112,316
Tmax,52.2206,1995,19951117,321
Tmax,51.5838,1995,19951122,326
Tmax,48.8684,1995,19951127,331
Tmax,45.7816,1995,19951202,336
Tmax,40.6931,1995,19951207,341
Tmax,42.9829,1995,19951212,346
Tmax,30.4782,1995,19951217,351
Tmax,28.191,1995,19951222,356
Tmax,31.9704,1995,19951227,361
Tmax,34.5114,1996,19960101,1
Tmax,38.2453,1996,19960106,6
Tmax,36.3905,1996,19960111,11
Tmax,33.559,1996,19960116,16
Tmax,30.2937,1996,19960121,21
Tmax,31.6552,1996,19960126,26
Tmax,20.1529,1996,19960131,31
Tmax,44.5969,1996,19960205,36
Tmax,40.1374,1996,19960210,41
Tmax,45.2645,1996,19960215,46
Tmax,46.4841,1996,19960220,51
Tmax,32.0108,1996,19960225,56
Tmax,43.1297,1996,19960301,61
Tmax,47.2075,1996,19960306,66
Tmax,55.5413,1996,19960311,71
Tmax,54.0787,1996,19960316,76
Tmax,50.429,1996,19960321,81
Tmax,48.4035,1996,19960326,86
Tmax,55.5472,1996,19960331,91
Tmax,67.8521,1996,19960405,96
Tmax,56.1133,1996,19960410,101
Tmax,56.1926,1996,19960415,106
Tmax,52.8287,1996,19960420,111
Tmax,53.6242,1996,19960425,116
Tmax,56.9539,1996,19960430,121
Tmax,62.5119,1996,19960505,126
Tmax,71.8211,1996,19960510,131
Tmax,61.3497,1996,19960515,136
Tmax,59.4066,1996,19960520,141
Tmax,62.748,1996,19960525,146
Tmax,71.4206,1996,19960530,151
Tmax,81.5569,1996,19960604,156
Tmax,83.9828,1996,19960609,161
Tmax,82.573,1996,19960614,166
Tmax,75.1881,1996,19960619,171
Tmax,79.408,1996,19960624,176
Tmax,87.2769,1996,19960629,181
Tmax,86.4702,1996,19960704,186
Tmax,87.721,1996,19960709,191
Tmax,85.7283,1996,19960714,196
Tmax,84.6359,1996,19960719,201
Tmax,91.5382,1996,19960724,206
Tmax,86.9606,1996,19960729,211
Tmax,76.4102,1996,19960803,216
Tmax,91.5616,1996,19960808,221
Tmax,90.6529,1996,19960813,226
Tmax,82.5781,1996,19960818,231
Tmax,89.8972,1996,19960823,236
Tmax,83.8027,1996,19960828,241
Tmax,77.8268,1996,19960902,246
Tmax,82.3654,1996,19960907,251
Tmax,71.8734,1996,19960912,256
Tmax,59.6976,1996,19960917,261
Tmax,60.0559,1996,19960922,266
Tmax,74.5788,1996,19960927,271
Tmax,76.006,1996,19961002,276
Tmax,76.5837,1996,19961007,281
Tmax,60.9374,1996,19961012,286
Tmax,45.5737,1996,19961017,291
Tmax,42.1625,1996,19961022,296
Tmax,42.9678,1996,19961027,301
Tmax,49.9505,1996,19961101,306
Tmax,45.2027,1996,19961106,311
Tmax,49.4947,1996,19961111,316
Tmax,44.7992,1996,19961116,321
Tmax,47.2432,1996,19961121,326
Tmax,34.1453,1996,19961126,331
Tmax,31.5169,1996,19961201,336
Tmax,39.3419,1996,19961206,341
Tmax,35.6686,1996,19961211,346
Tmax,25.5017,1996,19961216,351
Tmax,33.8382,1996,19961221,356
Tmax,41.235,1996,19961226,361
Tmax,50.9935,1996,19961231,366
Tmax,40.4407,1997,19970101,1
Tmax,31.277,1997,19970106,6
Tmax,23.4453,1997,19970111,11
Tmax,32.5182,1997,19970116,16
Tmax,33.3356,1997,19970121,21
Tmax,37.1152,1997,19970126,26
Tmax,39.6282,1997,19970131,31
Tmax,30.3807,1997,19970205,36
Tmax,37.6162,1997,19970210,41
Tmax,44.11,1997,19970215,46
Tmax,33.9874,1997,19970220,51
Tmax,36.5381,1997,19970225,56
Tmax,36.5736,1997,19970302,61
Tmax,49.6193,1997,19970307,66
Tmax,49.2269,1997,19970312,71
Tmax,62.9497,1997,19970317,76
Tmax,55.8761,1997,19970322,81
Tmax,51.5861,1997,19970327,86
Tmax,41.4172,1997,19970401,91
Tmax,45.7341,1997,19970406,96
Tmax,47.6024,1997,19970411,101
Tmax,67.6151,1997,19970416,106
Tmax,57.2008,1997,19970421,111
Tmax,59.8977,1997,19970426,116
Tmax,61.7883,1997,19970501,121
Tmax,69.9289,1997,19970506,126
Tmax,78.1826,1997,19970511,131
Tmax,76.5015,1997,19970516,136
Tmax,69.3513,1997,19970521,141
Tmax,68.5274,1997,19970526,146
Tmax,77.6311,1997,19970531,151
Tmax,74.542,1997,19970605,156
Tmax,69.2659,1997,19970610,161
Tmax,77.2373,1997,19970615,166
Tmax,73.0154,1997,19970620,171
Tmax,81.474,1997,19970625,176
Tmax,72.8511,1997,19970630,181
Tmax,84.2284,1997,19970705,186
Tmax,73.724,1997,19970710,191
Tmax,86.0902,1997,19970715,196
Tmax,85.8152,1997,19970720,201
Tmax,84.5571,1997,19970725,206
Tmax,87.1881,1997,19970730,211
Tmax,82.7295,1997,19970804,216
Tmax,78.6713,1997,19970809,221
Tmax,82.3984,1997,19970814,226
Tmax,89.3455,1997,19970819,231
Tmax,87.7984,1997,19970824,236
Tmax,84.6687,1997,19970829,241
Tmax,80.4364,1997,19970903,246
Tmax,81.4706,1997,19970908,251
Tmax,74.6564,1997,19970913,256
Tmax,61.5264,1997,19970918,261
Tmax,72.3824,1997,19970923,266
Tmax,73.0952,1997,19970928,271
Tmax,64.1122,1997,19971003,276
Tmax,52.8905,1997,19971008,281
Tmax,60.4434,1997,19971013,286
Tmax,61.4365,1997,19971018,291
Tmax,45.7229,1997,19971023,296
Tmax,52.8603,1997,19971028,301
Tmax,56.6811,1997,19971102,306
Tmax,49.2932,1997,19971107,311
Tmax,37.1094,1997,19971112,316
Tmax,41.048,1997,19971117,321
Tmax,42.0031,1997,19971122,326
Tmax,38.1713,1997,19971127,331
Tmax,32.7206,1997,19971202,336
Tmax,31.6669,1997,19971207,341
Tmax,32.124,1997,19971212,346
Tmax,31.6959,1997,19971217,351
Tmax,23.6922,1997,19971222,356
Tmax,32.6734,1997,19971227,361
Tmax,40.3062,1998,19980101,1
Tmax,32.1238,1998,19980106,6
Tmax,37.9671,1998,19980111,11
Tmax,38.3317,1998,19980116,16
Tmax,36.8949,1998,19980121,21
Tmax,43.2175,1998,19980126,26
Tmax,39.4468,1998,19980131,31
Tmax,43.0648,1998,19980205,36
Tmax,38.1864,1998,19980210,41
Tmax,38.1728,1998,19980215,46
Tmax,40.1832,1998,19980220,51
Tmax,32.7409,1998,19980225,56
Tmax,35.2872,1998,19980302,61
Tmax,36.5156,1998,19980307,66
Tmax,55.6968,1998,19980312,71
Tmax,47.9088,1998,19980317,76
Tmax,59.51,1998,19980322,81
Tmax,46.2713,1998,19980327,86
Tmax,52.0716,1998,19980401,91
Tmax,52.3615,1998,19980406,96
Tmax,51.2795,1998,19980411,101
Tmax,52.7855,1998,19980416,106
Tmax,64.9747,1998,19980421,111
Tmax,64.9503,1998,19980426,116
Tmax,69.845,1998,19980501,121
Tmax,64.4211,1998,19980506,126
Tmax,56.7965,1998,19980511,131
Tmax,64.2374,1998,19980516,136
Tmax,62.5598,1998,19980521,141
Tmax,64.3664,1998,19980526,146
Tmax,67.2738,1998,19980531,151
Tmax,64.762,1998,19980605,156
Tmax,69.3257,1998,19980610,161
Tmax,64.4861,1998,19980615,166
Tmax,72.8948,1998,19980620,171
Tmax,72.6761,1998,19980625,176
Tmax,86.9878,1998,19980630,181
Tmax,85.9317,1998,19980705,186
Tmax,87.194,1998,19980710,191
Tmax,94.4995,1998,19980715,196
Tmax,90.0917,1998,19980720,201
Tmax,88.1765,1998,19980725,206
Tmax,82.1766,1998,19980730,211
Tmax,90.514,1998,19980804,216
Tmax,90.6202,1998,19980809,221
Tmax,88.034,1998,19980814,226
Tmax,85.381,1998,19980819,231
Tmax,83.3976,1998,19980824,236
Tmax,89.3344,1998,19980829,241
Tmax,87.4425,1998,19980903,246
Tmax,76.0696,1998,19980908,251
Tmax,80.4336,1998,19980913,256
Tmax,66.0155,1998,19980918,261
Tmax,68.3533,1998,19980923,266
Tmax,71.6079,1998,19980928,271
Tmax,58.3416,1998,19981003,276
Tmax,63.0985,1998,19981008,281
Tmax,55.2271,1998,19981013,286
Tmax,58.3193,1998,19981018,291
Tmax,60.0131,1998,19981023,296
Tmax,50.4217,1998,19981028,301
Tmax,43.974,1998,19981102,306
Tmax,37.2577,1998,19981107,311
Tmax,46.8675,1998,19981112,316
Tmax,44.418,1998,19981117,321
Tmax,46.9388,1998,19981122,326
Tmax,50.1275,1998,19981127,331
Tmax,38.6332,1998,19981202,336
Tmax,27.4723,1998,19981207,341
Tmax,36.545,1998,19981212,346
Tmax,18.9618,1998,19981217,351
Tmax,19.6261,1998,19981222,356
Tmax,38.7663,1998,19981227,361
Tmax,32.8798,1999,19990101,1
Tmax,34.2171,1999,19990106,6
Tmax,37.2325,1999,19990111,11
Tmax,40.8462,1999,19990116,16
Tmax,35.2158,1999,19990121,21
Tmax,32.7065,1999,19990126,26
Tmax,36.7573,1999,19990131,31
Tmax,40.6038,1999,19990205,36
Tmax,35.5959,1999,19990210,41
Tmax,37.623,1999,19990215,46
Tmax,37.8756,1999,19990220,51
Tmax,42.6668,1999,19990225,56
Tmax,39.8019,1999,19990302,61
Tmax,40.2652,1999,19990307,66
Tmax,50.4692,1999,19990312,71
Tmax,60.2811,1999,19990317,76
Tmax,58.3144,1999,19990322,81
Tmax,45.5751,1999,19990327,86
Tmax,41.98,1999,19990401,91
Tmax,48.5365,1999,19990406,96
Tmax,51.3997,1999,19990411,101
Tmax,63.2096,1999,19990416,106
Tmax,53.396,1999,19990421,111
Tmax,58.7673,1999,19990426,116
Tmax,50.0259,1999,19990501,121
Tmax,54.3272,1999,19990506,126
Tmax,52.3619,1999,19990511,131
Tmax,64.8555,1999,19990516,136
Tmax,76.2962,1999,19990521,141
Tmax,73.7644,1999,19990526,146
Tmax,63.5829,1999,19990531,151
Tmax,63.5172,1999,19990605,156
Tmax,74.1902,1999,19990610,161
Tmax,83.4528,1999,19990615,166
Tmax,80.3378,1999,19990620,171
Tmax,73.2372,1999,19990625,176
Tmax,78.4428,1999,19990630,181
Tmax,82.9758,1999,19990705,186
Tmax,87.503,1999,19990710,191
Tmax,82.3643,1999,19990715,196
Tmax,87.4572,1999,19990720,201
Tmax,89.7493,1999,19990725,206
Tmax,86.8116,1999,19990730,211
Tmax,83.5811,1999,19990804,216
Tmax,81.3909,1999,19990809,221
Tmax,83.3529,1999,19990814,226
Tmax,87.3779,1999,19990819,231
Tmax,86.1299,1999,19990824,236
Tmax,76.9562,1999,19990829,241
Tmax,72.8394,1999,19990903,246
Tmax,76.1239,1999,19990908,251
Tmax,79.7716,1999,19990913,256
Tmax,77.8293,1999,19990918,261
Tmax,66.7966,1999,19990923,266
Tmax,63.8545,1999,19990928,271
Tmax,68.1504,1999,19991003,276
Tmax,73.0884,1999,19991008,281
Tmax,59.1038,1999,19991013,286
Tmax,62.3337,1999,19991018,291
Tmax,67.6447,1999,19991023,296
Tmax,54.2372,1999,19991028,301
Tmax,61.3432,1999,19991102,306
Tmax,63.4526,1999,19991107,311
Tmax,64.5257,1999,19991112,316
Tmax,46.3952,1999,19991117,321
Tmax,36.8507,1999,19991122,326
Tmax,53.2932,1999,19991127,331
Tmax,35.6712,1999,19991202,336
Tmax,34.1468,1999,19991207,341
Tmax,34.6937,1999,19991212,346
Tmax,36.1607,1999,19991217,351
Tmax,29.8171,1999,19991222,356
Tmax,24.8276,1999,19991227,361
Tmax,26.9695,2000,20000101,1
Tmax,28.5941,2000,20000106,6
Tmax,38.3647,2000,20000111,11
Tmax,44.1935,2000,20000116,16
Tmax,39.6483,2000,20000121,21
Tmax,32.7384,2000,20000126,26
Tmax,40.0778,2000,20000131,31
Tmax,45.0479,2000,20000205,36
Tmax,44.1352,2000,20000210,41
Tmax,40.2163,2000,20000215,46
Tmax,46.0505,2000,20000220,51
Tmax,42.8515,2000,20000225,56
Tmax,52.2394,2000,20000301,61
Tmax,45.0308,2000,20000306,66
Tmax,46.0939,2000,20000311,71
Tmax,44.6714,2000,20000316,76
Tmax,52.0018,2000,20000321,81
Tmax,53.4633,2000,20000326,86
Tmax,58.7092,2000,20000331,91
Tmax,59.264,2000,20000405,96
Tmax,64.2968,2000,20000410,101
Tmax,62.1292,2000,20000415,106
Tmax,62.4635,2000,20000420,111
Tmax,66.039,2000,20000425,116
Tmax,71.0375,2000,20000430,121
Tmax,59.6122,2000,20000505,126
Tmax,56.2203,2000,20000510,131
Tmax,68.1659,2000,20000515,136
Tmax,75.3099,2000,20000520,141
Tmax,73.514,2000,20000525,146
Tmax,73.3908,2000,20000530,151
Tmax,86.0499,2000,20000604,156
Tmax,72.0247,2000,20000609,161
Tmax,75.3508,2000,20000614,166
Tmax,79.8869,2000,20000619,171
Tmax,82.8723,2000,20000624,176
Tmax,86.233,2000,20000629,181
Tmax,81.4847,2000,20000704,186
Tmax,88.7866,2000,20000709,191
Tmax,88.6936,2000,20000714,196
Tmax,89.8808,2000,20000719,201
Tmax,91.3415,2000,20000724,206
Tmax,97.1244,2000,20000729,211
Tmax,88.7126,2000,20000803,216
Tmax,89.8561,2000,20000808,221
Tmax,88.9423,2000,20000813,226
Tmax,82.498,2000,20000818,231
Tmax,86.3575,2000,20000823,236
Tmax,77.1825,2000,20000828,241
Tmax,70.9885,2000,20000902,246
Tmax,74.2609,2000,20000907,251
Tmax,87.4845,2000,20000912,256
Tmax,74.1086,2000,20000917,261
Tmax,59.0802,2000,20000922,266
Tmax,74.7096,2000,20000927,271
Tmax,59.9067,2000,20001002,276
Tmax,63.0458,2000,20001007,281
Tmax,53.2845,2000,20001012,286
Tmax,62.9173,2000,20001017,291
Tmax,55.3656,2000,20001022,296
Tmax,51.8787,2000,20001027,301
Tmax,45.1065,2000,20001101,306
Tmax,34.1329,2000,20001106,311
Tmax,28.2106,2000,20001111,316
Tmax,25.8565,2000,20001116,321
Tmax,34.2226,2000,20001121,326
Tmax,39.9715,2000,20001126,331
Tmax,35.8223,2000,20001201,336
Tmax,35.1704,2000,20001206,341
Tmax,30.9697,2000,20001211,346
Tmax,29.4855,2000,20001216,351
Tmax,33.686,2000,20001221,356
Tmax,28.4287,2000,20001226,361
Tmax,25.4992,2000,20001231,366
Tmax,29.2712,2001,20010101,1
Tmax,30.9474,2001,20010106,6
Tmax,33.0466,2001,20010111,11
Tmax,23.8083,2001,20010116,16
Tmax,30.9506,2001,20010121,21
Tmax,23.9007,2001,20010126,26
Tmax,33.23,2001,20010131,31
Tmax,29.0611,2001,20010205,36
Tmax,31.5318,2001,20010210,41
Tmax,35.0294,2001,20010215,46
Tmax,38.5579,2001,20010220,51
Tmax,33.1447,2001,20010225,56
Tmax,40.1136,2001,20010302,61
Tmax,47.9732,2001,20010307,66
Tmax,44.4193,2001,20010312,71
Tmax,53.7637,2001,20010317,76
Tmax,61.6183,2001,20010322,81
Tmax,53.4647,2001,20010327,86
Tmax,51.226,2001,20010401,91
Tmax,46.5781,2001,20010406,96
Tmax,47.1611,2001,20010411,101
Tmax,63.3274,2001,20010416,106
Tmax,60.0279,2001,20010421,111
Tmax,71.8236,2001,20010426,116
Tmax,59.2466,2001,20010501,121
Tmax,69.9788,2001,20010506,126
Tmax,76.2938,2001,20010511,131
Tmax,67.1382,2001,20010516,136
Tmax,79.184,2001,20010521,141
Tmax,77.3249,2001,20010526,146
Tmax,69.1849,2001,20010531,151
Tmax,75.1821,2001,20010605,156
Tmax,69.1673,2001,20010610,161
Tmax,77.3282,2001,20010615,166
Tmax,88.7274,2001,20010620,171
Tmax,86.2767,2001,20010625,176
Tmax,93.8753,2001,20010630,181
Tmax,84.4836,2001,20010705,186
Tmax,85.6347,2001,20010710,191
Tmax,79.8969,2001,20010715,196
Tmax,83.9178,2001,20010720,201
Tmax,86.6524,2001,20010725,206
Tmax,85.3554,2001,20010730,211
Tmax,93.5324,2001,20010804,216
Tmax,89.0828,2001,20010809,221
Tmax,90.1915,2001,20010814,226
Tmax,86.2551,2001,20010819,231
Tmax,89.039,2001,20010824,236
Tmax,88.1816,2001,20010829,241
Tmax,80.0133,2001,20010903,246
Tmax,77.469,2001,20010908,251
Tmax,73.9059,2001,20010913,256
Tmax,77.9607,2001,20010918,261
Tmax,83.4985,2001,20010923,266
Tmax,78.3947,2001,20010928,271
Tmax,69.2574,2001,20011003,276
Tmax,53.1733,2001,20011008,281
Tmax,61.6071,2001,20011013,286
Tmax,59.8772,2001,20011018,291
Tmax,54.6522,2001,20011023,296
Tmax,58.9706,2001,20011028,301
Tmax,58.872,2001,20011102,306
Tmax,52.62,2001,20011107,311
Tmax,57.1233,2001,20011112,316
Tmax,50.1993,2001,20011117,321
Tmax,36.9939,2001,20011122,326
Tmax,28.1591,2001,20011127,331
Tmax,33.8301,2001,20011202,336
Tmax,26.7943,2001,20011207,341
Tmax,27.533,2001,20011212,346
Tmax,31.4385,2001,20011217,351
Tmax,19.4635,2001,20011222,356
Tmax,26.9159,2001,20011227,361
Tmax,30.2676,2002,20020101,1
Tmax,35.688,2002,20020106,6
Tmax,28.6071,2002,20020111,11
Tmax,24.0711,2002,20020116,16
Tmax,31.3777,2002,20020121,21
Tmax,25.7037,2002,20020126,26
Tmax,23.5467,2002,20020131,31
Tmax,29.7882,2002,20020205,36
Tmax,28.8223,2002,20020210,41
Tmax,34.6733,2002,20020215,46
Tmax,40.2254,2002,20020220,51
Tmax,27.126,2002,20020225,56
Tmax,33.5018,2002,20020302,61
Tmax,40.3298,2002,20020307,66
Tmax,39.7553,2002,20020312,71
Tmax,38.0763,2002,20020317,76
Tmax,50.0739,2002,20020322,81
Tmax,54.0546,2002,20020327,86
Tmax,58.7786,2002,20020401,91
Tmax,60.3119,2002,20020406,96
Tmax,63.5938,2002,20020411,101
Tmax,47.4579,2002,20020416,106
Tmax,56.1154,2002,20020421,111
Tmax,62.4578,2002,20020426,116
Tmax,62.1428,2002,20020501,121
Tmax,55.6568,2002,20020506,126
Tmax,66.5186,2002,20020511,131
Tmax,76.6159,2002,20020516,136
Tmax,62.1274,2002,20020521,141
Tmax,79.8184,2002,20020526,146
Tmax,74.8031,2002,20020531,151
Tmax,68.58,2002,20020605,156
Tmax,70.2088,2002,20020610,161
Tmax,78.7586,2002,20020615,166
Tmax,84.1024,2002,20020620,171
Tmax,91.7566,2002,20020625,176
Tmax,86.0006,2002,20020630,181
Tmax,88.7985,2002,20020705,186
Tmax,97.2573,2002,20020710,191
Tmax,89.9351,2002,20020715,196
Tmax,90.0134,2002,20020720,201
Tmax,82.878,2002,20020725,206
Tmax,86.3175,2002,20020730,211
Tmax,80.7026,2002,20020804,216
Tmax,81.9665,2002,20020809,221
Tmax,85.694,2002,20020814,226
Tmax,79.9058,2002,20020819,231
Tmax,80.4801,2002,20020824,236
Tmax,82.3984,2002,20020829,241
Tmax,78.5986,2002,20020903,246
Tmax,72.0682,2002,20020908,251
Tmax,76.9944,2002,20020913,256
Tmax,67.576,2002,20020918,261
Tmax,70.2391,2002,20020923,266
Tmax,56.4416,2002,20020928,271
Tmax,59.7531,2002,20021003,276
Tmax,60.8642,2002,20021008,281
Tmax,61.1569,2002,20021013,286
Tmax,61.7197,2002,20021018,291
Tmax,52.5629,2002,20021023,296
Tmax,36.1756,2002,20021028,301
Tmax,36.0721,2002,20021102,306
Tmax,47.8561,2002,20021107,311
Tmax,43.3939,2002,20021112,316
Tmax,48.6401,2002,20021117,321
Tmax,45.2025,2002,20021122,326
Tmax,44.7912,2002,20021127,331
Tmax,42.2145,2002,20021202,336
Tmax,38.4727,2002,20021207,341
Tmax,41.7048,2002,20021212,346
Tmax,33.4593,2002,20021217,351
Tmax,28.4114,2002,20021222,356
Tmax,38.6657,2002,20021227,361
Tmax,42.7695,2003,20030101,1
Tmax,38.7048,2003,20030106,6
Tmax,41.6976,2003,20030111,11
Tmax,35.4638,2003,20030116,16
Tmax,42.1508,2003,20030121,21
Tmax,45.5899,2003,20030126,26
Tmax,47.4627,2003,20030131,31
Tmax,27.061,2003,20030205,36
Tmax,38.3328,2003,20030210,41
Tmax,44.1971,2003,20030215,46
Tmax,38.4411,2003,20030220,51
Tmax,34.3053,2003,20030225,56
Tmax,38.3279,2003,20030302,61
Tmax,53.0367,2003,20030307,66
Tmax,60.2055,2003,20030312,71
Tmax,52.3697,2003,20030317,76
Tmax,53.9674,2003,20030322,81
Tmax,51.2432,2003,20030327,86
Tmax,45.8268,2003,20030401,91
Tmax,53.7107,2003,20030406,96
Tmax,61.3398,2003,20030411,101
Tmax,55.6131,2003,20030416,106
Tmax,58.9691,2003,20030421,111
Tmax,53.689,2003,20030426,116
Tmax,55.6196,2003,20030501,121
Tmax,55.5597,2003,20030506,126
Tmax,67.8361,2003,20030511,131
Tmax,59.9444,2003,20030516,136
Tmax,81.7362,2003,20030521,141
Tmax,87.4036,2003,20030526,146
Tmax,74.389,2003,20030531,151
Tmax,76.5618,2003,20030605,156
Tmax,79.4913,2003,20030610,161
Tmax,87.0241,2003,20030615,166
Tmax,66.7145,2003,20030620,171
Tmax,80.7798,2003,20030625,176
Tmax,85.6887,2003,20030630,181
Tmax,84.5138,2003,20030705,186
Tmax,93.3516,2003,20030710,191
Tmax,96.9442,2003,20030715,196
Tmax,97.6613,2003,20030720,201
Tmax,89.5022,2003,20030725,206
Tmax,91.8664,2003,20030730,211
Tmax,87.6845,2003,20030804,216
Tmax,94.5713,2003,20030809,221
Tmax,89.1013,2003,20030814,226
Tmax,87.7635,2003,20030819,231
Tmax,85.2534,2003,20030824,236
Tmax,77.4789,2003,20030829,241
Tmax,82.6529,2003,20030903,246
Tmax,66.9847,2003,20030908,251
Tmax,67.5528,2003,20030913,256
Tmax,70.2281,2003,20030918,261
Tmax,79.9597,2003,20030923,266
Tmax,78.568,2003,20030928,271
Tmax,73.1679,2003,20031003,276
Tmax,63.9234,2003,20031008,281
Tmax,62.5086,2003,20031013,286
Tmax,76.8452,2003,20031018,291
Tmax,59.0069,2003,20031023,296
Tmax,44.8548,2003,20031028,301
Tmax,36.4117,2003,20031102,306
Tmax,45.8285,2003,20031107,311
Tmax,46.6142,2003,20031112,316
Tmax,44.7617,2003,20031117,321
Tmax,29.8406,2003,20031122,326
Tmax,40.0221,2003,20031127,331
Tmax,45.6308,2003,20031202,336
Tmax,37.8461,2003,20031207,341
Tmax,36.672,2003,20031212,346
Tmax,35.8694,2003,20031217,351
Tmax,34.4796,2003,20031222,356
Tmax,29.7288,2003,20031227,361
Tmax,24.6834,2004,20040101,1
Tmax,28.916,2004,20040106,6
Tmax,29.4286,2004,20040111,11
Tmax,24.5939,2004,20040116,16
Tmax,24.0611,2004,20040121,21
Tmax,31.1581,2004,20040126,26
Tmax,29.8969,2004,20040131,31
Tmax,29.8057,2004,20040205,36
Tmax,24.4993,2004,20040210,41
Tmax,37.1184,2004,20040215,46
Tmax,35.0639,2004,20040220,51
Tmax,36.9775,2004,20040225,56
Tmax,35.9553,2004,20040301,61
Tmax,45.5725,2004,20040306,66
Tmax,49.6438,2004,20040311,71
Tmax,61.2036,2004,20040316,76
Tmax,69.4194,2004,20040321,81
Tmax,56.9421,2004,20040326,86
Tmax,62.9162,2004,20040331,91
Tmax,60.8146,2004,20040405,96
Tmax,60.2369,2004,20040410,101
Tmax,55.2913,2004,20040415,106
Tmax,55.4134,2004,20040420,111
Tmax,62.0019,2004,20040425,116
Tmax,72.1132,2004,20040430,121
Tmax,72.6148,2004,20040505,126
Tmax,59.1242,2004,20040510,131
Tmax,64.2914,2004,20040515,136
Tmax,61.3238,2004,20040520,141
Tmax,59.8098,2004,20040525,146
Tmax,71.455,2004,20040530,151
Tmax,78.3391,2004,20040604,156
Tmax,69.1121,2004,20040609,161
Tmax,72.0221,2004,20040614,166
Tmax,78.0896,2004,20040619,171
Tmax,84.1836,2004,20040624,176
Tmax,81.5172,2004,20040629,181
Tmax,79.3501,2004,20040704,186
Tmax,87.2412,2004,20040709,191
Tmax,89.7273,2004,20040714,196
Tmax,85.5429,2004,20040719,201
Tmax,86.1791,2004,20040724,206
Tmax,88.7552,2004,20040729,211
Tmax,86.3001,2004,20040803,216
Tmax,87.1838,2004,20040808,221
Tmax,87.6407,2004,20040813,226
Tmax,79.7535,2004,20040818,231
Tmax,66.8407,2004,20040823,236
Tmax,81.4852,2004,20040828,241
Tmax,68.5371,2004,20040902,246
Tmax,82.5628,2004,20040907,251
Tmax,66.0965,2004,20040912,256
Tmax,66.5928,2004,20040917,261
Tmax,69.9278,2004,20040922,266
Tmax,69.5832,2004,20040927,271
Tmax,69.8026,2004,20041002,276
Tmax,66.3961,2004,20041007,281
Tmax,64.1763,2004,20041012,286
Tmax,53.625,2004,20041017,291
Tmax,44.1064,2004,20041022,296
Tmax,47.6691,2004,20041027,301
Tmax,44.5361,2004,20041101,306
Tmax,56.1259,2004,20041106,311
Tmax,49.1941,2004,20041111,316
Tmax,44.405,2004,20041116,321
Tmax,35.2009,2004,20041121,326
Tmax,28.483,2004,20041126,331
Tmax,30.3143,2004,20041201,336
Tmax,39.9432,2004,20041206,341
Tmax,46.9044,2004,20041211,346
Tmax,36.3597,2004,20041216,351
Tmax,28.8861,2004,20041221,356
Tmax,40.0419,2004,20041226,361
Tmax,35.7386,2004,20041231,366
Tmax,31.5676,2005,20050101,1
Tmax,31.3607,2005,20050106,6
Tmax,26.5042,2005,20050111,11
Tmax,34.5394,2005,20050116,16
Tmax,33.7054,2005,20050121,21
Tmax,34.19,2005,20050126,26
Tmax,34.3606,2005,20050131,31
Tmax,32.7684,2005,20050205,36
Tmax,36.9678,2005,20050210,41
Tmax,32.2775,2005,20050215,46
Tmax,42.0226,2005,20050220,51
Tmax,42.8676,2005,20050225,56
Tmax,45.5678,2005,20050302,61
Tmax,57.115,2005,20050307,66
Tmax,44.6267,2005,20050312,71
Tmax,47.6697,2005,20050317,76
Tmax,46.3933,2005,20050322,81
Tmax,44.8846,2005,20050327,86
Tmax,52.7553,2005,20050401,91
Tmax,54.7207,2005,20050406,96
Tmax,56.2103,2005,20050411,101
Tmax,57.3157,2005,20050416,106
Tmax,60.9736,2005,20050421,111
Tmax,56.7181,2005,20050426,116
Tmax,62.0238,2005,20050501,121
Tmax,61.3244,2005,20050506,126
Tmax,62.4563,2005,20050511,131
Tmax,65.2155,2005,20050516,136
Tmax,67.3696,2005,20050521,141
Tmax,71.0127,2005,20050526,146
Tmax,63.3184,2005,20050531,151
Tmax,61.4631,2005,20050605,156
Tmax,67.1404,2005,20050610,161
Tmax,76.22,2005,20050615,166
Tmax,85.5725,2005,20050620,171
Tmax,76.0556,2005,20050625,176
Tmax,79.7825,2005,20050630,181
Tmax,88.967,2005,20050705,186
Tmax,88.8686,2005,20050710,191
Tmax,89.5234,2005,20050715,196
Tmax,91.4329,2005,20050720,201
Tmax,85.6629,2005,20050725,206
Tmax,86.9599,2005,20050730,211
Tmax,90.618,2005,20050804,216
Tmax,85.0705,2005,20050809,221
Tmax,80.0782,2005,20050814,226
Tmax,85.6154,2005,20050819,231
Tmax,83.28,2005,20050824,236
Tmax,80.34,2005,20050829,241
Tmax,85.4069,2005,20050903,246
Tmax,71.5612,2005,20050908,251
Tmax,69.1136,2005,20050913,256
Tmax,71.2422,2005,20050918,261
Tmax,66.2331,2005,20050923,266
Tmax,70.8335,2005,20050928,271
Tmax,55.5103,2005,20051003,276
Tmax,56.1724,2005,20051008,281
Tmax,65.3307,2005,20051013,286
Tmax,62.0882,2005,20051018,291
Tmax,65.1854,2005,20051023,296
Tmax,53.1904,2005,20051028,301
Tmax,52.2617,2005,20051102,306
Tmax,55.663,2005,20051107,311
Tmax,40.1025,2005,20051112,316
Tmax,37.8711,2005,20051117,321
Tmax,41.8023,2005,20051122,326
Tmax,30.6848,2005,20051127,331
Tmax,29.849,2005,20051202,336
Tmax,20.3492,2005,20051207,341
Tmax,21.2839,2005,20051212,346
Tmax,30.7136,2005,20051217,351
Tmax,42.1518,2005,20051222,356
Tmax,39.5442,2005,20051227,361
Tmax,38.1965,2006,20060101,1
Tmax,33.8363,2006,20060106,6
Tmax,36.208,2006,20060111,11
Tmax,32.8948,2006,20060116,16
Tmax,32.2428,2006,20060121,21
Tmax,35.6244,2006,20060126,26
Tmax,40.3795,2006,20060131,31
Tmax,36.0134,2006,20060205,36
Tmax,29.2922,2006,20060210,41
Tmax,24.9366,2006,20060215,46
Tmax,34.0884,2006,20060220,51
Tmax,48.0717,2006,20060225,56
Tmax,44.7457,2006,20060302,61
Tmax,39.0373,2006,20060307,66
Tmax,40.7752,2006,20060312,71
Tmax,44.2875,2006,20060317,76
Tmax,44.3707,2006,20060322,81
Tmax,45.96,2006,20060327,86
Tmax,52.1974,2006,20060401,91
Tmax,55.1283,2006,20060406,96
Tmax,64.005,2006,20060411,101
Tmax,47.0771,2006,20060416,106
Tmax,60.2907,2006,20060421,111
Tmax,66.9824,2006,20060426,116
Tmax,60.7732,2006,20060501,121
Tmax,60.0646,2006,20060506,126
Tmax,75.1546,2006,20060511,131
Tmax,82.194,2006,20060516,136
Tmax,76.0135,2006,20060521,141
Tmax,61.4939,2006,20060526,146
Tmax,77.6096,2006,20060531,151
Tmax,81.0887,2006,20060605,156
Tmax,77.2164,2006,20060610,161
Tmax,75.2114,2006,20060615,166
Tmax,78.4684,2006,20060620,171
Tmax,87.0672,2006,20060625,176
Tmax,86.5249,2006,20060630,181
Tmax,84.0557,2006,20060705,186
Tmax,88.1337,2006,20060710,191
Tmax,94.0001,2006,20060715,196
Tmax,94.2893,2006,20060720,201
Tmax,94.1772,2006,20060725,206
Tmax,79.9202,2006,20060730,211
Tmax,88.2255,2006,20060804,216
Tmax,83.5755,2006,20060809,221
Tmax,83.7211,2006,20060814,226
Tmax,89.0586,2006,20060819,231
Tmax,78.7389,2006,20060824,236
Tmax,79.8241,2006,20060829,241
Tmax,85.5505,2006,20060903,246
Tmax,80.3518,2006,20060908,251
Tmax,64.2549,2006,20060913,256
Tmax,60.1206,2006,20060918,261
Tmax,65.2727,2006,20060923,266
Tmax,71.8482,2006,20060928,271
Tmax,65.6015,2006,20061003,276
Tmax,56.5445,2006,20061008,281
Tmax,57.7105,2006,20061013,286
Tmax,48.5504,2006,20061018,291
Tmax,52.1666,2006,20061023,296
Tmax,47.0476,2006,20061028,301
Tmax,51.8573,2006,20061102,306
Tmax,51.6474,2006,20061107,311
Tmax,41.6431,2006,20061112,316
Tmax,46.4113,2006,20061117,321
Tmax,44.4009,2006,20061122,326
Tmax,29.3852,2006,20061127,331
Tmax,30.9525,2006,20061202,336
Tmax,44.1925,2006,20061207,341
Tmax,40.9946,2006,20061212,346
Tmax,25.4141,2006,20061217,351
Tmax,35.1441,2006,20061222,356
Tmax,31.1629,2006,20061227,361
Tmax,34.8567,2007,20070101,1
Tmax,35.4436,2007,20070106,6
Tmax,20.7575,2007,20070111,11
Tmax,24.3491,2007,20070116,16
Tmax,30.3067,2007,20070121,21
Tmax,30.7995,2007,20070126,26
Tmax,31.9343,2007,20070131,31
Tmax,45.3247,2007,20070205,36
Tmax,42.759,2007,20070210,41
Tmax,44.3035,2007,20070215,46
Tmax,44.6253,2007,20070220,51
Tmax,37.4048,2007,20070225,56
Tmax,38.848,2007,20070302,61
Tmax,54.8417,2007,20070307,66
Tmax,58.5919,2007,20070312,71
Tmax,65.1189,2007,20070317,76
Tmax,55.5081,2007,20070322,81
Tmax,54.2303,2007,20070327,86
Tmax,55.1522,2007,20070401,91
Tmax,55.1213,2007,20070406,96
Tmax,53.8346,2007,20070411,101
Tmax,55.4604,2007,20070416,106
Tmax,58.9605,2007,20070421,111
Tmax,71.7326,2007,20070426,116
Tmax,61.4682,2007,20070501,121
Tmax,70.9081,2007,20070506,126
Tmax,74.9955,2007,20070511,131
Tmax,80.3614,2007,20070516,136
Tmax,61.9037,2007,20070521,141
Tmax,72.0691,2007,20070526,146
Tmax,80.5409,2007,20070531,151
Tmax,65.846,2007,20070605,156
Tmax,77.0064,2007,20070610,161
Tmax,80.2044,2007,20070615,166
Tmax,86.5297,2007,20070620,171
Tmax,86.299,2007,20070625,176
Tmax,88.7667,2007,20070630,181
Tmax,93.5276,2007,20070705,186
Tmax,93.1839,2007,20070710,191
Tmax,92.7479,2007,20070715,196
Tmax,93.9223,2007,20070720,201
Tmax,89.3328,2007,20070725,206
Tmax,86.503,2007,20070730,211
Tmax,85.0276,2007,20070804,216
Tmax,89.7554,2007,20070809,221
Tmax,90.6303,2007,20070814,226
Tmax,78.5666,2007,20070819,231
Tmax,84.0886,2007,20070824,236
Tmax,87.4592,2007,20070829,241
Tmax,78.2313,2007,20070903,246
Tmax,73.122,2007,20070908,251
Tmax,76.5955,2007,20070913,256
Tmax,70.5767,2007,20070918,261
Tmax,59.8501,2007,20070923,266
Tmax,60.1148,2007,20070928,271
Tmax,54.9055,2007,20071003,276
Tmax,64.2088,2007,20071008,281
Tmax,55.9364,2007,20071013,286
Tmax,48.2721,2007,20071018,291
Tmax,59.323,2007,20071023,296
Tmax,55.9793,2007,20071028,301
Tmax,55.3923,2007,20071102,306
Tmax,58.2513,2007,20071107,311
Tmax,48.9997,2007,20071112,316
Tmax,49.3646,2007,20071117,321
Tmax,33.4269,2007,20071122,326
Tmax,32.2434,2007,20071127,331
Tmax,38.9731,2007,20071202,336
Tmax,29.6202,2007,20071207,341
Tmax,26.2237,2007,20071212,346
Tmax,34.6674,2007,20071217,351
Tmax,28.2176,2007,20071222,356
Tmax,26.2112,2007,20071227,361
Tmax,30.4249,2008,20080101,1
Tmax,30.1948,2008,20080106,6
Tmax,30.4472,2008,20080111,11
Tmax,24.7961,2008,20080116,16
Tmax,22.5403,2008,20080121,21
Tmax,31.1709,2008,20080126,26
Tmax,31.2825,2008,20080131,31
Tmax,32.3586,2008,20080205,36
Tmax,36.5131,2008,20080210,41
Tmax,32.8505,2008,20080215,46
Tmax,35.6554,2008,20080220,51
Tmax,38.3996,2008,20080225,56
Tmax,38.8335,2008,20080301,61
Tmax,39.4353,2008,20080306,66
Tmax,44.5903,2008,20080311,71
Tmax,41.8327,2008,20080316,76
Tmax,44.0077,2008,20080321,81
Tmax,42.9989,2008,20080326,86
Tmax,44.0193,2008,20080331,91
Tmax,44.5457,2008,20080405,96
Tmax,56.9731,2008,20080410,101
Tmax,57.9006,2008,20080415,106
Tmax,53.274,2008,20080420,111
Tmax,63.7403,2008,20080425,116
Tmax,55.3746,2008,20080430,121
Tmax,63.0189,2008,20080505,126
Tmax,58.8527,2008,20080510,131
Tmax,78.7981,2008,20080515,136
Tmax,66.6704,2008,20080520,141
Tmax,66.089,2008,20080525,146
Tmax,70.1731,2008,20080530,151
Tmax,60.7446,2008,20080604,156
Tmax,64.8559,2008,20080609,161
Tmax,82.8605,2008,20080614,166
Tmax,84.142,2008,20080619,171
Tmax,85.8326,2008,20080624,176
Tmax,89.6565,2008,20080629,181
Tmax,84.8297,2008,20080704,186
Tmax,85.3664,2008,20080709,191
Tmax,87.0672,2008,20080714,196
Tmax,87.774,2008,20080719,201
Tmax,91.5258,2008,20080724,206
Tmax,89.5988,2008,20080729,211
Tmax,88.9391,2008,20080803,216
Tmax,85.7802,2008,20080808,221
Tmax,83.8358,2008,20080813,226
Tmax,83.8698,2008,20080818,231
Tmax,85.4285,2008,20080823,236
Tmax,80.103,2008,20080828,241
Tmax,70.6145,2008,20080902,246
Tmax,75.6426,2008,20080907,251
Tmax,79.4236,2008,20080912,256
Tmax,78.0372,2008,20080917,261
Tmax,72.4975,2008,20080922,266
Tmax,82.0524,2008,20080927,271
Tmax,67.6264,2008,20081002,276
Tmax,52.4308,2008,20081007,281
Tmax,46.4942,2008,20081012,286
Tmax,64.3647,2008,20081017,291
Tmax,56.4374,2008,20081022,296
Tmax,67.194,2008,20081027,301
Tmax,51.8002,2008,20081101,306
Tmax,45.62,2008,20081106,311
Tmax,47.7328,2008,20081111,316
Tmax,54.9839,2008,20081116,321
Tmax,44.0908,2008,20081121,326
Tmax,45.2782,2008,20081126,331
Tmax,43.2234,2008,20081201,336
Tmax,36.4493,2008,20081206,341
Tmax,33.0649,2008,20081211,346
Tmax,23.7086,2008,20081216,351
Tmax,27.7985,2008,20081221,356
Tmax,31.9525,2008,20081226,361
Tmax,35.0901,2008,20081231,366
Tmax,30.9768,2009,20090101,1
Tmax,37.1788,2009,20090106,6
Tmax,36.6291,2009,20090111,11
Tmax,32.6758,2009,20090116,16
Tmax,36.2974,2009,20090121,21
Tmax,30.7517,2009,20090126,26
Tmax,37.2552,2009,20090131,31
Tmax,37.5235,2009,20090205,36
Tmax,31.1476,2009,20090210,41
Tmax,34.91,2009,20090215,46
Tmax,37.9766,2009,20090220,51
Tmax,38.0352,2009,20090225,56
Tmax,44.4741,2009,20090302,61
Tmax,33.2787,2009,20090307,66
Tmax,44.1177,2009,20090312,71
Tmax,59.7137,2009,20090317,76
Tmax,43.4731,2009,20090322,81
Tmax,43.375,2009,20090327,86
Tmax,40.8554,2009,20090401,91
Tmax,57.5568,2009,20090406,96
Tmax,57.3996,2009,20090411,101
Tmax,59.5326,2009,20090416,106
Tmax,63.5386,2009,20090421,111
Tmax,51.9728,2009,20090426,116
Tmax,59.0584,2009,20090501,121
Tmax,59.8087,2009,20090506,126
Tmax,62.8245,2009,20090511,131
Tmax,77.3149,2009,20090516,136
Tmax,74.9071,2009,20090521,141
Tmax,79.9456,2009,20090526,146
Tmax,73.9936,2009,20090531,151
Tmax,66.915,2009,20090605,156
Tmax,64.4404,2009,20090610,161
Tmax,70.0981,2009,20090615,166
Tmax,71.045,2009,20090620,171
Tmax,80.2356,2009,20090625,176
Tmax,82.8535,2009,20090630,181
Tmax,80.7619,2009,20090705,186
Tmax,82.6697,2009,20090710,191
Tmax,90.7898,2009,20090715,196
Tmax,90.1786,2009,20090720,201
Tmax,85.8689,2009,20090725,206
Tmax,87.9435,2009,20090730,211
Tmax,80.0487,2009,20090804,216
Tmax,84.3612,2009,20090809,221
Tmax,74.2437,2009,20090814,226
Tmax,88.1981,2009,20090819,231
Tmax,85.2261,2009,20090824,236
Tmax,85.136,2009,20090829,241
Tmax,82.5982,2009,20090903,246
Tmax,78.7562,2009,20090908,251
Tmax,80.1694,2009,20090913,256
Tmax,74.1537,2009,20090918,261
Tmax,78.9049,2009,20090923,266
Tmax,63.5221,2009,20090928,271
Tmax,52.9498,2009,20091003,276
Tmax,50.3078,2009,20091008,281
Tmax,62.7167,2009,20091013,286
Tmax,57.9963,2009,20091018,291
Tmax,49.4845,2009,20091023,296
Tmax,43.5584,2009,20091028,301
Tmax,57.5045,2009,20091102,306
Tmax,53.4933,2009,20091107,311
Tmax,35.9928,2009,20091112,316
Tmax,44.6413,2009,20091117,321
Tmax,34.6461,2009,20091122,326
Tmax,40.301,2009,20091127,331
Tmax,23.0028,2009,20091202,336
Tmax,16.7095,2009,20091207,341
Tmax,34.5845,2009,20091212,346
Tmax,36.4734,2009,20091217,351
Tmax,27.8101,2009,20091222,356
Tmax,26.2711,2009,20091227,361
Tmax,34.6988,2010,20100101,1
Tmax,28.999,2010,20100106,6
Tmax,36.4144,2010,20100111,11
Tmax,38.2667,2010,20100116,16
Tmax,34.1695,2010,20100121,21
Tmax,33.8199,2010,20100126,26
Tmax,34.9797,2010,20100131,31
Tmax,34.4863,2010,20100205,36
Tmax,36.676,2010,20100210,41
Tmax,36.1682,2010,20100215,46
Tmax,31.197,2010,20100220,51
Tmax,40.5194,2010,20100225,56
Tmax,45.1848,2010,20100302,61
Tmax,41.776,2010,20100307,66
Tmax,47.0309,2010,20100312,71
Tmax,51.8543,2010,20100317,76
Tmax,47.2252,2010,20100322,81
Tmax,49.6599,2010,20100327,86
Tmax,42.7784,2010,20100401,91
Tmax,50.2098,2010,20100406,96
Tmax,59.5072,2010,20100411,101
Tmax,72.1626,2010,20100416,106
Tmax,54.8114,2010,20100421,111
Tmax,52.5684,2010,20100426,116
Tmax,52.6662,2010,20100501,121
Tmax,56.2695,2010,20100506,126
Tmax,60.3462,2010,20100511,131
Tmax,65.9486,2010,20100516,136
Tmax,56.1861,2010,20100521,141
Tmax,59.9796,2010,20100526,146
Tmax,64.9568,2010,20100531,151
Tmax,70.4783,2010,20100605,156
Tmax,67.0463,2010,20100610,161
Tmax,69.1491,2010,20100615,166
Tmax,77.6895,2010,20100620,171
Tmax,85.3947,2010,20100625,176
Tmax,78.4215,2010,20100630,181
Tmax,80.5244,2010,20100705,186
Tmax,83.4197,2010,20100710,191
Tmax,89.9392,2010,20100715,196
Tmax,85.7239,2010,20100720,201
Tmax,88.7524,2010,20100725,206
Tmax,89.5258,2010,20100730,211
Tmax,88.2337,2010,20100804,216
Tmax,78.8414,2010,20100809,221
Tmax,87.4145,2010,20100814,226
Tmax,81.8901,2010,20100819,231
Tmax,85.332,2010,20100824,236
Tmax,69.3566,2010,20100829,241
Tmax,76.619,2010,20100903,246
Tmax,70.0051,2010,20100908,251
Tmax,81.4124,2010,20100913,256
Tmax,76.394,2010,20100918,261
Tmax,80.7491,2010,20100923,266
Tmax,85.9026,2010,20100928,271
Tmax,71.3284,2010,20101003,276
Tmax,60.7572,2010,20101008,281
Tmax,69.315,2010,20101013,286
Tmax,64.8169,2010,20101018,291
Tmax,45.5835,2010,20101023,296
Tmax,54.9749,2010,20101028,301
Tmax,64.4761,2010,20101102,306
Tmax,41.0046,2010,20101107,311
Tmax,41.8002,2010,20101112,316
Tmax,39.3143,2010,20101117,321
Tmax,23.1287,2010,20101122,326
Tmax,25.969,2010,20101127,331
Tmax,37.0107,2010,20101202,336
Tmax,38.6585,2010,20101207,341
Tmax,38.8757,2010,20101212,346
Tmax,33.3588,2010,20101217,351
Tmax,35.3142,2010,20101222,356
Tmax,27.3568,2010,20101227,361
Tmax,22.8798,2011,20110101,1
Tmax,27.4795,2011,20110106,6
Tmax,31.1512,2011,20110111,11
Tmax,37.5401,2011,20110116,16
Tmax,36.9836,2011,20110121,21
Tmax,37.5439,2011,20110126,26
Tmax,25.9712,2011,20110131,31
Tmax,34.3239,2011,20110205,36
Tmax,39.596,2011,20110210,41
Tmax,43.9617,2011,20110215,46
Tmax,34.8266,2011,20110220,51
Tmax,34.4922,2011,20110225,56
Tmax,43.1124,2011,20110302,61
Tmax,42.5166,2011,20110307,66
Tmax,50.8961,2011,20110312,71
Tmax,47.2847,2011,20110317,76
Tmax,46.7264,2011,20110322,81
Tmax,47.3994,2011,20110327,86
Tmax,53.1365,2011,20110401,91
Tmax,46.7585,2011,20110406,96
Tmax,52.3711,2011,20110411,101
Tmax,50.9776,2011,20110416,106
Tmax,50.0035,2011,20110421,111
Tmax,48.8277,2011,20110426,116
Tmax,55.8622,2011,20110501,121
Tmax,56.6105,2011,20110506,126
Tmax,67.6083,2011,20110511,131
Tmax,58.2906,2011,20110516,136
Tmax,62.3494,2011,20110521,141
Tmax,53.8157,2011,20110526,146
Tmax,65.9123,2011,20110531,151
Tmax,69.3662,2011,20110605,156
Tmax,69.733,2011,20110610,161
Tmax,66.8478,2011,20110615,166
Tmax,78.6629,2011,20110620,171
Tmax,80.837,2011,20110625,176
Tmax,83.357,2011,20110630,181
Tmax,84.2782,2011,20110705,186
Tmax,84.7543,2011,20110710,191
Tmax,87.5442,2011,20110715,196
Tmax,84.483,2011,20110720,201
Tmax,86.5772,2011,20110725,206
Tmax,83.6358,2011,20110730,211
Tmax,86.5057,2011,20110804,216
Tmax,85.4425,2011,20110809,221
Tmax,86.1012,2011,20110814,226
Tmax,91.1176,2011,20110819,231
Tmax,93.2503,2011,20110824,236
Tmax,82.7349,2011,20110829,241
Tmax,81.9798,2011,20110903,246
Tmax,81.7027,2011,20110908,251
Tmax,74.9471,2011,20110913,256
Tmax,75.305,2011,20110918,261
Tmax,81.8841,2011,20110923,266
Tmax,81.392,2011,20110928,271
Tmax,60.1527,2011,20111003,276
Tmax,57.0942,2011,20111008,281
Tmax,65.7727,2011,20111013,286
Tmax,61.2103,2011,20111018,291
Tmax,52.6357,2011,20111023,296
Tmax,52.7372,2011,20111028,301
Tmax,42.2469,2011,20111102,306
Tmax,41.2571,2011,20111107,311
Tmax,40.3251,2011,20111112,316
Tmax,39.0732,2011,20111117,321
Tmax,43.7263,2011,20111122,326
Tmax,39.8158,2011,20111127,331
Tmax,27.3206,2011,20111202,336
Tmax,31.8496,2011,20111207,341
Tmax,32.3492,2011,20111212,346
Tmax,31.3277,2011,20111217,351
Tmax,27.8194,2011,20111222,356
Tmax,41.8858,2011,20111227,361
Tmax,44.0958,2012,20120101,1
Tmax,37.0349,2012,20120106,6
Tmax,34.3746,2012,20120111,11
Tmax,34.4612,2012,20120116,16
Tmax,39.9877,2012,20120121,21
Tmax,36.5452,2012,20120126,26
Tmax,36.5591,2012,20120131,31
Tmax,34.2845,2012,20120205,36
Tmax,39.0552,2012,20120210,41
Tmax,36.1162,2012,20120215,46
Tmax,39.9539,2012,20120220,51
Tmax,37.086,2012,20120225,56
Tmax,39.0427,2012,20120301,61
Tmax,43.4526,2012,20120306,66
Tmax,54.9432,2012,20120311,71
Tmax,50.0864,2012,20120316,76
Tmax,63.3233,2012,20120321,81
Tmax,56.6875,2012,20120326,86
Tmax,58.2573,2012,20120331,91
Tmax,55.9462,2012,20120405,96
Tmax,62.7811,2012,20120410,101
Tmax,56.1204,2012,20120415,106
Tmax,77.8895,2012,20120420,111
Tmax,61.5099,2012,20120425,116
Tmax,62.1925,2012,20120430,121
Tmax,62.4423,2012,20120505,126
Tmax,67.7822,2012,20120510,131
Tmax,74.4033,2012,20120515,136
Tmax,67.3785,2012,20120520,141
Tmax,63.0179,2012,20120525,146
Tmax,78.0595,2012,20120530,151
Tmax,71.6762,2012,20120604,156
Tmax,68.1208,2012,20120609,161
Tmax,79.4226,2012,20120614,166
Tmax,78.4922,2012,20120619,171
Tmax,85.5725,2012,20120624,176
Tmax,90.4133,2012,20120629,181
Tmax,87.3075,2012,20120704,186
Tmax,96.0858,2012,20120709,191
Tmax,84.781,2012,20120714,196
Tmax,91.8872,2012,20120719,201
Tmax,90.5398,2012,20120724,206
Tmax,92.8444,2012,20120729,211
Tmax,90.6391,2012,20120803,216
Tmax,94.2699,2012,20120808,221
Tmax,92.4237,2012,20120813,226
Tmax,89.0138,2012,20120818,231
Tmax,87.971,2012,20120823,236
Tmax,87.4592,2012,20120828,241
Tmax,80.3589,2012,20120902,246
Tmax,81.3099,2012,20120907,251
Tmax,80.3372,2012,20120912,256
Tmax,79.916,2012,20120917,261
Tmax,74.1847,2012,20120922,266
Tmax,76.7358,2012,20120927,271
Tmax,60.9547,2012,20121002,276
Tmax,66.1394,2012,20121007,281
Tmax,65.7285,2012,20121012,286
Tmax,58.8549,2012,20121017,291
Tmax,45.9857,2012,20121022,296
Tmax,62.1081,2012,20121027,301
Tmax,59.5645,2012,20121101,306
Tmax,54.8018,2012,20121106,311
Tmax,42.6349,2012,20121111,316
Tmax,51.2178,2012,20121116,321
Tmax,49.5281,2012,20121121,326
Tmax,48.8238,2012,20121126,331
Tmax,50.8001,2012,20121201,336
Tmax,38.8272,2012,20121206,341
Tmax,41.4747,2012,20121211,346
Tmax,35.6669,2012,20121216,351
Tmax,37.0135,2012,20121221,356
Tmax,30.4787,2012,20121226,361
Tmax,22.0059,2012,20121231,366
Tmax,24.2208,2013,20130101,1
Tmax,33.4175,2013,20130106,6
Tmax,17.8135,2013,20130111,11
Tmax,21.9371,2013,20130116,16
Tmax,31.0624,2013,20130121,21
Tmax,33.1453,2013,20130126,26
Tmax,33.9117,2013,20130131,31
Tmax,33.32,2013,20130205,36
Tmax,30.3939,2013,20130210,41
Tmax,32.8704,2013,20130215,46
Tmax,31.1558,2013,20130220,51
Tmax,32.0467,2013,20130225,56
Tmax,36.5691,2013,20130302,61
Tmax,38.8017,2013,20130307,66
Tmax,48.2293,2013,20130312,71
Tmax,41.0138,2013,20130317,76
Tmax,36.8103,2013,20130322,81
Tmax,55.271,2013,20130327,86
Tmax,58.4823,2013,20130401,91
Tmax,50.049,2013,20130406,96
Tmax,48.3989,2013,20130411,101
Tmax,45.4324,2013,20130416,106
Tmax,52.4877,2013,20130421,111
Tmax,62.863,2013,20130426,116
Tmax,60.6827,2013,20130501,121
Tmax,69.9634,2013,20130506,126
Tmax,79.8027,2013,20130511,131
Tmax,63.2602,2013,20130516,136
Tmax,66.6805,2013,20130521,141
Tmax,62.8704,2013,20130526,146
Tmax,70.6022,2013,20130531,151
Tmax,80.4851,2013,20130605,156
Tmax,78.308,2013,20130610,161
Tmax,80.7948,2013,20130615,166
Tmax,72.6587,2013,20130620,171
Tmax,87.7887,2013,20130625,176
Tmax,94.5342,2013,20130630,181
Tmax,89.3419,2013,20130705,186
Tmax,87.7637,2013,20130710,191
Tmax,93.3153,2013,20130715,196
Tmax,92.4699,2013,20130720,201
Tmax,86.5371,2013,20130725,206
Tmax,87.0861,2013,20130730,211
Tmax,89.2237,2013,20130804,216
Tmax,88.0656,2013,20130809,221
Tmax,93.2806,2013,20130814,226
Tmax,82.2139,2013,20130819,231
Tmax,83.0973,2013,20130824,236
Tmax,88.0611,2013,20130829,241
Tmax,81.7081,2013,20130903,246
Tmax,77.1122,2013,20130908,251
Tmax,71.7423,2013,20130913,256
Tmax,68.3729,2013,20130918,261
Tmax,57.8365,2013,20130923,266
Tmax,60.8412,2013,20130928,271
Tmax,56.3798,2013,20131003,276
Tmax,55.9994,2013,20131008,281
Tmax,50.7516,2013,20131013,286
Tmax,57.4571,2013,20131018,291
Tmax,62.5468,2013,20131023,296
Tmax,50.6405,2013,20131028,301
Tmax,44.1768,2013,20131102,306
Tmax,54.4661,2013,20131107,311
Tmax,47.8708,2013,20131112,316
Tmax,41.5349,2013,20131117,321
Tmax,33.6383,2013,20131122,326
Tmax,39.6058,2013,20131127,331
Tmax,28.3156,2013,20131202,336
Tmax,20.1637,2013,20131207,341
Tmax,32.1402,2013,20131212,346
Tmax,31.8756,2013,20131217,351
Tmax,31.6545,2013,20131222,356
Tmax,30.3713,2013,20131227,361
Tmax,35.613,2014,20140101,1
Tmax,34.1403,2014,20140106,6
Tmax,39.7775,2014,20140111,11
Tmax,40.4387,2014,20140116,16
Tmax,39.2077,2014,20140121,21
Tmax,35.3521,2014,20140126,26
Tmax,29.117,2014,20140131,31
Tmax,29.7288,2014,20140205,36
Tmax,42.7527,2014,20140210,41
Tmax,46.9898,2014,20140215,46
Tmax,44.569,2014,20140220,51
Tmax,48.908,2014,20140225,56
Tmax,50.5906,2014,20140302,61
Tmax,50.8828,2014,20140307,66
Tmax,55.8287,2014,20140312,71
Tmax,48.0516,2014,20140317,76
Tmax,55.6473,2014,20140322,81
Tmax,47.8387,2014,20140327,86
Tmax,47.9248,2014,20140401,91
Tmax,63.3002,2014,20140406,96
Tmax,59.1788,2014,20140411,101
Tmax,61.8562,2014,20140416,106
Tmax,59.3763,2014,20140421,111
Tmax,53.1875,2014,20140426,116
Tmax,71.0191,2014,20140501,121
Tmax,53.9258,2014,20140506,126
Tmax,64.5871,2014,20140511,131
Tmax,70.212,2014,20140516,136
Tmax,76.8177,2014,20140521,141
Tmax,78.4481,2014,20140526,146
Tmax,76.8179,2014,20140531,151
Tmax,78.0629,2014,20140605,156
Tmax,75.2016,2014,20140610,161
Tmax,64.7899,2014,20140615,166
Tmax,82.8273,2014,20140620,171
Tmax,75.8603,2014,20140625,176
Tmax,87.0832,2014,20140630,181
Tmax,91.6967,2014,20140705,186
Tmax,91.3399,2014,20140710,191
Tmax,87.8951,2014,20140715,196
Tmax,87.4231,2014,20140720,201
Tmax,85.7893,2014,20140725,206
Tmax,88.2632,2014,20140730,211
Tmax,74.1747,2014,20140804,216
Tmax,85.9216,2014,20140809,221
Tmax,83.9774,2014,20140814,226
Tmax,71.3816,2014,20140819,231
Tmax,74.0787,2014,20140824,236
Tmax,75.5639,2014,20140829,241
Tmax,76.3668,2014,20140903,246
Tmax,70.9202,2014,20140908,251
Tmax,84.6916,2014,20140913,256
Tmax,76.6892,2014,20140918,261
Tmax,76.2611,2014,20140923,266
Tmax,57.7974,2014,20140928,271
Tmax,69.5651,2014,20141003,276
Tmax,67.4848,2014,20141008,281
Tmax,64.5172,2014,20141013,286
Tmax,64.2851,2014,20141018,291
Tmax,59.4368,2014,20141023,296
Tmax,62.5134,2014,20141028,301
Tmax,48.0836,2014,20141102,306
Tmax,47.82,2014,20141107,311
Tmax,24.9594,2014,20141112,316
Tmax,34.4365,2014,20141117,321
Tmax,42.2635,2014,20141122,326
Tmax,45.5859,2014,20141127,331
Tmax,47.4961,2014,20141202,336
Tmax,48.8249,2014,20141207,341
Tmax,38.6561,2014,20141212,346
Tmax,39.2014,2014,20141217,351
Tmax,32.8265,2014,20141222,356
Tmax,19.2922,2014,20141227,361
Tmax,26.2616,2015,20150101,1
Tmax,41.0149,2015,20150106,6
Tmax,32.2421,2015,20150111,11
Tmax,37.8664,2015,20150116,16
Tmax,32.4556,2015,20150121,21
Tmax,42.7781,2015,20150126,26
Tmax,41.1042,2015,20150131,31
Tmax,55.8519,2015,20150205,36
Tmax,52.0123,2015,20150210,41
Tmax,47.9506,2015,20150215,46
Tmax,40.6706,2015,20150220,51
Tmax,42.1005,2015,20150225,56
Tmax,42.2945,2015,20150302,61
Tmax,58.9627,2015,20150307,66
Tmax,63.6818,2015,20150312,71
Tmax,60.7011,2015,20150317,76
Tmax,52.5363,2015,20150322,81
Tmax,65.7772,2015,20150327,86
Tmax,50.3038,2015,20150401,91
Tmax,51.4121,2015,20150406,96
Tmax,55.1852,2015,20150411,101
Tmax,62.9351,2015,20150416,106
Tmax,62.1602,2015,20150421,111
Tmax,64.3759,2015,20150426,116
Tmax,72.8801,2015,20150501,121
Tmax,60.8902,2015,20150506,126
Tmax,65.7093,2015,20150511,131
Tmax,56.3123,2015,20150516,136
Tmax,63.5215,2015,20150521,141
Tmax,69.292,2015,20150526,146
Tmax,75.4578,2015,20150531,151
Tmax,77.2254,2015,20150605,156
Tmax,80.5004,2015,20150610,161
Tmax,85.1795,2015,20150615,166
Tmax,85.0417,2015,20150620,171
Tmax,94.3236,2015,20150625,176
Tmax,92.578,2015,20150630,181
Tmax,79.6909,2015,20150705,186
Tmax,78.9249,2015,20150710,191
Tmax,78.004,2015,20150715,196
Tmax,81.8274,2015,20150720,201
Tmax,77.8113,2015,20150725,206
Tmax,87.7542,2015,20150730,211
Tmax,78.8061,2015,20150804,216
Tmax,87.06,2015,20150809,221
Tmax,82.4623,2015,20150814,226
Tmax,81.0348,2015,20150819,231
Tmax,87.4897,2015,20150824,236
Tmax,83.7355,2015,20150829,241
Tmax,70.8359,2015,20150903,246
Tmax,82.8173,2015,20150908,251
Tmax,67.6936,2015,20150913,256
Tmax,74.5566,2015,20150918,261
Tmax,82.3419,2015,20150923,266
Tmax,74.3647,2015,20150928,271
Tmax,67.1364,2015,20151003,276
Tmax,72.6939,2015,20151008,281
Tmax,74.8973,2015,20151013,286
Tmax,58.7698,2015,20151018,291
Tmax,57.828,2015,20151023,296
Tmax,51.3736,2015,20151028,301
Tmax,40.4062,2015,20151102,306
Tmax,43.6945,2015,20151107,311
Tmax,46.0459,2015,20151112,316
Tmax,39.0319,2015,20151117,321
Tmax,39.3963,2015,20151122,326
Tmax,23.4638,2015,20151127,331
Tmax,37.2542,2015,20151202,336
Tmax,44.6412,2015,20151207,341
Tmax,30.9074,2015,20151212,346
Tmax,33.3475,2015,20151217,351
Tmax,23.9896,2015,20151222,356
Tmax,15.8629,2015,20151227,361
Tmax,27.8661,2016,20160101,1
Tmax,32.2015,2016,20160106,6
Tmax,28.6403,2016,20160111,11
Tmax,34.9683,2016,20160116,16
Tmax,33.1986,2016,20160121,21
Tmax,33.4796,2016,20160126,26
Tmax,25.5289,2016,20160131,31
Tmax,33.8821,2016,20160205,36
Tmax,39.1787,2016,20160210,41
Tmax,47.1639,2016,20160215,46
Tmax,41.5055,2016,20160220,51
Tmax,49.1543,2016,20160225,56
Tmax,56.1876,2016,20160301,61
Tmax,49.922,2016,20160306,66
Tmax,47.7183,2016,20160311,71
Tmax,49.1405,2016,20160316,76
Tmax,48.7445,2016,20160321,81
Tmax,47.444,2016,20160326,86
Tmax,59.9064,2016,20160331,91
Tmax,65.5173,2016,20160405,96
Tmax,61.219,2016,20160410,101
Tmax,59.6028,2016,20160415,106
Tmax,66.2115,2016,20160420,111
Tmax,56.0035,2016,20160425,116
Tmax,66.6937,2016,20160430,121
Tmax,65.435,2016,20160505,126
Tmax,68.7336,2016,20160510,131
Tmax,66.5682,2016,20160515,136
Tmax,59.2222,2016,20160520,141
Tmax,67.4341,2016,20160525,146
Tmax,76.4633,2016,20160530,151
Tmax,88.4647,2016,20160604,156
Tmax,76.2123,2016,20160609,161
Tmax,77.5285,2016,20160614,166
Tmax,86.2723,2016,20160619,171
Tmax,85.0595,2016,20160624,176
Tmax,88.436,2016,20160629,181
Tmax,81.9492,2016,20160704,186
Tmax,76.7998,2016,20160709,191
Tmax,87.81,2016,20160714,196
Tmax,90.2,2016,20160719,201
Tmax,93.0616,2016,20160724,206
Tmax,92.2384,2016,20160729,211
Tmax,85.1374,2016,20160803,216
Tmax,81.3117,2016,20160808,221
Tmax,90.3985,2016,20160813,226
Tmax,84.5758,2016,20160818,231
Tmax,78.401,2016,20160823,236
Tmax,89.4791,2016,20160828,241
Tmax,67.5562,2016,20160902,246
Tmax,73.7123,2016,20160907,251
Tmax,64.7544,2016,20160912,256
Tmax,76.5584,2016,20160917,261
Tmax,59.9444,2016,20160922,266
Tmax,75.1475,2016,20160927,271
Tmax,54.9976,2016,20161002,276
Tmax,65.178,2016,20161007,281
Tmax,59.9566,2016,20161012,286
Tmax,50.9874,2016,20161017,291
Tmax,61.6712,2016,20161022,296
Tmax,57.188,2016,20161027,301
Tmax,55.7446,2016,20161101,306
Tmax,61.8878,2016,20161106,311
Tmax,61.4818,2016,20161111,316
Tmax,45.2774,2016,20161116,321
Tmax,41.8121,2016,20161121,326
Tmax,37.7242,2016,20161126,331
Tmax,31.6241,2016,20161201,336
Tmax,27.4204,2016,20161206,341
Tmax,34.0384,2016,20161211,346
Tmax,23.392,2016,20161216,351
Tmax,27.4901,2016,20161221,356
Tmax,26.05,2016,20161226,361
Tmax,22.0728,2016,20161231,366
Tmax,17.2923,2017,20170101,1
Tmax,28.4675,2017,20170106,6
Tmax,25.2733,2017,20170111,11
Tmax,25.6109,2017,20170116,16
Tmax,30.5337,2017,20170121,21
Tmax,23.5521,2017,20170126,26
Tmax,35.8485,2017,20170131,31
Tmax,44.7893,2017,20170205,36
Tmax,38.7102,2017,20170210,41
Tmax,44.2479,2017,20170215,46
Tmax,36.995,2017,20170220,51
Tmax,30.2212,2017,20170225,56
Tmax,40.0377,2017,20170302,61
Tmax,47.9396,2017,20170307,66
Tmax,58.6026,2017,20170312,71
Tmax,64.7918,2017,20170317,76
Tmax,53.2159,2017,20170322,81
Tmax,51.9913,2017,20170327,86
Tmax,52.0672,2017,20170401,91
Tmax,53.5239,2017,20170406,96
Tmax,56.2291,2017,20170411,101
Tmax,56.6624,2017,20170416,106
Tmax,54.4882,2017,20170421,111
Tmax,51.7981,2017,20170426,116
Tmax,68.5712,2017,20170501,121
Tmax,69.0691,2017,20170506,126
Tmax,66.4044,2017,20170511,131
Tmax,55.7209,2017,20170516,136
Tmax,70.7613,2017,20170521,141
Tmax,70.6218,2017,20170526,146
Tmax,81.9013,2017,20170531,151
Tmax,80.8016,2017,20170605,156
Tmax,65.5022,2017,20170610,161
Tmax,79.0767,2017,20170615,166
Tmax,83.4063,2017,20170620,171
Tmax,82.7526,2017,20170625,176
Tmax,88.5903,2017,20170630,181
Tmax,95.4268,2017,20170705,186
Tmax,91.2729,2017,20170710,191
Tmax,91.8262,2017,20170715,196
Tmax,91.1242,2017,20170720,201
Tmax,85.6576,2017,20170725,206
Tmax,92.4336,2017,20170730,211
Tmax,84.8625,2017,20170804,216
Tmax,84.9273,2017,20170809,221
Tmax,78.3964,2017,20170814,226
Tmax,84.3648,2017,20170819,231
Tmax,89.2818,2017,20170824,236
Tmax,87.6204,2017,20170829,241
Tmax,89.0404,2017,20170903,246
Tmax,84.4906,2017,20170908,251
Tmax,66.2785,2017,20170913,256
Tmax,54.1404,2017,20170918,261
Tmax,57.7164,2017,20170923,266
Tmax,57.5956,2017,20170928,271
Tmax,56.2094,2017,20171003,276
Tmax,52.7271,2017,20171008,281
Tmax,55.1034,2017,20171013,286
Tmax,59.002,2017,20171018,291
Tmax,57.9229,2017,20171023,296
Tmax,56.4187,2017,20171028,301
Tmax,44.3889,2017,20171102,306
Tmax,45.8668,2017,20171107,311
Tmax,50.2725,2017,20171112,316
Tmax,42.9693,2017,20171117,321
Tmax,55.5902,2017,20171122,326
Tmax,41.5643,2017,20171127,331
Tmax,35.8469,2017,20171202,336
Tmax,30.5077,2017,20171207,341
Tmax,30.0001,2017,20171212,346
Tmax,34.1804,2017,20171217,351
Tmax,28.4126,2017,20171222,356
Tmax,40.6718,2017,20171227,361
Tmax,35.5532,2018,20180101,1
Tmax,38.7554,2018,20180106,6
Tmax,41.8843,2018,20180111,11
Tmax,40.165,2018,20180116,16
Tmax,36.5414,2018,20180121,21
Tmax,43.5508,2018,20180126,26
Tmax,46.8388,2018,20180131,31
Tmax,49.3251,2018,20180205,36
Tmax,38.3023,2018,20180210,41
Tmax,36.3247,2018,20180215,46
Tmax,25.4486,2018,20180220,51
Tmax,32.3641,2018,20180225,56
Tmax,34.8841,2018,20180302,61
Tmax,46.113,2018,20180307,66
Tmax,49.9005,2018,20180312,71
Tmax,43.7799,2018,20180317,76
Tmax,46.9903,2018,20180322,81
Tmax,54.2141,2018,20180327,86
Tmax,51.6513,2018,20180401,91
Tmax,56.0646,2018,20180406,96
Tmax,53.4362,2018,20180411,101
Tmax,55.6234,2018,20180416,106
Tmax,64.9022,2018,20180421,111
Tmax,64.7284,2018,20180426,116
Tmax,65.8301,2018,20180501,121
Tmax,75.9511,2018,20180506,126
Tmax,61.3453,2018,20180511,131
Tmax,70.707,2018,20180516,136
Tmax,75.6609,2018,20180521,141
Tmax,72.4698,2018,20180526,146
Tmax,75.4561,2018,20180531,151
Tmax,83.4816,2018,20180605,156
Tmax,74.2425,2018,20180610,161
Tmax,71.7313,2018,20180615,166
Tmax,77.7584,2018,20180620,171
Tmax,82.8828,2018,20180625,176
Tmax,78.273,2018,20180630,181
Tmax,92.9822,2018,20180705,186
Tmax,89.247,2018,20180710,191
Tmax,91.0526,2018,20180715,196
Tmax,91.7687,2018,20180720,201
Tmax,91.4801,2018,20180725,206
Tmax,90.3007,2018,20180730,211
Tmax,85.8059,2018,20180804,216
Tmax,93.0837,2018,20180809,221
Tmax,86.639,2018,20180814,226
Tmax,81.2442,2018,20180819,231
Tmax,75.0173,2018,20180824,236
Tmax,80.0332,2018,20180829,241
Tmax,85.9658,2018,20180903,246
Tmax,79.7105,2018,20180908,251
Tmax,78.1557,2018,20180913,256
Tmax,75.4033,2018,20180918,261
Tmax,67.6276,2018,20180923,266
Tmax,75.402,2018,20180928,271
Tmax,56.6456,2018,20181003,276
Tmax,48.9461,2018,20181008,281
Tmax,52.083,2018,20181013,286
Tmax,65.8192,2018,20181018,291
Tmax,58.6371,2018,20181023,296
Tmax,52.0583,2018,20181028,301
Tmax,49.1254,2018,20181102,306
Tmax,40.3005,2018,20181107,311
Tmax,46.1661,2018,20181112,316
Tmax,43.0892,2018,20181117,321
Tmax,39.3775,2018,20181122,326
Tmax,37.1638,2018,20181127,331
Tmax,26.1215,2018,20181202,336
Tmax,31.7289,2018,20181207,341
Tmax,36.0772,2018,20181212,346
Tmax,40.1902,2018,20181217,351
Tmax,31.1702,2018,20181222,356
Tmax,27.3387,2018,20181227,361
Tmax,24.8416,2019,20190101,1
Tmax,34.7865,2019,20190106,6
Tmax,29.6289,2019,20190111,11
Tmax,37.7947,2019,20190116,16
Tmax,33.1639,2019,20190121,21
Tmax,35.5178,2019,20190126,26
Tmax,41.0685,2019,20190131,31
Tmax,26.2413,2019,20190205,36
Tmax,33.8099,2019,20190210,41
Tmax,30.094,2019,20190215,46
Tmax,28.1421,2019,20190220,51
Tmax,41.8909,2019,20190225,56
Tmax,36.3095,2019,20190302,61
Tmax,39.8972,2019,20190307,66
Tmax,42.551,2019,20190312,71
Tmax,53.8589,2019,20190317,76
Tmax,49.6442,2019,20190322,81
Tmax,51.3312,2019,20190327,86
Tmax,54.5999,2019,20190401,91
Tmax,53.869,2019,20190406,96
Tmax,50.3985,2019,20190411,101
Tmax,63.1676,2019,20190416,106
Tmax,62.6803,2019,20190421,111
Tmax,55.4724,2019,20190426,116
Tmax,62.9745,2019,20190501,121
Tmax,63.5241,2019,20190506,126
Tmax,75.9635,2019,20190511,131
Tmax,56.3822,2019,20190516,136
Tmax,54.8974,2019,20190521,141
Tmax,65.79,2019,20190526,146
Tmax,74.721,2019,20190531,151
Tmax,68.5351,2019,20190605,156
Tmax,79.5398,2019,20190610,161
Tmax,79.4045,2019,20190615,166
Tmax,68.1471,2019,20190620,171
Tmax,81.5366,2019,20190625,176
Tmax,81.0235,2019,20190630,181
Tmax,80.9029,2019,20190705,186
Tmax,91.3071,2019,20190710,191
Tmax,84.3865,2019,20190715,196
Tmax,90.3608,2019,20190720,201
Tmax,87.1551,2019,20190725,206
Tmax,90.9016,2019,20190730,211
Tmax,88.4619,2019,20190804,216
Tmax,81.5876,2019,20190809,221
Tmax,84.5177,2019,20190814,226
Tmax,86.8144,2019,20190819,231
Tmax,83.6067,2019,20190824,236
Tmax,89.8381,2019,20190829,241
Tmax,84.9438,2019,20190903,246
Tmax,66.0784,2019,20190908,251
Tmax,77.2674,2019,20190913,256
Tmax,63.899,2019,20190918,261
Tmax,69.7775,2019,20190923,266
Tmax,49.3502,2019,20190928,271
Tmax,57.3342,2019,20191003,276
Tmax,49.3251,2019,20191008,281
Tmax,64.6845,2019,20191013,286
Tmax,48.1296,2019,20191018,291
Tmax,47.2869,2019,20191023,296
Tmax,33.013,2019,20191028,301
Tmax,53.5947,2019,20191102,306
Tmax,55.7225,2019,20191107,311
Tmax,53.6385,2019,20191112,316
Tmax,49.2554,2019,20191117,321
Tmax,39.3004,2019,20191122,326
Tmax,31.0452,2019,20191127,331
Tmax,35.5384,2019,20191202,336
Tmax,37.9382,2019,20191207,341
Tmax,30.5114,2019,20191212,346
Tmax,31.1815,2019,20191217,351
Tmax,36.0374,2019,20191222,356
Tmax,26.1319,2019,20191227,361
Tmax,34.0879,2020,20200101,1
Tmax,33.5739,2020,20200106,6
Tmax,29.6398,2020,20200111,11
Tmax,32.9284,2020,20200116,16
Tmax,38.6202,2020,20200121,21
Tmax,37.5378,2020,20200126,26
Tmax,34.3761,2020,20200131,31
Tmax,37.8876,2020,20200205,36
Tmax,36.8201,2020,20200210,41
Tmax,33.7715,2020,20200215,46
Tmax,38.9503,2020,20200220,51
Tmax,43.7713,2020,20200225,56
Tmax,45.3542,2020,20200301,61
Tmax,51.5876,2020,20200306,66
Tmax,49.3017,2020,20200311,71
Tmax,50.9484,2020,20200316,76
Tmax,50.1501,2020,20200321,81
Tmax,46.8006,2020,20200326,86
Tmax,45.1372,2020,20200331,91
Tmax,59.3486,2020,20200405,96
Tmax,50.6394,2020,20200410,101
Tmax,53.8818,2020,20200415,106
Tmax,61.8758,2020,20200420,111
Tmax,69.1043,2020,20200425,116
Tmax,64.7223,2020,20200430,121
Tmax,66.9969,2020,20200505,126
Tmax,67.559,2020,20200510,131
Tmax,69.841,2020,20200515,136
Tmax,55.1138,2020,20200520,141
Tmax,78.3986,2020,20200525,146
Tmax,81.1491,2020,20200530,151
Tmax,69.614,2020,20200604,156
Tmax,77.1101,2020,20200609,161
Tmax,64.3078,2020,20200614,166
Tmax,79.656,2020,20200619,171
Tmax,79.8877,2020,20200624,176
Tmax,71.4549,2020,20200629,181
Tmax,83.1274,2020,20200704,186
Tmax,85.1088,2020,20200709,191
Tmax,85.4093,2020,20200714,196
Tmax,86.4979,2020,20200719,201
Tmax,86.4842,2020,20200724,206
Tmax,95.0172,2020,20200729,211
Tmax,87.9685,2020,20200803,216
Tmax,85.6837,2020,20200808,221
Tmax,89.304,2020,20200813,226
Tmax,89.6789,2020,20200818,231
Tmax,87.5758,2020,20200823,236
Tmax,75.9851,2020,20200828,241
Tmax,90.0018,2020,20200902,246
Tmax,71.8573,2020,20200907,251
Tmax,84.6019,2020,20200912,256
Tmax,76.165,2020,20200917,261
Tmax,73.3401,2020,20200922,266
Tmax,71.6593,2020,20200927,271
Tmax,75.1016,2020,20201002,276
Tmax,69.9135,2020,20201007,281
Tmax,58.3961,2020,20201012,286
Tmax,59.3337,2020,20201017,291
Tmax,40.2728,2020,20201022,296
Tmax,55.9296,2020,20201027,301
Tmax,67.2739,2020,20201101,306
Tmax,43.62,2020,20201106,311
Tmax,35.26,2020,20201111,316
Tmax,47.0161,2020,20201116,321
Tmax,37.1479,2020,20201121,326
Tmax,36.2184,2020,20201126,331
Tmax,37.9366,2020,20201201,336
Tmax,42.3533,2020,20201206,341
Tmax,28.6461,2020,20201211,346
Tmax,35.588,2020,20201216,351
Tmax,37.283,2020,20201221,356
Tmax,30.2924,2020,20201226,361
Tmax,29.161,2020,20201231,366
Tmax,34.6523,2021,20210101,1
Tmax,32.3546,2021,20210106,6
Tmax,36.7409,2021,20210111,11
Tmax,36.1293,2021,20210116,16
Tmax,34.8948,2021,20210121,21
Tmax,37.3766,2021,20210126,26
Tmax,41.1362,2021,20210131,31
Tmax,41.3365,2021,20210205,36
Tmax,35.4841,2021,20210210,41
Tmax,34.3416,2021,20210215,46
Tmax,37.8438,2021,20210220,51
Tmax,34.5515,2021,20210225,56
Tmax,50.9553,2021,20210302,61
Tmax,47.2252,2021,20210307,66
Tmax,53.2606,2021,20210312,71
Tmax,52.9156,2021,20210317,76
Tmax,42.3909,2021,20210322,81
Tmax,50.4465,2021,20210327,86
Tmax,65.9077,2021,20210401,91
Tmax,54.8634,2021,20210406,96
Tmax,45.6654,2021,20210411,101
Tmax,54.4816,2021,20210416,106
Tmax,56.5587,2021,20210421,111
Tmax,64.2274,2021,20210426,116
Tmax,64.4089,2021,20210501,121
Tmax,62.8899,2021,20210506,126
Tmax,70.1788,2021,20210511,131
Tmax,72.5183,2021,20210516,136
Tmax,61.0478,2021,20210521,141
Tmax,71.7752,2021,20210526,146
Tmax,87.0481,2021,20210531,151
Tmax,82.4705,2021,20210605,156
Tmax,81.6052,2021,20210610,161
Tmax,89.9321,2021,20210615,166
Tmax,86.7168,2021,20210620,171
Tmax,86.1505,2021,20210625,176
Tmax,91.1448,2021,20210630,181
Tmax,92.2061,2021,20210705,186
Tmax,92.7816,2021,20210710,191
Tmax,93.0876,2021,20210715,196
Tmax,89.9706,2021,20210720,201
Tmax,91.9448,2021,20210725,206
Tmax,83.6033,2021,20210730,211
Tmax,84.2956,2021,20210804,216
Tmax,87.5437,2021,20210809,221
Tmax,84.3014,2021,20210814,226
Tmax,70.5115,2021,20210819,231
Tmax,79.4527,2021,20210824,236
Tmax,80.7079,2021,20210829,241
Tmax,83.6342,2021,20210903,246
Tmax,85.8567,2021,20210908,251
Tmax,76.9177,2021,20210913,256
Tmax,66.9127,2021,20210918,261
Tmax,77.7163,2021,20210923,266
Tmax,64.0566,2021,20210928,271
Tmax,72.1128,2021,20211003,276
Tmax,47.8105,2021,20211008,281
Tmax,53.0006,2021,20211013,286
Tmax,61.014,2021,20211018,291
Tmax,51.2034,2021,20211023,296
Tmax,56.8246,2021,20211028,301
Tmax,56.6459,2021,20211102,306
Tmax,43.9905,2021,20211107,311
Tmax,55.2561,2021,20211112,316
Tmax,40.851,2021,20211117,321
Tmax,44.6759,2021,20211122,326
Tmax,52.0702,2021,20211127,331
Tmax,49.9352,2021,20211202,336
Tmax,36.6013,2021,20211207,341
Tmax,37.5055,2021,20211212,346
Tmax,34.9552,2021,20211217,351
Tmax,35.7857,2021,20211222,356
Tmax,25.0943,2021,20211227,361
Tmax,24.525,2022,20220101,1
Tmax,34.2758,2022,20220106,6
Tmax,32.7736,2022,20220111,11
Tmax,29.2447,2022,20220116,16
Tmax,26.255,2022,20220121,21
Tmax,24.562,2022,20220126,26
Tmax,24.8216,2022,20220131,31
Tmax,33.1969,2022,20220205,36
Tmax,39.2371,2022,20220210,41
Tmax,37.3472,2022,20220215,46
Tmax,26.5736,2022,20220220,51
Tmax,34.1325,2022,20220225,56
Tmax,44.4806,2022,20220302,61
Tmax,31.3043,2022,20220307,66
Tmax,46.9924,2022,20220312,71
Tmax,48.0949,2022,20220317,76
Tmax,62.9257,2022,20220322,81
Tmax,59.8323,2022,20220327,86
Tmax,51.6758,2022,20220401,91
Tmax,53.481,2022,20220406,96
Tmax,39.0469,2022,20220411,101
Tmax,56.2681,2022,20220416,106
Tmax,53.7264,2022,20220421,111
Tmax,58.6363,2022,20220426,116
Tmax,57.759,2022,20220501,121
Tmax,52.5342,2022,20220506,126
Tmax,63.4859,2022,20220511,131
Tmax,66.331,2022,20220516,136
Tmax,62.4766,2022,20220521,141
Tmax,63.2251,2022,20220526,146
Tmax,68.9598,2022,20220531,151
Tmax,71.4208,2022,20220605,156
Tmax,69.6841,2022,20220610,161
Tmax,76.9852,2022,20220615,166
Tmax,77.4491,2022,20220620,171
Tmax,84.5633,2022,20220625,176
Tmax,85.5844,2022,20220630,181
Tmax,90.162,2022,20220705,186
Tmax,90.0237,2022,20220710,191
Tmax,90.391,2022,20220715,196
Tmax,90.869,2022,20220720,201
Tmax,90.9977,2022,20220725,206
Tmax,90.0278,2022,20220730,211
Tmax,82.8951,2022,20220804,216
Tmax,88.9664,2022,20220809,221
Tmax,91.6009,2022,20220814,226
Tmax,86.8709,2022,20220819,231
Tmax,85.6337,2022,20220824,236
Tmax,91.7544,2022,20220829,241
Tmax,97.2049,2022,20220903,246
Tmax,81.7629,2022,20220908,251
Tmax,71.0567,2022,20220913,256
Tmax,77.0439,2022,20220918,261
Tmax,78.2612,2022,20220923,266
Tmax,68.7378,2022,20220928,271
Tmax,73.5208,2022,20221003,276
Tmax,70.6958,2022,20221008,281
Tmax,69.9152,2022,20221013,286
Tmax,66.1743,2022,20221018,291
Tmax,41.3968,2022,20221023,296
Tmax,54.1437,2022,20221028,301
Tmax,41.382,2022,20221102,306
Tmax,36.6255,2022,20221107,311
Tmax,29.9459,2022,20221112,316
Tmax,30.1112,2022,20221117,321
Tmax,38.4775,2022,20221122,326
Tmax,34.3924,2022,20221127,331
Tmax,31.5008,2022,20221202,336
Tmax,33.1506,2022,20221207,341
Tmax,26.0541,2022,20221212,346
Tmax,25.8455,2022,20221217,351
Tmax,27.9824,2022,20221222,356
Tmax,36.7239,2022,20221227,361
Tmax,30.173,2023,20230101,1
Tmax,35.6917,2023,20230106,6
Tmax,37.5451,2023,20230111,11
Tmax,28.6002,2023,20230116,16
Tmax,23.3527,2023,20230121,21
Tmax,23.5,2023,20230126,26
Tmax,23.7913,2023,20230131,31
Tmax,32.491,2023,20230205,36
Tmax,29.991,2023,20230210,41
Tmax,25.6276,2023,20230215,46
Tmax,33.3477,2023,20230220,51
Tmax,41.2925,2023,20230225,56
Tmax,30.0701,2023,20230302,61
Tmax,34.2566,2023,20230307,66
Tmax,40.0791,2023,20230312,71
Tmax,39.5519,2023,20230317,76
Tmax,35.1853,2023,20230322,81
Tmax,39.9825,2023,20230327,86
Tmax,35.6285,2023,20230401,91
Tmax,51.5837,2023,20230406,96
Tmax,50.9415,2023,20230411,101
Tmax,50.8625,2023,20230416,106
Tmax,52.2481,2023,20230421,111
Tmax,70.7653,2023,20230426,116
Tmax,71.581,2023,20230501,121
Tmax,57.7422,2023,20230506,126
Tmax,69.6931,2023,20230511,131
Tmax,76.7223,2023,20230516,136
Tmax,74.949,2023,20230521,141
Tmax,71.4999,2023,20230526,146
Tmax,73.1993,2023,20230531,151
Tmax,77.1903,2023,20230605,156
Tmax,73.0774,2023,20230610,161
Tmax,69.6144,2023,20230615,166
Tmax,71.1443,2023,20230620,171
Tmax,77.3664,2023,20230625,176
Tmax,85.1274,2023,20230630,181
Tmax,85.2938,2023,20230705,186
Tmax,87.047,2023,20230710,191
Tmax,90.8294,2023,20230715,196
Tmax,93.4006,2023,20230720,201
Tmax,90.9354,2023,20230725,206
Tmax,82.4209,2023,20230730,211
Tmax,76.8381,2023,20230804,216
Tmax,84.9057,2023,20230809,221
Tmax,91.2732,2023,20230814,226
Tmax,77.3144,2023,20230819,231
Tmax,85.5547,2023,20230824,236
Tmax,81.1693,2023,20230829,241
Tmax,72.8937,2023,20230903,246
Tmax,81.9274,2023,20230908,251
Tmax,78.2983,2023,20230913,256
Tmax,65.8109,2023,20230918,261
Tmax,71.9356,2023,20230923,266
Tmax,60.661,2023,20230928,271
Tmax,62.4865,2023,20231003,276
Tmax,63.6067,2023,20231008,281
Tmax,65.4264,2023,20231013,286
Tmax,70.6374,2023,20231018,291
Tmax,48.8675,2023,20231023,296
Tmax,43.5287,2023,20231028,301
Tmax,55.9854,2023,20231102,306
Tmax,45.484,2023,20231107,311
Tmax,57.4696,2023,20231112,316
Tmax,44.9289,2023,20231117,321
Tmax,33.6988,2023,20231122,326
Tmax,31.907,2023,20231127,331
Tmax,42.3251,2023,20231202,336
Tmax,33.4826,2023,20231207,341
Tmax,33.9916,2023,20231212,346
Tmax,42.7023,2023,20231217,351
Tmax,30.8204,2023,20231222,356
Tmax,38.6168,2023,20231227,361
Tmax,34.4647,2024,20240101,1
Tmax,27.3515,2024,20240106,6
Tmax,20.8663,2024,20240111,11
Tmax,33.667,2024,20240116,16
Tmax,39.4989,2024,20240121,21
Tmax,44.464,2024,20240126,26
Tmax,43.4524,2024,20240131,31
Tmax,39.2266,2024,20240205,36
Tmax,39.6508,2024,20240210,41
Tmax,36.8357,2024,20240215,46
Tmax,44.8439,2024,20240220,51
Tmax,45.2168,2024,20240225,56
Tmax,34.045,2024,20240301,61
Tmax,35.2854,2024,20240306,66
Tmax,43.224,2024,20240311,71
Tmax,59.9715,2024,20240316,76
Tmax,52.8468,2024,20240321,81
Tmax,47.6845,2024,20240326,86
Tmax,56.2718,2024,20240331,91
Tmax,46.8279,2024,20240405,96
Tmax,67.4681,2024,20240410,101
Tmax,53.4587,2024,20240415,106
Tmax,66.4813,2024,20240420,111
Tmax,58.8655,2024,20240425,116
Tmax,52.7143,2024,20240430,121
Tmax,51.0428,2024,20240505,126
Tmax,69.7165,2024,20240510,131
Tmax,66.9792,2024,20240515,136
Tmax,57.4625,2024,20240520,141
Tmax,68.9991,2024,20240525,146
Tmax,70.0856,2024,20240530,151
Tmax,82.559,2024,20240604,156
Tmax,84.5831,2024,20240609,161
Tmax,69.5377,2024,20240614,166
Tmax,85.5081,2024,20240619,171
Tmax,82.973,2024,20240624,176
Tmax,80.2335,2024,20240629,181
Tmax,83.8903,2024,20240704,186
Tmax,95.5289,2024,20240709,191
Tmax,91.255,2024,20240714,196
Tmax,93.1363,2024,20240719,201
Tmax,87.3357,2024,20240724,206
Tmax,87.1125,2024,20240729,211
Tmax,90.9627,2024,20240803,216
Tmax,86.0087,2024,20240808,221
Tmax,82.5573,2024,20240813,226
Tmax,86.0909,2024,20240818,231
Tmax,76.2678,2024,20240823,236
Tmax,81.4859,2024,20240828,241
Tmax,82.6818,2024,20240902,246
Tmax,85.0805,2024,20240907,251
Tmax,72.1221,2024,20240912,256
Tmax,65.557,2024,20240917,261
Tmax,76.7255,2024,20240922,266
Tmax,77.2866,2024,20240927,271
Tmax,74.5636,2024,20241002,276
Tmax,77.3964,2024,20241007,281
Tmax,75.6701,2024,20241012,286
Tmax,55.9037,2024,20241017,291
Tmax,58.8155,2024,20241022,296
Tmax,47.7349,2024,20241027,301
Tmax,42.2177,2024,20241101,306
Tmax,46.805,2024,20241106,311
Tmax,47.154,2024,20241111,316
Tmax,35.7237,2024,20241116,321
Tmax,45.8461,2024,20241121,326
Tmax,34.4777,2024,20241126,331
Tmax,44.99,2024,20241201,336
Tmax,37.9927,2024,20241206,341
Tmax,36.8808,2024,20241211,346
Tmax,38.9665,2024,20241216,351
Tmax,39.5579,2024,20241221,356
Tmax,35.9445,2024,20241226,361
Tmax,27.6041,2024,20241231,366
Tmax,43.404,2025,20250101,1
Tmax,37.6641,2025,20250106,6
Tmax,36.4555,2025,20250111,11
Tmax,31.5035,2025,20250116,16
Tmax,33.8117,2025,20250121,21
Tmax,37.8214,2025,20250126,26
Tmax,52.0481,2025,20250131,31
Tmax,44.6792,2025,20250205,36
Tmax,33.8335,2025,20250210,41
Tmax,42.6986,2025,20250215,46
Tmax,51.5124,2025,20250220,51
Tmax,55.6309,2025,20250225,56
Tmax,43.3672,2025,20250302,61
Tmax,48.5313,2025,20250307,66
Tmax,44.8396,2025,20250312,71
Tmax,42.4484,2025,20250317,76
Tmax,60.0794,2025,20250322,81
Tmax,52.8423,2025,20250327,86
Tmax,46.8713,2025,20250401,91
Tmax,63.4891,2025,20250406,96
Tmax,63.0379,2025,20250411,101
Tmax,55.2851,2025,20250416,106
Tmax,62.1309,2025,20250421,111
Tmax,60.8273,2025,20250426,116
Tmax,64.8643,2025,20250501,121
Tmax,74.1269,2025,20250506,126
Tmax,61.8742,2025,20250511,131
Tmax,57.2008,2025,20250516,136
Tmax,71.7727,2025,20250521,141
Tmax,80.9266,2025,20250526,146
Tmax,74.7997,2025,20250531,151
Tmax,80.4577,2025,20250605,156
Tmax,83.0362,2025,20250610,161
Tmax,85.9547,2025,20250615,166
Tmax,69.4399,2025,20250620,171
Tmax,83.6491,2025,20250625,176
Tmax,86.8596,2025,20250630,181
Tmax,86.497,2025,20250705,186
Tmax,86.9357,2025,20250710,191
Tmax,87.9862,2025,20250715,196
Tmax,85.6235,2025,20250720,201
Tmax,89.0223,2025,20250725,206
Tmax,87.3173,2025,20250730,211
Tmax,82.3568,2025,20250804,216
Tmax,85.4938,2025,20250809,221
Tmax,88.2706,2025,20250814,226
Tmax,90.6044,2025,20250819,231
Tmax,76.0461,2025,20250824,236
Tmax,85.1295,2025,20250829,241
Tmax,83.796,2025,20250903,246
Tmax,78.0906,2025,20250908,251
Tmax,72.5126,2025,20250913,256
Tmax,74.5993,2025,20250918,261
Tmax,75.8231,2025,20250923,266
Tmax,70.8818,2025,20250928,271
Tmax,56.1572,2025,20251003,276
Tmax,64.4054,2025,20251008,281
Tmax,54.4782,2025,20251013,286
Tmax,56.6036,2025,20251018,291
Tmax,51.163,2025,20251023,296
Tmax,53.7487,2025,20251028,301
Tmax,57.7604,2025,20251102,306
Tmax,54.529,2025,20251107,311
Tmax,59.1307,2025,20251112,316
Tmax,49.359,2025,20251117,321
Tmax,44.8208,2025,20251122,326
Tmax,41.4663,2025,20251127,331
Tmax,37.1721,2025,20251202,336
Tmax,49.905,2025,20251207,341
Tmax,52.4651,2025,20251212,346
Tmax,46.3963,2025,20251217,351
Tmax,50.4235,2025,20251222,356
Tmax,34.801,2025,20251227,361
Tmax,41.5526,2026,20260101,1
Tmax,34.676,2026,20260106,6
Tmax,40.2629,2026,20260111,11
Tmax,34.2912,2026,20260116,16
Tmax,28.6845,2026,20260121,21
Tmax,40.0273,2026,20260126,26
Tmax,50.2968,2026,20260131,31
Tmax,53.7612,2026,20260205,36
Tmax,41.7784,2026,20260210,41
Tmax,41.2,2026,20260215,46
Tmax,42.6517,2026,20260220,51
Tmax,50.7383,2026,20260225,56
Tmax,46.0673,2026,20260302,61
Tmax,48.295,2026,20260307,66
Tmax,54.4974,2026,20260312,71
Tmax,73.5098,2026,20260317,76
Tmax,64.2345,2026,20260322,81
Tmax,64.9817,2026,20260327,86
Tmax,53.8163,2026,20260401,91
Tmax,68.3505,2026,20260406,96
Tmax,54.9636,2026,20260411,101
Tmax,56.9295,2026,20260416,106
Tmax,54.9368,2026,20260421,111
Tmax,56.663,2026,20260426,116
Tmax,70.5946,2026,20260501,121
Tmax,71.8769,2026,20260506,126
Tmax,77.1646,2026,20260511,131
Tmax,59.2484,2026,20260516,136
Tmax,75.0338,2026,20260521,141
Tmax,75.2576,2026,20260526,146
Tmax,75.1244,2026,20260531,151
Tmax,73.5072,2026,20260605,156
Tmax,73.0444,2026,20260610,161
Tmax,83.96,2026,20260615,166
Tmax,84.9396,2026,20260620,171
Tmax,69.9032,2026,20260625,176
Tmax,82.6561,2026,20260630,181
Tmax,89.8459,2026,20260705,186
Tmax,94.1414,2026,20260710,191
Tmax,92.7874,2026,20260715,196
Tmax,93.8823,2026,20260720,201
Tmax,92.5695,2026,20260725,206
Tmax,90.7039,2026,20260730,211
Tmax,91.3908,2026,20260804,216
Tmax,86.566,2026,20260809,221
Tmax,83.2249,2026,20260814,226
Tmax,92.2864,2026,20260819,231
Tmax,86.8134,2026,20260824,236
Tmax,76.9436,2026,20260829,241
Tmax,77.3731,2026,20260903,246
Tmin,23.6716,1980,19800101,1
Tmin,15.725,1980,19800106,6
Tmin,23.1057,1980,19800111,11
Tmin,20.0534,1980,19800116,16
Tmin,11.86,1980,19800121,21
Tmin,1.5881,1980,19800126,26
Tmin,17.4127,1980,19800131,31
Tmin,21.0809,1980,19800205,36
Tmin,19.8899,1980,19800210,41
Tmin,30.6405,1980,19800215,46
Tmin,28.5211,1980,19800220,51
Tmin,30.3531,1980,19800225,56
Tmin,29.119,1980,19800301,61
Tmin,26.8657,1980,19800306,66
Tmin,27.376,1980,19800311,71
Tmin,22.0395,1980,19800316,76
Tmin,24.3363,1980,19800321,81
Tmin,24.5373,1980,19800326,86
Tmin,23.1339,1980,19800331,91
Tmin,27.3342,1980,19800405,96
Tmin,26.6549,1980,19800410,101
Tmin,36.6908,1980,19800415,106
Tmin,41.6484,1980,19800420,111
Tmin,41.003,1980,19800425,116
Tmin,41.2185,1980,19800430,121
Tmin,42.5646,1980,19800505,126
Tmin,36.2255,1980,19800510,131
Tmin,38.6998,1980,19800515,136
Tmin,44.1622,1980,19800520,141
Tmin,36.4816,1980,19800525,146
Tmin,37.5914,1980,19800530,151
Tmin,38.0316,1980,19800604,156
Tmin,46.1873,1980,19800609,161
Tmin,42.0656,1980,19800614,166
Tmin,52.4638,1980,19800619,171
Tmin,44.1045,1980,19800624,176
Tmin,49.9157,1980,19800629,181
Tmin,50.0213,1980,19800704,186
Tmin,51.4883,1980,19800709,191
Tmin,48.5433,1980,19800714,196
Tmin,53.831,1980,19800719,201
Tmin,54.5753,1980,19800724,206
Tmin,55.5853,1980,19800729,211
Tmin,47.706,1980,19800803,216
Tmin,51.753,1980,19800808,221
Tmin,50.2433,1980,19800813,226
Tmin,43.6698,1980,19800818,231
Tmin,51.8552,1980,19800823,236
Tmin,42.9002,1980,19800828,241
Tmin,49.4286,1980,19800902,246
Tmin,48.3534,1980,19800907,251
Tmin,46.098,1980,19800912,256
Tmin,41.876,1980,19800917,261
Tmin,34.8364,1980,19800922,266
Tmin,43.504,1980,19800927,271
Tmin,40.979,1980,19801002,276
Tmin,40.2028,1980,19801007,281
Tmin,30.2698,1980,19801012,286
Tmin,28.5678,1980,19801017,291
Tmin,22.857,1980,19801022,296
Tmin,22.5712,1980,19801027,301
Tmin,35.2489,1980,19801101,306
Tmin,35.2222,1980,19801106,311
Tmin,20.9214,1980,19801111,316
Tmin,14.7083,1980,19801116,321
Tmin,18.8372,1980,19801121,326
Tmin,20.1861,1980,19801126,331
Tmin,27.2106,1980,19801201,336
Tmin,12.7613,1980,19801206,341
Tmin,14.9943,1980,19801211,346
Tmin,18.6856,1980,19801216,351
Tmin,27.547,1980,19801221,356
Tmin,29.8849,1980,19801226,361
Tmin,29.0205,1980,19801231,366
Tmin,21.6951,1981,19810101,1
Tmin,14.3209,1981,19810106,6
Tmin,13.9608,1981,19810111,11
Tmin,19.3351,1981,19810116,16
Tmin,23.5812,1981,19810121,21
Tmin,24.3573,1981,19810126,26
Tmin,10.0598,1981,19810131,31
Tmin,10.4976,1981,19810205,36
Tmin,16.3556,1981,19810210,41
Tmin,27.6921,1981,19810215,46
Tmin,24.478,1981,19810220,51
Tmin,26.9368,1981,19810225,56
Tmin,25.1018,1981,19810302,61
Tmin,25.0164,1981,19810307,66
Tmin,28.1727,1981,19810312,71
Tmin,25.005,1981,19810317,76
Tmin,29.1999,1981,19810322,81
Tmin,26.6343,1981,19810327,86
Tmin,26.408,1981,19810401,91
Tmin,28.6888,1981,19810406,96
Tmin,32.1366,1981,19810411,101
Tmin,39.8018,1981,19810416,106
Tmin,37.4436,1981,19810421,111
Tmin,39.8724,1981,19810426,116
Tmin,39.6019,1981,19810501,121
Tmin,32.3503,1981,19810506,126
Tmin,35.2418,1981,19810511,131
Tmin,39.3662,1981,19810516,136
Tmin,43.2333,1981,19810521,141
Tmin,43.9777,1981,19810526,146
Tmin,43.3239,1981,19810531,151
Tmin,48.6573,1981,19810605,156
Tmin,42.3179,1981,19810610,161
Tmin,41.2105,1981,19810615,166
Tmin,49.2787,1981,19810620,171
Tmin,53.1325,1981,19810625,176
Tmin,53.0188,1981,19810630,181
Tmin,48.7434,1981,19810705,186
Tmin,53.3609,1981,19810710,191
Tmin,50.4404,1981,19810715,196
Tmin,51.0127,1981,19810720,201
Tmin,50.5655,1981,19810725,206
Tmin,51.6868,1981,19810730,211
Tmin,50.5388,1981,19810804,216
Tmin,49.0161,1981,19810809,221
Tmin,54.2837,1981,19810814,226
Tmin,53.5472,1981,19810819,231
Tmin,56.5322,1981,19810824,236
Tmin,47.4041,1981,19810829,241
Tmin,45.6526,1981,19810903,246
Tmin,48.3385,1981,19810908,251
Tmin,47.2912,1981,19810913,256
Tmin,43.8672,1981,19810918,261
Tmin,34.4613,1981,19810923,266
Tmin,39.2431,1981,19810928,271
Tmin,37.21,1981,19811003,276
Tmin,34.405,1981,19811008,281
Tmin,27.3998,1981,19811013,286
Tmin,30.357,1981,19811018,291
Tmin,32.7468,1981,19811023,296
Tmin,28.6369,1981,19811028,301
Tmin,32.7997,1981,19811102,306
Tmin,28.987,1981,19811107,311
Tmin,31.5288,1981,19811112,316
Tmin,26.9794,1981,19811117,321
Tmin,24.1622,1981,19811122,326
Tmin,13.7696,1981,19811127,331
Tmin,25.8134,1981,19811202,336
Tmin,31.539,1981,19811207,341
Tmin,26.4719,1981,19811212,346
Tmin,25.1881,1981,19811217,351
Tmin,14.6601,1981,19811222,356
Tmin,12.0296,1981,19811227,361
Tmin,8.2377,1982,19820101,1
Tmin,-4.4485,1982,19820106,6
Tmin,10.7815,1982,19820111,11
Tmin,20.0659,1982,19820116,16
Tmin,16.5271,1982,19820121,21
Tmin,18.8689,1982,19820126,26
Tmin,5.904,1982,19820131,31
Tmin,-8.2873,1982,19820205,36
Tmin,6.815,1982,19820210,41
Tmin,27.4554,1982,19820215,46
Tmin,25.5331,1982,19820220,51
Tmin,25.4783,1982,19820225,56
Tmin,24.6997,1982,19820302,61
Tmin,29.3538,1982,19820307,66
Tmin,25.5796,1982,19820312,71
Tmin,24.3468,1982,19820317,76
Tmin,27.7014,1982,19820322,81
Tmin,28.5357,1982,19820327,86
Tmin,23.2189,1982,19820401,91
Tmin,20.3572,1982,19820406,96
Tmin,33.0728,1982,19820411,101
Tmin,19.6553,1982,19820416,106
Tmin,31.015,1982,19820421,111
Tmin,35.5098,1982,19820426,116
Tmin,36.4933,1982,19820501,121
Tmin,32.9968,1982,19820506,126
Tmin,32.9627,1982,19820511,131
Tmin,39.1312,1982,19820516,136
Tmin,42.1303,1982,19820521,141
Tmin,35.5853,1982,19820526,146
Tmin,37.6828,1982,19820531,151
Tmin,34.249,1982,19820605,156
Tmin,46.8947,1982,19820610,161
Tmin,46.658,1982,19820615,166
Tmin,52.8152,1982,19820620,171
Tmin,54.3183,1982,19820625,176
Tmin,48.5235,1982,19820630,181
Tmin,45.6382,1982,19820705,186
Tmin,54.5371,1982,19820710,191
Tmin,49.6544,1982,19820715,196
Tmin,61.2709,1982,19820720,201
Tmin,57.3002,1982,19820725,206
Tmin,52.2074,1982,19820730,211
Tmin,54.5356,1982,19820804,216
Tmin,51.3636,1982,19820809,221
Tmin,55.487,1982,19820814,226
Tmin,57.0984,1982,19820819,231
Tmin,51.2926,1982,19820824,236
Tmin,50.0716,1982,19820829,241
Tmin,51.8795,1982,19820903,246
Tmin,43.7382,1982,19820908,251
Tmin,36.9105,1982,19820913,256
Tmin,47.3066,1982,19820918,261
Tmin,45.2933,1982,19820923,266
Tmin,32.5686,1982,19820928,271
Tmin,34.1317,1982,19821003,276
Tmin,29.1525,1982,19821008,281
Tmin,39.8312,1982,19821013,286
Tmin,28.1075,1982,19821018,291
Tmin,35.1992,1982,19821023,296
Tmin,27.3915,1982,19821028,301
Tmin,26.1563,1982,19821102,306
Tmin,27.7171,1982,19821107,311
Tmin,17.3185,1982,19821112,316
Tmin,25.3803,1982,19821117,321
Tmin,9.6237,1982,19821122,326
Tmin,23.15,1982,19821127,331
Tmin,19.1088,1982,19821202,336
Tmin,10.6257,1982,19821207,341
Tmin,16.9036,1982,19821212,346
Tmin,24.7869,1982,19821217,351
Tmin,17.551,1982,19821222,356
Tmin,3.83,1982,19821227,361
Tmin,13.2178,1983,19830101,1
Tmin,26.5119,1983,19830106,6
Tmin,22.4994,1983,19830111,11
Tmin,25.0728,1983,19830116,16
Tmin,22.4628,1983,19830121,21
Tmin,25.391,1983,19830126,26
Tmin,11.2129,1983,19830131,31
Tmin,16.4848,1983,19830205,36
Tmin,25.2907,1983,19830210,41
Tmin,26.3698,1983,19830215,46
Tmin,27.1669,1983,19830220,51
Tmin,30.8526,1983,19830225,56
Tmin,32.4733,1983,19830302,61
Tmin,33.1616,1983,19830307,66
Tmin,29.9006,1983,19830312,71
Tmin,25.7554,1983,19830317,76
Tmin,27.8349,1983,19830322,81
Tmin,30.3058,1983,19830327,86
Tmin,21.2871,1983,19830401,91
Tmin,26.7049,1983,19830406,96
Tmin,27.2735,1983,19830411,101
Tmin,33.0563,1983,19830416,106
Tmin,35.9354,1983,19830421,111
Tmin,31.4989,1983,19830426,116
Tmin,34.8061,1983,19830501,121
Tmin,31.2471,1983,19830506,126
Tmin,29.2072,1983,19830511,131
Tmin,32.8269,1983,19830516,136
Tmin,43.8564,1983,19830521,141
Tmin,52.1258,1983,19830526,146
Tmin,44.1473,1983,19830531,151
Tmin,47.4128,1983,19830605,156
Tmin,40.3375,1983,19830610,161
Tmin,43.8315,1983,19830615,166
Tmin,48.003,1983,19830620,171
Tmin,49.0242,1983,19830625,176
Tmin,44.4843,1983,19830630,181
Tmin,54.0439,1983,19830705,186
Tmin,47.6886,1983,19830710,191
Tmin,46.5591,1983,19830715,196
Tmin,53.5998,1983,19830720,201
Tmin,55.1109,1983,19830725,206
Tmin,57.7936,1983,19830730,211
Tmin,61.1249,1983,19830804,216
Tmin,57.9458,1983,19830809,221
Tmin,56.0639,1983,19830814,226
Tmin,50.39,1983,19830819,231
Tmin,51.9304,1983,19830824,236
Tmin,53.8151,1983,19830829,241
Tmin,46.8535,1983,19830903,246
Tmin,44.0195,1983,19830908,251
Tmin,47.2426,1983,19830913,256
Tmin,29.8451,1983,19830918,261
Tmin,45.7172,1983,19830923,266
Tmin,39.4621,1983,19830928,271
Tmin,39.7715,1983,19831003,276
Tmin,37.7667,1983,19831008,281
Tmin,32.5766,1983,19831013,286
Tmin,33.4473,1983,19831018,291
Tmin,31.7112,1983,19831023,296
Tmin,39.0384,1983,19831028,301
Tmin,40.5507,1983,19831102,306
Tmin,28.5968,1983,19831107,311
Tmin,29.6477,1983,19831112,316
Tmin,24.5033,1983,19831117,321
Tmin,17.6377,1983,19831122,326
Tmin,13.9216,1983,19831127,331
Tmin,11.7861,1983,19831202,336
Tmin,27.6548,1983,19831207,341
Tmin,19.5915,1983,19831212,346
Tmin,6.5661,1983,19831217,351
Tmin,0.0201,1983,19831222,356
Tmin,9.207,1983,19831227,361
Tmin,11.5601,1984,19840101,1
Tmin,12.6299,1984,19840106,6
Tmin,12.2244,1984,19840111,11
Tmin,-10.9602,1984,19840116,16
Tmin,11.9686,1984,19840121,21
Tmin,14.1211,1984,19840126,26
Tmin,7.7447,1984,19840131,31
Tmin,9.2202,1984,19840205,36
Tmin,16.8482,1984,19840210,41
Tmin,12.22,1984,19840215,46
Tmin,6.5032,1984,19840220,51
Tmin,9.9956,1984,19840225,56
Tmin,14.4501,1984,19840301,61
Tmin,18.2859,1984,19840306,66
Tmin,27.1121,1984,19840311,71
Tmin,25.8328,1984,19840316,76
Tmin,27.3554,1984,19840321,81
Tmin,26.4793,1984,19840326,86
Tmin,27.5062,1984,19840331,91
Tmin,30.931,1984,19840405,96
Tmin,25.1399,1984,19840410,101
Tmin,36.6115,1984,19840415,106
Tmin,30.8632,1984,19840420,111
Tmin,25.0422,1984,19840425,116
Tmin,33.2789,1984,19840430,121
Tmin,31.4172,1984,19840505,126
Tmin,48.4053,1984,19840510,131
Tmin,38.5325,1984,19840515,136
Tmin,43.3218,1984,19840520,141
Tmin,39.4129,1984,19840525,146
Tmin,39.6191,1984,19840530,151
Tmin,37.4745,1984,19840604,156
Tmin,37.4575,1984,19840609,161
Tmin,48.4516,1984,19840614,166
Tmin,46.1838,1984,19840619,171
Tmin,54.4723,1984,19840624,176
Tmin,47.6962,1984,19840629,181
Tmin,54.1549,1984,19840704,186
Tmin,51.2263,1984,19840709,191
Tmin,53.8961,1984,19840714,196
Tmin,55.8143,1984,19840719,201
Tmin,57.9134,1984,19840724,206
Tmin,55.0644,1984,19840729,211
Tmin,53.8155,1984,19840803,216
Tmin,55.5845,1984,19840808,221
Tmin,56.1208,1984,19840813,226
Tmin,51.1999,1984,19840818,231
Tmin,53.5245,1984,19840823,236
Tmin,47.845,1984,19840828,241
Tmin,48.2961,1984,19840902,246
Tmin,42.5977,1984,19840907,251
Tmin,46.1748,1984,19840912,256
Tmin,49.8036,1984,19840917,261
Tmin,29.003,1984,19840922,266
Tmin,33.4162,1984,19840927,271
Tmin,41.7251,1984,19841002,276
Tmin,45.2486,1984,19841007,281
Tmin,27.0073,1984,19841012,286
Tmin,18.2876,1984,19841017,291
Tmin,24.4622,1984,19841022,296
Tmin,23.5873,1984,19841027,301
Tmin,27.9559,1984,19841101,306
Tmin,28.9369,1984,19841106,311
Tmin,30.4104,1984,19841111,316
Tmin,24.1468,1984,19841116,321
Tmin,25.4313,1984,19841121,326
Tmin,17.2981,1984,19841126,331
Tmin,7.6834,1984,19841201,336
Tmin,13.2672,1984,19841206,341
Tmin,10.1194,1984,19841211,346
Tmin,1.4537,1984,19841216,351
Tmin,10.5686,1984,19841221,356
Tmin,13.685,1984,19841226,361
Tmin,11.2859,1984,19841231,366
Tmin,3.3496,1985,19850101,1
Tmin,12.9786,1985,19850106,6
Tmin,0.865,1985,19850111,11
Tmin,8.6335,1985,19850116,16
Tmin,2.4967,1985,19850121,21
Tmin,0.1213,1985,19850126,26
Tmin,-9.5191,1985,19850131,31
Tmin,3.7111,1985,19850205,36
Tmin,9.6286,1985,19850210,41
Tmin,9.3539,1985,19850215,46
Tmin,13.0694,1985,19850220,51
Tmin,10.8818,1985,19850225,56
Tmin,9.4504,1985,19850302,61
Tmin,10.5828,1985,19850307,66
Tmin,14.0398,1985,19850312,71
Tmin,20.6972,1985,19850317,76
Tmin,21.2437,1985,19850322,81
Tmin,16.373,1985,19850327,86
Tmin,29.4057,1985,19850401,91
Tmin,32.994,1985,19850406,96
Tmin,41.0108,1985,19850411,101
Tmin,36.4823,1985,19850416,106
Tmin,25.8025,1985,19850421,111
Tmin,34.849,1985,19850426,116
Tmin,40.6611,1985,19850501,121
Tmin,41.2773,1985,19850506,126
Tmin,28.5247,1985,19850511,131
Tmin,43.3601,1985,19850516,136
Tmin,46.6369,1985,19850521,141
Tmin,42.737,1985,19850526,146
Tmin,40.6379,1985,19850531,151
Tmin,49.1259,1985,19850605,156
Tmin,46.4403,1985,19850610,161
Tmin,50.6916,1985,19850615,166
Tmin,49.7251,1985,19850620,171
Tmin,43.756,1985,19850625,176
Tmin,55.2689,1985,19850630,181
Tmin,60.117,1985,19850705,186
Tmin,59.2513,1985,19850710,191
Tmin,56.2251,1985,19850715,196
Tmin,52.9161,1985,19850720,201
Tmin,53.0012,1985,19850725,206
Tmin,46.9145,1985,19850730,211
Tmin,51.4018,1985,19850804,216
Tmin,39.1835,1985,19850809,221
Tmin,45.9068,1985,19850814,226
Tmin,47.5668,1985,19850819,231
Tmin,54.403,1985,19850824,236
Tmin,54.1703,1985,19850829,241
Tmin,47.2153,1985,19850903,246
Tmin,42.8385,1985,19850908,251
Tmin,40.3593,1985,19850913,256
Tmin,35.3153,1985,19850918,261
Tmin,33.8243,1985,19850923,266
Tmin,26.8353,1985,19850928,271
Tmin,33.1429,1985,19851003,276
Tmin,23.3523,1985,19851008,281
Tmin,27.247,1985,19851013,286
Tmin,34.2675,1985,19851018,291
Tmin,34.8623,1985,19851023,296
Tmin,30.1126,1985,19851028,301
Tmin,32.789,1985,19851102,306
Tmin,24.5346,1985,19851107,311
Tmin,12.2754,1985,19851112,316
Tmin,11.1907,1985,19851117,321
Tmin,5.6417,1985,19851122,326
Tmin,8.7706,1985,19851127,331
Tmin,15.8128,1985,19851202,336
Tmin,10.1249,1985,19851207,341
Tmin,-0.1574,1985,19851212,346
Tmin,2.1051,1985,19851217,351
Tmin,0.026,1985,19851222,356
Tmin,0.804,1985,19851227,361
Tmin,9.5521,1986,19860101,1
Tmin,8.2602,1986,19860106,6
Tmin,12.4116,1986,19860111,11
Tmin,23.3763,1986,19860116,16
Tmin,14.4013,1986,19860121,21
Tmin,20.4605,1986,19860126,26
Tmin,27.4941,1986,19860131,31
Tmin,12.3801,1986,19860205,36
Tmin,18.2104,1986,19860210,41
Tmin,33.1337,1986,19860215,46
Tmin,30.4706,1986,19860220,51
Tmin,32.8949,1986,19860225,56
Tmin,30.8564,1986,19860302,61
Tmin,33.0439,1986,19860307,66
Tmin,26.2701,1986,19860312,71
Tmin,26.9335,1986,19860317,76
Tmin,32.6289,1986,19860322,81
Tmin,38.1212,1986,19860327,86
Tmin,29.6664,1986,19860401,91
Tmin,36.445,1986,19860406,96
Tmin,30.4134,1986,19860411,101
Tmin,29.0222,1986,19860416,106
Tmin,37.6505,1986,19860421,111
Tmin,29.809,1986,19860426,116
Tmin,39.0337,1986,19860501,121
Tmin,33.1625,1986,19860506,126
Tmin,29.3178,1986,19860511,131
Tmin,38.9812,1986,19860516,136
Tmin,36.0312,1986,19860521,141
Tmin,53.3946,1986,19860526,146
Tmin,53.7188,1986,19860531,151
Tmin,44.3764,1986,19860605,156
Tmin,47.9571,1986,19860610,161
Tmin,48.8081,1986,19860615,166
Tmin,46.4151,1986,19860620,171
Tmin,55.9151,1986,19860625,176
Tmin,51.4845,1986,19860630,181
Tmin,45.2806,1986,19860705,186
Tmin,50.0336,1986,19860710,191
Tmin,50.6368,1986,19860715,196
Tmin,55.037,1986,19860720,201
Tmin,52.7936,1986,19860725,206
Tmin,49.5345,1986,19860730,211
Tmin,54.1431,1986,19860804,216
Tmin,51.4861,1986,19860809,221
Tmin,52.3198,1986,19860814,226
Tmin,52.2237,1986,19860819,231
Tmin,54.1747,1986,19860824,236
Tmin,47.9444,1986,19860829,241
Tmin,48.2783,1986,19860903,246
Tmin,41.8982,1986,19860908,251
Tmin,44.2956,1986,19860913,256
Tmin,34.6223,1986,19860918,261
Tmin,34.8391,1986,19860923,266
Tmin,30.3154,1986,19860928,271
Tmin,34.5137,1986,19861003,276
Tmin,31.0107,1986,19861008,281
Tmin,29.9242,1986,19861013,286
Tmin,33.8842,1986,19861018,291
Tmin,35.2565,1986,19861023,296
Tmin,29.6326,1986,19861028,301
Tmin,27.5439,1986,19861102,306
Tmin,16.6276,1986,19861107,311
Tmin,25.3434,1986,19861112,316
Tmin,29.8098,1986,19861117,321
Tmin,21.9571,1986,19861122,326
Tmin,24.1889,1986,19861127,331
Tmin,22.4827,1986,19861202,336
Tmin,10.0314,1986,19861207,341
Tmin,13.1179,1986,19861212,346
Tmin,10.6843,1986,19861217,351
Tmin,14.3163,1986,19861222,356
Tmin,10.4945,1986,19861227,361
Tmin,18.2121,1987,19870101,1
Tmin,6.1339,1987,19870106,6
Tmin,5.1737,1987,19870111,11
Tmin,-2.1905,1987,19870116,16
Tmin,8.3223,1987,19870121,21
Tmin,23.6267,1987,19870126,26
Tmin,24.5979,1987,19870131,31
Tmin,24.0321,1987,19870205,36
Tmin,30.2043,1987,19870210,41
Tmin,22.2071,1987,19870215,46
Tmin,18.3486,1987,19870220,51
Tmin,15.0349,1987,19870225,56
Tmin,32.3248,1987,19870302,61
Tmin,32.6324,1987,19870307,66
Tmin,29.4928,1987,19870312,71
Tmin,24.6243,1987,19870317,76
Tmin,26.8637,1987,19870322,81
Tmin,18.8078,1987,19870327,86
Tmin,29.4012,1987,19870401,91
Tmin,29.3303,1987,19870406,96
Tmin,27.6344,1987,19870411,101
Tmin,32.0433,1987,19870416,106
Tmin,38.7784,1987,19870421,111
Tmin,47.0001,1987,19870426,116
Tmin,35.9014,1987,19870501,121
Tmin,48.4337,1987,19870506,126
Tmin,48.5115,1987,19870511,131
Tmin,41.9452,1987,19870516,136
Tmin,38.2147,1987,19870521,141
Tmin,39.9939,1987,19870526,146
Tmin,37.582,1987,19870531,151
Tmin,51.4939,1987,19870605,156
Tmin,52.3483,1987,19870610,161
Tmin,46.2783,1987,19870615,166
Tmin,45.2107,1987,19870620,171
Tmin,53.4973,1987,19870625,176
Tmin,55.3218,1987,19870630,181
Tmin,51.3565,1987,19870705,186
Tmin,47.6241,1987,19870710,191
Tmin,52.0467,1987,19870715,196
Tmin,46.6647,1987,19870720,201
Tmin,58.7813,1987,19870725,206
Tmin,51.9373,1987,19870730,211
Tmin,50.4713,1987,19870804,216
Tmin,50.169,1987,19870809,221
Tmin,41.3836,1987,19870814,226
Tmin,53.2321,1987,19870819,231
Tmin,46.6353,1987,19870824,236
Tmin,50.8528,1987,19870829,241
Tmin,40.6041,1987,19870903,246
Tmin,42.2002,1987,19870908,251
Tmin,39.311,1987,19870913,256
Tmin,39.317,1987,19870918,261
Tmin,42.1743,1987,19870923,266
Tmin,38.5632,1987,19870928,271
Tmin,40.1526,1987,19871003,276
Tmin,34.2008,1987,19871008,281
Tmin,28.768,1987,19871013,286
Tmin,25.4986,1987,19871018,291
Tmin,29.3731,1987,19871023,296
Tmin,34.6405,1987,19871028,301
Tmin,36.8092,1987,19871102,306
Tmin,32.2044,1987,19871107,311
Tmin,25.6215,1987,19871112,316
Tmin,19.0432,1987,19871117,321
Tmin,20.4873,1987,19871122,326
Tmin,16.6803,1987,19871127,331
Tmin,33.1802,1987,19871202,336
Tmin,23.8558,1987,19871207,341
Tmin,10.1187,1987,19871212,346
Tmin,13.73,1987,19871217,351
Tmin,7.1641,1987,19871222,356
Tmin,7.833,1987,19871227,361
Tmin,2.3538,1988,19880101,1
Tmin,16.5686,1988,19880106,6
Tmin,18.3209,1988,19880111,11
Tmin,7.7719,1988,19880116,16
Tmin,7.2702,1988,19880121,21
Tmin,19.6209,1988,19880126,26
Tmin,12.7,1988,19880131,31
Tmin,14.0286,1988,19880205,36
Tmin,24.7457,1988,19880210,41
Tmin,23.5988,1988,19880215,46
Tmin,18.7359,1988,19880220,51
Tmin,23.5831,1988,19880225,56
Tmin,26.797,1988,19880301,61
Tmin,21.9301,1988,19880306,66
Tmin,20.1922,1988,19880311,71
Tmin,25.984,1988,19880316,76
Tmin,28.3204,1988,19880321,81
Tmin,21.1125,1988,19880326,86
Tmin,26.9086,1988,19880331,91
Tmin,27.1267,1988,19880405,96
Tmin,36.3281,1988,19880410,101
Tmin,41.3201,1988,19880415,106
Tmin,33.3951,1988,19880420,111
Tmin,32.3054,1988,19880425,116
Tmin,26.3191,1988,19880430,121
Tmin,35.8243,1988,19880505,126
Tmin,41.2176,1988,19880510,131
Tmin,37.7789,1988,19880515,136
Tmin,41.8905,1988,19880520,141
Tmin,46.5938,1988,19880525,146
Tmin,38.3234,1988,19880530,151
Tmin,46.3669,1988,19880604,156
Tmin,42.6776,1988,19880609,161
Tmin,50.9711,1988,19880614,166
Tmin,60.6085,1988,19880619,171
Tmin,61.173,1988,19880624,176
Tmin,49.6495,1988,19880629,181
Tmin,52.0912,1988,19880704,186
Tmin,55.589,1988,19880709,191
Tmin,55.6585,1988,19880714,196
Tmin,54.7555,1988,19880719,201
Tmin,58.9668,1988,19880724,206
Tmin,55.1354,1988,19880729,211
Tmin,48.8348,1988,19880803,216
Tmin,50.9727,1988,19880808,221
Tmin,48.2535,1988,19880813,226
Tmin,48.451,1988,19880818,231
Tmin,51.3036,1988,19880823,236
Tmin,50.2345,1988,19880828,241
Tmin,52.4909,1988,19880902,246
Tmin,43.7323,1988,19880907,251
Tmin,38.4559,1988,19880912,256
Tmin,32.9452,1988,19880917,261
Tmin,40.115,1988,19880922,266
Tmin,36.9294,1988,19880927,271
Tmin,46.0191,1988,19881002,276
Tmin,40.3109,1988,19881007,281
Tmin,38.0755,1988,19881012,286
Tmin,35.1772,1988,19881017,291
Tmin,33.3576,1988,19881022,296
Tmin,32.6067,1988,19881027,301
Tmin,35.592,1988,19881101,306
Tmin,30.1363,1988,19881106,311
Tmin,25.8845,1988,19881111,316
Tmin,22.0194,1988,19881116,321
Tmin,25.1625,1988,19881121,326
Tmin,15.8951,1988,19881126,331
Tmin,15.5407,1988,19881201,336
Tmin,17.726,1988,19881206,341
Tmin,17.2198,1988,19881211,346
Tmin,11.5923,1988,19881216,351
Tmin,17.2144,1988,19881221,356
Tmin,2.1814,1988,19881226,361
Tmin,14.835,1988,19881231,366
Tmin,9.5763,1989,19890101,1
Tmin,5.7197,1989,19890106,6
Tmin,5.7401,1989,19890111,11
Tmin,14.5606,1989,19890116,16
Tmin,8.9548,1989,19890121,21
Tmin,5.5129,1989,19890126,26
Tmin,8.9415,1989,19890131,31
Tmin,-9.7412,1989,19890205,36
Tmin,10.9427,1989,19890210,41
Tmin,13.4026,1989,19890215,46
Tmin,22.1799,1989,19890220,51
Tmin,22.6136,1989,19890225,56
Tmin,19.294,1989,19890302,61
Tmin,36.2315,1989,19890307,66
Tmin,25.8343,1989,19890312,71
Tmin,26.629,1989,19890317,76
Tmin,33.9349,1989,19890322,81
Tmin,29.2147,1989,19890327,86
Tmin,27.2627,1989,19890401,91
Tmin,32.8296,1989,19890406,96
Tmin,36.5637,1989,19890411,101
Tmin,41.2236,1989,19890416,106
Tmin,38.5772,1989,19890421,111
Tmin,29.0246,1989,19890426,116
Tmin,37.2218,1989,19890501,121
Tmin,49.5613,1989,19890506,126
Tmin,37.4248,1989,19890511,131
Tmin,32.9033,1989,19890516,136
Tmin,37.0244,1989,19890521,141
Tmin,36.9737,1989,19890526,146
Tmin,40.6908,1989,19890531,151
Tmin,47.6584,1989,19890605,156
Tmin,48.9757,1989,19890610,161
Tmin,50.299,1989,19890615,166
Tmin,36.6225,1989,19890620,171
Tmin,49.0817,1989,19890625,176
Tmin,50.9424,1989,19890630,181
Tmin,56.3904,1989,19890705,186
Tmin,52.3932,1989,19890710,191
Tmin,50.8602,1989,19890715,196
Tmin,60.1297,1989,19890720,201
Tmin,59.2085,1989,19890725,206
Tmin,54.8255,1989,19890730,211
Tmin,52.4653,1989,19890804,216
Tmin,54.98,1989,19890809,221
Tmin,52.8609,1989,19890814,226
Tmin,49.7519,1989,19890819,231
Tmin,40.4421,1989,19890824,236
Tmin,45.7102,1989,19890829,241
Tmin,41.9588,1989,19890903,246
Tmin,37.4195,1989,19890908,251
Tmin,42.5311,1989,19890913,256
Tmin,39.2991,1989,19890918,261
Tmin,46.8865,1989,19890923,266
Tmin,43.2942,1989,19890928,271
Tmin,32.4454,1989,19891003,276
Tmin,37.4425,1989,19891008,281
Tmin,33.2908,1989,19891013,286
Tmin,34.4093,1989,19891018,291
Tmin,31.9737,1989,19891023,296
Tmin,17.5513,1989,19891028,301
Tmin,24.3412,1989,19891102,306
Tmin,29.7788,1989,19891107,311
Tmin,25.6228,1989,19891112,316
Tmin,26.0442,1989,19891117,321
Tmin,24.8062,1989,19891122,326
Tmin,13.1145,1989,19891127,331
Tmin,21.4068,1989,19891202,336
Tmin,20.1875,1989,19891207,341
Tmin,16.1169,1989,19891212,346
Tmin,13.8683,1989,19891217,351
Tmin,12.6248,1989,19891222,356
Tmin,12.5143,1989,19891227,361
Tmin,11.6886,1990,19900101,1
Tmin,24.5378,1990,19900106,6
Tmin,29.2968,1990,19900111,11
Tmin,17.4214,1990,19900116,16
Tmin,15.2,1990,19900121,21
Tmin,20.5648,1990,19900126,26
Tmin,18.8118,1990,19900131,31
Tmin,17.216,1990,19900205,36
Tmin,17.5086,1990,19900210,41
Tmin,9.8459,1990,19900215,46
Tmin,19.7254,1990,19900220,51
Tmin,19.6947,1990,19900225,56
Tmin,26.5049,1990,19900302,61
Tmin,27.1127,1990,19900307,66
Tmin,21.0774,1990,19900312,71
Tmin,31.7624,1990,19900317,76
Tmin,27.2165,1990,19900322,81
Tmin,31.3844,1990,19900327,86
Tmin,37.3366,1990,19900401,91
Tmin,31.7191,1990,19900406,96
Tmin,37.1314,1990,19900411,101
Tmin,40.6871,1990,19900416,106
Tmin,37.4899,1990,19900421,111
Tmin,26.2846,1990,19900426,116
Tmin,33.106,1990,19900501,121
Tmin,33.041,1990,19900506,126
Tmin,36.4339,1990,19900511,131
Tmin,37.4613,1990,19900516,136
Tmin,40.7427,1990,19900521,141
Tmin,42.495,1990,19900526,146
Tmin,38.2108,1990,19900531,151
Tmin,42.5174,1990,19900605,156
Tmin,40.9187,1990,19900610,161
Tmin,43.0117,1990,19900615,166
Tmin,50.5629,1990,19900620,171
Tmin,55.859,1990,19900625,176
Tmin,54.029,1990,19900630,181
Tmin,52.6988,1990,19900705,186
Tmin,56.1768,1990,19900710,191
Tmin,55.9285,1990,19900715,196
Tmin,52.8306,1990,19900720,201
Tmin,48.3412,1990,19900725,206
Tmin,48.9937,1990,19900730,211
Tmin,54.9947,1990,19900804,216
Tmin,56.0049,1990,19900809,221
Tmin,51.6156,1990,19900814,226
Tmin,43.2333,1990,19900819,231
Tmin,46.7809,1990,19900824,236
Tmin,49.5537,1990,19900829,241
Tmin,53.48,1990,19900903,246
Tmin,53.6866,1990,19900908,251
Tmin,46.6224,1990,19900913,256
Tmin,42.4523,1990,19900918,261
Tmin,44.7593,1990,19900923,266
Tmin,43.0511,1990,19900928,271
Tmin,32.6597,1990,19901003,276
Tmin,25.743,1990,19901008,281
Tmin,31.2137,1990,19901013,286
Tmin,26.818,1990,19901018,291
Tmin,34.477,1990,19901023,296
Tmin,35.8362,1990,19901028,301
Tmin,20.9368,1990,19901102,306
Tmin,25.0902,1990,19901107,311
Tmin,28.5315,1990,19901112,316
Tmin,27.4392,1990,19901117,321
Tmin,24.4512,1990,19901122,326
Tmin,15.4223,1990,19901127,331
Tmin,14.408,1990,19901202,336
Tmin,17.7343,1990,19901207,341
Tmin,5.8624,1990,19901212,346
Tmin,1.6793,1990,19901217,351
Tmin,-17.2689,1990,19901222,356
Tmin,-6.2877,1990,19901227,361
Tmin,-0.1419,1991,19910101,1
Tmin,6.079,1991,19910106,6
Tmin,21.3039,1991,19910111,11
Tmin,16.8451,1991,19910116,16
Tmin,9.7079,1991,19910121,21
Tmin,8.2277,1991,19910126,26
Tmin,16.2564,1991,19910131,31
Tmin,23.7126,1991,19910205,36
Tmin,25.2482,1991,19910210,41
Tmin,26.3056,1991,19910215,46
Tmin,28.0798,1991,19910220,51
Tmin,26.8677,1991,19910225,56
Tmin,26.5339,1991,19910302,61
Tmin,22.5343,1991,19910307,66
Tmin,23.9897,1991,19910312,71
Tmin,29.1818,1991,19910317,76
Tmin,28.3814,1991,19910322,81
Tmin,24.9369,1991,19910327,86
Tmin,36.1972,1991,19910401,91
Tmin,27.7323,1991,19910406,96
Tmin,26.6473,1991,19910411,101
Tmin,30.9227,1991,19910416,106
Tmin,36.3474,1991,19910421,111
Tmin,27.6813,1991,19910426,116
Tmin,33.627,1991,19910501,121
Tmin,36.5469,1991,19910506,126
Tmin,35.3729,1991,19910511,131
Tmin,39.5014,1991,19910516,136
Tmin,45.6472,1991,19910521,141
Tmin,37.9509,1991,19910526,146
Tmin,42.3389,1991,19910531,151
Tmin,42.5327,1991,19910605,156
Tmin,47.2722,1991,19910610,161
Tmin,43.4047,1991,19910615,166
Tmin,47.7942,1991,19910620,171
Tmin,46.3529,1991,19910625,176
Tmin,46.6827,1991,19910630,181
Tmin,54.8089,1991,19910705,186
Tmin,53.0406,1991,19910710,191
Tmin,53.3013,1991,19910715,196
Tmin,55.2116,1991,19910720,201
Tmin,52.8211,1991,19910725,206
Tmin,53.664,1991,19910730,211
Tmin,52.3151,1991,19910804,216
Tmin,54.8424,1991,19910809,221
Tmin,53.7327,1991,19910814,226
Tmin,56.5135,1991,19910819,231
Tmin,56.6517,1991,19910824,236
Tmin,52.3762,1991,19910829,241
Tmin,51.9136,1991,19910903,246
Tmin,44.001,1991,19910908,251
Tmin,37.1484,1991,19910913,256
Tmin,38.486,1991,19910918,261
Tmin,41.5419,1991,19910923,266
Tmin,44.2174,1991,19910928,271
Tmin,33.8671,1991,19911003,276
Tmin,41.7257,1991,19911008,281
Tmin,38.7837,1991,19911013,286
Tmin,31.1463,1991,19911018,291
Tmin,23.3284,1991,19911023,296
Tmin,15.7821,1991,19911028,301
Tmin,16.079,1991,19911102,306
Tmin,30.3062,1991,19911107,311
Tmin,27.8635,1991,19911112,316
Tmin,26.5104,1991,19911117,321
Tmin,22.4794,1991,19911122,326
Tmin,15.1052,1991,19911127,331
Tmin,18.0817,1991,19911202,336
Tmin,20.3629,1991,19911207,341
Tmin,15.9661,1991,19911212,346
Tmin,16.808,1991,19911217,351
Tmin,12.8107,1991,19911222,356
Tmin,17.9013,1991,19911227,361
Tmin,14.1681,1992,19920101,1
Tmin,14.7017,1992,19920106,6
Tmin,10.378,1992,19920111,11
Tmin,9.4764,1992,19920116,16
Tmin,14.0645,1992,19920121,21
Tmin,23.2587,1992,19920126,26
Tmin,22.7097,1992,19920131,31
Tmin,23.1069,1992,19920205,36
Tmin,26.1836,1992,19920210,41
Tmin,25.2402,1992,19920215,46
Tmin,27.649,1992,19920220,51
Tmin,29.6262,1992,19920225,56
Tmin,32.2538,1992,19920301,61
Tmin,26.6166,1992,19920306,66
Tmin,31.6989,1992,19920311,71
Tmin,28.4148,1992,19920316,76
Tmin,26.6342,1992,19920321,81
Tmin,31.0676,1992,19920326,86
Tmin,35.1185,1992,19920331,91
Tmin,30.0577,1992,19920405,96
Tmin,40.026,1992,19920410,101
Tmin,34.2831,1992,19920415,106
Tmin,29.4846,1992,19920420,111
Tmin,41.7659,1992,19920425,116
Tmin,38.6334,1992,19920430,121
Tmin,46.9346,1992,19920505,126
Tmin,37.519,1992,19920510,131
Tmin,44.9844,1992,19920515,136
Tmin,42.5454,1992,19920520,141
Tmin,44.9997,1992,19920525,146
Tmin,43.5898,1992,19920530,151
Tmin,43.4972,1992,19920604,156
Tmin,49.2308,1992,19920609,161
Tmin,37.8581,1992,19920614,166
Tmin,54.9085,1992,19920619,171
Tmin,54.7452,1992,19920624,176
Tmin,45.6607,1992,19920629,181
Tmin,51.0503,1992,19920704,186
Tmin,48.2541,1992,19920709,191
Tmin,52.0264,1992,19920714,196
Tmin,53.1388,1992,19920719,201
Tmin,51.7345,1992,19920724,206
Tmin,55.4983,1992,19920729,211
Tmin,55.8843,1992,19920803,216
Tmin,54.2406,1992,19920808,221
Tmin,60.0094,1992,19920813,226
Tmin,55.6735,1992,19920818,231
Tmin,33.9972,1992,19920823,236
Tmin,46.9113,1992,19920828,241
Tmin,45.864,1992,19920902,246
Tmin,39.9699,1992,19920907,251
Tmin,40.6092,1992,19920912,256
Tmin,41.2854,1992,19920917,261
Tmin,40.2345,1992,19920922,266
Tmin,43.9783,1992,19920927,271
Tmin,38.9727,1992,19921002,276
Tmin,32.3872,1992,19921007,281
Tmin,32.2625,1992,19921012,286
Tmin,37.01,1992,19921017,291
Tmin,37.2111,1992,19921022,296
Tmin,35.5114,1992,19921027,301
Tmin,26.4229,1992,19921101,306
Tmin,24.28,1992,19921106,311
Tmin,23.1573,1992,19921111,316
Tmin,24.2379,1992,19921116,321
Tmin,11.1813,1992,19921121,326
Tmin,6.7364,1992,19921126,331
Tmin,5.8323,1992,19921201,336
Tmin,13.4777,1992,19921206,341
Tmin,15.4198,1992,19921211,346
Tmin,6.6264,1992,19921216,351
Tmin,16.535,1992,19921221,356
Tmin,18.668,1992,19921226,361
Tmin,14.6767,1992,19921231,366
Tmin,7.537,1993,19930101,1
Tmin,5.9949,1993,19930106,6
Tmin,6.3308,1993,19930111,11
Tmin,11.9137,1993,19930116,16
Tmin,14.2548,1993,19930121,21
Tmin,6.7135,1993,19930126,26
Tmin,5.7828,1993,19930131,31
Tmin,13.0106,1993,19930205,36
Tmin,17.9775,1993,19930210,41
Tmin,10.6745,1993,19930215,46
Tmin,15.1511,1993,19930220,51
Tmin,5.6785,1993,19930225,56
Tmin,17.0306,1993,19930302,61
Tmin,20.4962,1993,19930307,66
Tmin,22.4661,1993,19930312,71
Tmin,32.525,1993,19930317,76
Tmin,34.7549,1993,19930322,81
Tmin,34.3267,1993,19930327,86
Tmin,32.5893,1993,19930401,91
Tmin,30.1229,1993,19930406,96
Tmin,27.2904,1993,19930411,101
Tmin,31.0527,1993,19930416,106
Tmin,35.1034,1993,19930421,111
Tmin,32.6071,1993,19930426,116
Tmin,33.6928,1993,19930501,121
Tmin,31.9235,1993,19930506,126
Tmin,47.1245,1993,19930511,131
Tmin,49.1748,1993,19930516,136
Tmin,44.0452,1993,19930521,141
Tmin,47.3004,1993,19930526,146
Tmin,42.357,1993,19930531,151
Tmin,38.4332,1993,19930605,156
Tmin,39.9986,1993,19930610,161
Tmin,46.7387,1993,19930615,166
Tmin,45.6058,1993,19930620,171
Tmin,48.7422,1993,19930625,176
Tmin,42.5719,1993,19930630,181
Tmin,40.714,1993,19930705,186
Tmin,44.9518,1993,19930710,191
Tmin,46.448,1993,19930715,196
Tmin,48.0657,1993,19930720,201
Tmin,49.1272,1993,19930725,206
Tmin,48.4528,1993,19930730,211
Tmin,52.0868,1993,19930804,216
Tmin,52.5356,1993,19930809,221
Tmin,46.8726,1993,19930814,226
Tmin,50.4181,1993,19930819,231
Tmin,42.9354,1993,19930824,236
Tmin,40.4853,1993,19930829,241
Tmin,49.1441,1993,19930903,246
Tmin,44.992,1993,19930908,251
Tmin,35.1914,1993,19930913,256
Tmin,35.1247,1993,19930918,261
Tmin,35.5697,1993,19930923,266
Tmin,42.0225,1993,19930928,271
Tmin,44.614,1993,19931003,276
Tmin,31.7982,1993,19931008,281
Tmin,34.6392,1993,19931013,286
Tmin,29.2942,1993,19931018,291
Tmin,29.0053,1993,19931023,296
Tmin,24.4601,1993,19931028,301
Tmin,21.404,1993,19931102,306
Tmin,19.6157,1993,19931107,311
Tmin,17.7717,1993,19931112,316
Tmin,14.5319,1993,19931117,321
Tmin,4.9289,1993,19931122,326
Tmin,13.2828,1993,19931127,331
Tmin,18.8992,1993,19931202,336
Tmin,26.3405,1993,19931207,341
Tmin,17.2981,1993,19931212,346
Tmin,15.3771,1993,19931217,351
Tmin,8.624,1993,19931222,356
Tmin,15.4365,1993,19931227,361
Tmin,25.1446,1994,19940101,1
Tmin,22.2172,1994,19940106,6
Tmin,22.5603,1994,19940111,11
Tmin,17.5296,1994,19940116,16
Tmin,23.2173,1994,19940121,21
Tmin,22.5379,1994,19940126,26
Tmin,10.3205,1994,19940131,31
Tmin,14.5339,1994,19940205,36
Tmin,13.3576,1994,19940210,41
Tmin,22.3495,1994,19940215,46
Tmin,18.4128,1994,19940220,51
Tmin,27.3247,1994,19940225,56
Tmin,30.5667,1994,19940302,61
Tmin,25.4062,1994,19940307,66
Tmin,30.7275,1994,19940312,71
Tmin,26.7615,1994,19940317,76
Tmin,21.7594,1994,19940322,81
Tmin,24.707,1994,19940327,86
Tmin,28.5284,1994,19940401,91
Tmin,26.4128,1994,19940406,96
Tmin,30.1489,1994,19940411,101
Tmin,45.3492,1994,19940416,106
Tmin,40.5299,1994,19940421,111
Tmin,29.0126,1994,19940426,116
Tmin,38.2691,1994,19940501,121
Tmin,44.0847,1994,19940506,126
Tmin,44.7502,1994,19940511,131
Tmin,37.9663,1994,19940516,136
Tmin,42.2481,1994,19940521,141
Tmin,45.023,1994,19940526,146
Tmin,44.6096,1994,19940531,151
Tmin,39.8658,1994,19940605,156
Tmin,46.9553,1994,19940610,161
Tmin,38.5595,1994,19940615,166
Tmin,54.8728,1994,19940620,171
Tmin,51.4886,1994,19940625,176
Tmin,47.922,1994,19940630,181
Tmin,44.6576,1994,19940705,186
Tmin,49.3275,1994,19940710,191
Tmin,53.2319,1994,19940715,196
Tmin,54.1134,1994,19940720,201
Tmin,59.6924,1994,19940725,206
Tmin,56.8357,1994,19940730,211
Tmin,55.2631,1994,19940804,216
Tmin,55.6468,1994,19940809,221
Tmin,53.0369,1994,19940814,226
Tmin,51.5956,1994,19940819,231
Tmin,50.1307,1994,19940824,236
Tmin,46.1384,1994,19940829,241
Tmin,45.4632,1994,19940903,246
Tmin,43.5091,1994,19940908,251
Tmin,39.5169,1994,19940913,256
Tmin,42.6728,1994,19940918,261
Tmin,45.2649,1994,19940923,266
Tmin,39.004,1994,19940928,271
Tmin,33.932,1994,19941003,276
Tmin,37.8731,1994,19941008,281
Tmin,33.8137,1994,19941013,286
Tmin,33.1168,1994,19941018,291
Tmin,33.5081,1994,19941023,296
Tmin,26.387,1994,19941028,301
Tmin,20.8192,1994,19941102,306
Tmin,29.3233,1994,19941107,311
Tmin,20.6168,1994,19941112,316
Tmin,12.1693,1994,19941117,321
Tmin,13.3571,1994,19941122,326
Tmin,16.5277,1994,19941127,331
Tmin,24.0817,1994,19941202,336
Tmin,7.8834,1994,19941207,341
Tmin,11.6445,1994,19941212,346
Tmin,18.6634,1994,19941217,351
Tmin,22.1662,1994,19941222,356
Tmin,17.8973,1994,19941227,361
Tmin,6.9586,1995,19950101,1
Tmin,26.3762,1995,19950106,6
Tmin,29.767,1995,19950111,11
Tmin,22.615,1995,19950116,16
Tmin,18.9649,1995,19950121,21
Tmin,23.4008,1995,19950126,26
Tmin,26.239,1995,19950131,31
Tmin,26.2828,1995,19950205,36
Tmin,17.1939,1995,19950210,41
Tmin,20.0877,1995,19950215,46
Tmin,29.691,1995,19950220,51
Tmin,27.4824,1995,19950225,56
Tmin,24.1678,1995,19950302,61
Tmin,29.1467,1995,19950307,66
Tmin,32.3149,1995,19950312,71
Tmin,32.3515,1995,19950317,76
Tmin,23.1781,1995,19950322,81
Tmin,22.0389,1995,19950327,86
Tmin,32.0993,1995,19950401,91
Tmin,29.6151,1995,19950406,96
Tmin,29.0262,1995,19950411,101
Tmin,28.3023,1995,19950416,106
Tmin,31.6262,1995,19950421,111
Tmin,34.3492,1995,19950426,116
Tmin,35.0284,1995,19950501,121
Tmin,37.7306,1995,19950506,126
Tmin,36.2583,1995,19950511,131
Tmin,39.3207,1995,19950516,136
Tmin,41.9821,1995,19950521,141
Tmin,40.1674,1995,19950526,146
Tmin,44.3209,1995,19950531,151
Tmin,34.3019,1995,19950605,156
Tmin,48.9352,1995,19950610,161
Tmin,46.189,1995,19950615,166
Tmin,40.2047,1995,19950620,171
Tmin,49.714,1995,19950625,176
Tmin,43.4749,1995,19950630,181
Tmin,52.0555,1995,19950705,186
Tmin,50.8097,1995,19950710,191
Tmin,49.8966,1995,19950715,196
Tmin,52.0716,1995,19950720,201
Tmin,54.444,1995,19950725,206
Tmin,47.3214,1995,19950730,211
Tmin,52.53,1995,19950804,216
Tmin,45.9049,1995,19950809,221
Tmin,47.1527,1995,19950814,226
Tmin,50.9311,1995,19950819,231
Tmin,52.7154,1995,19950824,236
Tmin,50.7809,1995,19950829,241
Tmin,51.8196,1995,19950903,246
Tmin,40.9712,1995,19950908,251
Tmin,49.888,1995,19950913,256
Tmin,33.1025,1995,19950918,261
Tmin,31.9597,1995,19950923,266
Tmin,33.8103,1995,19950928,271
Tmin,32.1686,1995,19951003,276
Tmin,36.0328,1995,19951008,281
Tmin,32.1794,1995,19951013,286
Tmin,26.6625,1995,19951018,291
Tmin,25.9633,1995,19951023,296
Tmin,27.7587,1995,19951028,301
Tmin,21.7148,1995,19951102,306
Tmin,29.0732,1995,19951107,311
Tmin,34.8803,1995,19951112,316
Tmin,31.9257,1995,19951117,321
Tmin,32.6458,1995,19951122,326
Tmin,31.7437,1995,19951127,331
Tmin,27.9872,1995,19951202,336
Tmin,26.4431,1995,19951207,341
Tmin,27.6564,1995,19951212,346
Tmin,13.3905,1995,19951217,351
Tmin,10.056,1995,19951222,356
Tmin,15.5474,1995,19951227,361
Tmin,20.2585,1996,19960101,1
Tmin,23.0885,1996,19960106,6
Tmin,19.5764,1996,19960111,11
Tmin,16.5217,1996,19960116,16
Tmin,13.5592,1996,19960121,21
Tmin,12.6616,1996,19960126,26
Tmin,-6.6967,1996,19960131,31
Tmin,29.2946,1996,19960205,36
Tmin,20.2461,1996,19960210,41
Tmin,26.6451,1996,19960215,46
Tmin,27.1387,1996,19960220,51
Tmin,13.7278,1996,19960225,56
Tmin,23.1611,1996,19960301,61
Tmin,25.0204,1996,19960306,66
Tmin,32.7096,1996,19960311,71
Tmin,28.8102,1996,19960316,76
Tmin,27.7599,1996,19960321,81
Tmin,24.1439,1996,19960326,86
Tmin,30.9278,1996,19960331,91
Tmin,39.0407,1996,19960405,96
Tmin,31.7497,1996,19960410,101
Tmin,29.7768,1996,19960415,106
Tmin,30.8233,1996,19960420,111
Tmin,28.3934,1996,19960425,116
Tmin,34.3913,1996,19960430,121
Tmin,37.4471,1996,19960505,126
Tmin,44.6578,1996,19960510,131
Tmin,42.302,1996,19960515,136
Tmin,34.185,1996,19960520,141
Tmin,39.3738,1996,19960525,146
Tmin,40.217,1996,19960530,151
Tmin,46.7694,1996,19960604,156
Tmin,49.4833,1996,19960609,161
Tmin,50.375,1996,19960614,166
Tmin,39.1338,1996,19960619,171
Tmin,45.6666,1996,19960624,176
Tmin,50.1673,1996,19960629,181
Tmin,51.5246,1996,19960704,186
Tmin,52.4027,1996,19960709,191
Tmin,53.9135,1996,19960714,196
Tmin,47.5304,1996,19960719,201
Tmin,56.0745,1996,19960724,206
Tmin,53.4131,1996,19960729,211
Tmin,39.5012,1996,19960803,216
Tmin,52.5357,1996,19960808,221
Tmin,55.2576,1996,19960813,226
Tmin,44.8658,1996,19960818,231
Tmin,49.8666,1996,19960823,236
Tmin,48.2132,1996,19960828,241
Tmin,42.3763,1996,19960902,246
Tmin,47.004,1996,19960907,251
Tmin,43.2865,1996,19960912,256
Tmin,33.9771,1996,19960917,261
Tmin,31.0075,1996,19960922,266
Tmin,41.0572,1996,19960927,271
Tmin,46.355,1996,19961002,276
Tmin,44.848,1996,19961007,281
Tmin,35.3275,1996,19961012,286
Tmin,16.7844,1996,19961017,291
Tmin,21.8695,1996,19961022,296
Tmin,21.8805,1996,19961027,301
Tmin,27.8631,1996,19961101,306
Tmin,23.9902,1996,19961106,311
Tmin,28.5415,1996,19961111,316
Tmin,28.9807,1996,19961116,321
Tmin,29.7593,1996,19961121,326
Tmin,16.9285,1996,19961126,331
Tmin,15.292,1996,19961201,336
Tmin,27.3411,1996,19961206,341
Tmin,22.7165,1996,19961211,346
Tmin,7.3143,1996,19961216,351
Tmin,21.7161,1996,19961221,356
Tmin,32.6834,1996,19961226,361
Tmin,41.2086,1996,19961231,366
Tmin,27.259,1997,19970101,1
Tmin,17.4236,1997,19970106,6
Tmin,3.9432,1997,19970111,11
Tmin,16.2719,1997,19970116,16
Tmin,17.0691,1997,19970121,21
Tmin,22.9018,1997,19970126,26
Tmin,26.6288,1997,19970131,31
Tmin,11.3233,1997,19970205,36
Tmin,19.9591,1997,19970210,41
Tmin,28.7541,1997,19970215,46
Tmin,14.3841,1997,19970220,51
Tmin,16.0277,1997,19970225,56
Tmin,16.6551,1997,19970302,61
Tmin,26.485,1997,19970307,66
Tmin,26.5123,1997,19970312,71
Tmin,37.7634,1997,19970317,76
Tmin,32.027,1997,19970322,81
Tmin,24.9039,1997,19970327,86
Tmin,16.3549,1997,19970401,91
Tmin,21.9712,1997,19970406,96
Tmin,21.7132,1997,19970411,101
Tmin,43.0759,1997,19970416,106
Tmin,33.7821,1997,19970421,111
Tmin,36.0198,1997,19970426,116
Tmin,30.8085,1997,19970501,121
Tmin,38.0517,1997,19970506,126
Tmin,45.9523,1997,19970511,131
Tmin,45.3292,1997,19970516,136
Tmin,42.3985,1997,19970521,141
Tmin,40.2996,1997,19970526,146
Tmin,47.2126,1997,19970531,151
Tmin,46.2414,1997,19970605,156
Tmin,45.0465,1997,19970610,161
Tmin,50.1191,1997,19970615,166
Tmin,43.5239,1997,19970620,171
Tmin,49.7075,1997,19970625,176
Tmin,41.1233,1997,19970630,181
Tmin,49.8434,1997,19970705,186
Tmin,44.0574,1997,19970710,191
Tmin,55.5086,1997,19970715,196
Tmin,55.0709,1997,19970720,201
Tmin,54.7364,1997,19970725,206
Tmin,52.0325,1997,19970730,211
Tmin,52.0793,1997,19970804,216
Tmin,49.0943,1997,19970809,221
Tmin,47.7702,1997,19970814,226
Tmin,54.1356,1997,19970819,231
Tmin,54.5864,1997,19970824,236
Tmin,51.9988,1997,19970829,241
Tmin,51.9565,1997,19970903,246
Tmin,52.1358,1997,19970908,251
Tmin,44.2418,1997,19970913,256
Tmin,40.4939,1997,19970918,261
Tmin,42.2772,1997,19970923,266
Tmin,41.9105,1997,19970928,271
Tmin,36.2246,1997,19971003,276
Tmin,30.3271,1997,19971008,281
Tmin,30.3798,1997,19971013,286
Tmin,32.8356,1997,19971018,291
Tmin,22.5592,1997,19971023,296
Tmin,31.8199,1997,19971028,301
Tmin,30.3023,1997,19971102,306
Tmin,27.8699,1997,19971107,311
Tmin,16.556,1997,19971112,316
Tmin,22.3609,1997,19971117,321
Tmin,22.038,1997,19971122,326
Tmin,22.1532,1997,19971127,331
Tmin,14.4492,1997,19971202,336
Tmin,17.5251,1997,19971207,341
Tmin,14.4406,1997,19971212,346
Tmin,15.6016,1997,19971217,351
Tmin,7.5622,1997,19971222,356
Tmin,16.5852,1997,19971227,361
Tmin,26.7861,1998,19980101,1
Tmin,17.5737,1998,19980106,6
Tmin,24.7878,1998,19980111,11
Tmin,24.2907,1998,19980116,16
Tmin,22.7539,1998,19980121,21
Tmin,28.6978,1998,19980126,26
Tmin,24.2576,1998,19980131,31
Tmin,27.9702,1998,19980205,36
Tmin,23.5789,1998,19980210,41
Tmin,23.0319,1998,19980215,46
Tmin,25.1458,1998,19980220,51
Tmin,16.386,1998,19980225,56
Tmin,17.9706,1998,19980302,61
Tmin,16.1523,1998,19980307,66
Tmin,31.389,1998,19980312,71
Tmin,25.012,1998,19980317,76
Tmin,38.4159,1998,19980322,81
Tmin,27.7556,1998,19980327,86
Tmin,30.5272,1998,19980401,91
Tmin,29.9883,1998,19980406,96
Tmin,29.3439,1998,19980411,101
Tmin,27.7922,1998,19980416,106
Tmin,35.1452,1998,19980421,111
Tmin,37.2893,1998,19980426,116
Tmin,43.7651,1998,19980501,121
Tmin,41.0598,1998,19980506,126
Tmin,35.337,1998,19980511,131
Tmin,35.6915,1998,19980516,136
Tmin,37.6707,1998,19980521,141
Tmin,37.5248,1998,19980526,146
Tmin,40.7122,1998,19980531,151
Tmin,40.6296,1998,19980605,156
Tmin,44.2475,1998,19980610,161
Tmin,41.4092,1998,19980615,166
Tmin,46.0396,1998,19980620,171
Tmin,45.6943,1998,19980625,176
Tmin,50.9247,1998,19980630,181
Tmin,52.0944,1998,19980705,186
Tmin,52.024,1998,19980710,191
Tmin,57.5193,1998,19980715,196
Tmin,58.6088,1998,19980720,201
Tmin,57.5945,1998,19980725,206
Tmin,49.4019,1998,19980730,211
Tmin,54.2629,1998,19980804,216
Tmin,57.4331,1998,19980809,221
Tmin,55.5739,1998,19980814,226
Tmin,50.3384,1998,19980819,231
Tmin,46.5519,1998,19980824,236
Tmin,55.9118,1998,19980829,241
Tmin,57.3782,1998,19980903,246
Tmin,52.1312,1998,19980908,251
Tmin,49.4237,1998,19980913,256
Tmin,39.4505,1998,19980918,261
Tmin,40.0758,1998,19980923,266
Tmin,45.015,1998,19980928,271
Tmin,29.9386,1998,19981003,276
Tmin,32.9047,1998,19981008,281
Tmin,31.1357,1998,19981013,286
Tmin,28.81,1998,19981018,291
Tmin,34.1666,1998,19981023,296
Tmin,27.2359,1998,19981028,301
Tmin,27.0954,1998,19981102,306
Tmin,19.8652,1998,19981107,311
Tmin,28.7797,1998,19981112,316
Tmin,27.3078,1998,19981117,321
Tmin,30.2462,1998,19981122,326
Tmin,34.8537,1998,19981127,331
Tmin,20.0262,1998,19981202,336
Tmin,8.7197,1998,19981207,341
Tmin,20.4522,1998,19981212,346
Tmin,0.9717,1998,19981217,351
Tmin,0.6712,1998,19981222,356
Tmin,27.4609,1998,19981227,361
Tmin,17.7531,1999,19990101,1
Tmin,19.4864,1999,19990106,6
Tmin,22.6728,1999,19990111,11
Tmin,27.471,1999,19990116,16
Tmin,20.6293,1999,19990121,21
Tmin,16.1994,1999,19990126,26
Tmin,19.4005,1999,19990131,31
Tmin,25.1962,1999,19990205,36
Tmin,15.1696,1999,19990210,41
Tmin,21.1611,1999,19990215,46
Tmin,21.2323,1999,19990220,51
Tmin,24.2124,1999,19990225,56
Tmin,19.5977,1999,19990302,61
Tmin,20.3552,1999,19990307,66
Tmin,25.4749,1999,19990312,71
Tmin,31.3434,1999,19990317,76
Tmin,30.5871,1999,19990322,81
Tmin,23.2028,1999,19990327,86
Tmin,21.9545,1999,19990401,91
Tmin,26.5173,1999,19990406,96
Tmin,26.0327,1999,19990411,101
Tmin,37.0953,1999,19990416,106
Tmin,30.955,1999,19990421,111
Tmin,35.467,1999,19990426,116
Tmin,30.907,1999,19990501,121
Tmin,28.5148,1999,19990506,126
Tmin,29.5748,1999,19990511,131
Tmin,38.0653,1999,19990516,136
Tmin,46.4128,1999,19990521,141
Tmin,48.9603,1999,19990526,146
Tmin,40.0386,1999,19990531,151
Tmin,39.011,1999,19990605,156
Tmin,44.0028,1999,19990610,161
Tmin,53.4953,1999,19990615,166
Tmin,50.7981,1999,19990620,171
Tmin,43.7438,1999,19990625,176
Tmin,45.1825,1999,19990630,181
Tmin,44.8426,1999,19990705,186
Tmin,54.3781,1999,19990710,191
Tmin,48.3591,1999,19990715,196
Tmin,53.4394,1999,19990720,201
Tmin,53.4684,1999,19990725,206
Tmin,51.9994,1999,19990730,211
Tmin,51.2385,1999,19990804,216
Tmin,49.2776,1999,19990809,221
Tmin,48.5431,1999,19990814,226
Tmin,55.1095,1999,19990819,231
Tmin,53.8063,1999,19990824,236
Tmin,45.1062,1999,19990829,241
Tmin,38.5157,1999,19990903,246
Tmin,40.7031,1999,19990908,251
Tmin,43.0138,1999,19990913,256
Tmin,44.2844,1999,19990918,261
Tmin,37.4418,1999,19990923,266
Tmin,29.5876,1999,19990928,271
Tmin,33.9191,1999,19991003,276
Tmin,37.9175,1999,19991008,281
Tmin,27.429,1999,19991013,286
Tmin,28.3011,1999,19991018,291
Tmin,33.2724,1999,19991023,296
Tmin,26.5283,1999,19991028,301
Tmin,29.829,1999,19991102,306
Tmin,35.1679,1999,19991107,311
Tmin,33.1112,1999,19991112,316
Tmin,23.5229,1999,19991117,321
Tmin,15.0817,1999,19991122,326
Tmin,29.0985,1999,19991127,331
Tmin,18.2359,1999,19991202,336
Tmin,17.1869,1999,19991207,341
Tmin,17.3337,1999,19991212,346
Tmin,22.3964,1999,19991217,351
Tmin,12.0568,1999,19991222,356
Tmin,8.6601,1999,19991227,361
Tmin,10.6243,2000,20000101,1
Tmin,13.2839,2000,20000106,6
Tmin,26.0986,2000,20000111,11
Tmin,31.2519,2000,20000116,16
Tmin,27.4195,2000,20000121,21
Tmin,17.7528,2000,20000126,26
Tmin,21.6696,2000,20000131,31
Tmin,28.0363,2000,20000205,36
Tmin,28.6108,2000,20000210,41
Tmin,23.7967,2000,20000215,46
Tmin,29.0353,2000,20000220,51
Tmin,25.6166,2000,20000225,56
Tmin,27.6618,2000,20000301,61
Tmin,24.597,2000,20000306,66
Tmin,23.6044,2000,20000311,71
Tmin,21.4398,2000,20000316,76
Tmin,22.9929,2000,20000321,81
Tmin,26.6224,2000,20000326,86
Tmin,28.0173,2000,20000331,91
Tmin,31.826,2000,20000405,96
Tmin,35.9488,2000,20000410,101
Tmin,35.5511,2000,20000415,106
Tmin,36.9866,2000,20000420,111
Tmin,34.971,2000,20000425,116
Tmin,40.8033,2000,20000430,121
Tmin,38.8748,2000,20000505,126
Tmin,28.8882,2000,20000510,131
Tmin,40.1143,2000,20000515,136
Tmin,44.7229,2000,20000520,141
Tmin,46.9103,2000,20000525,146
Tmin,39.549,2000,20000530,151
Tmin,53.0475,2000,20000604,156
Tmin,42.7279,2000,20000609,161
Tmin,41.8688,2000,20000614,166
Tmin,46.6403,2000,20000619,171
Tmin,46.9645,2000,20000624,176
Tmin,51.86,2000,20000629,181
Tmin,43.6949,2000,20000704,186
Tmin,51.5989,2000,20000709,191
Tmin,53.8261,2000,20000714,196
Tmin,50.8631,2000,20000719,201
Tmin,55.5256,2000,20000724,206
Tmin,60.4641,2000,20000729,211
Tmin,56.0013,2000,20000803,216
Tmin,55.9728,2000,20000808,221
Tmin,52.781,2000,20000813,226
Tmin,47.5197,2000,20000818,231
Tmin,53.6149,2000,20000823,236
Tmin,47.6416,2000,20000828,241
Tmin,42.4171,2000,20000902,246
Tmin,40.7684,2000,20000907,251
Tmin,50.5046,2000,20000912,256
Tmin,43.2822,2000,20000917,261
Tmin,29.1049,2000,20000922,266
Tmin,42.601,2000,20000927,271
Tmin,31.4891,2000,20001002,276
Tmin,34.558,2000,20001007,281
Tmin,32.7115,2000,20001012,286
Tmin,36.3749,2000,20001017,291
Tmin,31.5514,2000,20001022,296
Tmin,33.8775,2000,20001027,301
Tmin,26.6843,2000,20001101,306
Tmin,17.9308,2000,20001106,311
Tmin,8.7473,2000,20001111,316
Tmin,4.606,2000,20001116,321
Tmin,16.3179,2000,20001121,326
Tmin,24.2634,2000,20001126,331
Tmin,17.9912,2000,20001201,336
Tmin,18.4878,2000,20001206,341
Tmin,14.8798,2000,20001211,346
Tmin,13.1518,2000,20001216,351
Tmin,19.1247,2000,20001221,356
Tmin,12.2443,2000,20001226,361
Tmin,14.2626,2000,20001231,366
Tmin,9.1989,2001,20010101,1
Tmin,10.3435,2001,20010106,6
Tmin,15.3815,2001,20010111,11
Tmin,4.6447,2001,20010116,16
Tmin,10.6034,2001,20010121,21
Tmin,2.5698,2001,20010126,26
Tmin,13.6486,2001,20010131,31
Tmin,9.8499,2001,20010205,36
Tmin,10.7911,2001,20010210,41
Tmin,15.0032,2001,20010215,46
Tmin,22.9741,2001,20010220,51
Tmin,13.4303,2001,20010225,56
Tmin,20.8942,2001,20010302,61
Tmin,27.0955,2001,20010307,66
Tmin,22.9988,2001,20010312,71
Tmin,31.335,2001,20010317,76
Tmin,35.1074,2001,20010322,81
Tmin,29.9716,2001,20010327,86
Tmin,27.5858,2001,20010401,91
Tmin,23.4336,2001,20010406,96
Tmin,25.2418,2001,20010411,101
Tmin,36.1805,2001,20010416,106
Tmin,32.1542,2001,20010421,111
Tmin,42.3778,2001,20010426,116
Tmin,28.3941,2001,20010501,121
Tmin,35.594,2001,20010506,126
Tmin,44.9179,2001,20010511,131
Tmin,38.2052,2001,20010516,136
Tmin,45.4413,2001,20010521,141
Tmin,46.4121,2001,20010526,146
Tmin,40.5435,2001,20010531,151
Tmin,41.157,2001,20010605,156
Tmin,37.9931,2001,20010610,161
Tmin,44.2465,2001,20010615,166
Tmin,54.9271,2001,20010620,171
Tmin,53.338,2001,20010625,176
Tmin,58.3338,2001,20010630,181
Tmin,57.9526,2001,20010705,186
Tmin,56.0335,2001,20010710,191
Tmin,51.127,2001,20010715,196
Tmin,50.5102,2001,20010720,201
Tmin,52.3485,2001,20010725,206
Tmin,48.3695,2001,20010730,211
Tmin,59.4707,2001,20010804,216
Tmin,55.2173,2001,20010809,221
Tmin,54.0989,2001,20010814,226
Tmin,51.9407,2001,20010819,231
Tmin,51.3816,2001,20010824,236
Tmin,53.0966,2001,20010829,241
Tmin,47.3192,2001,20010903,246
Tmin,38.9809,2001,20010908,251
Tmin,46.2305,2001,20010913,256
Tmin,42.7597,2001,20010918,261
Tmin,45.9643,2001,20010923,266
Tmin,47.0358,2001,20010928,271
Tmin,36.5335,2001,20011003,276
Tmin,28.8179,2001,20011008,281
Tmin,33.5087,2001,20011013,286
Tmin,32.9222,2001,20011018,291
Tmin,25.9465,2001,20011023,296
Tmin,39.0651,2001,20011028,301
Tmin,35.3081,2001,20011102,306
Tmin,27.9449,2001,20011107,311
Tmin,32.1104,2001,20011112,316
Tmin,28.3176,2001,20011117,321
Tmin,20.5781,2001,20011122,326
Tmin,8.7927,2001,20011127,331
Tmin,18.3405,2001,20011202,336
Tmin,11.282,2001,20011207,341
Tmin,11.3566,2001,20011212,346
Tmin,18.9253,2001,20011217,351
Tmin,2.9244,2001,20011222,356
Tmin,12.9799,2001,20011227,361
Tmin,16.2478,2002,20020101,1
Tmin,23.923,2002,20020106,6
Tmin,14.2731,2002,20020111,11
Tmin,8.1857,2002,20020116,16
Tmin,14.5965,2002,20020121,21
Tmin,10.7046,2002,20020126,26
Tmin,-0.7996,2002,20020131,31
Tmin,5.7615,2002,20020205,36
Tmin,5.7742,2002,20020210,41
Tmin,14.9489,2002,20020215,46
Tmin,23.5354,2002,20020220,51
Tmin,1.393,2002,20020225,56
Tmin,10.6536,2002,20020302,61
Tmin,20.1941,2002,20020307,66
Tmin,20.9392,2002,20020312,71
Tmin,18.6949,2002,20020317,76
Tmin,32.5806,2002,20020322,81
Tmin,30.4713,2002,20020327,86
Tmin,31.3354,2002,20020401,91
Tmin,35.1575,2002,20020406,96
Tmin,37.6124,2002,20020411,101
Tmin,27.2234,2002,20020416,106
Tmin,29.8675,2002,20020421,111
Tmin,37.6948,2002,20020426,116
Tmin,33.7506,2002,20020501,121
Tmin,26.2389,2002,20020506,126
Tmin,35.1535,2002,20020511,131
Tmin,44.4048,2002,20020516,136
Tmin,34.959,2002,20020521,141
Tmin,49.9621,2002,20020526,146
Tmin,46.5127,2002,20020531,151
Tmin,39.7197,2002,20020605,156
Tmin,35.7281,2002,20020610,161
Tmin,48.191,2002,20020615,166
Tmin,49.0849,2002,20020620,171
Tmin,56.6788,2002,20020625,176
Tmin,51.8221,2002,20020630,181
Tmin,54.6305,2002,20020705,186
Tmin,58.0934,2002,20020710,191
Tmin,60.6981,2002,20020715,196
Tmin,56.1218,2002,20020720,201
Tmin,51.4145,2002,20020725,206
Tmin,52.0443,2002,20020730,211
Tmin,49.6756,2002,20020804,216
Tmin,45.5343,2002,20020809,221
Tmin,49.2875,2002,20020814,226
Tmin,47.234,2002,20020819,231
Tmin,47.1019,2002,20020824,236
Tmin,50.0539,2002,20020829,241
Tmin,50.115,2002,20020903,246
Tmin,43.9326,2002,20020908,251
Tmin,48.93,2002,20020913,256
Tmin,36.9955,2002,20020918,261
Tmin,41.2188,2002,20020923,266
Tmin,32.6973,2002,20020928,271
Tmin,30.9584,2002,20021003,276
Tmin,29.5325,2002,20021008,281
Tmin,29.9045,2002,20021013,286
Tmin,32.6122,2002,20021018,291
Tmin,25.7541,2002,20021023,296
Tmin,17.107,2002,20021028,301
Tmin,12.7717,2002,20021102,306
Tmin,28.32,2002,20021107,311
Tmin,22.9222,2002,20021112,316
Tmin,26.5925,2002,20021117,321
Tmin,24.2879,2002,20021122,326
Tmin,23.7495,2002,20021127,331
Tmin,25.8335,2002,20021202,336
Tmin,20.5274,2002,20021207,341
Tmin,26.9847,2002,20021212,346
Tmin,18.2686,2002,20021217,351
Tmin,14.0885,2002,20021222,356
Tmin,25.5669,2002,20021227,361
Tmin,28.12,2003,20030101,1
Tmin,19.3007,2003,20030106,6
Tmin,26.1581,2003,20030111,11
Tmin,16.3981,2003,20030116,16
Tmin,27.0872,2003,20030121,21
Tmin,29.4449,2003,20030126,26
Tmin,27.1231,2003,20030131,31
Tmin,6.6102,2003,20030205,36
Tmin,19.2565,2003,20030210,41
Tmin,25.5433,2003,20030215,46
Tmin,21.4052,2003,20030220,51
Tmin,13.594,2003,20030225,56
Tmin,19.8282,2003,20030302,61
Tmin,32.361,2003,20030307,66
Tmin,36.8475,2003,20030312,71
Tmin,31.3048,2003,20030317,76
Tmin,31.7621,2003,20030322,81
Tmin,26.9725,2003,20030327,86
Tmin,26.2371,2003,20030401,91
Tmin,26.2328,2003,20030406,96
Tmin,39.9034,2003,20030411,101
Tmin,30.7326,2003,20030416,106
Tmin,36.8255,2003,20030421,111
Tmin,30.4383,2003,20030426,116
Tmin,31.5321,2003,20030501,121
Tmin,29.5467,2003,20030506,126
Tmin,38.1463,2003,20030511,131
Tmin,30.1892,2003,20030516,136
Tmin,49.2209,2003,20030521,141
Tmin,54.725,2003,20030526,146
Tmin,43.5715,2003,20030531,151
Tmin,43.3438,2003,20030605,156
Tmin,46.5782,2003,20030610,161
Tmin,53.2794,2003,20030615,166
Tmin,41.0556,2003,20030620,171
Tmin,47.6907,2003,20030625,176
Tmin,50.092,2003,20030630,181
Tmin,48.6619,2003,20030705,186
Tmin,54.7815,2003,20030710,191
Tmin,61.7997,2003,20030715,196
Tmin,63.2309,2003,20030720,201
Tmin,56.4133,2003,20030725,206
Tmin,56.7574,2003,20030730,211
Tmin,52.1025,2003,20030804,216
Tmin,60.8009,2003,20030809,221
Tmin,56.1136,2003,20030814,226
Tmin,55.9516,2003,20030819,231
Tmin,53.7592,2003,20030824,236
Tmin,46.1328,2003,20030829,241
Tmin,51.8347,2003,20030903,246
Tmin,37.9359,2003,20030908,251
Tmin,36.3534,2003,20030913,256
Tmin,35.2132,2003,20030918,261
Tmin,43.1582,2003,20030923,266
Tmin,48.2731,2003,20030928,271
Tmin,42.3503,2003,20031003,276
Tmin,34.1068,2003,20031008,281
Tmin,29.0631,2003,20031013,286
Tmin,42.327,2003,20031018,291
Tmin,26.8751,2003,20031023,296
Tmin,21.4109,2003,20031028,301
Tmin,17.4352,2003,20031102,306
Tmin,26.3581,2003,20031107,311
Tmin,29.3944,2003,20031112,316
Tmin,26.4361,2003,20031117,321
Tmin,12.5715,2003,20031122,326
Tmin,24.4738,2003,20031127,331
Tmin,29.8298,2003,20031202,336
Tmin,24.0001,2003,20031207,341
Tmin,22.3636,2003,20031212,346
Tmin,21.9782,2003,20031217,351
Tmin,20.5852,2003,20031222,356
Tmin,11.4268,2003,20031227,361
Tmin,8.6675,2004,20040101,1
Tmin,13.2915,2004,20040106,6
Tmin,13.3745,2004,20040111,11
Tmin,8.9963,2004,20040116,16
Tmin,6.1966,2004,20040121,21
Tmin,17.444,2004,20040126,26
Tmin,14.4269,2004,20040131,31
Tmin,14.2459,2004,20040205,36
Tmin,3.1061,2004,20040210,41
Tmin,21.2875,2004,20040215,46
Tmin,19.7187,2004,20040220,51
Tmin,24.5203,2004,20040225,56
Tmin,15.3424,2004,20040301,61
Tmin,23.2502,2004,20040306,66
Tmin,26.9584,2004,20040311,71
Tmin,33.8315,2004,20040316,76
Tmin,41.1067,2004,20040321,81
Tmin,29.3292,2004,20040326,86
Tmin,35.4726,2004,20040331,91
Tmin,38.8767,2004,20040405,96
Tmin,33.8049,2004,20040410,101
Tmin,30.7124,2004,20040415,106
Tmin,31.015,2004,20040420,111
Tmin,34.0212,2004,20040425,116
Tmin,42.7014,2004,20040430,121
Tmin,47.1119,2004,20040505,126
Tmin,34.3059,2004,20040510,131
Tmin,37.9863,2004,20040515,136
Tmin,38.3878,2004,20040520,141
Tmin,37.9291,2004,20040525,146
Tmin,40.0598,2004,20040530,151
Tmin,50.0701,2004,20040604,156
Tmin,41.2628,2004,20040609,161
Tmin,40.9394,2004,20040614,166
Tmin,45.7266,2004,20040619,171
Tmin,55.9487,2004,20040624,176
Tmin,50.7037,2004,20040629,181
Tmin,46.8502,2004,20040704,186
Tmin,52.5981,2004,20040709,191
Tmin,58.9416,2004,20040714,196
Tmin,55.8412,2004,20040719,201
Tmin,52.8466,2004,20040724,206
Tmin,54.9426,2004,20040729,211
Tmin,53.4348,2004,20040803,216
Tmin,49.8664,2004,20040808,221
Tmin,55.5104,2004,20040813,226
Tmin,50.93,2004,20040818,231
Tmin,40.3087,2004,20040823,236
Tmin,47.5264,2004,20040828,241
Tmin,38.1985,2004,20040902,246
Tmin,48.3091,2004,20040907,251
Tmin,38.566,2004,20040912,256
Tmin,38.0974,2004,20040917,261
Tmin,40.0548,2004,20040922,266
Tmin,43.1757,2004,20040927,271
Tmin,44.2768,2004,20041002,276
Tmin,42.6669,2004,20041007,281
Tmin,37.0396,2004,20041012,286
Tmin,35.8741,2004,20041017,291
Tmin,27.0202,2004,20041022,296
Tmin,28.9992,2004,20041027,301
Tmin,22.206,2004,20041101,306
Tmin,33.3535,2004,20041106,311
Tmin,30.3308,2004,20041111,316
Tmin,24.7354,2004,20041116,321
Tmin,16.9692,2004,20041121,326
Tmin,9.1561,2004,20041126,331
Tmin,11.7203,2004,20041201,336
Tmin,26.0725,2004,20041206,341
Tmin,31.3692,2004,20041211,346
Tmin,19.2625,2004,20041216,351
Tmin,12.3079,2004,20041221,356
Tmin,25.78,2004,20041226,361
Tmin,26.0219,2004,20041231,366
Tmin,17.5258,2005,20050101,1
Tmin,17.0164,2005,20050106,6
Tmin,8.4412,2005,20050111,11
Tmin,19.7522,2005,20050116,16
Tmin,17.1029,2005,20050121,21
Tmin,21.2627,2005,20050126,26
Tmin,13.3623,2005,20050131,31
Tmin,11.0582,2005,20050205,36
Tmin,17.3472,2005,20050210,41
Tmin,11.8206,2005,20050215,46
Tmin,25.0637,2005,20050220,51
Tmin,22.9476,2005,20050225,56
Tmin,25.0912,2005,20050302,61
Tmin,31.9171,2005,20050307,66
Tmin,22.5743,2005,20050312,71
Tmin,27.6446,2005,20050317,76
Tmin,27.9053,2005,20050322,81
Tmin,25.4236,2005,20050327,86
Tmin,28.2233,2005,20050401,91
Tmin,31.5673,2005,20050406,96
Tmin,30.3108,2005,20050411,101
Tmin,31.8975,2005,20050416,106
Tmin,34.6044,2005,20050421,111
Tmin,35.5663,2005,20050426,116
Tmin,36.8848,2005,20050501,121
Tmin,37.8499,2005,20050506,126
Tmin,38.5958,2005,20050511,131
Tmin,42.8082,2005,20050516,136
Tmin,41.0429,2005,20050521,141
Tmin,42.7143,2005,20050526,146
Tmin,36.9116,2005,20050531,151
Tmin,35.8677,2005,20050605,156
Tmin,36.9086,2005,20050610,161
Tmin,46.9535,2005,20050615,166
Tmin,54.3563,2005,20050620,171
Tmin,49.1714,2005,20050625,176
Tmin,44.2743,2005,20050630,181
Tmin,55.7835,2005,20050705,186
Tmin,53.5671,2005,20050710,191
Tmin,54.2224,2005,20050715,196
Tmin,58.821,2005,20050720,201
Tmin,52.0701,2005,20050725,206
Tmin,54.2996,2005,20050730,211
Tmin,55.8765,2005,20050804,216
Tmin,50.6652,2005,20050809,221
Tmin,48.4883,2005,20050814,226
Tmin,50.9376,2005,20050819,231
Tmin,47.177,2005,20050824,236
Tmin,44.4558,2005,20050829,241
Tmin,50.8532,2005,20050903,246
Tmin,43.7372,2005,20050908,251
Tmin,38.4287,2005,20050913,256
Tmin,38.4212,2005,20050918,261
Tmin,36.078,2005,20050923,266
Tmin,39.2093,2005,20050928,271
Tmin,29.1034,2005,20051003,276
Tmin,31.7072,2005,20051008,281
Tmin,35.2688,2005,20051013,286
Tmin,36.6364,2005,20051018,291
Tmin,37.0706,2005,20051023,296
Tmin,31.0907,2005,20051028,301
Tmin,33.8497,2005,20051102,306
Tmin,33.2207,2005,20051107,311
Tmin,21.41,2005,20051112,316
Tmin,19.1498,2005,20051117,321
Tmin,22.2279,2005,20051122,326
Tmin,11.6588,2005,20051127,331
Tmin,15.5388,2005,20051202,336
Tmin,0.3475,2005,20051207,341
Tmin,3.1025,2005,20051212,346
Tmin,15.7718,2005,20051217,351
Tmin,30.2437,2005,20051222,356
Tmin,26.5256,2005,20051227,361
Tmin,23.9372,2006,20060101,1
Tmin,16.4843,2006,20060106,6
Tmin,20.5214,2006,20060111,11
Tmin,19.5262,2006,20060116,16
Tmin,17.1614,2006,20060121,21
Tmin,20.9079,2006,20060126,26
Tmin,24.8429,2006,20060131,31
Tmin,14.6702,2006,20060205,36
Tmin,4.8883,2006,20060210,41
Tmin,7.0679,2006,20060215,46
Tmin,13.5623,2006,20060220,51
Tmin,29.6292,2006,20060225,56
Tmin,24.4146,2006,20060302,61
Tmin,17.1846,2006,20060307,66
Tmin,20.8204,2006,20060312,71
Tmin,30.2933,2006,20060317,76
Tmin,25.6865,2006,20060322,81
Tmin,28.7895,2006,20060327,86
Tmin,31.4391,2006,20060401,91
Tmin,34.2718,2006,20060406,96
Tmin,39.8676,2006,20060411,101
Tmin,24.3716,2006,20060416,106
Tmin,34.2265,2006,20060421,111
Tmin,39.8942,2006,20060426,116
Tmin,28.9553,2006,20060501,121
Tmin,32.4105,2006,20060506,126
Tmin,41.371,2006,20060511,131
Tmin,51.1713,2006,20060516,136
Tmin,45.5859,2006,20060521,141
Tmin,34.7777,2006,20060526,146
Tmin,45.1428,2006,20060531,151
Tmin,51.5602,2006,20060605,156
Tmin,46.596,2006,20060610,161
Tmin,42.3253,2006,20060615,166
Tmin,45.3807,2006,20060620,171
Tmin,55.7601,2006,20060625,176
Tmin,53.1554,2006,20060630,181
Tmin,52.1528,2006,20060705,186
Tmin,53.67,2006,20060710,191
Tmin,58.7143,2006,20060715,196
Tmin,61.7735,2006,20060720,201
Tmin,60.2643,2006,20060725,206
Tmin,48.5249,2006,20060730,211
Tmin,54.8469,2006,20060804,216
Tmin,48.8296,2006,20060809,221
Tmin,48.9848,2006,20060814,226
Tmin,51.6737,2006,20060819,231
Tmin,46.1516,2006,20060824,236
Tmin,42.0432,2006,20060829,241
Tmin,51.8043,2006,20060903,246
Tmin,48.5217,2006,20060908,251
Tmin,38.4019,2006,20060913,256
Tmin,32.7607,2006,20060918,261
Tmin,34.4153,2006,20060923,266
Tmin,42.7727,2006,20060928,271
Tmin,40.2821,2006,20061003,276
Tmin,32.8907,2006,20061008,281
Tmin,34.0049,2006,20061013,286
Tmin,27.9177,2006,20061018,291
Tmin,25.8451,2006,20061023,296
Tmin,21.4809,2006,20061028,301
Tmin,30.2772,2006,20061102,306
Tmin,31.1188,2006,20061107,311
Tmin,23.7923,2006,20061112,316
Tmin,28.863,2006,20061117,321
Tmin,24.8714,2006,20061122,326
Tmin,11.0713,2006,20061127,331
Tmin,10.7249,2006,20061202,336
Tmin,24.5332,2006,20061207,341
Tmin,25.1148,2006,20061212,346
Tmin,6.4139,2006,20061217,351
Tmin,19.2837,2006,20061222,356
Tmin,13.4836,2006,20061227,361
Tmin,15.4346,2007,20070101,1
Tmin,17.2622,2007,20070106,6
Tmin,0.4419,2007,20070111,11
Tmin,3.7054,2007,20070116,16
Tmin,8.7786,2007,20070121,21
Tmin,10.338,2007,20070126,26
Tmin,12.7373,2007,20070131,31
Tmin,29.3643,2007,20070205,36
Tmin,27.5706,2007,20070210,41
Tmin,26.7471,2007,20070215,46
Tmin,26.0173,2007,20070220,51
Tmin,20.2792,2007,20070225,56
Tmin,17.1929,2007,20070302,61
Tmin,30.1253,2007,20070307,66
Tmin,33.1516,2007,20070312,71
Tmin,35.5691,2007,20070317,76
Tmin,27.5736,2007,20070322,81
Tmin,29.9337,2007,20070327,86
Tmin,31.1695,2007,20070401,91
Tmin,32.1105,2007,20070406,96
Tmin,28.2722,2007,20070411,101
Tmin,29.2999,2007,20070416,106
Tmin,33.9052,2007,20070421,111
Tmin,42.0861,2007,20070426,116
Tmin,35.3947,2007,20070501,121
Tmin,38.8611,2007,20070506,126
Tmin,42.5977,2007,20070511,131
Tmin,47.6842,2007,20070516,136
Tmin,31.983,2007,20070521,141
Tmin,40.239,2007,20070526,146
Tmin,49.1442,2007,20070531,151
Tmin,39.4456,2007,20070605,156
Tmin,46.3836,2007,20070610,161
Tmin,46.3498,2007,20070615,166
Tmin,53.2295,2007,20070620,171
Tmin,48.6691,2007,20070625,176
Tmin,52.3997,2007,20070630,181
Tmin,57.8819,2007,20070705,186
Tmin,56.9799,2007,20070710,191
Tmin,58.9675,2007,20070715,196
Tmin,58.9297,2007,20070720,201
Tmin,59.159,2007,20070725,206
Tmin,55.9152,2007,20070730,211
Tmin,52.3266,2007,20070804,216
Tmin,54.0769,2007,20070809,221
Tmin,59.366,2007,20070814,226
Tmin,48.0204,2007,20070819,231
Tmin,50.1506,2007,20070824,236
Tmin,56.0553,2007,20070829,241
Tmin,50.9708,2007,20070903,246
Tmin,41.7598,2007,20070908,251
Tmin,46.3176,2007,20070913,256
Tmin,40.2282,2007,20070918,261
Tmin,32.0495,2007,20070923,266
Tmin,32.1296,2007,20070928,271
Tmin,33.8843,2007,20071003,276
Tmin,35.9108,2007,20071008,281
Tmin,36.1489,2007,20071013,286
Tmin,27.0873,2007,20071018,291
Tmin,33.4364,2007,20071023,296
Tmin,32.5514,2007,20071028,301
Tmin,27.6885,2007,20071102,306
Tmin,33.0187,2007,20071107,311
Tmin,25.3247,2007,20071112,316
Tmin,28.3563,2007,20071117,321
Tmin,12.8268,2007,20071122,326
Tmin,15.4035,2007,20071127,331
Tmin,25.7611,2007,20071202,336
Tmin,18.8427,2007,20071207,341
Tmin,11.6488,2007,20071212,346
Tmin,22.5894,2007,20071217,351
Tmin,14.5692,2007,20071222,356
Tmin,11.7854,2007,20071227,361
Tmin,12.3282,2008,20080101,1
Tmin,12.3686,2008,20080106,6
Tmin,13.985,2008,20080111,11
Tmin,7.6872,2008,20080116,16
Tmin,4.1887,2008,20080121,21
Tmin,12.8321,2008,20080126,26
Tmin,15.7603,2008,20080131,31
Tmin,15.7582,2008,20080205,36
Tmin,21.8885,2008,20080210,41
Tmin,13.8881,2008,20080215,46
Tmin,18.1378,2008,20080220,51
Tmin,23.268,2008,20080225,56
Tmin,18.1359,2008,20080301,61
Tmin,20.2321,2008,20080306,66
Tmin,27.6354,2008,20080311,71
Tmin,23.7663,2008,20080316,76
Tmin,23.8024,2008,20080321,81
Tmin,22.9793,2008,20080326,86
Tmin,17.1921,2008,20080331,91
Tmin,22.0208,2008,20080405,96
Tmin,27.6105,2008,20080410,101
Tmin,26.8194,2008,20080415,106
Tmin,27.6712,2008,20080420,111
Tmin,33.1614,2008,20080425,116
Tmin,29.2532,2008,20080430,121
Tmin,37.322,2008,20080505,126
Tmin,32.8619,2008,20080510,131
Tmin,48.0493,2008,20080515,136
Tmin,40.9353,2008,20080520,141
Tmin,40.8662,2008,20080525,146
Tmin,43.1067,2008,20080530,151
Tmin,36.0695,2008,20080604,156
Tmin,34.6121,2008,20080609,161
Tmin,49.654,2008,20080614,166
Tmin,51.4195,2008,20080619,171
Tmin,54.188,2008,20080624,176
Tmin,54.1068,2008,20080629,181
Tmin,50.2959,2008,20080704,186
Tmin,48.8958,2008,20080709,191
Tmin,50.8427,2008,20080714,196
Tmin,55.2369,2008,20080719,201
Tmin,55.7295,2008,20080724,206
Tmin,54.5186,2008,20080729,211
Tmin,55.4026,2008,20080803,216
Tmin,52.7041,2008,20080808,221
Tmin,49.2791,2008,20080813,226
Tmin,50.5128,2008,20080818,231
Tmin,49.2248,2008,20080823,236
Tmin,45.7079,2008,20080828,241
Tmin,37.4502,2008,20080902,246
Tmin,41.6698,2008,20080907,251
Tmin,42.3252,2008,20080912,256
Tmin,45.084,2008,20080917,261
Tmin,39.1253,2008,20080922,266
Tmin,46.4397,2008,20080927,271
Tmin,41.6781,2008,20081002,276
Tmin,28.2637,2008,20081007,281
Tmin,22.7662,2008,20081012,286
Tmin,37.4606,2008,20081017,291
Tmin,27.6388,2008,20081022,296
Tmin,36.4372,2008,20081027,301
Tmin,34.6096,2008,20081101,306
Tmin,28.7439,2008,20081106,311
Tmin,29.4035,2008,20081111,316
Tmin,31.1321,2008,20081116,321
Tmin,23.6278,2008,20081121,326
Tmin,27.5072,2008,20081126,331
Tmin,25.0052,2008,20081201,336
Tmin,20.5611,2008,20081206,341
Tmin,15.9984,2008,20081211,346
Tmin,5.4455,2008,20081216,351
Tmin,9.2963,2008,20081221,356
Tmin,13.7215,2008,20081226,361
Tmin,24.5704,2008,20081231,366
Tmin,10.0637,2009,20090101,1
Tmin,20.8041,2009,20090106,6
Tmin,22.6671,2009,20090111,11
Tmin,13.5638,2009,20090116,16
Tmin,20.691,2009,20090121,21
Tmin,9.7022,2009,20090126,26
Tmin,16.668,2009,20090131,31
Tmin,18.684,2009,20090205,36
Tmin,9.6536,2009,20090210,41
Tmin,13.8304,2009,20090215,46
Tmin,17.5114,2009,20090220,51
Tmin,17.6111,2009,20090225,56
Tmin,25.7261,2009,20090302,61
Tmin,16.4251,2009,20090307,66
Tmin,22.3854,2009,20090312,71
Tmin,35.086,2009,20090317,76
Tmin,27.0882,2009,20090322,81
Tmin,22.2226,2009,20090327,86
Tmin,23.141,2009,20090401,91
Tmin,31.7986,2009,20090406,96
Tmin,33.7731,2009,20090411,101
Tmin,34.1128,2009,20090416,106
Tmin,38.7118,2009,20090421,111
Tmin,30.5933,2009,20090426,116
Tmin,33.8089,2009,20090501,121
Tmin,33.1433,2009,20090506,126
Tmin,33.8132,2009,20090511,131
Tmin,46.7114,2009,20090516,136
Tmin,45.0833,2009,20090521,141
Tmin,47.9112,2009,20090526,146
Tmin,50.2568,2009,20090531,151
Tmin,45.0459,2009,20090605,156
Tmin,43.6397,2009,20090610,161
Tmin,45.7654,2009,20090615,166
Tmin,44.7442,2009,20090620,171
Tmin,53.1762,2009,20090625,176
Tmin,54.3813,2009,20090630,181
Tmin,47.0326,2009,20090705,186
Tmin,48.5553,2009,20090710,191
Tmin,56.7364,2009,20090715,196
Tmin,57.8736,2009,20090720,201
Tmin,53.2052,2009,20090725,206
Tmin,52.5937,2009,20090730,211
Tmin,50.6451,2009,20090804,216
Tmin,48.9214,2009,20090809,221
Tmin,43.7117,2009,20090814,226
Tmin,54.8496,2009,20090819,231
Tmin,52.4181,2009,20090824,236
Tmin,51.9164,2009,20090829,241
Tmin,50.9937,2009,20090903,246
Tmin,42.6791,2009,20090908,251
Tmin,48.305,2009,20090913,256
Tmin,41.3652,2009,20090918,261
Tmin,43.7751,2009,20090923,266
Tmin,35.4265,2009,20090928,271
Tmin,31.7852,2009,20091003,276
Tmin,28.3309,2009,20091008,281
Tmin,40.741,2009,20091013,286
Tmin,39.1129,2009,20091018,291
Tmin,29.3667,2009,20091023,296
Tmin,23.383,2009,20091028,301
Tmin,31.281,2009,20091102,306
Tmin,29.5407,2009,20091107,311
Tmin,14.4538,2009,20091112,316
Tmin,18.8654,2009,20091117,321
Tmin,14.5753,2009,20091122,326
Tmin,19.9832,2009,20091127,331
Tmin,5.215,2009,20091202,336
Tmin,-1.7309,2009,20091207,341
Tmin,18.3779,2009,20091212,346
Tmin,22.4165,2009,20091217,351
Tmin,12.1418,2009,20091222,356
Tmin,10.6576,2009,20091227,361
Tmin,20.8428,2010,20100101,1
Tmin,5.5663,2010,20100106,6
Tmin,17.3331,2010,20100111,11
Tmin,21.8678,2010,20100116,16
Tmin,21.5186,2010,20100121,21
Tmin,15.6216,2010,20100126,26
Tmin,19.0782,2010,20100131,31
Tmin,15.876,2010,20100205,36
Tmin,21.4239,2010,20100210,41
Tmin,20.3139,2010,20100215,46
Tmin,8.9533,2010,20100220,51
Tmin,23.6915,2010,20100225,56
Tmin,27.8575,2010,20100302,61
Tmin,21.6668,2010,20100307,66
Tmin,24.8527,2010,20100312,71
Tmin,25.3946,2010,20100317,76
Tmin,25.0913,2010,20100322,81
Tmin,28.7054,2010,20100327,86
Tmin,23.8388,2010,20100401,91
Tmin,22.5867,2010,20100406,96
Tmin,31.9459,2010,20100411,101
Tmin,36.8943,2010,20100416,106
Tmin,34.0697,2010,20100421,111
Tmin,30.7734,2010,20100426,116
Tmin,28.3606,2010,20100501,121
Tmin,30.5425,2010,20100506,126
Tmin,35.9576,2010,20100511,131
Tmin,41.9996,2010,20100516,136
Tmin,31.0043,2010,20100521,141
Tmin,38.7675,2010,20100526,146
Tmin,47.2749,2010,20100531,151
Tmin,46.9405,2010,20100605,156
Tmin,42.2077,2010,20100610,161
Tmin,40.6664,2010,20100615,166
Tmin,45.6146,2010,20100620,171
Tmin,51.2031,2010,20100625,176
Tmin,47.3157,2010,20100630,181
Tmin,46.7266,2010,20100705,186
Tmin,50.6352,2010,20100710,191
Tmin,53.0119,2010,20100715,196
Tmin,51.1943,2010,20100720,201
Tmin,54.2725,2010,20100725,206
Tmin,53.268,2010,20100730,211
Tmin,53.9493,2010,20100804,216
Tmin,48.6849,2010,20100809,221
Tmin,50.6558,2010,20100814,226
Tmin,48.6117,2010,20100819,231
Tmin,47.3222,2010,20100824,236
Tmin,41.9026,2010,20100829,241
Tmin,39.645,2010,20100903,246
Tmin,40.589,2010,20100908,251
Tmin,43.6426,2010,20100913,256
Tmin,42.1348,2010,20100918,261
Tmin,42.4172,2010,20100923,266
Tmin,44.7158,2010,20100928,271
Tmin,45.3661,2010,20101003,276
Tmin,34.1035,2010,20101008,281
Tmin,35.503,2010,20101013,286
Tmin,31.7067,2010,20101018,291
Tmin,30.4989,2010,20101023,296
Tmin,29.3415,2010,20101028,301
Tmin,33.9022,2010,20101102,306
Tmin,26.9493,2010,20101107,311
Tmin,29.0837,2010,20101112,316
Tmin,24.8827,2010,20101117,321
Tmin,4.8211,2010,20101122,326
Tmin,12.5565,2010,20101127,331
Tmin,25.7058,2010,20101202,336
Tmin,26.4915,2010,20101207,341
Tmin,20.4716,2010,20101212,346
Tmin,18.6345,2010,20101217,351
Tmin,22.4743,2010,20101222,356
Tmin,12.4411,2010,20101227,361
Tmin,5.504,2011,20110101,1
Tmin,10.8418,2011,20110106,6
Tmin,15.4431,2011,20110111,11
Tmin,23.5486,2011,20110116,16
Tmin,21.455,2011,20110121,21
Tmin,22.9657,2011,20110126,26
Tmin,5.7925,2011,20110131,31
Tmin,18.8083,2011,20110205,36
Tmin,19.4634,2011,20110210,41
Tmin,25.6521,2011,20110215,46
Tmin,20.6706,2011,20110220,51
Tmin,15.452,2011,20110225,56
Tmin,25.3405,2011,20110302,61
Tmin,24.2677,2011,20110307,66
Tmin,29.3526,2011,20110312,71
Tmin,25.7187,2011,20110317,76
Tmin,26.7327,2011,20110322,81
Tmin,26.4455,2011,20110327,86
Tmin,27.3547,2011,20110401,91
Tmin,24.5109,2011,20110406,96
Tmin,28.0415,2011,20110411,101
Tmin,30.2977,2011,20110416,106
Tmin,26.292,2011,20110421,111
Tmin,23.3591,2011,20110426,116
Tmin,26.9056,2011,20110501,121
Tmin,35.4879,2011,20110506,126
Tmin,39.0445,2011,20110511,131
Tmin,32.3687,2011,20110516,136
Tmin,36.8774,2011,20110521,141
Tmin,31.2544,2011,20110526,146
Tmin,32.5036,2011,20110531,151
Tmin,38.7095,2011,20110605,156
Tmin,40.1772,2011,20110610,161
Tmin,35.6746,2011,20110615,166
Tmin,45.2127,2011,20110620,171
Tmin,46.2093,2011,20110625,176
Tmin,46.8468,2011,20110630,181
Tmin,50.6193,2011,20110705,186
Tmin,52.3469,2011,20110710,191
Tmin,51.1765,2011,20110715,196
Tmin,46.4714,2011,20110720,201
Tmin,49.4086,2011,20110725,206
Tmin,52.8036,2011,20110730,211
Tmin,53.4025,2011,20110804,216
Tmin,46.9811,2011,20110809,221
Tmin,48.433,2011,20110814,226
Tmin,53.4721,2011,20110819,231
Tmin,58.0588,2011,20110824,236
Tmin,46.7831,2011,20110829,241
Tmin,46.3176,2011,20110903,246
Tmin,48.5812,2011,20110908,251
Tmin,44.1712,2011,20110913,256
Tmin,41.5982,2011,20110918,261
Tmin,48.8984,2011,20110923,266
Tmin,49.1068,2011,20110928,271
Tmin,37.6514,2011,20111003,276
Tmin,31.6334,2011,20111008,281
Tmin,37.0709,2011,20111013,286
Tmin,31.8465,2011,20111018,291
Tmin,25.5978,2011,20111023,296
Tmin,27.1544,2011,20111028,301
Tmin,19.7834,2011,20111102,306
Tmin,18.9802,2011,20111107,311
Tmin,22.4919,2011,20111112,316
Tmin,21.2466,2011,20111117,321
Tmin,24.7327,2011,20111122,326
Tmin,22.334,2011,20111127,331
Tmin,9.5,2011,20111202,336
Tmin,12.6591,2011,20111207,341
Tmin,14.9175,2011,20111212,346
Tmin,14.1165,2011,20111217,351
Tmin,9.6653,2011,20111222,356
Tmin,24.6212,2011,20111227,361
Tmin,25.7603,2012,20120101,1
Tmin,20.0848,2012,20120106,6
Tmin,15.6909,2012,20120111,11
Tmin,17.8277,2012,20120116,16
Tmin,24.9528,2012,20120121,21
Tmin,20.1461,2012,20120126,26
Tmin,19.9458,2012,20120131,31
Tmin,15.6102,2012,20120205,36
Tmin,25.2496,2012,20120210,41
Tmin,20.125,2012,20120215,46
Tmin,22.0229,2012,20120220,51
Tmin,17.0845,2012,20120225,56
Tmin,18.5237,2012,20120301,61
Tmin,20.5476,2012,20120306,66
Tmin,31.6778,2012,20120311,71
Tmin,30.0852,2012,20120316,76
Tmin,34.604,2012,20120321,81
Tmin,33.7567,2012,20120326,86
Tmin,29.6219,2012,20120331,91
Tmin,26.4768,2012,20120405,96
Tmin,34.6304,2012,20120410,101
Tmin,32.4071,2012,20120415,106
Tmin,45.9633,2012,20120420,111
Tmin,34.1292,2012,20120425,116
Tmin,35.7564,2012,20120430,121
Tmin,30.4822,2012,20120505,126
Tmin,34.4028,2012,20120510,131
Tmin,42.4435,2012,20120515,136
Tmin,39.8377,2012,20120520,141
Tmin,32.9808,2012,20120525,146
Tmin,44.2467,2012,20120530,151
Tmin,37.4152,2012,20120604,156
Tmin,36.6688,2012,20120609,161
Tmin,43.6508,2012,20120614,166
Tmin,41.2433,2012,20120619,171
Tmin,48.6499,2012,20120624,176
Tmin,52.8255,2012,20120629,181
Tmin,49.3009,2012,20120704,186
Tmin,58.3986,2012,20120709,191
Tmin,53.8278,2012,20120714,196
Tmin,58.0547,2012,20120719,201
Tmin,55.8453,2012,20120724,206
Tmin,56.0809,2012,20120729,211
Tmin,52.2375,2012,20120803,216
Tmin,56.9753,2012,20120808,221
Tmin,54.8337,2012,20120813,226
Tmin,54.7274,2012,20120818,231
Tmin,50.9721,2012,20120823,236
Tmin,52.6224,2012,20120828,241
Tmin,45.6674,2012,20120902,246
Tmin,45.8564,2012,20120907,251
Tmin,41.8344,2012,20120912,256
Tmin,43.9803,2012,20120917,261
Tmin,44.5297,2012,20120922,266
Tmin,44.3567,2012,20120927,271
Tmin,30.4624,2012,20121002,276
Tmin,33.7918,2012,20121007,281
Tmin,38.357,2012,20121012,286
Tmin,31.5833,2012,20121017,291
Tmin,25.332,2012,20121022,296
Tmin,34.8692,2012,20121027,301
Tmin,35.8102,2012,20121101,306
Tmin,31.1873,2012,20121106,311
Tmin,20.9884,2012,20121111,316
Tmin,31.8988,2012,20121116,321
Tmin,28.5429,2012,20121121,326
Tmin,27.264,2012,20121126,331
Tmin,32.5383,2012,20121201,336
Tmin,23.4099,2012,20121206,341
Tmin,25.3757,2012,20121211,346
Tmin,18.5714,2012,20121216,351
Tmin,18.4027,2012,20121221,356
Tmin,15.9325,2012,20121226,361
Tmin,7.4633,2012,20121231,366
Tmin,5.4757,2013,20130101,1
Tmin,15.0613,2013,20130106,6
Tmin,1.496,2013,20130111,11
Tmin,1.1524,2013,20130116,16
Tmin,11.4623,2013,20130121,21
Tmin,19.3539,2013,20130126,26
Tmin,15.4624,2013,20130131,31
Tmin,16.0166,2013,20130205,36
Tmin,10.6083,2013,20130210,41
Tmin,13.6092,2013,20130215,46
Tmin,12.5103,2013,20130220,51
Tmin,10.7455,2013,20130225,56
Tmin,16.5213,2013,20130302,61
Tmin,19.2362,2013,20130307,66
Tmin,27.4979,2013,20130312,71
Tmin,21.7995,2013,20130317,76
Tmin,17.2078,2013,20130322,81
Tmin,29.2139,2013,20130327,86
Tmin,31.6586,2013,20130401,91
Tmin,28.1293,2013,20130406,96
Tmin,26.5018,2013,20130411,101
Tmin,22.6658,2013,20130416,106
Tmin,26.02,2013,20130421,111
Tmin,33.2912,2013,20130426,116
Tmin,30.4273,2013,20130501,121
Tmin,40.4001,2013,20130506,126
Tmin,49.3054,2013,20130511,131
Tmin,38.7903,2013,20130516,136
Tmin,33.635,2013,20130521,141
Tmin,35.6794,2013,20130526,146
Tmin,36.4615,2013,20130531,151
Tmin,45.3595,2013,20130605,156
Tmin,48.4104,2013,20130610,161
Tmin,45.6155,2013,20130615,166
Tmin,38.4687,2013,20130620,171
Tmin,53.7101,2013,20130625,176
Tmin,59.797,2013,20130630,181
Tmin,54.1059,2013,20130705,186
Tmin,51.7884,2013,20130710,191
Tmin,56.3484,2013,20130715,196
Tmin,53.4968,2013,20130720,201
Tmin,55.242,2013,20130725,206
Tmin,52.0891,2013,20130730,211
Tmin,53.0609,2013,20130804,216
Tmin,53.6972,2013,20130809,221
Tmin,53.869,2013,20130814,226
Tmin,50.3023,2013,20130819,231
Tmin,51.8267,2013,20130824,236
Tmin,54.5788,2013,20130829,241
Tmin,53.8609,2013,20130903,246
Tmin,49.5856,2013,20130908,251
Tmin,46.1345,2013,20130913,256
Tmin,37.7768,2013,20130918,261
Tmin,32.3279,2013,20130923,266
Tmin,34.9109,2013,20130928,271
Tmin,30.2395,2013,20131003,276
Tmin,29.2449,2013,20131008,281
Tmin,27.0258,2013,20131013,286
Tmin,29.0631,2013,20131018,291
Tmin,34.3274,2013,20131023,296
Tmin,29.7349,2013,20131028,301
Tmin,22.0773,2013,20131102,306
Tmin,31.6994,2013,20131107,311
Tmin,28.4205,2013,20131112,316
Tmin,24.0923,2013,20131117,321
Tmin,14.2454,2013,20131122,326
Tmin,24.2707,2013,20131127,331
Tmin,14.5164,2013,20131202,336
Tmin,2.3925,2013,20131207,341
Tmin,13.9213,2013,20131212,346
Tmin,16.2246,2013,20131217,351
Tmin,15.4302,2013,20131222,356
Tmin,13.8839,2013,20131227,361
Tmin,14.2509,2014,20140101,1
Tmin,20.1298,2014,20140106,6
Tmin,25.5286,2014,20140111,11
Tmin,17.3807,2014,20140116,16
Tmin,15.3309,2014,20140121,21
Tmin,17.7237,2014,20140126,26
Tmin,15.3327,2014,20140131,31
Tmin,15.6078,2014,20140205,36
Tmin,31.0883,2014,20140210,41
Tmin,29.3722,2014,20140215,46
Tmin,29.2295,2014,20140220,51
Tmin,29.709,2014,20140225,56
Tmin,34.3133,2014,20140302,61
Tmin,30.71,2014,20140307,66
Tmin,28.0929,2014,20140312,71
Tmin,22.0382,2014,20140317,76
Tmin,27.0527,2014,20140322,81
Tmin,31.0998,2014,20140327,86
Tmin,28.9419,2014,20140401,91
Tmin,34.3249,2014,20140406,96
Tmin,29.4655,2014,20140411,101
Tmin,31.5347,2014,20140416,106
Tmin,34.0589,2014,20140421,111
Tmin,28.7944,2014,20140426,116
Tmin,42.3966,2014,20140501,121
Tmin,35.2562,2014,20140506,126
Tmin,35.0548,2014,20140511,131
Tmin,41.4035,2014,20140516,136
Tmin,44.4098,2014,20140521,141
Tmin,43.6088,2014,20140526,146
Tmin,44.9328,2014,20140531,151
Tmin,44.5981,2014,20140605,156
Tmin,43.7923,2014,20140610,161
Tmin,39.3036,2014,20140615,166
Tmin,50.1057,2014,20140620,171
Tmin,48.7989,2014,20140625,176
Tmin,52.4392,2014,20140630,181
Tmin,56.1085,2014,20140705,186
Tmin,59.8126,2014,20140710,191
Tmin,56.8605,2014,20140715,196
Tmin,55.7702,2014,20140720,201
Tmin,53.6667,2014,20140725,206
Tmin,54.9745,2014,20140730,211
Tmin,55.2066,2014,20140804,216
Tmin,55.2672,2014,20140809,221
Tmin,54.5302,2014,20140814,226
Tmin,50.16,2014,20140819,231
Tmin,48.4473,2014,20140824,236
Tmin,47.273,2014,20140829,241
Tmin,42.019,2014,20140903,246
Tmin,40.1287,2014,20140908,251
Tmin,49.5268,2014,20140913,256
Tmin,48.5672,2014,20140918,261
Tmin,50.1228,2014,20140923,266
Tmin,38.9906,2014,20140928,271
Tmin,38.3523,2014,20141003,276
Tmin,37.63,2014,20141008,281
Tmin,33.824,2014,20141013,286
Tmin,33.6671,2014,20141018,291
Tmin,34.2347,2014,20141023,296
Tmin,34.5042,2014,20141028,301
Tmin,29.0385,2014,20141102,306
Tmin,21.2747,2014,20141107,311
Tmin,6.272,2014,20141112,316
Tmin,13.1676,2014,20141117,321
Tmin,29.2553,2014,20141122,326
Tmin,29.007,2014,20141127,331
Tmin,31.7377,2014,20141202,336
Tmin,30.2814,2014,20141207,341
Tmin,24.7017,2014,20141212,346
Tmin,27.7091,2014,20141217,351
Tmin,16.6294,2014,20141222,356
Tmin,3.5184,2014,20141227,361
Tmin,11.4476,2015,20150101,1
Tmin,25.2389,2015,20150106,6
Tmin,23.7332,2015,20150111,11
Tmin,24.0558,2015,20150116,16
Tmin,18.947,2015,20150121,21
Tmin,28.7645,2015,20150126,26
Tmin,30.486,2015,20150131,31
Tmin,35.6534,2015,20150205,36
Tmin,28.6468,2015,20150210,41
Tmin,22.7492,2015,20150215,46
Tmin,17.2677,2015,20150220,51
Tmin,21.1635,2015,20150225,56
Tmin,17.3132,2015,20150302,61
Tmin,27.4703,2015,20150307,66
Tmin,37.6853,2015,20150312,71
Tmin,30.362,2015,20150317,76
Tmin,28.4908,2015,20150322,81
Tmin,29.8516,2015,20150327,86
Tmin,24.9714,2015,20150401,91
Tmin,28.1979,2015,20150406,96
Tmin,27.1081,2015,20150411,101
Tmin,32.232,2015,20150416,106
Tmin,34.6153,2015,20150421,111
Tmin,33.9301,2015,20150426,116
Tmin,39.6151,2015,20150501,121
Tmin,36.5784,2015,20150506,126
Tmin,40.2844,2015,20150511,131
Tmin,42.4917,2015,20150516,136
Tmin,43.3568,2015,20150521,141
Tmin,44.2604,2015,20150526,146
Tmin,46.5296,2015,20150531,151
Tmin,48.7915,2015,20150605,156
Tmin,49.4602,2015,20150610,161
Tmin,51.3471,2015,20150615,166
Tmin,51.7834,2015,20150620,171
Tmin,58.6021,2015,20150625,176
Tmin,60.642,2015,20150630,181
Tmin,57.1439,2015,20150705,186
Tmin,50.8115,2015,20150710,191
Tmin,49.2431,2015,20150715,196
Tmin,52.6644,2015,20150720,201
Tmin,44.9982,2015,20150725,206
Tmin,52.2912,2015,20150730,211
Tmin,49.5644,2015,20150804,216
Tmin,55.9489,2015,20150809,221
Tmin,51.0515,2015,20150814,226
Tmin,46.1515,2015,20150819,231
Tmin,52.7024,2015,20150824,236
Tmin,50.8739,2015,20150829,241
Tmin,40.5704,2015,20150903,246
Tmin,44.7865,2015,20150908,251
Tmin,46.6802,2015,20150913,256
Tmin,40.6625,2015,20150918,261
Tmin,48.34,2015,20150923,266
Tmin,47.7374,2015,20150928,271
Tmin,42.4424,2015,20151003,276
Tmin,41.4933,2015,20151008,281
Tmin,41.7989,2015,20151013,286
Tmin,40.0258,2015,20151018,291
Tmin,34.8379,2015,20151023,296
Tmin,35.4732,2015,20151028,301
Tmin,28.8099,2015,20151102,306
Tmin,25.4166,2015,20151107,311
Tmin,23.8916,2015,20151112,316
Tmin,20.8273,2015,20151117,321
Tmin,18.5414,2015,20151122,326
Tmin,1.2716,2015,20151127,331
Tmin,18.1611,2015,20151202,336
Tmin,30.2195,2015,20151207,341
Tmin,20.5655,2015,20151212,346
Tmin,20.8313,2015,20151217,351
Tmin,11.0651,2015,20151222,356
Tmin,-1.8412,2015,20151227,361
Tmin,10.0118,2016,20160101,1
Tmin,20.7675,2016,20160106,6
Tmin,14.9016,2016,20160111,11
Tmin,21.1813,2016,20160116,16
Tmin,16.4921,2016,20160121,21
Tmin,18.6747,2016,20160126,26
Tmin,9.7755,2016,20160131,31
Tmin,17.1639,2016,20160205,36
Tmin,21.6668,2016,20160210,41
Tmin,32.3646,2016,20160215,46
Tmin,21.2077,2016,20160220,51
Tmin,26.7577,2016,20160225,56
Tmin,31.1682,2016,20160301,61
Tmin,30.7857,2016,20160306,66
Tmin,32.9139,2016,20160311,71
Tmin,25.3306,2016,20160316,76
Tmin,28.7165,2016,20160321,81
Tmin,29.1905,2016,20160326,86
Tmin,31.4966,2016,20160331,91
Tmin,34.6196,2016,20160405,96
Tmin,39.3437,2016,20160410,101
Tmin,32.562,2016,20160415,106
Tmin,40.4143,2016,20160420,111
Tmin,36.9096,2016,20160425,116
Tmin,36.6877,2016,20160430,121
Tmin,43.1658,2016,20160505,126
Tmin,38.1793,2016,20160510,131
Tmin,42.9657,2016,20160515,136
Tmin,37.3411,2016,20160520,141
Tmin,38.8117,2016,20160525,146
Tmin,44.6485,2016,20160530,151
Tmin,53.2556,2016,20160604,156
Tmin,47.9733,2016,20160609,161
Tmin,45.3865,2016,20160614,166
Tmin,49.5123,2016,20160619,171
Tmin,47.1232,2016,20160624,176
Tmin,55.9375,2016,20160629,181
Tmin,51.0253,2016,20160704,186
Tmin,45.2915,2016,20160709,191
Tmin,49.9548,2016,20160714,196
Tmin,53.4375,2016,20160719,201
Tmin,53.1266,2016,20160724,206
Tmin,56.4515,2016,20160729,211
Tmin,50.1342,2016,20160803,216
Tmin,46.6923,2016,20160808,221
Tmin,54.0408,2016,20160813,226
Tmin,50.9514,2016,20160818,231
Tmin,45.0421,2016,20160823,236
Tmin,53.4065,2016,20160828,241
Tmin,43.9662,2016,20160902,246
Tmin,40.3929,2016,20160907,251
Tmin,39.6357,2016,20160912,256
Tmin,48.504,2016,20160917,261
Tmin,39.9678,2016,20160922,266
Tmin,46.6825,2016,20160927,271
Tmin,35.7758,2016,20161002,276
Tmin,36.1067,2016,20161007,281
Tmin,37.4936,2016,20161012,286
Tmin,29.6056,2016,20161017,291
Tmin,39.3687,2016,20161022,296
Tmin,40.0444,2016,20161027,301
Tmin,30.3893,2016,20161101,306
Tmin,33.6347,2016,20161106,311
Tmin,34.341,2016,20161111,316
Tmin,23.7444,2016,20161116,321
Tmin,25.2462,2016,20161121,326
Tmin,23.5114,2016,20161126,331
Tmin,16.6565,2016,20161201,336
Tmin,11.8691,2016,20161206,341
Tmin,20.7593,2016,20161211,346
Tmin,2.9089,2016,20161216,351
Tmin,11.0159,2016,20161221,356
Tmin,4.7501,2016,20161226,361
Tmin,9.5619,2016,20161231,366
Tmin,-1.1187,2017,20170101,1
Tmin,9.531,2017,20170106,6
Tmin,4.8331,2017,20170111,11
Tmin,8.5718,2017,20170116,16
Tmin,17.5201,2017,20170121,21
Tmin,4.3816,2017,20170126,26
Tmin,19.6762,2017,20170131,31
Tmin,33.3576,2017,20170205,36
Tmin,19.1842,2017,20170210,41
Tmin,26.9478,2017,20170215,46
Tmin,22.7758,2017,20170220,51
Tmin,11.7516,2017,20170225,56
Tmin,20.4997,2017,20170302,61
Tmin,31.3679,2017,20170307,66
Tmin,34.333,2017,20170312,71
Tmin,39.1906,2017,20170317,76
Tmin,30.7755,2017,20170322,81
Tmin,31.8473,2017,20170327,86
Tmin,27.7624,2017,20170401,91
Tmin,31.8806,2017,20170406,96
Tmin,29.9559,2017,20170411,101
Tmin,35.6725,2017,20170416,106
Tmin,34.6092,2017,20170421,111
Tmin,31.4232,2017,20170426,116
Tmin,38.5834,2017,20170501,121
Tmin,40.5376,2017,20170506,126
Tmin,35.4529,2017,20170511,131
Tmin,31.973,2017,20170516,136
Tmin,42.2315,2017,20170521,141
Tmin,41.1465,2017,20170526,146
Tmin,47.2282,2017,20170531,151
Tmin,47.2893,2017,20170605,156
Tmin,40.9817,2017,20170610,161
Tmin,50.2598,2017,20170615,166
Tmin,49.5942,2017,20170620,171
Tmin,50.0657,2017,20170625,176
Tmin,52.7747,2017,20170630,181
Tmin,59.81,2017,20170705,186
Tmin,56.1988,2017,20170710,191
Tmin,56.4566,2017,20170715,196
Tmin,56.5948,2017,20170720,201
Tmin,55.7618,2017,20170725,206
Tmin,55.2224,2017,20170730,211
Tmin,54.2971,2017,20170804,216
Tmin,53.4834,2017,20170809,221
Tmin,47.5298,2017,20170814,226
Tmin,49.7682,2017,20170819,231
Tmin,52.0884,2017,20170824,236
Tmin,55.0948,2017,20170829,241
Tmin,51.8232,2017,20170903,246
Tmin,53.822,2017,20170908,251
Tmin,43.2491,2017,20170913,256
Tmin,36.531,2017,20170918,261
Tmin,34.1776,2017,20170923,266
Tmin,35.4075,2017,20170928,271
Tmin,32.1914,2017,20171003,276
Tmin,27.5319,2017,20171008,281
Tmin,25.6066,2017,20171013,286
Tmin,33.3545,2017,20171018,291
Tmin,28.6103,2017,20171023,296
Tmin,29.2018,2017,20171028,301
Tmin,31.161,2017,20171102,306
Tmin,26.2155,2017,20171107,311
Tmin,27.4685,2017,20171112,316
Tmin,26.6762,2017,20171117,321
Tmin,34.4499,2017,20171122,326
Tmin,22.1376,2017,20171127,331
Tmin,16.8468,2017,20171202,336
Tmin,12.3258,2017,20171207,341
Tmin,17.1691,2017,20171212,346
Tmin,17.0798,2017,20171217,351
Tmin,10.7403,2017,20171222,356
Tmin,20.4296,2017,20171227,361
Tmin,13.6887,2018,20180101,1
Tmin,26.7269,2018,20180106,6
Tmin,24.8362,2018,20180111,11
Tmin,24.3557,2018,20180116,16
Tmin,20.3544,2018,20180121,21
Tmin,27.9132,2018,20180126,26
Tmin,34.9062,2018,20180131,31
Tmin,29.7584,2018,20180205,36
Tmin,20.3898,2018,20180210,41
Tmin,18.0771,2018,20180215,46
Tmin,7.6789,2018,20180220,51
Tmin,13.6544,2018,20180225,56
Tmin,17.2917,2018,20180302,61
Tmin,23.0767,2018,20180307,66
Tmin,27.9987,2018,20180312,71
Tmin,26.2056,2018,20180317,76
Tmin,30.16,2018,20180322,81
Tmin,29.7501,2018,20180327,86
Tmin,28.7091,2018,20180401,91
Tmin,34.9776,2018,20180406,96
Tmin,33.1143,2018,20180411,101
Tmin,29.5848,2018,20180416,106
Tmin,33.9836,2018,20180421,111
Tmin,38.0122,2018,20180426,116
Tmin,36.2353,2018,20180501,121
Tmin,45.0251,2018,20180506,126
Tmin,38.4843,2018,20180511,131
Tmin,43.6903,2018,20180516,136
Tmin,46.9717,2018,20180521,141
Tmin,46.7177,2018,20180526,146
Tmin,43.5058,2018,20180531,151
Tmin,47.3102,2018,20180605,156
Tmin,41.6778,2018,20180610,161
Tmin,47.4741,2018,20180615,166
Tmin,49.4386,2018,20180620,171
Tmin,50.8542,2018,20180625,176
Tmin,46.0531,2018,20180630,181
Tmin,58.827,2018,20180705,186
Tmin,54.9072,2018,20180710,191
Tmin,56.6245,2018,20180715,196
Tmin,57.133,2018,20180720,201
Tmin,55.7922,2018,20180725,206
Tmin,55.3108,2018,20180730,211
Tmin,51.1543,2018,20180804,216
Tmin,56.2186,2018,20180809,221
Tmin,51.6697,2018,20180814,226
Tmin,48.9166,2018,20180819,231
Tmin,45.5937,2018,20180824,236
Tmin,45.3668,2018,20180829,241
Tmin,48.6229,2018,20180903,246
Tmin,47.711,2018,20180908,251
Tmin,44.043,2018,20180913,256
Tmin,40.2361,2018,20180918,261
Tmin,35.503,2018,20180923,266
Tmin,41.458,2018,20180928,271
Tmin,39.8929,2018,20181003,276
Tmin,32.76,2018,20181008,281
Tmin,25.0713,2018,20181013,286
Tmin,34.3881,2018,20181018,291
Tmin,38.204,2018,20181023,296
Tmin,32.4568,2018,20181028,301
Tmin,30.0095,2018,20181102,306
Tmin,16.3394,2018,20181107,311
Tmin,17.2813,2018,20181112,316
Tmin,15.2126,2018,20181117,321
Tmin,23.5211,2018,20181122,326
Tmin,26.9058,2018,20181127,331
Tmin,11.0671,2018,20181202,336
Tmin,18.7244,2018,20181207,341
Tmin,15.4696,2018,20181212,346
Tmin,25.1455,2018,20181217,351
Tmin,20.4052,2018,20181222,356
Tmin,12.8393,2018,20181227,361
Tmin,5.2071,2019,20190101,1
Tmin,18.2236,2019,20190106,6
Tmin,12.2037,2019,20190111,11
Tmin,27.3927,2019,20190116,16
Tmin,20.3714,2019,20190121,21
Tmin,16.0877,2019,20190126,26
Tmin,24.7173,2019,20190131,31
Tmin,9.6415,2019,20190205,36
Tmin,18.8563,2019,20190210,41
Tmin,12.7595,2019,20190215,46
Tmin,9.8709,2019,20190220,51
Tmin,28.5376,2019,20190225,56
Tmin,18.6474,2019,20190302,61
Tmin,22.4781,2019,20190307,66
Tmin,20.5292,2019,20190312,71
Tmin,26.5669,2019,20190317,76
Tmin,31.8492,2019,20190322,81
Tmin,29.2405,2019,20190327,86
Tmin,36.0389,2019,20190401,91
Tmin,37.0545,2019,20190406,96
Tmin,33.1209,2019,20190411,101
Tmin,37.4012,2019,20190416,106
Tmin,38.0424,2019,20190421,111
Tmin,29.8348,2019,20190426,116
Tmin,33.1892,2019,20190501,121
Tmin,35.2561,2019,20190506,126
Tmin,44.4845,2019,20190511,131
Tmin,39.674,2019,20190516,136
Tmin,39.907,2019,20190521,141
Tmin,43.4631,2019,20190526,146
Tmin,46.6411,2019,20190531,151
Tmin,38.8496,2019,20190605,156
Tmin,47.2848,2019,20190610,161
Tmin,48.3481,2019,20190615,166
Tmin,40.4106,2019,20190620,171
Tmin,50.0945,2019,20190625,176
Tmin,50.1359,2019,20190630,181
Tmin,50.2696,2019,20190705,186
Tmin,55.8394,2019,20190710,191
Tmin,54.341,2019,20190715,196
Tmin,56.3354,2019,20190720,201
Tmin,54.3936,2019,20190725,206
Tmin,56.1838,2019,20190730,211
Tmin,57.4867,2019,20190804,216
Tmin,48.2313,2019,20190809,221
Tmin,50.5551,2019,20190814,226
Tmin,50.3287,2019,20190819,231
Tmin,46.8556,2019,20190824,236
Tmin,53.605,2019,20190829,241
Tmin,54.2824,2019,20190903,246
Tmin,44.4577,2019,20190908,251
Tmin,45.4953,2019,20190913,256
Tmin,40.9279,2019,20190918,261
Tmin,44.2273,2019,20190923,266
Tmin,31.342,2019,20190928,271
Tmin,28.3103,2019,20191003,276
Tmin,20.6471,2019,20191008,281
Tmin,30.1848,2019,20191013,286
Tmin,30.9303,2019,20191018,291
Tmin,19.1533,2019,20191023,296
Tmin,6.8876,2019,20191028,301
Tmin,21.3565,2019,20191102,306
Tmin,23.5567,2019,20191107,311
Tmin,25.913,2019,20191112,316
Tmin,26.833,2019,20191117,321
Tmin,18.2999,2019,20191122,326
Tmin,17.0272,2019,20191127,331
Tmin,24.5809,2019,20191202,336
Tmin,26.0678,2019,20191207,341
Tmin,16.9445,2019,20191212,346
Tmin,14.4341,2019,20191217,351
Tmin,23.5583,2019,20191222,356
Tmin,13.6839,2019,20191227,361
Tmin,20.4895,2020,20200101,1
Tmin,19.3632,2020,20200106,6
Tmin,16.6675,2020,20200111,11
Tmin,15.3176,2020,20200116,16
Tmin,28.0274,2020,20200121,21
Tmin,27.8296,2020,20200126,26
Tmin,14.8929,2020,20200131,31
Tmin,24.2192,2020,20200205,36
Tmin,15.3922,2020,20200210,41
Tmin,14.3152,2020,20200215,46
Tmin,11.7965,2020,20200220,51
Tmin,17.7211,2020,20200225,56
Tmin,23.3946,2020,20200301,61
Tmin,29.7411,2020,20200306,66
Tmin,26.4006,2020,20200311,71
Tmin,32.0314,2020,20200316,76
Tmin,29.2493,2020,20200321,81
Tmin,25.5357,2020,20200326,86
Tmin,22.887,2020,20200331,91
Tmin,32.9783,2020,20200405,96
Tmin,25.0168,2020,20200410,101
Tmin,26.9133,2020,20200415,106
Tmin,35.4793,2020,20200420,111
Tmin,37.7777,2020,20200425,116
Tmin,37.4505,2020,20200430,121
Tmin,33.0522,2020,20200505,126
Tmin,42.0459,2020,20200510,131
Tmin,38.6051,2020,20200515,136
Tmin,36.513,2020,20200520,141
Tmin,46.8741,2020,20200525,146
Tmin,52.7686,2020,20200530,151
Tmin,42.3369,2020,20200604,156
Tmin,45.1676,2020,20200609,161
Tmin,40.0253,2020,20200614,166
Tmin,48.8717,2020,20200619,171
Tmin,51.0962,2020,20200624,176
Tmin,46.8424,2020,20200629,181
Tmin,50.0591,2020,20200704,186
Tmin,50.831,2020,20200709,191
Tmin,50.3322,2020,20200714,196
Tmin,52.8065,2020,20200719,201
Tmin,52.6379,2020,20200724,206
Tmin,57.2082,2020,20200729,211
Tmin,54.219,2020,20200803,216
Tmin,51.1752,2020,20200808,221
Tmin,52.6477,2020,20200813,226
Tmin,56.6913,2020,20200818,231
Tmin,55.4753,2020,20200823,236
Tmin,45.6255,2020,20200828,241
Tmin,50.9324,2020,20200902,246
Tmin,36.4045,2020,20200907,251
Tmin,44.8415,2020,20200912,256
Tmin,43.8637,2020,20200917,261
Tmin,45.3947,2020,20200922,266
Tmin,35.9065,2020,20200927,271
Tmin,39.3874,2020,20201002,276
Tmin,38.6026,2020,20201007,281
Tmin,34.2763,2020,20201012,286
Tmin,43.157,2020,20201017,291
Tmin,14.4855,2020,20201022,296
Tmin,23.295,2020,20201027,301
Tmin,31.038,2020,20201101,306
Tmin,27.6566,2020,20201106,311
Tmin,22.0572,2020,20201111,316
Tmin,27.4945,2020,20201116,321
Tmin,18.724,2020,20201121,326
Tmin,15.3999,2020,20201126,331
Tmin,11.6994,2020,20201201,336
Tmin,12.8072,2020,20201206,341
Tmin,14.5028,2020,20201211,346
Tmin,25.1902,2020,20201216,351
Tmin,18.1603,2020,20201221,356
Tmin,15.4595,2020,20201226,361
Tmin,19.5424,2020,20201231,366
Tmin,21.6734,2021,20210101,1
Tmin,18.304,2021,20210106,6
Tmin,17.1043,2021,20210111,11
Tmin,18.6305,2021,20210116,16
Tmin,18.9241,2021,20210121,21
Tmin,24.2969,2021,20210126,26
Tmin,23.4248,2021,20210131,31
Tmin,26.4716,2021,20210205,36
Tmin,19.942,2021,20210210,41
Tmin,21.6223,2021,20210215,46
Tmin,22.444,2021,20210220,51
Tmin,16.8142,2021,20210225,56
Tmin,23.7013,2021,20210302,61
Tmin,23.728,2021,20210307,66
Tmin,24.6087,2021,20210312,71
Tmin,28.5631,2021,20210317,76
Tmin,26.7711,2021,20210322,81
Tmin,22.5522,2021,20210327,86
Tmin,30.9182,2021,20210401,91
Tmin,24.3397,2021,20210406,96
Tmin,27.1292,2021,20210411,101
Tmin,27.1638,2021,20210416,106
Tmin,32.5672,2021,20210421,111
Tmin,35.6886,2021,20210426,116
Tmin,39.2951,2021,20210501,121
Tmin,32.8184,2021,20210506,126
Tmin,39.8327,2021,20210511,131
Tmin,42.0721,2021,20210516,136
Tmin,38.5828,2021,20210521,141
Tmin,38.2791,2021,20210526,146
Tmin,50.2368,2021,20210531,151
Tmin,49.2659,2021,20210605,156
Tmin,43.8877,2021,20210610,161
Tmin,53.5372,2021,20210615,166
Tmin,55.8695,2021,20210620,171
Tmin,56.9962,2021,20210625,176
Tmin,57.8814,2021,20210630,181
Tmin,57.6196,2021,20210705,186
Tmin,56.5614,2021,20210710,191
Tmin,59.4788,2021,20210715,196
Tmin,57.1878,2021,20210720,201
Tmin,60.4187,2021,20210725,206
Tmin,57.9089,2021,20210730,211
Tmin,53.5532,2021,20210804,216
Tmin,51.9638,2021,20210809,221
Tmin,54.3106,2021,20210814,226
Tmin,47.0879,2021,20210819,231
Tmin,48.5323,2021,20210824,236
Tmin,47.737,2021,20210829,241
Tmin,44.6128,2021,20210903,246
Tmin,52.1139,2021,20210908,251
Tmin,43.114,2021,20210913,256
Tmin,40.7282,2021,20210918,261
Tmin,43.9167,2021,20210923,266
Tmin,32.0415,2021,20210928,271
Tmin,41.0574,2021,20211003,276
Tmin,36.7466,2021,20211008,281
Tmin,28.8436,2021,20211013,286
Tmin,37.3163,2021,20211018,291
Tmin,37.7175,2021,20211023,296
Tmin,36.5522,2021,20211028,301
Tmin,35.1594,2021,20211102,306
Tmin,28.2259,2021,20211107,311
Tmin,34.9547,2021,20211112,316
Tmin,24.8133,2021,20211117,321
Tmin,21.236,2021,20211122,326
Tmin,26.8244,2021,20211127,331
Tmin,27.2521,2021,20211202,336
Tmin,23.9717,2021,20211207,341
Tmin,25.4568,2021,20211212,346
Tmin,14.725,2021,20211217,351
Tmin,24.9264,2021,20211222,356
Tmin,12.5592,2021,20211227,361
Tmin,8.8707,2022,20220101,1
Tmin,17.3358,2022,20220106,6
Tmin,15.7392,2022,20220111,11
Tmin,15.9649,2022,20220116,16
Tmin,11.8633,2022,20220121,21
Tmin,-0.0845,2022,20220126,26
Tmin,4.348,2022,20220131,31
Tmin,11.2947,2022,20220205,36
Tmin,17.5642,2022,20220210,41
Tmin,20.1357,2022,20220215,46
Tmin,9.0838,2022,20220220,51
Tmin,8.0552,2022,20220225,56
Tmin,25.4662,2022,20220302,61
Tmin,9.8828,2022,20220307,66
Tmin,26.4539,2022,20220312,71
Tmin,25.6367,2022,20220317,76
Tmin,31.333,2022,20220322,81
Tmin,33.2719,2022,20220327,86
Tmin,25.6046,2022,20220401,91
Tmin,24.0169,2022,20220406,96
Tmin,24.4748,2022,20220411,101
Tmin,30.9583,2022,20220416,106
Tmin,31.4009,2022,20220421,111
Tmin,30.2923,2022,20220426,116
Tmin,35.2551,2022,20220501,121
Tmin,31.5202,2022,20220506,126
Tmin,35.6948,2022,20220511,131
Tmin,38.027,2022,20220516,136
Tmin,31.3732,2022,20220521,141
Tmin,41.7105,2022,20220526,146
Tmin,42.4751,2022,20220531,151
Tmin,43.8054,2022,20220605,156
Tmin,44.5323,2022,20220610,161
Tmin,43.2612,2022,20220615,166
Tmin,44.2566,2022,20220620,171
Tmin,49.2282,2022,20220625,176
Tmin,52.0887,2022,20220630,181
Tmin,53.7579,2022,20220705,186
Tmin,55.475,2022,20220710,191
Tmin,57.3756,2022,20220715,196
Tmin,55.4038,2022,20220720,201
Tmin,55.0163,2022,20220725,206
Tmin,56.8655,2022,20220730,211
Tmin,53.7084,2022,20220804,216
Tmin,58.7995,2022,20220809,221
Tmin,55.0612,2022,20220814,226
Tmin,57.1018,2022,20220819,231
Tmin,54.4323,2022,20220824,236
Tmin,52.892,2022,20220829,241
Tmin,57.2866,2022,20220903,246
Tmin,44.6922,2022,20220908,251
Tmin,48.713,2022,20220913,256
Tmin,45.7584,2022,20220918,261
Tmin,42.9933,2022,20220923,266
Tmin,42.3693,2022,20220928,271
Tmin,40.5864,2022,20221003,276
Tmin,39.0829,2022,20221008,281
Tmin,36.0081,2022,20221013,286
Tmin,34.7358,2022,20221018,291
Tmin,25.842,2022,20221023,296
Tmin,27.7794,2022,20221028,301
Tmin,24.2715,2022,20221102,306
Tmin,21.5475,2022,20221107,311
Tmin,13.0893,2022,20221112,316
Tmin,6.2749,2022,20221117,321
Tmin,17.0456,2022,20221122,326
Tmin,19.7859,2022,20221127,331
Tmin,13.438,2022,20221202,336
Tmin,18.7824,2022,20221207,341
Tmin,18.5539,2022,20221212,346
Tmin,0.211,2022,20221217,351
Tmin,15.052,2022,20221222,356
Tmin,26.86,2022,20221227,361
Tmin,19.0647,2023,20230101,1
Tmin,21.7758,2023,20230106,6
Tmin,24.2055,2023,20230111,11
Tmin,15.6302,2023,20230116,16
Tmin,9.2763,2023,20230121,21
Tmin,5.7041,2023,20230126,26
Tmin,3.0161,2023,20230131,31
Tmin,13.6922,2023,20230205,36
Tmin,7.647,2023,20230210,41
Tmin,1.1137,2023,20230215,46
Tmin,16.9436,2023,20230220,51
Tmin,23.0706,2023,20230225,56
Tmin,10.6246,2023,20230302,61
Tmin,12.7635,2023,20230307,66
Tmin,23.3984,2023,20230312,71
Tmin,20.2293,2023,20230317,76
Tmin,21.8067,2023,20230322,81
Tmin,25.1638,2023,20230327,86
Tmin,23.4716,2023,20230401,91
Tmin,26.3514,2023,20230406,96
Tmin,27.0159,2023,20230411,101
Tmin,28.0267,2023,20230416,106
Tmin,29.6062,2023,20230421,111
Tmin,34.7495,2023,20230426,116
Tmin,42.4077,2023,20230501,121
Tmin,35.4277,2023,20230506,126
Tmin,42.873,2023,20230511,131
Tmin,44.859,2023,20230516,136
Tmin,46.5753,2023,20230521,141
Tmin,45.5676,2023,20230526,146
Tmin,45.433,2023,20230531,151
Tmin,47.6305,2023,20230605,156
Tmin,48.2734,2023,20230610,161
Tmin,44.2733,2023,20230615,166
Tmin,39.3858,2023,20230620,171
Tmin,47.6865,2023,20230625,176
Tmin,51.309,2023,20230630,181
Tmin,50.919,2023,20230705,186
Tmin,53.0356,2023,20230710,191
Tmin,56.8435,2023,20230715,196
Tmin,58.5506,2023,20230720,201
Tmin,53.6964,2023,20230725,206
Tmin,58.5114,2023,20230730,211
Tmin,51.3345,2023,20230804,216
Tmin,52.6322,2023,20230809,221
Tmin,57.6663,2023,20230814,226
Tmin,57.9854,2023,20230819,231
Tmin,56.5913,2023,20230824,236
Tmin,51.0228,2023,20230829,241
Tmin,48.7308,2023,20230903,246
Tmin,49.3258,2023,20230908,251
Tmin,44.9776,2023,20230913,256
Tmin,41.8278,2023,20230918,261
Tmin,40.6361,2023,20230923,266
Tmin,40.5844,2023,20230928,271
Tmin,40.1347,2023,20231003,276
Tmin,40.5152,2023,20231008,281
Tmin,38.895,2023,20231013,286
Tmin,39.585,2023,20231018,291
Tmin,32.4221,2023,20231023,296
Tmin,19.5486,2023,20231028,301
Tmin,36.8027,2023,20231102,306
Tmin,26.8741,2023,20231107,311
Tmin,29.2775,2023,20231112,316
Tmin,24.4556,2023,20231117,321
Tmin,17.1869,2023,20231122,326
Tmin,13.52,2023,20231127,331
Tmin,28.6523,2023,20231202,336
Tmin,23.7343,2023,20231207,341
Tmin,19.5215,2023,20231212,346
Tmin,24.7663,2023,20231217,351
Tmin,13.0952,2023,20231222,356
Tmin,20.2708,2023,20231227,361
Tmin,19.3869,2024,20240101,1
Tmin,15.3502,2024,20240106,6
Tmin,3.3215,2024,20240111,11
Tmin,18.2334,2024,20240116,16
Tmin,30.0363,2024,20240121,21
Tmin,28.5136,2024,20240126,26
Tmin,31.0455,2024,20240131,31
Tmin,29.1266,2024,20240205,36
Tmin,22.5263,2024,20240210,41
Tmin,18.8851,2024,20240215,46
Tmin,27.3884,2024,20240220,51
Tmin,24.0632,2024,20240225,56
Tmin,16.1927,2024,20240301,61
Tmin,14.9807,2024,20240306,66
Tmin,26.817,2024,20240311,71
Tmin,29.4404,2024,20240316,76
Tmin,31.1057,2024,20240321,81
Tmin,28.1299,2024,20240326,86
Tmin,32.7901,2024,20240331,91
Tmin,26.6131,2024,20240405,96
Tmin,35.4225,2024,20240410,101
Tmin,29.8459,2024,20240415,106
Tmin,33.8174,2024,20240420,111
Tmin,37.2389,2024,20240425,116
Tmin,27.4553,2024,20240430,121
Tmin,33.3846,2024,20240505,126
Tmin,39.3727,2024,20240510,131
Tmin,38.0481,2024,20240515,136
Tmin,31.5268,2024,20240520,141
Tmin,39.2781,2024,20240525,146
Tmin,42.3403,2024,20240530,151
Tmin,49.9021,2024,20240604,156
Tmin,51.9036,2024,20240609,161
Tmin,42.3663,2024,20240614,166
Tmin,49.0913,2024,20240619,171
Tmin,52.2976,2024,20240624,176
Tmin,47.9325,2024,20240629,181
Tmin,49.7827,2024,20240704,186
Tmin,57.3417,2024,20240709,191
Tmin,59.1228,2024,20240714,196
Tmin,59.1244,2024,20240719,201
Tmin,55.1077,2024,20240724,206
Tmin,53.4569,2024,20240729,211
Tmin,57.9262,2024,20240803,216
Tmin,54.7944,2024,20240808,221
Tmin,50.7092,2024,20240813,226
Tmin,52.8443,2024,20240818,231
Tmin,45.764,2024,20240823,236
Tmin,44.1093,2024,20240828,241
Tmin,50.6578,2024,20240902,246
Tmin,52.1012,2024,20240907,251
Tmin,42.69,2024,20240912,256
Tmin,42.1027,2024,20240917,261
Tmin,44.6845,2024,20240922,266
Tmin,41.4577,2024,20240927,271
Tmin,40.4424,2024,20241002,276
Tmin,43.7653,2024,20241007,281
Tmin,41.7346,2024,20241012,286
Tmin,31.1678,2024,20241017,291
Tmin,31.2519,2024,20241022,296
Tmin,28.3449,2024,20241027,301
Tmin,26.3866,2024,20241101,306
Tmin,21.0394,2024,20241106,311
Tmin,25.4079,2024,20241111,316
Tmin,20.0466,2024,20241116,321
Tmin,25.4288,2024,20241121,326
Tmin,17.9911,2024,20241126,331
Tmin,19.6417,2024,20241201,336
Tmin,18.5205,2024,20241206,341
Tmin,23.1842,2024,20241211,346
Tmin,24.4056,2024,20241216,351
Tmin,28.1105,2024,20241221,356
Tmin,26.1126,2024,20241226,361
Tmin,11.9263,2024,20241231,366
Tmin,34.6095,2025,20250101,1
Tmin,24.9643,2025,20250106,6
Tmin,23.5805,2025,20250111,11
Tmin,14.6005,2025,20250116,16
Tmin,13.0043,2025,20250121,21
Tmin,13.2054,2025,20250126,26
Tmin,33.5501,2025,20250131,31
Tmin,23.6102,2025,20250205,36
Tmin,13.1024,2025,20250210,41
Tmin,29.4235,2025,20250215,46
Tmin,29.0346,2025,20250220,51
Tmin,33.9628,2025,20250225,56
Tmin,28.6892,2025,20250302,61
Tmin,26.3609,2025,20250307,66
Tmin,28.589,2025,20250312,71
Tmin,25.843,2025,20250317,76
Tmin,32.6083,2025,20250322,81
Tmin,30.6483,2025,20250327,86
Tmin,23.5182,2025,20250401,91
Tmin,32.1322,2025,20250406,96
Tmin,31.0553,2025,20250411,101
Tmin,30.1307,2025,20250416,106
Tmin,33.7665,2025,20250421,111
Tmin,35.7327,2025,20250426,116
Tmin,37.273,2025,20250501,121
Tmin,42.2417,2025,20250506,126
Tmin,39.6706,2025,20250511,131
Tmin,35.9172,2025,20250516,136
Tmin,39.7792,2025,20250521,141
Tmin,48.133,2025,20250526,146
Tmin,44.2854,2025,20250531,151
Tmin,47.7841,2025,20250605,156
Tmin,49.6362,2025,20250610,161
Tmin,50.649,2025,20250615,166
Tmin,39.4938,2025,20250620,171
Tmin,50.8228,2025,20250625,176
Tmin,57.5975,2025,20250630,181
Tmin,50.913,2025,20250705,186
Tmin,54.5555,2025,20250710,191
Tmin,54.8806,2025,20250715,196
Tmin,54.5604,2025,20250720,201
Tmin,52.0673,2025,20250725,206
Tmin,52.9254,2025,20250730,211
Tmin,51.3192,2025,20250804,216
Tmin,51.6645,2025,20250809,221
Tmin,55.7665,2025,20250814,226
Tmin,55.585,2025,20250819,231
Tmin,57.2672,2025,20250824,236
Tmin,51.1052,2025,20250829,241
Tmin,52.4002,2025,20250903,246
Tmin,48.5106,2025,20250908,251
Tmin,43.4771,2025,20250913,256
Tmin,46.0613,2025,20250918,261
Tmin,42.2302,2025,20250923,266
Tmin,48.1363,2025,20250928,271
Tmin,36.5759,2025,20251003,276
Tmin,40.0931,2025,20251008,281
Tmin,35.8656,2025,20251013,286
Tmin,30.7098,2025,20251018,291
Tmin,30.6072,2025,20251023,296
Tmin,26.7231,2025,20251028,301
Tmin,34.9614,2025,20251102,306
Tmin,27.1317,2025,20251107,311
Tmin,36.8459,2025,20251112,316
Tmin,32.6498,2025,20251117,321
Tmin,23.4019,2025,20251122,326
Tmin,22.4976,2025,20251127,331
Tmin,24.121,2025,20251202,336
Tmin,36.2078,2025,20251207,341
Tmin,28.9482,2025,20251212,346
Tmin,29.7985,2025,20251217,351
Tmin,37.4229,2025,20251222,356
Tmin,17.2898,2025,20251227,361
Tmin,30.6568,2026,20260101,1
Tmin,21.0235,2026,20260106,6
Tmin,20.056,2026,20260111,11
Tmin,18.4135,2026,20260116,16
Tmin,14.818,2026,20260121,21
Tmin,18.2414,2026,20260126,26
Tmin,27.0142,2026,20260131,31
Tmin,30.2427,2026,20260205,36
Tmin,27.1607,2026,20260210,41
Tmin,23.3045,2026,20260215,46
Tmin,22.587,2026,20260220,51
Tmin,31.3173,2026,20260225,56
Tmin,29.4218,2026,20260302,61
Tmin,25.8315,2026,20260307,66
Tmin,29.3723,2026,20260312,71
Tmin,37.7359,2026,20260317,76
Tmin,35.2382,2026,20260322,81
Tmin,34.9897,2026,20260327,86
Tmin,29.5655,2026,20260401,91
Tmin,37.4538,2026,20260406,96
Tmin,32.9876,2026,20260411,101
Tmin,25.7662,2026,20260416,106
Tmin,30.1047,2026,20260421,111
Tmin,28.8831,2026,20260426,116
Tmin,36.7957,2026,20260501,121
Tmin,39.6544,2026,20260506,126
Tmin,43.0748,2026,20260511,131
Tmin,32.9244,2026,20260516,136
Tmin,43.718,2026,20260521,141
Tmin,43.251,2026,20260526,146
Tmin,42.1765,2026,20260531,151
Tmin,43.4479,2026,20260605,156
Tmin,39.6451,2026,20260610,161
Tmin,49.6334,2026,20260615,166
Tmin,52.4535,2026,20260620,171
Tmin,47.1674,2026,20260625,176
Tmin,47.8606,2026,20260630,181
Tmin,55.2464,2026,20260705,186
Tmin,59.4537,2026,20260710,191
Tmin,61.7621,2026,20260715,196
Tmin,63.704,2026,20260720,201
Tmin,59.4881,2026,20260725,206
Tmin,54.9563,2026,20260730,211
Tmin,52.2174,2026,20260804,216
Tmin,58.6207,2026,20260809,221
Tmin,55.6793,2026,20260814,226
Tmin,58.3793,2026,20260819,231
Tmin,57.7609,2026,20260824,236
Tmin,49.7813,2026,20260829,241
Tmin,45.1692,2026,20260903,246
